host_ts,seq,esp_t_us,d00,d01,d02,d03,d04,d05,d06,d07,d08,d09,d10,d11,d12,d13,d14,d15,d16,d17,d18,d19,d20,d21,d22,d23,d24,d25,d26,d27,d28,d29,d30,d31,d32,d33,d34,d35,d36,d37,d38,d39,d40,d41,d42,d43,d44,d45,d46,d47,d48,d49,d50,d51,d52,d53,d54,d55,d56,d57,d58,d59,d60,d61,d62,d63,s00,s01,s02,s03,s04,s05,s06,s07,s08,s09,s10,s11,s12,s13,s14,s15,s16,s17,s18,s19,s20,s21,s22,s23,s24,s25,s26,s27,s28,s29,s30,s31,s32,s33,s34,s35,s36,s37,s38,s39,s40,s41,s42,s43,s44,s45,s46,s47,s48,s49,s50,s51,s52,s53,s54,s55,s56,s57,s58,s59,s60,s61,s62,s63
1780853125.258430,174,19963017,2059,2067,2061,2063,1412,1131,937,755,2053,2021,2076,2175,2053,1297,1107,887,782,1129,2054,2093,2060,2133,1369,1050,1199,1142,2108,2095,2048,2143,2062,1157,1151,2017,2107,2100,2129,2155,2132,1846,1203,2059,2088,2138,2112,2124,2121,2016,1134,2040,2101,2166,2107,2121,1967,1997,1118,2103,2100,2088,2134,1978,1970,2018,255,255,255,10,10,5,5,5,4,5,255,5,5,5,5,5,5,10,5,5,5,5,5,5,5,10,5,5,5,5,10,255,5,5,5,5,5,10,5,255,5,255,5,255,5,5,5,10,5,5,5,5,255,10,255,5,5,255,5,5,5,10,255,255
1780853125.357663,175,20063017,2063,2070,2061,2011,1412,1139,923,757,734,2057,2076,2175,2053,1297,1098,900,788,1129,2088,2112,2137,2040,1317,1042,1115,1142,2075,2109,2098,2103,2142,1125,1169,2042,2136,2089,2138,2139,2154,2044,1117,2059,2103,2047,2127,2079,2121,1963,1091,2090,2107,2082,2117,2121,1915,2015,1073,2103,2125,2124,2109,1979,1970,2018,10,10,10,5,255,5,5,5,255,5,255,255,255,255,5,5,5,255,5,5,5,5,5,5,5,255,5,5,5,5,5,10,9,5,5,5,5,5,5,10,5,255,5,10,5,5,255,5,5,5,5,5,10,255,10,5,5,255,5,5,5,5,255,255
1780853125.457496,176,20163017,2063,2070,2061,2011,1497,1132,918,754,703,2089,2076,2051,2096,1353,1109,890,755,2051,2068,2082,2152,2095,1280,1062,1175,2111,2072,2101,2108,2103,2142,1125,1146,2060,2092,2107,2099,2117,2125,2044,1096,2059,2112,2150,2130,2127,2119,1937,1151,1971,2107,2118,2148,2119,1913,2007,1109,2103,2130,2091,2125,1964,1970,2018,255,255,255,255,10,5,5,5,255,5,255,10,10,10,5,5,5,10,5,5,5,5,5,5,5,10,5,5,5,5,255,255,9,5,5,5,5,5,5,255,5,255,5,5,5,5,10,5,5,5,5,5,5,10,5,5,5,255,5,5,5,5,255,255
1780853125.557477,177,20263016,2029,2070,2061,2045,1501,1138,927,764,741,2061,2055,2088,2096,1237,1134,888,772,1058,2092,2102,2127,2153,1392,1051,896,2111,2084,2087,2111,2077,2142,1134,1140,2043,2118,2143,2116,2117,2136,2044,1156,1964,2135,2038,2090,2126,2068,1847,1117,1989,2144,2102,2128,2095,1960,2028,1092,2103,2107,2150,2105,2016,1970,2067,10,255,255,10,5,5,5,5,5,5,10,5,255,5,5,5,5,5,5,5,5,5,5,5,9,255,5,5,5,5,255,10,5,5,5,5,5,255,5,255,5,10,5,5,5,5,5,5,5,5,5,5,5,5,5,5,9,255,5,5,5,5,255,10
1780853125.658385,178,20363017,2029,2041,2061,1991,1468,1126,923,759,706,2078,2055,2116,2056,1352,1093,879,754,1021,2095,2083,2102,2128,1420,1011,902,892,2088,2079,2078,2081,2098,1110,1169,2043,2122,2093,2119,2117,2134,2044,1172,2033,2095,2113,2110,2129,2068,1847,1123,2108,2094,2088,2163,2138,1975,1959,1084,2103,2105,2117,2139,2016,1970,2067,255,10,255,5,5,5,5,5,255,5,255,5,10,5,5,5,5,255,5,5,5,5,5,5,5,255,5,5,5,5,10,5,5,255,5,5,5,255,5,255,5,5,5,5,5,5,255,255,5,5,5,5,5,5,5,5,5,255,5,5,5,5,255,255
1780853125.757730,179,20463017,2020,2041,2061,1991,1468,1144,922,748,728,2090,2128,2070,2056,1352,1117,886,772,1526,2048,2098,2098,2033,1359,1056,936,892,2077,2089,2127,2068,2098,1148,1112,2043,2122,2116,2142,2099,2099,1894,1152,2033,2083,2103,2115,2180,2078,1847,1126,2033,2094,2085,2106,2089,1958,2029,1053,1430,2117,2158,2092,2001,1970,2106,10,255,255,255,255,5,5,5,255,5,10,5,255,255,5,5,5,4,5,5,5,5,5,5,5,255,5,5,5,5,255,5,5,255,255,5,5,10,5,10,5,255,5,5,5,5,10,255,5,5,255,5,5,5,5,5,5,3,5,5,5,5,255,10
1780853125.857653,180,20563017,2020,2063,2079,2036,1388,1123,929,752,728,2090,2128,2072,2056,1423,1115,877,758,991,2082,2084,2068,2033,1282,1025,999,892,2094,2094,2091,2136,2076,1157,1144,2080,2110,2108,2124,2097,2128,1890,1195,2091,2129,2137,2142,2067,2078,1847,1112,2033,2091,2144,2132,2100,1958,1937,1104,2108,2090,2131,2140,2002,1970,2106,255,10,10,10,10,5,5,5,255,255,255,5,255,10,5,5,5,255,5,5,5,255,5,5,9,255,5,5,5,5,10,5,5,10,10,5,5,5,5,5,5,10,5,5,5,5,255,255,5,255,10,5,5,5,5,5,5,4,5,5,5,5,255,255
1780853125.957990,181,20663017,2091,2063,2101,2036,1395,1143,926,754,735,2026,2128,2118,2056,1347,1114,885,780,991,2068,2104,2073,1959,1371,1041,1027,892,2079,2099,2113,2122,2076,1093,1150,2080,2114,2037,2099,2132,2057,1754,1091,2091,2111,2137,2089,2135,2119,1847,1093,2042,2094,2058,2145,2099,1961,1981,1092,2108,2094,2133,2118,2021,1930,2106,10,255,5,255,5,5,5,5,10,10,255,5,255,5,5,5,5,255,5,5,5,10,5,5,9,255,5,5,5,5,255,4,5,255,5,5,5,5,5,5,5,255,5,255,5,5,10,255,5,10,5,5,5,5,5,5,9,255,5,5,5,5,10,255
1780853126.057648,182,20763018,2091,2063,2101,2044,1395,1128,923,752,715,2073,2128,2118,2089,1407,1088,897,783,991,2118,2105,2089,2095,1373,1029,1120,892,2105,2100,2099,2122,2099,1134,1151,2040,2114,2098,2237,2132,2132,1754,1129,2151,2070,2090,2110,2118,2119,1847,1133,2124,2083,2058,2087,2116,1963,2006,1134,2108,2158,2127,2114,2015,1930,2106,255,255,255,10,255,5,5,5,255,5,255,255,10,5,5,5,5,255,5,5,5,5,9,5,5,255,5,5,5,255,10,4,5,10,255,5,5,255,5,255,5,10,5,10,5,5,255,255,5,5,5,255,5,5,5,5,5,255,5,5,5,5,255,255
1780853126.156285,183,20863017,2035,2092,2045,2047,1395,1148,933,763,686,2059,2128,2062,2089,1377,1083,890,779,2100,2087,2114,2095,2095,1351,1053,1031,892,2096,2093,2107,2118,2099,1134,1172,2073,2107,2097,2101,2070,2103,1884,1114,2151,2086,2166,2086,2136,2072,1847,1188,2124,2120,2147,2100,2080,1969,1995,1071,2108,2109,2102,2111,2015,1930,2016,10,10,10,5,255,5,5,5,9,5,255,10,255,5,5,5,5,10,5,5,5,255,5,5,9,255,5,5,5,10,255,255,5,5,10,5,5,10,5,10,5,255,5,5,5,5,10,255,5,255,5,10,5,5,5,5,5,255,5,5,5,255,255,10
1780853126.258284,184,20963017,2035,2064,2051,2080,1345,1160,932,762,705,2021,2128,2066,2089,1445,1118,909,771,1218,2087,2101,2082,2112,1351,1102,1048,892,2067,2073,2146,2117,2047,1111,1125,2079,2107,2105,2081,2132,2172,1884,1171,2151,2108,2166,2125,2139,2074,1847,1122,2019,2105,2147,2151,2061,1972,2020,1125,2108,2124,2154,2124,2010,1930,2016,255,5,5,5,10,5,5,5,5,5,255,5,255,5,5,5,5,5,255,5,5,10,255,5,9,255,5,5,5,5,10,10,5,5,255,5,5,5,5,255,5,255,5,255,5,5,5,255,5,10,5,255,5,5,5,5,5,255,5,5,5,10,255,255
1780853126.357376,185,21063016,2035,2038,2041,2030,1427,1100,923,764,739,2058,2128,2078,2068,1445,1132,893,761,1097,2077,2092,2123,2109,1292,1055,1143,1998,2072,2079,2098,2148,2082,1117,1127,2034,2115,2105,2097,2129,2104,1891,1116,2151,2119,2166,2127,2110,2108,1847,1120,2099,2090,2102,2161,2085,1996,2020,1119,1965,2116,2133,2079,1989,1930,2016,255,5,5,5,9,5,5,5,5,5,255,5,10,255,5,5,5,5,10,5,5,5,10,5,5,10,5,5,5,5,5,5,5,5,10,5,5,5,5,10,5,255,5,255,5,5,5,255,5,5,5,10,5,5,5,5,5,10,5,5,5,5,255,255
1780853126.457321,186,21163017,2059,2054,2096,2041,1427,1145,940,745,717,2119,2090,2083,2068,1445,1111,886,777,1207,2111,2097,2077,2036,1385,1072,908,1998,2089,2091,2080,2113,2082,1114,1133,2079,2086,2096,2090,2103,2130,1891,1080,2080,2079,2067,2107,2151,2114,1847,1076,1876,2090,2119,2136,2100,1984,2047,1120,1965,2103,2147,2136,1975,1930,2016,10,5,5,5,255,5,5,5,5,5,10,5,255,255,5,5,5,5,5,5,5,5,5,5,9,255,5,5,5,5,255,5,5,5,5,5,5,5,5,255,5,10,5,10,5,5,5,255,5,4,255,5,5,5,5,5,5,255,5,5,5,5,255,255
1780853126.557595,187,21263017,2103,2020,2096,2063,1436,1162,933,760,728,2119,2035,2112,2068,1393,1124,900,777,1207,2075,2101,2120,2036,1368,1082,1150,2056,2076,2099,2114,2091,2082,1146,1239,2020,2085,2133,2084,2082,2095,1891,1098,2080,2069,2166,2136,2125,2113,1883,1114,2074,2101,2131,2111,2092,1977,2023,1117,1965,2081,2131,2146,1999,1960,2016,5,5,255,5,10,5,5,5,255,255,5,5,255,10,5,5,5,255,5,5,5,255,5,5,5,10,5,5,5,5,255,5,5,5,5,5,5,5,5,255,5,255,5,5,5,5,5,10,5,5,10,5,5,5,5,5,9,255,5,5,5,5,10,255
1780853126.658422,188,21363017,2103,2040,2096,2062,1436,1118,924,761,736,2119,2035,2088,2044,1472,1083,862,768,1244,2055,2069,2098,2050,1356,1076,1163,1994,2076,2088,2105,2134,2082,1100,1091,2031,2095,2091,2183,2082,2154,1873,1133,2080,2122,2152,2083,2134,2113,1883,1120,1773,2151,2111,2111,2036,2078,1981,1111,1965,2131,2099,2128,1999,1960,2016,255,5,255,5,255,5,5,5,5,255,255,5,10,5,5,5,5,10,5,5,5,10,5,5,5,5,5,5,5,5,255,5,5,5,5,5,5,255,5,10,5,255,5,5,5,5,255,255,5,5,5,5,255,5,5,5,5,255,5,5,5,255,255,255
1780853126.757786,189,21463017,2103,2029,2096,2091,1436,1131,920,751,719,2039,2072,2105,2044,1471,1094,891,774,1114,2102,2101,2122,2088,1290,1061,979,1994,2084,2088,2103,2112,2100,1128,1140,2031,2109,2112,2085,2107,2119,1873,1189,2045,2130,2152,2116,2117,2081,1883,1091,2071,2082,2115,2109,2100,1961,2005,1053,1965,2129,2138,2128,1941,1960,2016,255,5,255,5,255,5,5,5,5,10,10,5,255,5,5,5,5,9,5,5,5,5,5,5,5,255,5,5,5,5,10,5,5,255,5,5,5,10,5,255,5,10,5,255,5,5,10,255,5,5,5,5,10,5,5,5,5,255,5,5,255,10,255,255
1780853126.857576,190,21563017,2103,2068,2044,2028,1378,1145,942,753,732,2048,2041,2092,2044,1471,1117,886,777,1114,2083,2065,2142,2117,1294,1064,994,1994,2068,2076,2118,2112,2144,1101,1096,2031,2135,2157,2104,2143,2184,1963,1129,2045,2113,2152,2157,2097,2081,1883,1053,2057,2128,2091,2125,2094,2013,1987,1071,1965,2104,2161,2154,1941,1960,2016,255,5,10,5,10,5,5,5,255,5,5,5,255,255,5,5,5,255,5,5,5,5,9,5,5,255,5,5,5,255,5,5,5,255,5,5,5,5,5,10,5,255,5,255,5,5,255,255,5,5,5,5,5,5,5,5,5,255,5,5,10,255,255,255
1780853126.957525,191,21663016,2115,2039,2052,2061,1515,1132,929,753,712,2067,2062,2100,2032,1471,1120,890,775,1070,2079,2080,2128,2078,1318,1060,1016,1994,2069,2088,2120,2238,2134,1113,1129,2031,2117,2135,2108,2118,2085,1963,1128,2049,2110,2197,2112,2152,2081,1953,1077,2064,2063,2090,2137,2137,2014,1995,1128,1965,2112,2154,2087,2019,1960,2016,10,5,5,5,5,5,5,5,255,5,5,5,10,255,5,5,5,10,5,5,5,5,9,5,9,255,5,5,5,10,5,5,5,255,5,5,5,5,5,255,5,10,5,10,5,5,255,10,5,5,5,5,5,5,5,5,5,255,5,5,5,10,255,255
1780853127.057526,192,21763017,2115,2120,2052,2106,1515,1144,938,766,700,2011,2062,2050,2161,1471,1096,878,781,1070,2067,2107,2064,1999,1300,1029,937,1994,2073,2079,2129,2117,2072,1129,1166,2066,2117,2106,2129,2105,2169,1963,1131,1909,2129,2197,2150,2081,2081,1953,1118,2064,2087,2135,2163,2061,2012,1936,1066,1965,2112,2129,2135,2019,1960,2016,255,5,255,5,255,5,5,5,5,5,255,5,5,255,5,5,5,255,5,5,5,5,5,5,5,255,5,5,5,5,5,5,5,10,255,5,5,5,5,255,5,5,5,255,5,5,255,255,5,255,5,5,5,5,5,5,5,255,255,5,5,5,255,255
1780853127.157169,193,21863017,2020,2107,2087,2102,1464,1123,929,750,652,2052,2062,2050,2050,1471,1099,891,788,1070,2096,2110,2071,2086,1291,1046,1120,1998,2100,2106,2094,2125,2027,1129,1099,2066,2100,2118,2142,2105,2072,1963,1128,1909,2084,2142,2105,2084,2081,1953,1095,2026,2140,2130,2155,2076,1962,1953,1096,1965,2078,2109,2155,2019,1960,2016,10,5,10,5,10,5,5,5,5,5,255,255,5,255,5,5,5,255,5,5,5,5,5,5,5,10,5,5,5,5,5,255,5,255,10,5,5,255,5,255,5,255,5,10,5,5,255,255,5,10,5,5,5,5,5,5,5,255,10,5,5,255,255,255
1780853127.257570,194,21963017,2020,2107,2087,2102,1509,1117,901,759,726,2063,2062,2050,2046,1245,1082,900,779,2020,2039,2089,2071,2079,1298,1068,877,1998,2066,2089,2122,2133,1751,1010,1149,2066,2071,2097,2085,2105,2104,1963,1098,1909,2101,2153,2091,2121,2082,1953,1108,2075,2083,2062,2162,2145,1971,1985,1098,1965,2106,2139,2106,2019,1960,2016,255,255,255,255,5,5,5,5,5,5,255,255,5,10,5,5,5,10,5,5,255,5,5,5,9,255,5,5,5,5,4,255,5,255,5,5,5,255,5,255,5,255,5,5,5,5,10,255,9,5,5,5,5,5,5,5,9,255,5,5,5,255,255,255
1780853127.357613,195,22063017,2020,2065,2087,2102,1509,1126,928,747,747,2063,2062,2081,2046,1373,1104,882,771,1990,2068,2085,2138,2049,1256,1048,908,1998,2064,2096,2111,2122,2111,1115,1144,2066,2096,2100,2122,2091,2110,1963,1106,1909,2078,2080,2093,2121,2082,1953,1039,2018,2079,2112,2132,2058,1986,2017,1107,1965,2132,2120,2128,2019,1960,2016,255,10,255,255,255,5,5,5,5,255,255,10,255,5,5,5,5,5,5,5,10,5,5,5,9,255,5,5,5,5,4,5,5,255,5,5,5,10,5,255,5,255,5,5,5,5,255,255,5,5,5,5,5,5,5,5,5,255,5,5,5,255,255,255
1780853127.458045,196,22163018,2020,2065,2050,2102,1509,1133,918,765,729,2063,2062,2081,2074,1373,1112,886,789,1329,2071,2088,2138,2038,1271,1062,945,2023,2102,2079,2116,2107,1409,1137,1144,2066,2085,2118,2112,2091,2083,1811,1123,1909,2108,2081,2133,2110,2103,1953,1164,2140,2079,2115,2146,2074,1984,2017,1092,1965,2095,2100,2162,2019,1941,2016,255,255,10,255,255,5,5,5,255,255,255,255,10,255,5,5,5,4,5,5,255,5,5,5,5,10,5,5,5,5,4,5,9,255,5,5,5,255,5,10,5,255,5,5,5,5,10,255,5,5,255,5,5,5,5,255,5,255,5,5,5,255,10,255
1780853127.558324,197,22263017,2020,2088,2064,2102,1509,1138,923,735,725,2063,2073,2098,2074,1399,1100,882,789,1080,2118,2076,2124,2072,1352,1066,1049,2023,2078,2093,2102,2098,1409,1074,1122,2111,2130,2107,2118,2079,2122,1811,1151,1962,2103,2121,2103,2144,2103,1953,1070,2028,2145,2083,2173,2084,1961,2017,1104,1965,2125,2129,2088,2019,1941,2016,255,10,5,255,255,5,5,5,5,255,10,10,255,10,5,5,5,4,5,5,10,5,5,5,5,255,5,5,5,5,255,5,5,10,5,5,5,10,5,255,5,10,5,5,5,5,255,255,5,5,10,5,5,5,5,255,5,255,5,5,5,255,255,255
1780853127.657614,198,22363018,2020,2088,2025,1977,1340,1139,936,764,714,2099,2057,2097,2074,1399,1108,892,780,1080,2090,2092,2089,2072,1264,1037,881,2023,2101,2090,2090,2122,2093,1043,1109,1989,2130,2081,2123,2122,2094,1811,1157,1962,2128,2121,2103,2085,2103,1903,1097,2028,2087,2109,2165,2100,2001,2017,1087,1965,2137,2105,2141,2019,1941,2016,255,255,5,10,10,5,5,5,255,10,5,5,255,255,5,5,5,255,5,5,5,255,5,5,5,255,5,5,5,5,10,5,5,5,255,5,5,5,5,255,9,255,5,255,255,5,255,10,5,255,5,5,5,5,5,255,5,255,5,5,5,255,255,255
1780853127.757608,199,22463017,2020,2134,2064,2045,1877,1132,942,754,702,2041,2079,2097,2071,1399,1098,871,777,1171,2112,2082,2080,2072,1319,1069,1022,2023,2103,2092,2072,2133,2066,1141,1096,1989,2085,2107,2099,2122,2108,1881,1106,1962,2131,2121,2048,2134,2036,1903,1121,1579,2066,2100,2119,2112,2003,2017,1092,1965,2101,2103,2048,2002,1941,2016,255,10,5,5,4,9,5,5,5,5,5,255,10,255,5,5,5,10,5,5,5,255,5,5,9,255,5,5,5,5,5,5,5,255,10,5,5,255,5,10,5,255,5,255,10,5,10,255,5,10,5,5,5,5,5,255,5,255,5,5,5,10,255,255
1780853127.857755,200,22563018,2078,2134,2067,2070,1417,1129,936,743,691,2005,2079,2056,2071,1399,1090,875,774,1171,2112,2087,2070,2043,1182,1068,1106,2023,2089,2093,2117,2099,1549,1141,1144,1989,2136,2098,2120,2108,2109,1881,1112,1962,2068,2115,2156,2143,2036,1903,1132,2047,2066,2150,2119,2102,1980,2017,1100,1965,2094,2123,2170,2021,1941,2016,10,255,5,5,4,5,5,5,5,5,255,10,255,255,5,5,5,255,255,5,5,10,5,5,5,255,5,5,5,5,5,255,5,255,5,5,5,10,5,255,5,255,5,10,5,5,255,255,5,5,255,5,255,5,5,255,5,255,5,5,5,5,255,255
1780853127.957374,201,22663017,2078,2050,2035,2028,1462,1146,931,762,712,2005,1998,2081,2102,1384,1117,874,784,1124,2089,2066,2083,1966,1308,1053,876,1985,2063,2082,2087,2113,2093,1141,1169,1989,2067,2093,2138,2115,2123,1988,1129,1962,2089,2120,2112,2139,2036,1903,1094,2048,2068,2134,2148,2088,1979,1947,1092,1965,2136,2119,2068,1950,1941,2016,255,10,5,5,5,5,5,5,5,255,10,5,10,10,5,5,5,10,10,5,5,5,5,5,5,10,5,5,5,5,4,255,9,255,5,5,5,5,5,10,5,255,5,5,5,5,255,255,5,5,10,5,10,5,5,10,9,255,5,5,5,5,255,255
1780853128.067432,202,22773017,2078,2061,2035,2028,1516,1123,927,769,676,2038,2053,2082,2102,1384,1125,892,750,1149,2089,2073,2116,1966,1433,1045,1073,2035,2101,2105,2122,2137,2070,1059,1168,1989,2093,2087,2149,2167,2119,1973,1142,1962,2155,2077,2086,2097,2007,1970,1029,1997,2115,2136,2128,2129,1994,1947,1075,1965,2093,2127,2129,1923,1941,2016,255,5,255,255,5,5,5,5,5,10,5,5,255,255,5,5,5,5,255,5,5,255,5,5,5,5,5,5,5,5,5,10,5,255,5,5,5,5,5,5,5,255,5,5,5,5,10,10,5,5,5,5,5,5,5,255,5,255,5,5,5,5,255,255
1780853128.168381,203,22873017,2078,2087,2049,2028,1392,1147,898,761,712,2043,2034,2100,2102,1384,1106,897,770,1149,2113,2100,2097,2020,1313,1029,992,2037,2082,2111,2087,2149,2169,1147,1146,2053,2092,2074,2097,2103,2135,1986,1157,1962,2092,2120,2091,2097,2078,1970,1102,1997,2070,2130,2174,2121,1986,1990,1097,1965,2069,2098,2129,1976,1941,2051,255,5,10,255,5,5,5,5,5,5,5,5,255,255,5,5,5,255,10,5,5,10,5,5,9,5,5,5,5,5,5,4,5,10,5,5,5,5,5,3,5,255,5,5,5,255,5,255,5,255,5,5,5,5,5,10,5,255,5,5,255,5,255,10
1780853128.267576,204,22973017,2078,2012,2049,2028,1382,1145,923,759,745,2083,2034,2089,2102,1384,1126,903,785,1100,2032,2059,2091,2020,1377,1084,970,1965,2083,2109,2129,2067,2169,1147,1173,2049,2098,2089,2132,2103,2153,1986,1162,1962,2119,2128,2091,2116,2097,1920,1120,2067,2096,2162,2174,2055,1984,1993,1115,1965,2118,2123,2138,1976,1918,2051,255,5,255,255,5,5,5,5,5,5,255,5,255,255,5,5,5,10,5,5,5,255,5,5,5,5,5,5,5,5,255,255,5,5,5,5,5,255,5,255,5,255,5,5,255,10,5,10,5,10,5,5,255,5,5,5,5,255,5,5,10,255,10,255
1780853128.367422,205,23073017,2078,2087,2088,2028,1450,1167,914,760,728,2047,2034,2100,2102,1384,1102,873,764,1100,2079,2072,2136,2020,1328,1065,1058,1965,2050,2092,2064,2066,2096,1108,1149,2089,2109,2071,2110,2120,2153,1986,1152,2014,2111,2152,2072,2153,1960,1920,1151,2080,2101,2123,2090,2127,1984,1945,1065,1965,2089,2112,2129,2045,1918,2051,255,5,10,255,5,5,5,5,5,5,255,5,255,255,5,5,5,255,5,5,5,255,5,5,5,255,5,5,5,5,10,10,5,5,5,5,5,10,255,255,5,10,5,5,10,5,5,255,9,5,5,5,10,5,255,5,5,255,5,5,5,10,255,255
1780853128.468283,206,23173017,2078,2086,2088,2076,1450,1114,914,762,704,2045,1992,2038,2102,1560,1110,865,764,1083,2050,2094,2081,2020,1326,1063,1136,2094,2091,2087,2099,2101,2096,1151,1105,2102,2105,2077,2064,2120,2104,1986,1138,2014,2082,2108,2072,2084,2051,1920,1124,2058,2064,2110,2162,2082,1989,1976,1105,1965,2154,2145,2116,2002,1918,2051,255,5,255,10,255,5,5,5,255,5,10,5,255,10,5,5,5,10,5,5,5,255,9,5,5,10,5,5,5,5,255,5,9,5,5,5,5,255,10,255,5,255,5,5,255,5,5,255,5,5,5,5,5,5,10,5,5,255,5,5,5,5,255,255
1780853128.567675,207,23273017,2078,2063,2088,2076,1450,1157,927,749,676,2053,1992,2109,2102,1560,1092,883,783,1083,2032,2057,2088,1997,1345,1018,1089,1999,2073,2103,2091,2149,2110,1176,1130,2070,2139,2084,2108,2120,2073,1890,1140,2014,2092,2108,2117,2163,2061,1913,1108,2116,2081,2156,2053,2090,1971,2068,1073,1965,2096,2141,2088,2009,1918,2051,255,5,255,255,255,5,5,5,5,5,255,5,255,255,5,5,5,255,5,5,5,10,5,5,5,5,5,5,5,5,10,5,5,5,5,5,5,255,5,10,5,255,5,255,10,5,5,10,5,5,5,5,5,5,5,5,5,255,5,5,5,5,255,255
1780853128.667871,208,23373018,2056,2063,2088,2076,1450,1131,919,754,720,2060,2074,2118,2102,1560,1110,895,787,970,2032,2091,2095,1997,1343,1059,1125,1999,2090,2083,2148,2134,2110,1083,1207,2070,2095,2097,2124,2067,2142,1784,1147,2014,2092,2108,2134,2163,2040,1929,1117,2136,2098,2073,2130,2125,1981,2068,1062,1965,2138,2117,2100,2009,1918,2051,10,255,255,255,255,5,5,5,5,5,10,5,255,255,5,5,5,255,255,5,5,255,5,5,5,255,5,5,5,5,255,5,5,255,5,5,5,10,5,5,5,255,5,255,5,255,5,5,5,5,5,5,5,5,5,255,5,255,5,5,5,255,255,255
1780853128.767561,209,23473017,2056,2040,2040,2081,1439,1107,927,756,801,2075,2042,2050,2034,1560,1097,896,774,1179,2069,2094,2090,2074,1308,1037,1040,2012,2072,2100,2120,2137,2153,1159,1191,2082,2059,2139,2128,2067,2123,1784,1115,2014,2102,2106,2134,2065,2028,1957,1133,2136,2115,2095,2203,2084,2023,1974,1059,1965,2122,2117,2041,2007,1918,2051,255,10,10,10,10,5,5,5,255,5,5,5,10,255,5,5,5,4,10,5,5,10,5,5,9,10,5,5,5,5,10,5,5,10,5,5,5,255,5,255,5,255,5,10,255,10,5,5,5,255,5,5,5,5,5,10,5,255,5,5,5,10,255,255
1780853128.867938,210,23573017,2110,2040,2040,2060,1501,1129,925,767,728,2077,2127,2101,2034,1560,1116,897,784,1171,2043,2084,2090,2109,1323,1044,1020,2012,2100,2091,2079,2125,2043,1121,1101,2031,2097,2083,2109,2067,2123,1784,1121,2014,2144,2118,2126,2137,2055,1971,1102,1976,2105,2111,2116,2100,1960,1983,1065,1965,2121,2112,2121,1976,1918,2051,10,255,255,5,4,5,5,5,255,5,5,5,255,255,5,5,5,5,5,5,255,5,9,5,9,255,5,5,5,5,5,5,5,5,5,5,5,255,255,255,5,255,5,5,10,5,5,5,5,10,5,5,5,5,5,5,5,255,5,5,5,5,255,255
1780853128.968928,211,23673018,2110,2006,2040,2092,1501,1164,930,757,2053,2043,2127,2067,2034,1379,1098,874,761,2028,2043,2105,2105,2092,1431,1034,1114,1232,2088,2076,2088,2102,2043,1140,1118,1885,2155,2076,2117,2083,2092,1784,1117,1973,2088,2118,2128,2137,2055,1943,1087,2184,2104,2131,2116,2105,1990,1983,1069,1965,2125,2133,2121,1976,1918,2051,255,10,255,5,255,5,5,5,4,5,255,5,255,10,5,5,5,4,255,5,10,5,5,9,5,10,5,5,5,5,255,255,5,5,5,5,5,10,10,255,5,10,5,255,5,255,255,5,5,4,5,5,255,5,5,255,5,255,5,5,255,255,255,255
1780853129.068856,212,23773017,2110,2048,2037,2001,1501,1159,920,751,2036,2068,2100,2058,2034,1379,1078,871,768,1045,2050,2094,2110,2123,1296,1053,997,1232,2078,2082,2124,2095,2037,1126,1123,1885,2124,2107,2119,2131,2123,1784,1122,1973,2075,2063,2128,2091,2055,1943,1094,2055,2095,2119,2130,2146,1943,2017,1083,1965,2125,2112,2077,1977,1918,2051,255,5,10,5,255,5,5,5,5,5,10,5,255,255,5,5,5,255,10,5,5,5,5,5,9,255,5,5,5,5,10,5,5,255,5,5,5,5,5,255,5,255,5,10,255,10,255,255,5,5,5,5,10,5,5,10,5,255,5,5,10,10,255,255
1780853129.167532,213,23873017,2110,2047,2114,2001,1501,1150,930,759,675,2068,2100,2123,2002,1419,1109,877,769,1045,2093,2102,2104,2123,1307,1021,991,1232,2103,2106,2095,2097,2126,1117,1154,2049,2099,2110,2123,2159,2072,1754,1072,1978,2166,2111,2130,2132,2044,1954,1131,1979,2109,2099,2139,2094,1968,1981,1075,1965,2144,2115,2156,1935,1918,2051,255,5,5,255,255,5,5,5,5,255,255,5,10,10,5,5,5,255,5,5,5,255,5,5,5,255,5,5,5,5,5,5,9,10,5,5,5,5,5,10,5,10,5,5,10,5,10,10,5,5,5,5,5,5,5,5,5,255,5,5,5,5,255,255
1780853129.268308,214,23973017,2071,2102,2048,2049,1501,1167,922,760,722,2024,2100,2125,2002,1435,1094,882,774,1045,2051,2160,2055,2068,1382,1052,1039,1232,2090,2096,2152,2131,2122,1117,1190,1911,2099,2101,2125,2159,2120,1754,1159,1978,2124,2096,2099,2132,2044,1937,1126,2035,2128,2092,2135,2094,1993,2072,1068,1960,2132,2149,2060,2026,1918,2051,10,5,5,10,255,5,5,5,5,10,255,5,255,5,5,5,5,255,5,5,5,10,5,5,5,255,5,5,5,5,5,255,5,9,255,5,5,255,5,255,5,255,5,5,5,255,255,5,5,5,5,5,5,255,5,5,5,10,5,5,5,5,255,255
1780853129.367971,215,24073016,2055,2081,2078,2020,1641,1108,920,759,702,2027,2050,2078,2002,1326,1086,876,783,1112,2054,2134,2132,2071,1301,1022,1128,1232,2087,2092,2106,2127,2118,1155,1094,2066,2072,2116,2124,2159,2104,1704,1123,2061,2112,2130,2099,2197,2044,1949,1139,2035,2100,2153,2137,2043,1937,2045,1108,1960,2108,2124,2110,2032,2047,2041,5,5,5,5,10,5,5,5,5,5,10,5,255,5,5,5,5,10,5,5,5,5,5,5,5,255,5,5,5,5,5,10,5,5,10,5,5,255,5,10,5,10,5,5,255,10,255,5,5,255,5,5,5,10,5,5,5,255,5,5,5,5,10,10
1780853129.468419,216,24173017,2055,2054,2037,2050,1641,1157,918,775,755,2027,2066,2089,2070,1315,1103,877,769,1190,2050,2096,2064,2071,1351,1071,1086,1232,2071,2088,2092,2131,2104,1141,1156,2066,2071,2070,2120,2159,2100,2020,1125,2103,2110,2098,2140,2183,2108,1950,1106,2071,2140,2111,2137,2076,1996,1998,1111,1960,2110,2094,2154,2023,2047,2041,255,5,5,5,255,5,5,5,5,255,5,5,10,5,5,5,5,5,5,5,5,255,5,5,5,255,5,5,5,5,5,5,5,255,5,5,5,255,5,4,5,5,5,5,10,5,10,5,5,10,5,5,255,5,5,5,5,255,5,5,5,5,255,255
1780853129.568152,217,24273017,2055,2045,2068,2043,1641,1149,927,746,721,2084,2089,2086,2070,1300,1119,895,748,1053,2062,2073,2147,2142,1339,1047,914,2063,2078,2097,2096,2110,2040,1117,1109,2044,2130,2105,2165,2127,2139,2020,1123,2103,2048,2098,2101,2131,2037,1950,1107,2070,2136,2092,2120,2097,1986,2021,1074,1960,2090,2120,2144,2023,2047,2041,255,5,5,5,255,5,5,5,5,10,5,5,255,5,5,5,5,5,5,5,5,10,5,5,9,10,5,5,5,5,5,5,5,10,5,5,5,10,5,255,5,255,5,255,5,5,5,255,5,5,5,5,10,5,5,5,5,255,5,5,5,255,255,255
1780853129.667533,218,24373017,2055,2076,2068,2012,1465,1149,924,760,740,2084,2089,2064,2070,1300,1115,887,762,2032,2094,2055,2108,2088,1360,1068,949,2023,2092,2082,2110,2113,1984,1084,1172,2044,2108,2081,2100,2127,2062,2020,1142,2109,2102,2115,2131,2162,2037,1953,1120,1821,2112,2064,2120,2097,1991,2021,1092,1960,2104,2122,2125,1977,2047,2019,255,5,255,5,10,5,5,5,5,255,255,5,255,255,5,5,5,4,5,5,5,5,5,5,9,5,5,5,5,5,9,5,5,255,5,5,5,255,5,255,5,10,5,10,5,5,255,10,5,4,4,5,255,255,5,255,5,255,5,5,5,10,255,10
1780853129.767567,219,24473017,2038,2049,2068,2055,1439,1163,921,745,739,2038,2053,2080,2070,1300,1126,870,780,2087,2052,2110,2078,2114,1303,1039,868,2017,2092,2082,2086,2103,2057,1084,1151,2031,2069,2121,2124,2127,2167,2020,1113,2109,2088,2115,2149,2162,2088,1953,1104,2181,2105,2151,2111,2122,1986,1963,1095,1960,2115,2138,2158,1977,2047,2019,10,5,255,5,5,5,5,5,9,10,10,5,255,255,5,5,5,5,5,5,5,5,5,5,5,5,5,5,5,5,9,255,9,10,5,5,5,255,5,255,5,255,5,255,5,255,10,255,5,4,5,5,10,10,5,10,5,255,5,5,5,255,255,255
1780853129.867448,220,24573017,2131,2049,2095,2055,1439,1128,939,766,722,2038,2065,2072,2085,1374,1122,905,751,2087,2058,2092,2093,2114,1305,1068,1074,2017,2069,2102,2124,2125,1545,1056,1111,2015,2126,2089,2130,2127,2116,1904,1144,2109,2054,2111,2107,2162,2106,1953,1100,2048,2062,2110,2170,2119,1977,1963,1040,1587,2097,2127,2141,1998,2047,2019,5,255,10,255,255,5,5,5,5,255,5,5,10,10,5,5,5,255,5,5,5,255,5,5,5,255,5,5,5,5,4,10,5,5,5,5,5,255,5,10,5,255,5,10,5,255,5,255,5,4,5,5,5,5,5,255,5,10,5,5,5,10,255,255
1780853129.967947,221,24673017,2131,2035,2095,1969,1345,1108,925,768,745,2021,2092,2071,2085,1340,1131,890,770,2087,2080,2108,2093,2074,1277,1096,1112,2071,2092,2103,2109,2113,1545,1111,1171,2107,2126,2135,2118,2127,2116,1904,1129,2025,2121,2116,2152,2073,2037,1953,1136,2048,2091,2131,2116,2135,1977,1963,1045,2133,2113,2114,2108,1980,2047,2019,255,10,255,10,10,5,5,5,5,10,5,5,255,5,5,5,5,255,5,5,255,10,9,5,5,10,5,5,5,5,255,5,5,9,255,5,5,255,255,255,9,10,5,5,5,10,5,255,5,255,5,5,5,5,5,255,5,4,5,5,5,5,255,255
1780853130.068079,222,24773018,2131,2035,2095,1969,1345,1173,938,750,742,2062,2092,2116,2085,1293,1100,884,766,1124,2059,2080,2096,2130,1325,1063,1021,2042,2048,2091,2109,2059,2120,1116,1088,2107,2126,2105,2122,2127,2081,1904,1150,2025,2119,2116,2143,2073,2037,1953,1102,2059,2062,2193,2116,2144,1983,1996,1102,2133,2137,2088,2107,1980,2047,2019,255,255,255,255,255,5,5,5,255,5,255,5,255,5,5,5,5,10,5,5,10,5,5,5,5,4,5,5,5,5,10,5,5,255,255,5,5,255,10,255,5,255,5,255,5,255,255,255,5,10,5,3,255,5,5,10,5,255,5,5,5,255,255,255
1780853130.168726,223,24873017,2006,2097,2029,1969,1421,1117,925,769,706,2088,2092,2065,2085,1293,1115,887,777,1124,2047,2049,2096,2130,1307,1052,1030,2042,2107,2099,2109,2089,2120,1138,1155,2107,2126,2116,2125,2119,2067,1904,1120,1924,2109,2119,2086,2143,2037,1988,1087,1979,2126,2133,2151,2091,1989,1996,1086,2133,2153,2112,2080,1992,2047,2019,10,10,10,255,10,5,5,5,5,5,255,5,255,255,5,5,5,255,5,5,5,255,5,5,5,255,5,5,5,5,255,9,5,255,255,5,5,10,5,255,9,10,5,10,5,10,255,10,5,5,5,5,10,5,5,255,5,255,5,5,5,10,255,255
1780853130.267852,224,24973018,2006,2059,2029,2018,1421,1136,931,743,675,2073,2112,2035,2085,1371,1099,880,777,1096,2034,2049,2121,2130,1307,1058,994,2042,2091,2079,2114,2104,1390,1076,1147,2127,2126,2105,2125,2119,2105,1904,1131,1924,2082,2155,2133,2159,1997,1947,1117,2088,2106,2122,2128,2072,1967,1996,1091,2133,2110,2101,2111,1992,2047,2019,255,5,255,10,255,5,5,5,255,5,10,5,255,10,5,5,5,10,5,255,5,255,255,5,9,255,5,5,5,5,10,5,9,10,255,5,255,255,5,255,5,255,5,5,5,5,10,5,5,5,5,5,5,5,5,255,5,255,5,5,5,255,255,255
1780853130.368771,225,25073017,2006,2065,2043,2014,1691,1154,931,765,725,2035,2112,2126,2045,1371,1104,892,780,1104,2112,2120,2128,2130,1376,1063,1075,2042,2097,2086,2079,2112,1390,1131,1180,2072,2126,2074,2142,2119,2102,1904,1133,2048,2088,2155,2141,2138,2130,1947,1117,1895,2083,2075,2127,2118,1980,1996,1072,2133,2084,2133,2170,2002,2047,2019,255,5,10,5,10,5,5,5,255,5,255,5,10,255,5,5,5,5,5,10,5,255,10,5,5,255,5,5,5,5,255,5,5,5,255,5,10,255,5,255,5,10,5,255,5,5,5,255,5,9,5,5,5,5,5,255,5,255,5,5,5,10,255,255
1780853130.468197,226,25173017,2090,2098,2043,2058,1423,1129,931,759,696,2066,2037,2100,2045,1337,1119,908,773,1185,2048,2095,2128,2075,1376,1085,1090,2042,2072,2091,2121,2095,2077,1126,1108,2072,2107,2110,2129,2122,2120,1808,1136,2048,2094,2113,2114,2179,2130,1947,1096,2074,2068,2111,2132,2112,1971,1945,1035,2068,2104,2127,2153,1983,2047,2019,10,5,255,5,4,5,5,5,255,5,10,5,255,10,5,5,5,5,5,5,255,10,5,5,5,255,5,5,5,5,10,5,5,255,10,5,5,10,5,3,5,255,5,10,5,5,255,255,5,5,5,5,5,5,5,10,5,10,5,5,5,5,255,255
1780853130.568075,227,25273017,2090,2071,2043,2058,1423,1140,923,749,722,2026,2045,2095,2045,1405,1111,886,777,1185,2101,2075,2100,2052,1338,1067,1090,1176,2090,2082,2094,2102,2052,1038,1150,2121,2106,2077,2119,2122,2131,1890,1157,2030,2068,2113,2117,2113,2100,1946,1138,2085,2042,2117,2144,2169,1984,2003,1086,2068,2164,2117,2132,1983,1962,2019,255,5,255,255,255,5,5,5,255,5,5,5,255,5,5,5,5,255,5,5,10,5,5,5,5,10,5,5,5,5,5,5,5,10,5,5,5,255,5,5,5,10,5,255,5,5,10,10,5,5,5,5,5,5,5,5,5,255,5,5,5,255,10,255
1780853130.667669,228,25373017,2052,2029,2093,2036,1423,1130,920,762,721,2026,2027,2050,2045,1295,1095,883,786,1131,2104,2117,2087,1996,1345,1069,1013,1479,2074,2107,2091,2111,2066,1116,1151,2020,2065,2077,2108,2122,2130,1890,1105,2068,2159,2113,2141,2115,2076,1946,1101,2021,2089,2156,2144,2169,2030,2024,1074,2068,2081,2127,2134,1983,1962,2019,10,5,10,10,255,5,5,5,255,255,5,5,255,5,5,5,5,10,5,5,5,5,5,5,5,4,5,5,5,5,5,5,5,5,5,255,5,255,5,255,5,5,5,255,5,5,5,255,5,5,5,5,255,255,5,5,5,255,5,5,5,255,255,255
1780853130.778447,229,25483017,2052,2127,2114,2036,1465,1165,926,756,722,2055,2063,2066,2019,1295,1111,880,783,2107,2087,2066,2120,1996,1343,1080,1001,2086,2070,2096,2100,2157,2129,1147,1179,2020,2142,2083,2141,2122,2141,1890,1129,2068,2070,2137,2089,2169,2076,1946,1131,2021,2089,2085,2165,2136,2010,2024,1080,2068,2100,2102,2134,2008,1962,2019,255,5,5,255,10,5,5,5,5,10,5,5,10,255,5,5,5,4,5,5,5,255,9,5,9,4,5,5,5,5,5,5,9,255,5,10,5,255,5,255,9,255,5,10,5,5,255,255,5,255,255,5,10,10,5,255,5,255,5,5,5,10,255,255
1780853130.878242,230,25583018,2058,2127,2064,1987,1465,1152,929,750,732,2060,2063,2111,2019,1295,1093,901,777,1006,2087,2092,2135,2123,1273,1023,1088,2086,2080,2110,2135,2110,2151,1147,1140,2020,2117,2121,2134,2125,2123,1890,1170,2068,2075,2137,2089,2158,2076,1946,1138,2002,2114,2083,2116,2136,1993,2024,1087,2068,2091,2094,2116,2020,1962,2019,10,255,5,10,255,5,5,5,5,5,255,5,255,255,5,5,5,255,255,5,5,10,5,5,5,255,5,5,5,5,5,255,9,255,5,5,5,10,5,255,5,255,5,255,255,5,255,255,5,10,10,5,5,255,5,255,5,255,5,5,5,5,255,255
1780853130.978102,231,25683016,2079,2067,2082,1987,1414,1125,936,756,716,2102,2098,2088,2019,2027,1106,883,770,1080,2089,2120,2095,2130,1331,1057,932,2086,2074,2088,2109,2098,2072,1191,1153,2064,2101,2082,2096,2103,2116,1861,1176,2068,2088,2097,2100,2129,2059,1937,1123,1965,2085,2105,2107,2095,2016,1990,1098,2068,2088,2110,2120,2015,1962,2019,5,10,5,255,10,5,5,5,5,5,10,5,255,10,5,5,5,10,10,5,5,5,5,5,5,255,5,5,5,5,5,10,5,10,5,5,5,5,5,10,5,255,5,10,10,5,10,10,5,5,5,5,5,10,5,10,5,255,5,5,5,5,255,255
1780853131.077417,232,25783017,2079,2067,2062,1987,1414,1140,921,748,698,2043,2098,2082,2056,2027,1088,898,772,1003,2087,2098,2140,2063,1312,1059,1030,2086,2057,2099,2120,2125,2057,1107,1124,2064,2101,2109,2104,2199,2129,1852,1140,2068,2134,2097,2170,2141,2133,1845,1176,1923,2051,2096,2107,2169,2015,2017,1101,2068,2121,2112,2154,2013,1962,2019,255,255,5,255,255,5,5,5,255,5,255,5,10,255,5,5,5,5,5,5,5,5,5,5,5,255,5,5,5,5,5,5,5,255,255,5,5,5,5,5,5,255,5,255,5,5,5,5,5,5,5,5,255,5,5,5,9,255,5,5,5,5,255,255
1780853131.177645,233,25883017,2051,2027,2062,1987,1414,1120,915,759,637,2086,2098,2085,2056,2027,1097,891,763,1003,2087,2070,2096,2089,1297,1046,1118,2086,2082,2096,2121,2119,1988,1192,1093,2025,2085,2088,2098,2199,2172,1934,1102,2065,2077,2109,2118,2178,2062,1845,1121,1897,2121,2145,2126,2103,1961,2017,1072,2068,2080,2114,2133,2013,1962,2019,10,10,255,255,255,5,5,5,5,5,255,5,255,255,5,5,5,255,255,5,5,5,5,5,5,255,5,5,5,5,5,4,5,10,10,5,5,255,5,5,5,10,5,10,5,5,5,255,5,9,5,5,10,5,5,255,5,255,5,5,5,255,255,255
1780853131.277707,234,25983018,2051,2027,2062,2037,1471,1130,914,762,637,2073,2098,2069,2056,2027,1107,888,778,1093,2087,2133,2103,2075,1297,1078,1062,2086,2086,2092,2108,2098,1988,1192,1153,2025,2038,2108,2123,2199,2160,1934,1133,2065,2108,2123,2125,2146,2141,1845,1091,2056,2078,2111,2123,2088,1988,2017,1044,2068,2121,2137,2157,2013,2014,2019,255,255,255,10,10,5,5,5,255,5,255,5,255,255,5,5,5,255,10,5,5,5,255,5,9,255,5,5,5,5,255,255,5,255,5,5,5,255,5,255,5,255,5,5,5,5,5,255,5,5,5,5,5,5,5,255,255,255,5,5,5,255,10,255
1780853131.377524,235,26083017,2051,2074,2053,2037,1498,1106,931,752,761,2060,2031,2052,2056,1343,1093,876,770,974,2077,2059,2113,2014,1393,1048,1113,2086,2079,2096,2092,2134,1988,1145,1146,2088,2089,2110,2142,2199,2084,1934,1098,2065,2079,2131,2149,2149,2100,1845,1103,2079,2137,2112,2090,2111,1992,1988,1083,2068,2092,2112,2107,2013,1913,2019,255,10,10,255,5,5,5,5,255,5,10,5,255,10,5,5,5,255,5,5,5,5,10,5,5,255,5,5,5,5,255,10,5,10,5,5,5,255,5,255,5,255,5,5,5,5,5,255,5,5,5,5,5,5,5,10,5,255,5,5,5,255,5,255
1780853131.477673,236,26183018,2051,2074,2053,2037,1498,1128,921,758,707,2079,2031,2052,2056,1343,1107,900,773,1080,2071,2080,2036,2115,1307,1044,1122,2031,2058,2091,2099,2140,1988,1156,1167,2088,2122,2103,2104,2199,2135,1934,1110,2065,2086,2117,2070,2156,2109,1845,1119,2007,2137,2101,2101,2068,1978,1988,1074,2068,2129,2127,2117,1990,1913,2019,255,255,255,255,255,5,5,5,255,5,255,5,255,255,5,5,5,9,5,5,5,5,5,5,5,10,5,5,5,5,255,5,5,255,5,5,5,255,5,255,5,255,5,5,5,5,5,255,9,4,255,5,5,5,5,255,5,255,5,5,5,10,255,255
1780853131.577496,237,26283017,2116,2074,2053,2037,1498,1106,919,768,710,2079,2031,2033,2056,1397,1116,880,790,1080,2094,2082,2090,2063,1355,1059,1137,2031,2086,2091,2148,2022,1988,1123,1132,2088,2110,2084,2083,2112,2102,1934,1146,2086,2092,2117,2178,2143,2086,1882,1113,2028,2119,2060,2103,2057,2009,1988,1097,2085,2113,2122,2133,1990,1913,2019,10,255,255,255,255,5,5,5,5,5,255,5,255,10,5,5,5,255,5,5,5,5,5,5,5,255,5,5,5,5,255,5,5,10,5,5,5,10,5,255,5,10,5,255,5,5,5,10,5,5,10,5,5,5,5,255,5,10,5,5,5,255,255,255
1780853131.677707,238,26383018,2069,2074,2128,2091,1436,1188,927,761,725,2083,2031,2084,2056,1397,1078,893,757,1080,2085,2098,2122,2063,1378,1076,1086,2044,2083,2095,2114,2129,2156,1123,1114,2088,2110,2071,2116,2112,2137,1934,1134,2086,2070,2084,2178,2177,2086,1882,1128,2023,2065,2147,2186,2100,1985,1988,1123,2085,2111,2143,2133,2002,1913,2019,5,255,10,10,10,5,5,5,5,5,255,5,255,255,5,5,5,255,5,5,5,255,9,5,5,10,5,5,5,5,10,5,5,255,255,5,5,255,5,255,5,255,5,10,255,5,255,255,5,4,5,5,5,5,5,255,5,255,5,5,255,10,255,255
1780853131.778068,239,26483017,2049,2074,2128,2046,1436,1143,924,764,720,2083,2113,2121,2121,1344,1080,908,785,1080,2110,2069,2094,2063,1330,1071,944,1956,2046,2081,2124,2096,2156,1101,1150,2043,2120,2074,2069,2112,2083,1934,1105,2086,2094,2109,2144,2129,2056,2055,1129,2113,2092,2113,2099,2092,1985,1988,1119,2085,2120,2117,2056,2002,1913,2019,5,255,255,5,255,5,5,5,5,255,10,5,10,10,5,5,5,255,5,5,5,255,5,5,5,5,5,5,5,5,255,5,5,10,10,5,5,255,5,255,5,255,5,5,10,5,10,10,5,4,5,5,5,5,255,255,5,255,5,5,10,255,255,255
1780853131.878226,240,26583017,2062,2090,2058,2049,1436,1156,935,760,751,2101,2040,2090,2121,1344,1104,895,773,1271,2075,2103,2161,2074,1240,1087,1120,1956,2069,2092,2121,2097,2022,1122,1191,2043,2120,2087,2070,2179,2154,1934,1106,2086,2113,2109,2153,2129,2056,2055,1137,2049,2092,2109,2145,2135,1970,1934,1123,2085,2098,2122,2111,2008,1913,2019,5,10,10,5,255,5,5,5,255,10,5,5,255,255,5,5,5,10,5,5,5,10,5,5,5,255,5,5,5,5,10,5,5,255,255,5,5,10,5,255,5,255,5,255,5,255,255,255,5,5,255,5,5,5,10,10,5,255,5,5,5,10,255,255
1780853131.978031,241,26683017,2062,2090,2043,2049,1436,1127,924,758,697,2009,2073,2102,2078,1302,1097,892,763,1073,2108,2096,2082,2041,1487,1044,966,1956,2069,2089,2107,2147,2082,1126,1128,2066,2075,2095,2098,2099,2084,1934,1069,2086,2090,2143,2124,2102,2144,1878,1086,2079,2096,2119,2094,2056,1978,1934,1107,2085,2091,2105,2107,1965,1913,2019,255,255,5,255,255,5,5,5,255,5,5,5,10,10,5,5,5,5,5,5,5,5,4,5,5,255,5,5,5,5,5,5,5,10,10,5,5,5,5,255,5,255,5,10,5,10,10,10,5,5,10,5,5,5,5,255,5,255,5,5,5,5,255,255
1780853132.078011,242,26783017,2062,2069,2065,2046,1360,1131,926,750,681,2009,2046,2021,2078,1553,1122,884,766,1073,2108,2107,2093,2166,1293,1022,979,1956,2067,2097,2122,2118,2082,1126,1110,2057,2115,2120,2134,2121,2123,1834,1163,2086,2066,2072,2144,2165,2078,1878,1086,2038,2096,2122,2135,2050,1978,1970,1105,1680,2150,2122,2126,1965,1913,2019,255,10,5,10,10,5,5,5,5,255,5,5,255,4,5,5,5,255,255,5,5,5,5,5,5,255,5,5,5,5,255,255,5,5,5,5,5,5,5,10,5,255,5,5,5,5,5,255,5,5,255,5,5,5,255,10,5,10,5,5,5,255,255,255
1780853132.177369,243,26883017,2062,2080,2049,2009,1360,1132,916,761,708,2035,2046,2052,2078,1317,1098,867,766,1116,2047,2107,2153,2062,1343,1042,1028,2059,2091,2106,2098,2097,2023,1141,1167,2067,2059,2097,2138,2134,2127,1834,1151,2086,2109,2106,2096,2122,2078,1878,1123,2056,2111,2134,2174,2082,1979,1991,1122,1680,2106,2116,2119,1996,1913,2019,255,5,5,5,255,5,5,5,255,10,255,5,255,4,5,5,5,10,10,255,5,5,5,5,5,10,5,5,5,5,10,10,5,5,5,5,5,5,5,255,5,255,5,5,5,5,255,255,5,5,10,5,5,5,10,5,5,255,5,5,5,10,255,255
1780853132.279261,244,26983017,2085,2065,2018,2009,1449,1135,927,767,708,2062,2056,2064,2078,1317,1105,879,786,1177,2140,2072,2110,2071,1380,1056,1170,2059,2099,2095,2117,2130,2170,1120,1180,2016,2091,2133,2064,2134,2077,1942,1125,2086,2095,2072,2135,2126,2114,1878,1141,2051,2131,2141,2075,2115,1979,1974,1054,1680,2153,2104,2133,1996,1913,2019,10,5,5,255,10,5,5,5,255,5,10,5,255,255,5,5,5,3,5,10,5,5,5,5,5,255,5,5,5,5,5,5,5,5,5,5,5,255,5,3,255,255,5,5,5,5,10,255,9,5,5,5,5,5,255,5,5,255,5,5,5,255,255,255
1780853132.377908,245,27083017,2085,2027,2018,2080,1465,1135,915,759,771,2117,2091,2068,2025,1307,1104,866,790,1106,2104,2069,2147,2099,1339,1080,996,2059,2071,2093,2133,2130,2099,1145,1157,2074,2120,2085,2114,2134,2123,1958,1155,2086,2091,2156,2114,2133,2059,1929,1110,2051,2057,2106,2097,2124,1998,1988,1096,1680,2110,2080,2117,1996,2024,2019,255,5,255,10,5,5,5,5,255,5,5,5,10,10,5,5,5,5,5,5,5,5,5,5,9,255,5,5,5,255,5,5,5,5,5,5,5,255,5,5,5,255,5,5,5,5,5,10,5,255,5,5,5,5,10,5,5,255,5,5,5,255,10,255
1780853132.477505,246,27183017,2066,2014,2109,2004,1465,1096,937,762,695,2011,2091,2078,2025,1424,1097,895,763,1106,2070,2054,2107,2099,1399,1069,1056,2059,2073,2102,2100,2108,2103,1145,1167,2074,2131,2109,2122,2134,2155,1893,1123,2086,2099,2115,2139,2145,2059,1929,1132,2028,2142,2125,2097,2096,1956,2049,1076,1680,2108,2118,2094,1996,2024,2019,10,5,10,5,255,5,5,5,5,5,255,5,255,5,5,5,5,255,5,5,5,255,5,9,9,255,5,5,5,10,5,255,5,255,5,5,5,255,5,9,9,255,5,5,5,5,255,255,5,10,5,5,255,5,5,5,5,255,5,5,5,255,255,255
1780853132.577589,247,27283017,2072,2043,2109,2004,1501,1142,913,766,730,2091,2076,2004,2025,1424,1105,888,786,1081,2047,2106,2139,2099,1330,1052,938,2059,2083,2091,2124,2152,2126,1177,1143,1995,2077,2080,2117,2073,2110,1896,1094,2025,2078,2067,2101,2108,2059,1929,1077,2127,2152,2165,2119,2081,1993,1979,1064,1680,2102,2140,2111,1996,2024,2019,5,5,255,255,10,5,5,5,255,5,10,5,255,255,5,5,5,10,5,5,5,255,5,5,9,255,5,5,5,5,5,10,5,10,5,5,5,10,5,5,5,10,5,5,5,5,255,255,5,5,5,5,10,5,5,5,5,255,5,5,5,255,255,255
1780853132.678092,248,27383017,2119,2019,2098,2043,1501,1146,921,755,740,2086,2076,2061,2025,1424,1097,882,779,1081,2138,2098,2113,2038,1400,1068,888,2059,2078,2108,2106,2160,2050,1128,1142,1995,2132,2096,2123,2073,2106,1946,1137,2025,2119,2067,2099,2108,2059,1971,1091,2032,2093,2075,2096,2091,1949,1979,1082,1680,2102,2154,2088,1944,2024,2019,5,5,10,10,255,5,5,5,5,5,255,5,255,255,5,5,5,255,5,5,5,10,5,5,5,255,5,5,5,5,5,5,9,255,5,5,5,255,5,5,5,255,5,255,5,255,255,10,5,5,5,5,5,5,5,255,5,255,5,5,5,10,255,255
1780853132.777695,249,27483017,2119,2065,2006,2099,1501,1124,928,754,736,2052,2082,2069,2025,1358,1101,877,779,1081,2138,2071,2083,2143,1329,1064,1086,2020,2082,2068,2112,2135,2124,1111,1119,2039,2159,2087,2105,2073,2075,1946,1162,2025,2107,2087,2118,2099,2148,1971,1120,2001,2093,2114,2168,2098,1979,1979,1084,2044,2101,2124,2129,1944,2024,2019,255,5,5,3,255,5,5,5,5,5,10,5,255,10,5,5,5,255,255,5,5,5,5,5,5,10,5,5,5,5,5,5,5,10,5,5,5,255,5,255,9,255,5,10,5,10,10,255,5,5,255,5,5,5,5,255,5,10,5,5,5,255,255,255
1780853132.878421,250,27583017,2119,2012,2006,2037,1459,1118,935,759,703,2052,2069,2053,2025,1358,1123,876,777,1064,2138,2081,2088,2132,1363,1065,928,2020,2090,2111,2133,2081,2037,1093,1121,1991,2075,2122,2138,2073,2123,1809,1090,2099,2066,2087,2095,2125,2148,1971,1140,2016,2093,2116,2168,2116,1945,1974,1044,1861,2099,2129,2129,1963,1965,2019,255,5,255,5,10,5,5,5,5,255,5,5,255,255,5,5,5,10,255,5,5,5,5,5,9,255,5,5,5,5,5,5,5,5,5,5,5,255,5,10,5,10,5,255,5,5,255,255,5,5,255,5,255,5,5,10,5,5,5,5,255,10,10,255
1780853132.977763,251,27683017,2083,2012,2006,2037,1459,1127,921,766,694,2092,2069,2092,2025,1360,1097,878,783,1064,2089,2051,2107,2112,1363,1042,1050,2135,2076,2074,2119,2128,2081,1177,1152,2056,2074,2103,2081,2073,2140,1809,1115,2099,2091,2117,2118,2081,2096,1986,1075,2060,2137,2088,2116,2139,1975,1960,1092,1861,2098,2146,2126,1979,1965,2019,10,255,255,255,255,5,5,5,5,10,255,5,255,10,5,5,5,255,10,5,5,5,255,5,5,10,5,5,5,5,5,5,5,5,5,5,5,255,5,255,5,255,5,10,5,5,10,10,5,4,10,5,10,5,5,5,5,255,5,5,10,5,255,255
1780853133.077684,252,27783018,2114,2085,2006,2037,1459,1127,929,749,710,2092,2069,2092,2032,1388,1115,863,785,925,2097,2096,2107,2112,1424,1046,846,2135,2097,2090,2110,2127,2081,1177,1149,2056,2046,2141,2126,2073,2032,1809,1113,2099,2121,2164,2136,2126,2100,1986,1107,2075,2091,2106,2140,2124,1954,1960,1085,1861,2077,2151,2129,1953,1965,2019,5,10,255,255,255,5,5,5,255,255,255,255,10,5,5,5,5,255,5,5,255,255,10,5,5,255,5,5,5,5,255,255,5,255,5,5,5,255,5,255,9,255,5,5,5,5,5,255,5,5,5,5,5,5,5,255,5,255,5,5,5,5,255,255
1780853133.178451,253,27883016,2086,2069,2006,2037,1424,1146,930,761,727,2092,2069,2078,2051,1388,1074,884,784,1156,2073,2098,2103,2060,1301,1038,1007,2113,2115,2069,2135,2174,2104,1135,1170,2048,2090,2093,2132,2130,2120,1929,1117,1992,2079,2128,2094,2113,2110,1948,1108,2022,2093,2104,2126,2126,1990,1939,1069,1861,2099,2152,2111,2008,1965,2019,5,5,255,255,10,5,5,5,255,255,255,10,5,255,5,5,5,4,5,5,10,10,5,5,9,10,5,5,5,5,10,10,5,10,5,5,5,10,5,10,5,10,5,5,5,5,5,10,5,5,5,5,5,5,5,10,5,255,5,5,5,5,255,255
1780853133.278404,254,27983017,2086,2054,2006,2037,1424,1111,928,735,672,2092,2069,2078,2051,1388,1108,895,772,966,2126,2082,2122,2104,1360,1045,976,2113,2082,2092,2074,2105,2071,1139,1153,2048,2135,2098,2119,2188,2115,1929,1196,1858,2112,2105,2152,2084,2110,1948,1145,1984,2083,2069,2139,2093,1952,1972,1100,1861,2131,2118,2139,1993,1965,2019,255,5,255,255,255,5,5,5,255,255,255,255,255,255,5,5,5,5,5,5,5,5,5,5,9,255,5,5,5,5,5,5,5,255,5,5,5,5,5,255,5,5,5,5,5,5,255,255,5,5,5,5,5,5,5,5,5,255,5,5,5,5,255,255
1780853133.377627,255,28083017,2088,2046,2014,2037,1392,1149,922,743,729,2092,2069,2112,2051,1374,1104,879,775,1020,2057,2084,2105,2136,1373,1028,1062,2113,2083,2093,2090,2132,2071,1139,1154,2043,2063,2066,2119,2188,2102,1832,1200,1858,2102,2110,2165,2225,2110,1948,1118,2040,2135,2059,2098,2107,1951,2007,1111,1861,2144,2162,2126,2000,1965,2019,10,5,10,255,10,5,5,5,255,255,255,10,255,10,5,5,5,255,5,5,5,5,5,5,5,255,5,5,5,5,255,255,9,10,5,5,255,255,5,10,5,255,5,5,5,5,255,255,5,5,5,5,5,5,5,5,5,255,5,5,5,5,255,255
1780853133.488125,256,28193017,2088,2031,2066,2037,1392,1165,924,750,694,2020,2069,2082,2051,1395,1129,879,780,1020,2054,2070,2069,2136,1335,1057,1015,2113,2079,2084,2107,2089,2149,1107,1157,2055,2072,2098,2116,2111,2088,1832,1178,1858,2067,2110,2126,2211,2110,1987,1168,2101,2102,2107,2151,2083,1992,1999,1084,1861,2131,2082,2129,2000,1965,2073,255,5,5,10,255,5,5,5,255,10,255,5,255,9,5,5,5,255,5,5,5,255,5,5,9,255,5,5,5,5,10,10,5,5,5,5,10,10,5,255,5,255,5,255,5,5,255,10,5,5,5,5,5,5,5,5,5,255,5,5,5,255,255,10
1780853133.587624,257,28293017,2071,2104,2071,2075,1392,1145,918,753,743,2077,2069,2077,2118,1233,1113,885,777,2138,2078,2077,2096,2136,1266,1055,935,2038,2070,2086,2060,2135,2138,1111,1169,2055,2072,2079,2120,2111,2103,1832,1154,1858,2107,2104,2171,2123,2131,1987,1126,2019,2084,2082,2143,2100,1974,2013,1070,1861,2105,2157,2129,2037,1965,2073,10,5,5,5,255,5,5,5,255,5,255,5,10,5,5,5,5,10,5,5,5,255,5,5,9,10,5,5,5,5,5,5,5,255,255,5,5,255,5,255,5,255,5,10,5,5,10,255,5,5,5,5,5,5,5,5,9,255,5,5,255,10,255,255
1780853133.687513,258,28393017,2095,2056,2051,2029,1420,1134,934,752,680,2031,2069,2100,2072,1233,1094,887,762,2138,2023,2123,2049,2136,1303,1025,917,2083,2078,2091,2113,2098,2138,1111,1182,2029,2057,2095,2120,2111,2099,1832,1125,1858,2083,2097,2107,2123,2131,1987,1126,2115,2117,2092,2084,2141,1908,1954,1079,1861,2135,2120,2143,2011,1965,2073,5,5,5,5,10,5,5,5,5,5,255,5,5,255,5,5,5,255,5,5,5,255,5,5,5,5,5,5,5,5,255,255,5,10,10,5,255,255,5,255,5,255,5,5,5,255,255,255,5,4,5,5,5,5,5,5,5,255,5,5,10,5,255,255
1780853133.787623,259,28493017,2095,2069,2069,2029,1467,1128,905,753,686,2073,1998,2058,2072,1331,1108,902,773,2138,2076,2092,2122,2136,1303,1058,1034,2083,2092,2092,2107,2139,2019,1190,1145,2033,2120,2090,2131,2141,2120,1832,1144,1858,2082,2119,2119,2113,2041,1906,1092,2042,2093,2097,2142,2117,1995,1964,1079,1861,2121,2169,2086,2011,1965,2073,255,5,5,255,5,5,5,5,5,5,10,5,255,10,5,5,5,255,5,5,5,255,5,5,5,255,5,5,5,5,10,10,5,5,5,5,10,10,5,255,9,255,5,5,5,10,10,10,5,4,5,5,5,5,5,5,5,255,5,5,5,255,255,255
1780853133.888366,260,28593018,2095,2085,2069,2064,1467,1119,931,759,733,2073,1998,2083,2072,1374,1102,899,796,1923,2109,2092,2122,1914,1422,1063,1031,2083,2088,2082,2086,2084,2019,1091,1118,2060,2045,2089,2136,2141,2123,1872,1115,1858,2118,2130,2138,2154,2084,1906,1103,1983,2114,2149,2165,2060,1973,1964,1084,1861,2112,2071,2119,2011,1965,2073,255,5,255,10,255,5,5,5,255,255,255,5,255,9,5,5,5,10,5,255,255,10,5,5,9,255,5,5,5,5,255,5,5,5,5,5,5,255,5,10,5,255,5,5,5,5,5,255,5,5,5,5,5,5,5,255,5,255,5,5,5,255,255,255
1780853133.988283,261,28693017,2120,2067,2069,1918,1682,1124,938,755,706,2098,2077,2067,2020,1453,1105,892,783,1923,2094,2084,2091,1914,1328,1038,1084,2083,2069,2086,2117,2077,2019,1103,1123,1661,2084,2099,2138,2066,2083,2001,1135,2034,2090,2129,2171,2142,2084,1867,1131,2063,2054,2090,2128,2060,2008,2010,1123,1861,2090,2106,2092,1985,1965,2073,10,5,255,5,10,5,5,5,5,10,10,5,10,5,5,5,5,255,5,10,10,255,4,9,5,255,5,5,5,5,255,5,5,4,5,5,5,10,5,5,5,10,5,5,5,5,255,10,5,5,5,5,5,255,5,10,5,255,5,5,5,10,255,255
1780853134.087358,262,28793017,2085,2067,2084,1918,1496,1170,939,759,713,2050,2013,2101,2020,1383,1084,908,788,1923,2124,2090,2103,1914,1345,1062,926,2083,2096,2092,2112,2114,2019,1151,1214,1661,2112,2101,2116,2066,2119,1873,1116,2095,2083,2118,2073,2163,2084,1872,1080,2063,2067,2128,2128,2135,1969,1983,1079,1861,2119,2105,2114,1985,1965,2073,5,255,10,255,5,5,5,5,5,5,5,5,255,5,5,5,5,255,5,5,5,255,5,5,5,255,5,5,5,5,255,5,5,255,5,5,5,255,5,5,5,5,5,5,5,5,255,5,9,255,5,5,255,10,5,5,5,255,5,5,5,255,255,255
1780853134.187631,263,28893016,2085,2038,2085,2067,1486,1149,919,760,723,2034,2074,2066,2020,1360,1100,889,758,1923,2053,2093,2074,2014,1329,1053,873,2072,2083,2084,2111,2105,2111,1142,1118,2003,2096,2087,2140,2182,2117,1854,1126,2095,2105,2091,2090,2034,2069,2011,1098,2137,2105,2164,2111,2135,1970,1983,1081,1861,2107,2150,2105,1985,2038,2073,255,10,5,10,5,5,5,5,5,5,5,5,255,5,5,5,5,255,5,5,5,10,9,5,5,10,5,5,5,5,10,5,5,10,5,5,5,10,5,5,5,255,5,5,5,5,10,5,5,10,5,5,10,255,5,5,5,255,5,5,5,255,10,255
1780853134.288346,264,28993017,2109,2085,2065,2067,1486,1137,937,752,727,2097,2074,2110,2043,1363,1091,882,793,1923,2060,2115,2107,2014,1369,1041,1025,2021,2074,2081,2096,2081,2111,1097,1167,2027,2089,2096,2147,2182,2099,1815,1176,2095,2102,2086,2116,2034,2069,2011,1095,2028,2104,2118,2123,2060,1941,2033,1073,1861,2094,2107,2111,2011,2038,2073,10,5,5,255,255,5,5,5,5,5,255,5,10,5,5,5,5,255,5,5,5,255,5,5,5,9,5,5,5,5,255,5,5,5,5,5,5,255,5,5,5,255,5,5,5,255,255,255,5,5,5,5,5,10,5,5,5,255,5,5,5,10,255,255
1780853134.387675,265,29093017,2109,2059,2082,2063,1473,1146,919,761,701,2063,2128,2081,2043,1372,1090,890,787,2042,2091,2077,2125,2003,1328,1065,1108,2021,2092,2095,2110,2141,2137,1155,1160,1969,2089,2082,2122,2182,2116,1853,1146,2029,2123,2060,2097,2092,2069,2011,1133,2017,2104,2107,2108,2101,1997,2033,1095,1861,2120,2105,2152,1966,2038,2073,255,5,5,10,10,5,5,5,255,5,10,5,255,5,5,5,5,10,5,5,5,10,5,5,5,255,5,5,5,5,10,5,5,5,255,5,5,255,5,5,9,10,5,5,5,10,10,255,5,5,255,5,5,5,5,255,5,255,5,5,5,5,255,255
1780853134.488015,266,29193017,2109,2059,2049,2063,1492,1143,934,761,726,2058,2116,2064,2138,1372,1111,870,776,1125,2066,2081,2097,2058,1345,1046,1068,2021,2098,2094,2099,2152,2067,1116,1132,1969,2089,2111,2105,2125,2128,1853,1130,2029,2092,2060,2138,2092,2054,2011,1122,2090,2085,2127,2127,2122,1965,1922,1097,1861,2133,2111,2115,1966,2038,2073,255,255,5,255,5,5,5,5,255,5,5,5,10,255,5,5,5,5,5,5,5,5,5,5,5,255,5,5,5,5,5,5,5,255,255,5,5,10,5,255,5,255,5,255,5,255,5,255,5,5,10,5,5,5,5,10,5,255,5,5,5,255,255,255
1780853134.588494,267,29293017,2109,2094,2049,2048,1492,1125,945,746,722,2106,2116,2083,2138,1372,1107,887,764,1149,2099,2109,2115,1976,1276,1052,1074,2073,2107,2096,2116,2177,2074,1156,1119,1985,2095,2090,2153,2063,2107,1853,1077,1964,2081,2094,2138,2164,2054,2011,1118,2014,2110,2064,2097,2062,1986,1897,1098,1803,2119,2121,2116,2018,2044,2073,255,10,255,10,255,5,5,5,255,5,255,5,255,255,5,5,5,5,5,5,5,5,5,5,5,10,5,5,5,5,5,5,5,10,10,5,5,5,5,255,9,10,5,10,255,10,255,255,5,5,5,5,5,5,5,5,5,10,5,5,5,10,10,255
1780853134.687743,268,29393017,2109,2002,2084,2075,1400,1160,926,755,701,2031,2080,2103,2138,1372,1108,872,777,1078,2099,2076,2114,2103,1276,1072,994,2073,2084,2072,2106,2102,2074,1105,1106,2072,2051,2112,2139,2111,2143,1858,1138,1964,2137,2088,2114,2150,2081,1849,1116,2070,2110,2131,2123,2136,1972,1897,1106,2146,2130,2152,2129,1953,2044,2073,255,5,10,5,10,5,5,5,255,5,10,5,255,255,5,5,5,5,255,5,5,5,255,5,9,255,5,5,5,5,255,5,5,5,5,5,5,5,5,10,5,255,5,5,10,5,10,10,5,5,255,5,5,5,5,255,5,4,5,5,5,5,255,255
1780853134.787505,269,29493017,2109,2089,2084,2075,1381,1125,925,754,711,2060,2071,2087,2138,1402,1117,890,768,1046,2099,2079,2104,2054,1399,1071,913,2014,2092,2097,2116,2154,2074,1174,1124,2072,2108,2076,2098,2111,2111,1858,1112,2091,2107,2088,2108,2162,2101,1961,1139,2031,2148,2104,2141,2090,2013,1990,1055,2146,2096,2185,2067,1996,2044,2073,255,5,255,255,5,5,5,5,255,5,5,5,255,10,5,5,5,3,255,5,5,5,10,5,9,10,5,5,5,5,255,5,5,255,5,5,5,255,5,255,5,10,5,255,5,5,5,5,5,5,10,5,5,5,5,10,5,255,5,5,5,5,255,255
1780853134.887428,270,29593017,2109,2061,2146,2038,1381,1147,912,764,733,2040,2071,2124,2138,1352,1109,891,759,1188,2044,2136,2104,2037,1280,1062,1004,2014,2073,2095,2126,2160,2105,1168,1142,2112,2078,2096,2127,2128,2095,1858,1152,2065,2069,2120,2108,2106,2042,1961,1117,2024,2148,2082,2101,2068,2022,1990,1065,2146,2137,2132,2067,2009,2044,2073,255,5,10,10,255,5,5,5,255,5,255,5,255,3,5,5,5,5,10,5,255,5,5,5,9,255,5,5,5,5,10,5,5,10,5,5,5,10,5,255,5,5,5,10,255,5,5,255,5,5,255,5,5,5,5,255,5,255,5,5,255,5,255,255
1780853134.987342,271,29693017,2109,2049,2061,2031,1615,1121,921,751,715,2093,2075,2110,2106,1422,1118,898,787,2057,2075,2130,2105,2086,1280,1065,1122,2024,2082,2092,2128,2114,2109,1100,1085,2043,2086,2058,2105,2128,2071,1858,1112,2065,2092,2120,2120,2189,2093,1961,1136,2024,2132,2100,2164,2049,1932,1990,1116,2146,2140,2045,2149,2037,2044,2073,255,5,5,5,10,5,5,5,5,5,10,5,10,9,5,5,5,4,5,5,10,5,255,5,5,10,5,5,5,5,5,9,9,5,5,5,5,255,5,255,5,255,5,255,10,5,5,255,5,255,10,5,5,5,5,255,5,255,5,5,10,5,255,255
1780853135.087713,272,29793017,2109,1997,2061,2095,1615,1130,903,765,698,2093,2066,2106,2106,1422,1098,892,791,2057,2086,2109,2092,2086,1281,1037,866,2024,2099,2091,2114,2082,2105,1120,1121,2000,2097,2107,2074,2128,2137,1802,1102,2065,2106,2105,2062,2117,2074,1936,1088,2091,2073,2151,2109,2085,2009,1986,1108,2146,2110,2149,2045,1994,2044,2073,255,5,255,5,255,5,5,5,5,255,5,5,255,255,5,5,5,255,5,5,5,255,10,5,5,255,5,5,5,5,5,9,5,5,5,5,5,255,5,10,5,255,5,10,5,5,5,10,5,10,5,5,5,5,5,10,5,255,5,5,5,5,255,255
1780853135.187570,273,29893017,2074,2074,2069,2095,1615,1148,911,752,640,2062,2066,2083,2106,1427,1136,864,768,1173,2075,2091,2119,2092,1300,1057,1150,2027,2094,2095,2085,2126,2082,1109,1170,1958,2097,2072,2115,2145,2089,1954,1113,2065,2091,2095,2131,2094,2085,2008,1116,2048,2101,2112,2120,2107,1990,2092,1084,2146,2091,2109,2045,1997,2044,2073,10,5,10,255,255,5,5,5,255,10,255,5,255,10,5,5,5,10,5,5,5,10,5,5,5,10,5,5,5,5,5,5,5,5,255,5,5,10,5,5,5,255,5,5,5,5,5,5,5,5,5,5,5,5,5,5,5,255,5,5,255,5,255,255
1780853135.287997,274,29993017,2075,2034,1999,1964,1615,1150,910,761,724,2057,2080,2064,2106,1298,1101,881,785,1131,2071,2068,2119,2079,1318,1061,805,1950,2066,2084,2094,2094,2115,1117,1156,1958,2065,2082,2099,2145,2062,1858,1101,2065,2104,2088,2203,2094,2073,2008,1136,2059,2087,2134,2160,2093,1965,2074,1131,2146,2131,2111,2118,1997,2044,2073,5,5,5,10,255,5,5,5,5,5,10,5,255,5,5,5,5,5,5,5,5,5,5,5,5,5,5,5,5,5,5,5,5,255,10,5,5,255,5,5,5,255,5,5,5,255,5,255,5,5,5,5,5,5,5,5,5,255,5,5,10,255,255,255
1780853135.387430,275,30093017,2075,2034,1999,2024,1474,1144,932,756,729,2017,2083,2080,2106,1298,1086,888,765,1071,2106,2100,2113,2061,1283,1074,946,2042,2069,2094,2098,2124,2105,1158,1147,1958,2103,2116,2149,2145,2090,1858,1065,2169,2130,2109,2113,2124,2100,2008,1081,2023,2104,2131,2162,2109,1973,1960,1072,2146,2092,2135,2081,2005,2044,2073,255,255,255,5,10,5,5,5,5,5,5,5,255,255,5,5,5,5,5,5,5,5,5,5,9,5,5,5,5,5,5,5,5,255,5,5,5,255,5,255,9,10,5,5,5,10,5,255,5,5,5,5,5,5,5,5,5,255,5,5,5,10,255,255
1780853135.487659,276,30193017,2075,2028,2094,2024,1474,1141,924,760,727,2068,2083,2078,2106,1298,1121,875,776,2015,2058,2102,2088,2061,1299,1050,1127,2042,2067,2086,2115,2061,2063,1134,1110,1970,2104,2104,2140,2131,2131,1858,1097,2169,2159,2163,2089,2124,2060,2008,1103,2116,2124,2113,2142,2087,1942,1960,1138,2146,2112,2072,2107,2005,2044,2073,255,10,10,255,255,5,5,5,255,5,255,5,255,255,5,5,5,4,5,5,5,255,5,5,5,255,5,5,5,5,5,5,5,10,5,5,5,10,5,255,5,255,5,5,5,255,5,255,5,5,5,5,5,5,5,255,5,255,5,5,5,255,255,255
1780853135.587591,277,30293017,2075,2050,2023,2028,1474,1165,910,746,714,2044,2083,2065,2106,1298,1103,890,770,1092,2075,2119,2120,2061,1377,1049,860,1982,2083,2096,2127,2126,2063,1155,1165,1970,2091,2081,2129,2131,2098,1926,1120,2169,2078,2163,2120,2141,2060,2008,1130,2040,2124,2099,2217,2097,1955,1960,1080,2168,2111,2152,2130,1991,2044,2073,255,5,5,10,255,5,5,5,5,5,255,5,255,255,5,5,5,4,5,5,5,255,5,5,9,10,5,5,5,5,255,5,5,255,5,5,5,255,5,10,9,255,5,255,5,10,255,255,5,5,5,5,5,5,5,255,5,10,5,5,5,10,255,255
1780853135.686461,278,30393018,2075,2050,2023,1983,1474,1137,922,760,723,2051,2083,2111,2106,1298,1124,877,774,1125,2098,2118,2128,2061,1387,1086,1132,1982,2086,2105,2088,2122,2063,1155,1164,1970,2129,2079,2136,2131,2126,1926,1148,2169,2086,2163,2118,2136,2014,2008,1128,2040,2092,2101,2120,2097,1967,1960,1101,2168,2145,2130,2092,1991,2044,2073,255,255,255,5,255,5,5,5,5,5,255,5,255,255,5,5,5,5,5,5,5,255,5,5,5,255,5,5,5,5,255,255,5,255,5,5,5,255,5,255,5,255,5,255,5,5,10,255,5,255,5,5,5,255,5,255,5,255,5,5,5,255,255,255
1780853135.787431,279,30493017,2075,2066,2049,2050,1385,1118,917,747,701,2084,2061,2088,2106,1298,1101,886,780,1125,2115,2063,2097,2060,1274,1034,1157,1449,2093,2091,2098,2114,2063,1121,1204,2046,2120,2090,2106,2096,2136,1812,1134,2063,2080,2155,2114,2136,2014,1934,1114,2035,2107,2082,2135,2113,1963,1973,1093,2168,2111,2140,2117,1991,2044,2073,255,10,10,5,10,5,5,5,5,5,10,5,255,255,5,5,5,255,5,5,5,10,5,5,5,10,5,5,5,5,255,10,9,10,5,5,5,10,5,10,5,10,5,10,5,255,255,10,5,10,5,5,5,10,5,10,5,255,5,5,5,255,255,255
1780853135.887601,280,30593017,2075,2048,2049,2047,1385,1135,911,743,643,2059,2061,2109,2106,1389,1115,886,756,1125,2105,2084,2120,2067,1304,1055,930,1449,2079,2101,2120,2151,2146,1164,1114,2063,2106,2081,2081,2087,2120,1812,1119,2063,2116,2155,2075,2082,2082,1934,1073,2016,2089,2106,2135,2113,1973,1956,1125,2168,2121,2149,2116,1991,2044,2073,255,5,255,5,255,5,5,5,5,5,255,5,255,10,5,5,5,255,5,5,5,5,5,5,5,255,5,5,5,5,10,5,5,5,5,5,5,5,5,255,5,255,5,255,5,10,10,255,5,5,5,5,255,255,5,5,5,255,5,5,5,255,255,255
1780853135.987509,281,30693017,2064,2048,2049,2047,1541,1100,920,763,722,2057,2061,2055,2094,1389,1099,893,777,1084,2035,2127,2085,2018,1334,1038,963,1449,2095,2097,2103,2116,2146,1105,1116,2048,2117,2100,2110,2105,2118,1812,1141,2063,2097,2092,2089,2109,2100,1944,1093,2106,2106,2151,2099,2138,1989,1956,1068,2168,2086,2110,2111,1991,2044,2073,10,255,10,255,10,5,5,5,5,5,255,5,10,255,5,5,5,10,5,5,5,5,5,5,5,255,5,5,5,5,255,5,5,5,5,5,5,5,5,255,9,255,5,10,5,5,5,10,5,5,5,5,10,10,5,255,5,255,5,5,5,255,255,255
1780853136.097542,282,30803017,2064,2029,2057,2051,1450,1106,917,740,744,2079,2061,2082,2094,1401,1119,878,784,1084,2087,2104,2085,1959,1332,1043,1073,1449,2076,2100,2108,2115,2098,1099,1115,2048,2117,2105,2110,2182,2138,1816,1128,2063,2124,2097,2089,2152,2054,1944,1084,2106,2121,2063,2123,2083,1998,1963,1050,1951,2107,2133,2063,1991,2044,2073,255,10,5,10,5,5,5,5,5,5,255,5,255,10,5,5,5,255,5,5,255,5,5,5,5,255,5,5,5,5,10,5,5,255,255,5,5,5,5,10,5,255,5,5,255,5,5,255,5,255,5,5,5,5,5,10,5,10,5,5,5,255,255,255
1780853136.198163,283,30903017,2064,2057,2054,2051,1877,1140,924,760,703,2070,2092,2102,2094,1414,1093,895,763,1081,2078,2086,2128,1959,1305,1063,1111,1449,2058,2107,2112,2114,2098,1125,1115,2059,2117,2095,2122,2182,2104,1816,1129,2063,2134,2097,2146,2152,2054,1639,1125,1848,2052,2087,2109,2072,1945,1963,1066,1951,2133,2100,2119,1991,2044,2073,255,5,5,255,4,5,5,5,5,5,10,5,255,5,5,5,5,10,5,5,10,255,5,5,5,255,5,5,5,5,255,5,5,10,255,5,5,255,5,255,5,255,5,255,10,255,255,10,5,10,5,5,5,5,5,255,9,255,5,5,5,255,255,255
1780853136.296451,284,31003018,2064,2057,2054,2051,1877,1121,927,748,695,2036,2092,2084,2094,1414,1120,894,790,1081,2050,2079,2098,2009,1313,1047,1102,1449,2082,2087,2085,2082,2098,1101,1112,2059,2158,2087,2089,2182,2120,1842,1119,2063,2099,2097,2158,2099,2054,1639,1132,1894,2092,2110,2144,2078,1952,1963,1146,2017,2084,2118,2140,1988,2044,2073,255,255,255,255,255,5,5,5,255,5,255,5,255,255,5,5,5,255,5,5,5,10,5,5,5,255,5,5,5,5,255,5,5,255,10,5,5,255,5,10,5,255,5,255,5,10,255,255,5,5,5,5,5,5,5,255,9,10,5,5,5,10,255,255
1780853136.397374,285,31103017,2064,2044,2054,2088,1379,1120,919,754,707,2073,2035,2074,2094,1358,1114,890,775,1048,2059,2088,2092,2063,1329,1021,1053,1449,2080,2089,2073,2115,2098,1109,1157,2102,2137,2131,2130,2182,2138,1823,1176,2063,2103,2097,2125,2099,2054,1952,1095,2082,2151,2157,2141,2083,1958,1963,1107,2017,2138,2145,2149,2043,2044,2073,255,10,255,10,10,5,5,5,255,5,10,5,255,10,5,5,5,10,5,5,5,5,5,9,5,255,5,5,5,5,255,5,5,10,5,5,5,255,5,9,9,255,5,255,5,255,255,10,5,5,5,5,5,5,5,255,5,255,5,5,5,5,255,255
1780853136.497387,286,31203017,2064,2087,2054,2046,1379,1141,927,758,680,2073,2035,2059,2089,1358,1108,885,803,1197,2089,2080,2096,2063,1306,1050,990,2041,2089,2094,2094,2101,2098,1109,1126,2041,2094,2107,2124,2118,2138,1823,1099,2063,2104,2151,2135,2133,2054,1952,1120,1984,2092,2177,2046,2147,1968,2061,1117,2017,2111,2121,2139,2008,2044,2073,255,5,255,5,255,5,5,5,5,255,255,5,10,255,5,5,5,4,5,5,5,255,5,5,5,10,5,5,5,5,255,255,5,5,5,5,5,10,255,255,5,255,5,3,5,10,255,255,5,5,5,5,5,5,5,10,5,255,5,5,5,5,255,255
1780853136.597695,287,31303017,2064,2052,2054,2080,1453,1111,901,757,715,2048,2035,2064,1997,1358,1086,887,795,967,2054,2077,2040,2117,1310,1054,1024,2209,2059,2102,2113,2110,2094,1109,1138,2028,2094,2097,2104,2199,2151,1823,1149,2063,2116,2067,2174,2144,2054,1952,1117,2026,2112,2098,2159,2100,2000,2061,1078,2017,2141,2128,2129,2008,2044,1995,255,5,255,5,10,5,5,5,255,10,255,5,5,255,5,5,5,255,5,5,5,10,9,5,5,5,5,5,5,5,10,255,5,5,255,5,5,5,10,255,9,255,5,5,5,5,255,255,5,5,5,5,5,5,5,255,5,255,5,5,5,255,255,10
1780853136.698164,288,31403017,2064,2052,2054,2080,1453,1147,928,760,696,2027,2054,2050,1997,1358,1106,877,775,1024,2113,2073,2092,2092,1329,1064,1060,2209,2060,2088,2129,2132,2101,1139,1132,1974,2095,2080,2101,2108,2086,1866,1071,2063,2141,2118,2133,2129,2054,1951,1125,1995,2081,2137,2113,2064,1983,2061,1059,2017,2137,2135,2113,2008,2044,1995,255,5,255,255,255,5,5,5,255,5,10,5,255,255,5,5,5,10,5,5,5,5,5,5,5,255,5,5,5,5,5,10,5,5,10,5,5,5,5,10,9,255,5,5,5,5,255,10,5,5,5,5,5,5,5,255,5,255,5,5,5,255,255,255
1780853136.797422,289,31503017,2053,2052,2037,2036,1371,1106,925,759,692,2049,2054,2088,1997,1358,1093,894,777,1024,2175,2070,2123,2067,1379,1071,1067,2209,2093,2096,2093,2097,2112,1126,1189,1974,2122,2101,2110,2097,2027,1839,1148,2063,2099,2106,2172,2129,2054,1951,1129,2074,2100,2107,2165,2106,1983,2061,1103,2017,2120,2108,2146,2008,2044,1995,10,255,10,10,10,5,5,5,255,5,255,5,255,255,5,5,5,255,5,5,5,5,5,5,5,255,5,5,5,5,5,5,5,255,5,5,5,5,5,5,5,255,5,5,5,255,255,255,9,5,5,5,5,5,255,255,5,255,5,5,5,255,255,255
1780853136.897417,290,31603017,2053,2065,2037,2056,1371,1165,913,753,767,2049,2054,2061,1997,1358,1089,893,788,2079,2109,2093,2089,2111,1313,1041,1070,2209,2061,2105,2092,2097,2074,1772,1151,1974,2064,2116,2110,2303,2093,1875,1145,2060,2086,2106,2125,2129,2054,1951,1094,2151,2110,2146,2125,2077,2043,2073,1082,1633,2116,2103,2162,2008,2017,1995,255,10,255,5,255,5,5,5,5,255,255,5,255,10,5,5,5,10,5,5,5,5,9,5,5,255,5,5,5,255,5,5,9,255,5,5,5,4,5,5,5,10,5,255,5,255,255,255,5,9,5,5,5,5,10,10,5,10,5,5,5,255,10,255
1780853136.997242,291,31703017,2057,2086,2037,2056,1522,1106,931,739,750,2059,2092,2097,1997,1358,1109,892,782,2070,1977,2109,2113,2041,1343,1065,1034,2209,2102,2082,2096,2122,2074,1101,1107,2099,2072,2108,2115,2303,2058,1875,1146,2065,2133,2112,2086,2129,2087,1951,1129,2151,2099,2077,2163,2097,1970,1947,1089,1633,2083,2123,2127,2003,2017,1995,10,5,255,255,10,5,5,5,5,10,10,5,255,255,5,5,5,5,5,5,5,9,5,5,9,255,5,5,5,10,255,5,5,10,5,5,5,255,5,255,5,5,5,10,5,255,10,255,5,255,5,5,5,5,5,5,9,255,5,5,5,10,255,255
1780853137.097303,292,31803017,2110,2040,2037,2056,1488,1100,937,764,745,2011,2092,2140,1997,1358,1105,883,773,1928,2133,2097,2077,2075,1324,1056,994,1999,2091,2101,2109,2153,2074,1168,1137,2083,2084,2084,2145,2303,2147,1961,1125,2065,2138,2112,2117,2118,2087,1951,1110,2056,2153,2124,2140,2098,1959,2009,1111,1633,2119,2095,2158,2003,2017,1995,5,5,255,255,5,5,5,5,255,5,255,5,255,255,5,5,5,5,5,5,5,5,5,5,5,10,5,5,5,5,255,5,5,5,5,5,5,255,5,10,5,255,5,255,5,10,255,255,5,10,5,5,5,5,5,5,5,255,5,5,5,255,255,255
1780853137.197432,293,31903017,2110,2044,2037,1983,1488,1169,925,759,710,2022,2081,2085,2064,1358,1103,885,780,1928,2098,2098,2119,2103,1336,1041,1060,1999,2097,2074,2109,2119,2101,1115,1154,2047,2133,2103,2098,2120,2129,1961,1113,2065,2113,2112,2101,2118,2028,1951,1095,2056,2100,2118,2145,2132,1973,1987,1092,1633,2106,2143,2060,2002,2017,1995,255,5,255,10,255,5,5,5,5,5,10,5,10,255,5,5,5,255,5,5,5,5,5,5,5,255,5,5,5,5,10,5,5,5,5,5,5,10,5,255,5,255,5,255,5,255,10,255,9,255,5,5,5,5,5,5,5,255,5,5,5,10,255,255
1780853137.297444,294,32003017,2110,2060,2037,2082,1453,1094,925,769,701,2049,2064,2117,2089,1358,1117,893,803,1096,2097,2088,2107,2103,1294,1056,1076,2035,2060,2122,2093,2133,2101,1074,1089,1931,2102,2094,2094,2161,2103,1961,1100,2099,2098,2094,2127,2118,2028,1951,1131,2028,2082,2157,2155,2087,1975,2043,1107,2118,2130,2109,2111,2002,2017,1995,255,5,255,5,10,5,5,5,255,5,5,5,5,255,5,5,5,10,5,5,5,255,5,5,5,10,5,5,5,5,255,5,5,5,5,5,5,5,5,255,9,10,5,10,5,255,255,255,5,10,5,5,5,5,5,5,5,10,5,5,5,255,255,255
1780853137.396259,295,32103017,2110,2067,2037,2066,1453,1158,917,757,704,2069,2055,2078,2089,1358,1107,887,781,1099,2097,2114,2110,2070,1340,1060,1109,2035,2078,2079,2087,2091,2143,1142,1149,2012,2102,2121,2139,2119,2152,1961,1164,2099,2073,2127,2116,2118,2126,1951,1112,2004,2084,2133,2127,2116,2001,2043,1078,1753,2140,2128,2036,2002,2017,1995,255,5,255,5,255,5,5,5,5,5,5,5,255,255,5,5,5,5,255,5,5,10,5,5,5,255,5,5,5,5,10,5,5,5,255,5,5,5,5,255,5,255,5,5,5,255,10,255,5,5,5,5,5,5,5,255,5,4,5,5,5,255,255,255
1780853137.497440,296,32203017,2056,2054,2037,2052,1678,1110,931,757,703,2102,2055,2072,2089,1388,1113,887,777,1142,2053,2108,2120,2070,1296,1066,960,2022,2122,2097,2146,2061,2143,1138,1113,2012,2123,2114,2087,2119,2165,1961,1188,2099,2146,2092,2116,2155,2057,1951,1119,1979,2169,2073,2127,2165,1984,1941,1102,1753,2081,2110,2157,2012,2017,1995,10,5,255,5,10,5,5,5,5,5,255,5,255,10,5,5,5,5,10,5,5,255,5,5,5,10,5,5,5,5,255,5,5,255,10,5,5,255,5,255,5,255,5,5,255,10,5,255,5,9,5,5,255,5,5,10,5,255,5,5,5,10,255,255
1780853137.597441,297,32303017,2129,2114,2074,2052,1567,1125,926,763,764,2124,2039,2054,2022,1388,1099,887,779,1118,2170,2085,2102,2074,1325,1059,1043,2022,2082,2092,2094,2126,2040,1198,1168,2012,2075,2133,2113,2137,2119,1961,1109,2099,2117,2092,2081,2154,2087,1951,1122,2095,2102,2110,2132,2109,1945,1941,1150,2027,2099,2104,2138,2011,2017,1995,5,5,10,255,5,5,5,5,5,5,10,5,10,255,5,5,5,255,5,5,5,10,5,5,9,255,5,5,5,5,10,255,5,255,5,5,5,10,5,255,5,255,5,255,10,5,5,255,5,5,5,5,10,5,5,255,5,10,5,5,5,5,255,255
1780853137.697392,298,32403017,2069,2114,2074,1986,1567,1137,919,756,717,2073,2039,2114,2038,1311,1134,887,771,1115,2059,2109,2044,2112,1325,1047,1076,2022,2078,2083,2110,2114,1460,1198,1092,2012,2117,2077,2107,2137,2101,1961,1126,2099,2095,2092,2184,2154,2088,1867,1122,2067,2074,2130,2092,2125,2001,1967,1091,2027,2101,2086,2137,1993,2017,1995,5,255,255,10,255,5,5,5,255,5,255,5,5,10,9,5,5,5,5,5,5,5,255,5,5,255,5,5,5,5,4,255,5,255,5,5,5,255,5,255,5,255,5,255,5,255,5,10,5,5,5,5,5,5,5,10,5,255,5,5,5,5,255,255
1780853137.797202,299,32503016,2096,2067,2074,2081,1528,1180,905,756,695,2060,2126,2061,2038,1329,1098,888,793,2110,2048,2120,2128,2111,1365,1059,978,2042,2077,2105,2115,2115,2048,1198,1120,2012,2098,2086,2090,2137,2097,1890,1167,2143,2076,2092,2166,2155,2066,1916,1112,1951,2106,2114,2114,2126,1918,1932,1108,2027,2112,2125,2121,2071,2017,1995,5,10,255,5,10,5,5,5,5,5,10,5,255,5,5,5,5,5,5,5,5,5,10,5,9,10,5,5,5,5,4,255,5,255,5,5,5,255,5,10,5,10,5,255,5,10,5,5,5,5,5,5,5,5,5,5,5,255,5,5,5,5,255,255
1780853137.897425,300,32603017,2046,2067,2086,2081,1528,1159,933,753,706,2075,2059,2090,2038,1408,1108,891,776,1068,2048,2130,2128,2116,1290,1075,984,2042,2080,2084,2127,2128,2048,1188,1108,2072,2101,2093,2152,2137,2097,1890,1183,2143,2105,2097,2120,2148,2044,2034,1125,2111,2106,2161,2114,2064,2001,1932,1059,1926,2098,2138,2112,2025,2044,1995,5,255,10,255,255,5,5,5,5,5,5,5,255,5,5,5,5,4,255,5,5,5,5,5,5,255,5,5,5,5,255,10,5,10,5,5,5,255,5,255,9,255,5,10,5,5,5,5,5,5,255,5,255,5,5,255,5,10,5,5,5,5,10,255
1780853137.997662,301,32703017,2046,2085,2055,2081,1528,1167,925,762,701,2125,2059,2138,2038,1418,1094,886,770,982,2071,2078,2087,2109,1305,1056,990,2042,2086,2087,2079,2085,2211,1188,1168,2095,2090,2136,2111,2119,2097,1890,1123,2143,2116,2097,2110,2082,2010,1966,1103,1990,2106,2106,2079,2111,1980,1968,1129,2105,2100,2111,2109,2002,2044,1995,255,10,5,255,255,5,5,5,255,5,255,5,255,5,5,5,5,255,10,5,5,5,5,5,9,255,5,5,5,5,10,255,5,5,5,5,5,10,5,255,5,255,5,255,5,5,5,5,5,9,255,5,10,5,5,10,9,5,5,5,5,5,255,255
1780853138.097541,302,32803017,2046,2046,2064,2042,1541,1106,922,765,721,2052,2065,2138,2038,1418,1101,887,776,982,2071,2098,2122,2109,1368,1057,1030,2042,2065,2098,2101,2117,2211,1175,1142,2071,2065,2108,2089,2119,2134,1943,1119,2143,2113,2131,2103,2082,2103,1965,1138,1990,2076,2097,2152,2078,1956,1956,1095,2105,2125,2105,2092,2002,2044,1995,255,5,5,10,10,5,5,5,5,5,10,255,255,255,5,5,5,255,255,5,5,255,5,5,5,255,5,5,5,5,255,10,5,5,5,5,5,255,5,3,5,255,5,10,5,255,5,5,5,255,10,5,5,5,5,5,5,255,5,5,5,255,255,255
1780853138.197624,303,32903017,2092,2033,2087,2054,1418,1142,924,746,687,2063,2052,2121,2038,1404,1118,880,788,1047,2097,2086,2058,2093,1294,1077,967,2042,2085,2095,2099,2105,2084,1127,1125,2030,2075,2139,2167,2113,2136,1943,1127,2143,2106,2131,2116,2120,2012,1979,1101,2013,2103,2091,2141,2113,1956,1956,1078,2105,2142,2161,2117,2002,1941,1995,10,5,5,5,5,5,5,5,5,5,5,10,255,10,5,5,5,10,10,5,5,10,5,5,5,255,5,5,5,5,10,5,5,5,5,5,5,10,5,255,5,255,5,255,5,10,5,5,5,10,5,5,5,5,255,255,5,255,5,5,5,255,10,255
1780853138.297235,304,33003017,2092,2038,2106,1989,1399,1144,930,763,689,2055,2052,2059,1990,1412,1107,882,796,1063,2074,2128,2107,2094,1469,1113,928,1374,2101,2080,2099,2108,2023,1079,1112,2030,2015,2096,2166,2130,2137,1943,1156,2070,2080,2131,2111,2145,2012,1979,1128,2011,2109,2109,2113,2097,2011,1956,1108,2105,2107,2077,2139,2002,1941,1995,255,5,5,5,5,5,5,5,5,5,255,5,10,5,5,5,5,5,5,5,5,5,9,9,5,10,5,5,5,5,5,5,5,255,5,5,5,5,5,255,9,10,5,255,5,5,255,255,5,5,5,5,5,5,10,255,5,255,5,5,5,255,255,255
1780853138.396649,305,33103017,2046,2065,2011,2031,1432,1144,938,752,741,2077,2079,2049,1990,1412,1122,890,780,2034,2072,2075,2107,2016,1287,1037,1074,1139,2081,2092,2086,2124,2105,1065,1059,2018,2095,2081,2144,2130,2073,1943,1137,2077,2107,2143,2121,2145,2045,1979,1116,1936,2109,2113,2064,2051,1967,1956,1068,2105,2097,2097,2103,2002,1941,1995,10,5,5,5,9,5,5,5,5,5,10,5,255,255,5,5,5,4,5,5,255,5,5,5,5,4,5,5,5,5,5,255,5,10,5,5,5,255,5,255,5,5,5,10,5,255,10,255,5,5,255,5,5,5,5,255,5,255,5,5,5,255,255,255
1780853138.497533,306,33203017,2046,2067,2049,2031,1432,1149,927,739,705,2058,2094,2083,1990,1412,1119,887,772,1108,2067,2054,2075,2112,1331,1070,1086,1139,2090,2088,2112,2118,2146,1065,1176,2018,2104,2071,2141,2134,2062,1943,1143,2077,2121,2131,2123,2145,2091,1979,1105,2098,2121,2103,2097,2103,1993,1964,1100,2105,2117,2111,2140,1978,2021,1995,255,5,5,5,255,5,5,5,5,5,5,5,255,255,5,5,5,5,5,5,10,5,5,5,5,255,5,5,5,5,5,255,5,255,5,5,5,10,5,255,5,255,5,5,5,255,5,255,5,5,10,5,5,5,5,10,5,255,5,5,5,10,10,255
1780853138.597506,307,33303018,2046,2075,2049,2064,1432,1135,933,768,686,2025,2094,2094,1990,1412,1100,886,770,1093,2077,2064,2141,2112,1257,1023,1098,1139,2083,2087,2060,2118,2146,1147,1115,2068,2094,2073,2140,2134,2099,1943,1165,2077,2136,2179,2130,2164,2091,1979,1123,1980,2058,2110,2089,2099,1977,1964,1042,2105,2090,2113,2182,1978,2021,1995,255,5,255,5,255,5,5,5,255,5,255,5,255,255,5,5,5,5,5,5,5,255,5,9,5,255,5,5,5,5,255,10,5,10,5,5,5,255,5,255,5,255,5,5,5,10,255,255,5,5,5,5,5,5,5,255,5,255,5,5,5,255,255,255
1780853138.697696,308,33403017,2046,2075,2069,2070,1432,1136,921,749,710,2025,2092,2061,2115,1412,1106,881,768,1151,2100,2087,2113,2086,1287,1037,1018,1139,2094,2087,2083,2111,1944,1147,1104,2068,2080,2097,2128,2116,2081,1776,1119,2077,2090,2179,2098,2121,2091,1947,1121,2055,2058,2111,2113,2104,1977,1993,1089,2105,2099,2118,2147,1959,2042,1995,255,255,10,5,255,5,5,5,5,255,10,5,10,255,5,5,5,9,5,5,5,10,5,5,9,255,5,5,5,5,10,5,5,255,5,5,5,10,5,10,5,255,5,255,5,5,255,10,5,5,255,5,5,5,255,10,5,255,5,5,5,10,10,255
1780853138.797516,309,33503017,2046,2075,2069,2041,1432,1105,924,740,678,2044,2092,2082,2115,1412,1091,888,764,1019,2045,2092,2090,2086,1467,1061,953,1139,2083,2094,2098,2136,1944,1153,1181,2068,2061,2077,2138,2087,2136,1901,1120,2077,2131,2134,2142,2137,2091,1929,1160,2073,2136,2118,2149,2064,1992,2010,1081,2105,2104,2120,2106,1959,2042,1995,255,255,255,5,255,5,5,5,255,10,255,5,255,255,5,5,5,5,5,5,5,255,5,5,5,255,5,5,5,5,255,5,9,255,5,5,5,5,5,5,5,255,5,10,5,5,255,5,5,5,10,5,5,5,10,5,5,255,5,5,5,255,255,255
1780853138.907144,310,33613017,2046,2080,2069,2012,1432,1133,927,758,701,2029,2092,2112,2096,1412,1110,902,764,2074,2111,2092,2083,2103,1343,1044,1017,1973,2085,2094,2123,2108,1944,1134,1122,1994,2054,2047,2105,2194,2103,1766,1108,2077,2060,2094,2060,2146,2056,1953,1111,2055,2124,2149,2175,2097,1976,1983,1084,2105,2110,2098,2086,1959,1967,1995,255,10,255,5,255,5,5,5,5,5,255,5,10,255,5,5,5,4,5,5,5,10,5,5,5,10,5,5,5,5,255,5,5,10,5,5,5,5,5,9,5,255,5,5,5,5,10,5,5,5,5,5,5,5,5,5,5,255,5,5,5,255,10,255
1780853139.007682,311,33713018,2046,2080,2069,2048,1432,1143,929,759,714,2029,2092,2117,2096,1412,1109,894,770,1196,2062,2097,2083,2095,1246,1056,981,1973,2065,2102,2113,2068,1944,1117,1126,2065,2094,2089,2112,2194,2134,1698,1104,2077,2127,2122,2170,2146,2056,1953,1153,2034,2081,2121,2144,2072,1992,1983,1119,2105,2108,2135,2077,1994,1967,1995,255,255,255,5,255,5,5,5,5,255,255,5,255,255,5,5,5,4,5,5,255,5,5,5,5,255,5,5,5,5,255,5,5,5,5,5,5,255,5,5,5,255,5,5,5,255,255,255,5,5,5,5,5,5,5,255,5,255,5,5,5,10,255,255
1780853139.107547,312,33813017,2046,2031,2069,2094,1432,1179,922,749,707,2029,2092,2151,2096,1412,1125,878,777,985,2119,2125,2097,2101,1370,1047,913,1973,2090,2097,2088,2131,2052,1202,1168,2065,2070,2094,2093,2194,2132,1933,1137,2046,2109,2132,2147,2074,2014,1953,1085,2090,2100,2117,2127,2145,2006,2008,1103,2105,2102,2125,2075,1977,1970,1995,255,10,255,5,255,5,5,5,255,255,255,5,255,255,5,5,5,4,5,5,10,5,5,5,5,255,5,5,5,5,10,5,5,255,5,5,5,255,5,4,5,10,5,5,5,10,10,255,5,5,5,5,5,5,5,10,5,255,5,5,5,5,10,255
1780853139.207417,313,33913017,2068,2035,2069,2038,1451,1124,915,754,693,2087,2093,2052,2096,1350,1106,888,798,985,2104,2065,2128,2068,1311,1065,1078,1973,2073,2079,2104,2105,2052,1070,1170,2065,2040,2121,2132,2194,2112,1844,1133,2046,2057,2132,2137,2116,2014,1911,1128,2090,2095,2107,2128,2125,1971,2008,1030,2105,2092,2107,2111,1977,1970,1995,10,5,255,5,10,5,5,5,5,10,10,5,255,10,5,5,5,255,5,5,9,5,5,5,5,255,5,5,5,5,255,5,5,255,5,5,5,255,5,5,5,255,5,255,5,5,255,10,5,255,5,5,5,5,5,255,5,255,5,5,5,255,255,255
1780853139.307380,314,34013017,2068,2089,2069,2110,1456,1123,936,759,701,2064,2074,2095,2096,1350,1117,887,761,985,2072,2063,2099,2068,1311,1084,1171,2076,2099,2088,2105,2120,2052,1147,1196,2072,2072,2067,2139,2150,2092,1893,1155,2046,2101,2085,2138,2162,2068,1917,1092,1828,2092,2142,2173,2133,1976,1994,1060,2105,2152,2122,2117,2120,1970,1995,255,5,255,5,5,9,5,5,5,5,5,5,255,255,5,5,5,255,5,5,5,255,5,5,5,10,5,5,5,5,255,5,5,10,5,5,5,10,5,5,5,255,5,10,5,5,10,5,5,3,5,5,5,5,5,10,5,255,5,5,5,10,255,255
1780853139.406332,315,34113017,2047,2089,2062,2006,1364,1103,921,761,702,2064,2056,2058,2096,1350,1101,883,761,985,2095,2078,2090,2171,1300,1063,1028,2076,2101,2088,2111,2095,2121,1144,1182,2060,2094,2103,2151,2166,2059,1816,1132,2046,2052,2163,2117,2115,2068,1917,1127,2080,2091,2096,2123,2047,1976,1994,1105,2105,2102,2121,2098,2120,1970,1995,10,255,10,5,4,5,5,5,5,255,5,5,255,255,5,5,5,255,5,5,5,10,5,5,4,255,5,5,5,5,10,5,5,5,5,5,5,5,5,5,9,255,5,5,5,5,255,255,5,4,5,5,5,5,255,255,5,255,5,5,5,255,255,255
1780853139.507546,316,34213017,2047,2089,2097,2024,1364,1136,928,760,743,2027,2056,2080,2096,1350,1085,892,781,1136,2059,2105,2117,2088,1407,1076,1048,2076,2084,2102,2093,2133,2010,1111,1169,2085,2094,2087,2123,2167,2141,1816,1140,2046,2079,2163,2058,2116,2041,1917,1116,2085,2116,2116,2134,2032,1996,1994,1073,2105,2110,2143,2060,2120,1970,1995,255,255,5,5,255,5,5,5,5,10,255,5,255,255,5,5,5,10,5,5,5,5,5,5,5,255,5,5,5,5,5,5,5,5,255,5,5,5,5,255,5,255,5,255,5,5,10,255,5,5,5,5,5,5,10,255,5,255,5,5,5,255,255,255
1780853139.607549,317,34313017,2104,2060,2099,2024,1490,1115,927,754,673,2095,2056,2089,2096,1350,1123,890,782,1127,2087,2081,2086,2053,1358,1025,1041,2076,2062,2090,2120,2089,2010,1187,1210,2085,2095,2096,2118,2167,2115,1816,1089,2118,2090,2138,2139,2104,2058,1916,1103,2051,2136,2120,2098,2104,1946,1994,1120,2105,2127,2098,2109,1986,1970,1995,10,10,5,255,10,5,5,5,5,5,255,5,255,255,5,5,5,5,5,5,5,5,5,5,9,255,5,5,5,5,255,5,5,255,10,5,5,255,5,255,5,10,5,10,5,5,5,10,5,5,5,5,5,5,5,255,5,255,5,5,5,10,255,255
1780853139.708173,318,34413017,2029,2049,2003,2024,1466,1128,927,760,758,2095,2093,2039,2123,1466,1095,879,780,1074,2115,2107,2121,2116,1360,1033,970,2026,2095,2082,2138,2128,2010,1187,1138,2056,2122,2114,2075,2110,2101,1829,1137,2148,2093,2138,2115,2099,2058,1920,1120,1975,2075,2091,2098,2099,1972,1942,1150,2072,2138,2116,2101,1986,1970,1995,5,5,5,255,5,5,5,5,5,255,10,5,10,10,5,5,5,255,5,5,5,5,5,5,9,10,5,5,5,5,255,255,5,10,5,5,5,10,5,10,5,5,5,255,5,5,255,5,5,5,5,5,255,5,5,10,5,10,5,5,5,255,255,255
1780853139.807421,319,34513017,2062,2049,2065,2063,1413,1157,928,751,693,2095,2093,2133,2048,1466,1126,895,774,1112,2045,2081,2086,2116,1274,1047,993,2051,2083,2088,2116,2130,2010,1157,1137,2032,2100,2144,2137,2110,2137,1987,1156,2148,2112,2149,2119,2099,2058,1920,1085,2001,2114,2126,2113,2102,1976,1942,1111,2072,2127,2164,2167,1986,1970,1995,5,255,5,10,5,5,5,5,5,255,255,5,5,255,5,5,5,5,5,5,5,255,5,5,9,5,5,5,5,5,255,10,9,5,5,5,5,255,5,5,5,255,5,10,5,255,255,255,5,9,5,5,10,5,5,255,5,255,5,5,5,255,255,255
1780853139.907664,320,34613017,2062,2098,2070,2007,1413,1131,906,758,732,2076,2093,2050,2111,1324,1068,880,774,1112,2033,2064,2075,2083,1342,1056,1017,2051,2090,2080,2126,2111,2010,1142,1141,2021,2085,2048,2111,2110,2111,1987,1117,2148,2096,2149,2091,2117,2077,1920,1082,1998,2097,2157,2106,2102,1995,1999,1108,2072,2082,2143,2163,1986,1975,1995,255,10,5,5,255,5,5,5,255,10,255,5,5,10,5,5,5,255,5,5,5,10,5,5,9,255,5,5,5,5,255,5,5,5,5,5,5,255,5,255,5,255,5,255,5,10,10,255,5,5,5,5,5,255,5,10,5,255,5,5,5,255,10,255
1780853140.007808,321,34713017,2062,2063,2018,2044,1413,1177,931,757,699,2018,2067,2102,2111,1324,1115,885,767,1112,2100,2084,2086,2083,1287,1045,954,2035,2093,2098,2135,2066,2010,1131,1129,2060,2075,2094,2100,2088,2108,1820,1083,2148,2103,2083,2061,2087,2085,1954,1106,1993,2094,2112,2157,2148,1961,2008,1059,2072,2117,2094,2093,1989,1975,1995,255,5,5,5,255,5,5,5,255,5,10,5,255,255,5,5,5,255,5,5,5,255,5,5,5,10,5,5,5,5,255,5,5,5,5,5,5,10,5,10,9,255,5,10,5,5,5,10,5,5,5,5,5,10,5,5,5,255,5,5,5,10,255,255
1780853140.107535,322,34813017,2062,2063,2094,2087,1413,1142,907,760,678,2103,2067,2074,2111,1324,1108,892,767,1053,2130,2057,2103,2058,1339,1065,943,2035,2083,2105,2116,2142,2081,1131,1172,2104,2075,2119,2152,2128,2093,1820,1181,2148,2081,2083,2159,2128,2074,1885,1095,2065,2049,2118,2093,2074,1955,1954,1069,2067,2091,2100,2155,1984,1975,1995,255,255,5,5,255,5,5,5,5,5,255,5,255,255,5,5,5,10,5,5,5,10,5,5,9,255,5,5,5,5,10,255,5,5,255,5,5,5,5,255,5,255,5,255,5,5,5,5,5,5,5,5,5,5,5,5,5,10,5,5,5,5,255,255
1780853140.207326,323,34913017,2054,2017,2063,2070,1413,1126,935,760,735,2086,2100,2052,2111,1409,1118,886,787,1142,2081,2083,2077,2004,1234,1067,1164,2035,2061,2093,2122,2136,2101,1154,1209,2104,2114,2093,2083,2233,2111,1820,1133,2148,2153,2083,2115,2128,2020,1899,1085,1982,2089,2074,2155,2105,2008,1954,1112,2067,2148,2131,2139,1973,2004,1995,10,10,5,5,255,5,5,5,5,5,10,5,255,10,5,5,5,5,5,5,5,5,9,5,4,255,5,5,5,5,5,10,5,255,10,5,5,5,5,255,5,255,5,255,9,255,5,5,5,5,5,5,5,5,5,255,5,255,5,5,5,5,10,255
1780853140.307319,324,35013017,2044,2034,2051,2064,1413,1120,939,761,725,2086,2100,2083,1968,1409,1110,885,793,1158,2070,2114,2137,2037,1309,1057,1037,2035,2084,2091,2128,2132,2101,1230,1147,2104,2114,2096,2147,2169,2131,1820,1051,2148,2094,2127,2166,2128,2024,1899,1108,2071,2168,2104,2143,2160,2025,2025,1071,2067,2066,2113,2142,1973,2004,1995,5,5,5,5,255,5,5,5,5,255,255,5,10,5,5,5,5,5,5,5,5,5,5,5,9,255,5,5,5,5,255,5,5,255,255,5,5,5,5,255,5,255,5,10,5,255,5,255,5,5,5,5,5,5,5,10,5,255,5,5,5,255,255,255
1780853140.406120,325,35113017,2046,2086,2051,2064,1376,1170,927,754,737,2077,2077,2050,1968,1409,1114,892,782,1158,2087,2117,2079,2122,1439,1077,949,1996,2088,2076,2139,2099,2148,1136,1165,2060,2078,2131,2099,2169,2104,1820,1144,2148,2139,2127,2125,2133,2043,1899,1116,2104,2114,2140,2148,2104,1931,1998,1064,2014,2111,2124,2118,1973,2004,1995,5,5,255,255,10,5,5,5,5,10,10,5,255,255,5,5,5,255,5,5,5,5,5,5,9,10,5,5,5,5,10,5,9,10,10,5,5,255,5,255,5,255,5,255,5,10,5,255,5,9,5,5,5,5,5,5,5,10,5,5,5,255,255,255
1780853140.507332,326,35213017,2052,2052,2051,2047,1369,1134,913,763,731,2077,2108,2115,2039,1409,1096,903,774,1158,2023,2111,2082,2122,1295,1050,1156,2045,2088,2087,2132,2091,2148,1175,1133,2060,2078,2088,2119,2106,2021,2028,1117,2148,2091,2127,2145,2133,2118,1899,1081,2028,2091,2112,2164,2081,1987,2004,1070,2014,2128,2134,2123,1986,2113,1995,5,5,255,10,5,5,5,5,255,255,5,5,10,255,5,5,5,255,5,5,5,255,5,5,5,5,5,5,5,5,255,9,9,255,255,5,5,10,5,10,5,255,5,255,5,5,5,255,5,5,5,5,5,5,5,5,5,255,5,5,5,10,10,255
1780853140.607435,327,35313017,2052,2058,2081,2061,1530,1188,930,761,2027,2092,2108,2112,1920,1409,1102,883,771,1158,2079,2107,2096,2122,1273,1025,902,2045,2118,2094,2067,2131,2031,1089,1146,2060,2096,2130,2112,2105,2094,2028,1122,2148,2112,2135,2110,2155,2118,1899,1071,2085,2125,2128,2089,2081,1968,2010,1101,2014,2099,2104,2109,1996,2113,1995,255,5,10,5,5,5,5,5,4,10,255,5,5,255,5,5,5,255,5,5,5,255,5,5,9,255,5,5,5,5,10,5,5,255,10,5,5,5,5,255,9,255,5,10,5,5,255,255,5,5,5,5,5,255,5,5,5,255,5,5,5,5,255,255
1780853140.707551,328,35413017,2052,2083,2036,2061,1408,1135,925,763,714,2024,2108,2131,1920,1409,1102,892,755,1158,2113,2063,2095,2098,1330,1072,1063,1966,2095,2110,2080,2108,2031,1132,1175,2093,2096,2105,2125,2123,2060,2028,1124,2148,2094,2126,2110,2121,2118,1899,1129,2034,2074,2094,2098,2068,1971,2010,1138,2014,2106,2132,2131,1996,2113,1995,255,5,5,255,5,5,5,5,5,5,255,5,255,255,5,5,5,255,5,5,5,10,5,5,9,10,5,5,5,5,255,5,5,10,255,5,5,5,5,255,5,255,5,5,5,5,255,255,5,5,5,5,5,10,5,255,5,255,5,5,5,5,255,255
1780853140.807307,329,35513017,2052,2071,2036,2061,1408,1152,919,752,708,2024,2108,2102,1920,1377,1106,872,783,1157,2078,2121,2110,2098,1455,1068,979,2034,2106,2078,2119,2074,2002,1132,1159,2033,2096,2106,2124,2164,2116,1840,1106,2148,2123,2142,2113,2186,2118,1899,1122,2096,2110,2106,2106,2137,1984,2010,1108,2014,2078,2121,2059,1996,2113,1995,255,5,255,255,255,5,5,5,5,255,10,5,255,10,5,5,5,3,5,5,5,255,5,5,9,5,5,5,5,5,10,255,5,5,255,5,5,5,5,10,5,255,5,5,5,5,255,255,5,5,5,5,5,5,5,255,5,255,5,5,5,255,255,255
1780853140.907305,330,35613017,2030,2030,1979,1990,1408,1122,917,759,704,2105,2092,2125,1920,1377,1103,880,769,1157,2078,2096,2097,2054,1361,1047,946,2034,2077,2079,2079,2147,2155,1140,1155,2011,2102,2096,2116,2164,2137,1840,1130,2148,2067,2118,2097,2152,2118,1899,1105,1981,2078,2067,2160,2127,1967,1970,1105,2014,2138,2127,2129,1996,2113,1995,10,5,10,10,255,5,5,5,255,10,5,5,255,5,5,5,5,255,255,5,5,10,5,5,5,255,5,5,5,5,5,10,5,5,10,5,5,255,5,255,5,255,5,5,5,5,255,255,5,5,5,5,5,5,5,10,5,255,5,5,5,255,255,255
1780853141.007441,331,35713017,2026,2077,2052,1990,1456,1113,943,760,2014,2105,2092,2064,2034,1374,1118,885,753,1202,2095,2078,2135,2029,1423,1072,1163,2118,2098,2087,2136,2106,2155,1140,1137,2011,2124,2137,2122,2140,2119,1840,1143,1990,2103,2143,2155,2167,2118,1964,1099,2048,2094,2134,2109,2127,1918,2011,1065,2082,2131,2090,2135,1965,2113,1995,5,5,5,255,10,5,5,5,4,255,255,5,10,5,5,5,5,10,10,5,5,5,9,5,5,10,5,5,5,5,255,255,5,255,5,5,5,10,5,255,5,10,5,5,5,5,255,10,5,5,5,5,5,255,5,5,5,10,5,5,5,10,255,255
1780853141.107453,332,35813017,2100,2055,2052,2064,1456,1103,937,758,743,2105,2076,2064,2034,1370,1139,880,768,1135,2104,2124,2134,2047,1332,1086,875,2112,2054,2109,2140,2126,2155,1119,1176,2011,2124,2075,2093,2140,2092,1840,1080,1990,2079,2116,2121,2167,2118,1932,1144,2018,2094,2124,2174,2080,1993,2011,1071,2082,2108,2147,2082,1999,2008,1995,5,5,255,10,255,5,5,5,5,255,10,255,255,5,5,5,5,5,5,5,5,5,5,5,9,5,5,5,5,5,255,10,5,255,255,5,5,255,5,255,5,255,5,5,5,255,255,5,5,3,255,5,5,10,5,255,9,255,5,5,5,5,10,255
1780853141.207851,333,35913017,2100,2057,2052,1994,1456,1126,931,766,758,2013,2105,2064,2094,1370,1122,879,788,1105,2074,2115,2083,2049,1316,1066,941,2112,2076,2101,2106,2092,2097,1031,1083,2043,2112,2133,2116,2107,2148,1894,1107,2041,2102,2125,2121,2167,2118,1948,1080,2032,2132,2093,2119,2111,1993,2011,1068,2082,2138,2134,2129,1999,2008,1995,255,5,255,5,255,5,5,5,255,10,5,10,10,255,5,5,5,255,5,5,5,5,5,5,5,255,5,5,5,5,10,255,255,10,10,5,5,10,5,10,5,10,5,5,255,255,255,5,5,5,10,5,5,5,5,255,5,255,5,5,5,255,255,255
1780853141.307521,334,36013017,2100,2057,2052,2073,1456,1119,930,770,705,2013,2105,2077,2059,1586,1129,886,764,2137,2070,2045,2135,2049,1348,1049,1111,2045,2085,2095,2089,2139,2057,1119,1144,2012,2085,2100,2080,2134,2127,1894,1142,2041,2045,2116,2115,2167,2208,1986,1132,2046,2132,2162,2097,2109,1927,1985,1095,2082,2076,2129,2153,1950,2008,1995,255,255,255,5,255,5,5,5,5,255,255,5,5,10,5,5,5,4,5,5,5,255,5,5,5,10,5,5,5,5,4,9,5,5,5,5,5,5,5,255,5,255,5,5,10,255,10,5,5,5,255,5,5,5,5,10,5,255,5,5,5,10,255,255
1780853141.406274,335,36113017,2100,2057,2030,2097,1436,1153,925,745,736,2031,2032,2070,2059,1305,1119,879,772,2137,2098,2102,2089,2049,1306,1086,1080,2045,2078,2094,2102,2117,2057,1136,1183,2012,2093,2087,2113,2134,2119,1848,1113,2041,2109,2136,2132,2210,2208,1903,1092,1997,2062,2143,2113,2078,1972,1985,1069,2082,2107,2107,2153,2000,2008,1995,255,255,10,5,10,5,5,5,5,10,10,5,255,5,5,5,5,255,5,5,5,255,5,5,5,255,5,5,5,5,255,5,5,255,5,5,5,255,5,10,5,255,5,5,5,10,255,5,5,5,10,5,5,5,5,255,5,255,5,5,255,5,255,255
1780853141.507621,336,36213017,2100,2057,2031,2095,1436,1141,900,765,2021,2031,2032,2112,2059,1348,1083,896,780,1139,2039,2124,2133,2091,1261,1060,918,2045,2072,2100,2112,2100,2057,1078,1145,2039,2112,2103,2097,2128,2090,1769,1130,2041,2160,2136,2093,2140,2208,1903,1083,1850,2070,2115,2170,2103,2031,1971,1125,2082,2107,2141,2108,2000,2008,1995,255,255,5,5,255,5,5,5,4,255,255,5,255,5,5,5,5,10,5,5,5,10,5,5,9,255,5,5,5,5,255,5,5,10,5,5,5,10,5,5,5,255,5,255,5,5,255,255,5,3,5,5,5,5,5,10,9,255,5,5,10,255,255,255
1780853141.617423,337,36323017,2100,2070,2031,2064,1329,1134,930,759,742,2041,2084,2118,2059,1348,1103,866,777,1163,2039,2095,2126,2091,1297,1040,923,2045,2078,2109,2094,2103,2057,1095,1129,2039,2087,2080,2104,2128,2106,1821,1159,2041,2092,2168,2115,2156,2208,1922,1104,1679,2107,2100,2115,2078,1974,1971,1081,2082,2120,2127,2089,1991,2008,1995,255,10,255,5,10,5,5,5,5,10,10,5,255,255,5,5,5,5,255,5,5,255,9,5,5,255,5,5,5,5,255,5,5,255,5,5,5,255,5,5,5,255,5,10,5,5,255,10,5,5,5,5,5,5,5,255,5,255,5,5,5,10,255,255
1780853141.717475,338,36423017,2100,2070,2031,2019,1329,1146,923,752,700,2041,2084,2052,2059,1384,1123,897,780,1163,2039,2102,2102,2091,1245,1036,1087,1713,2067,2090,2113,2155,2124,1098,1160,2039,2126,2090,2115,2128,2107,2012,1094,2055,2104,2111,2128,2147,2013,1922,1122,1980,2097,2129,2154,2065,1979,1965,1138,2082,2114,2134,2101,1991,2008,1995,255,255,255,5,255,5,5,5,5,255,255,5,255,10,5,5,5,255,255,5,5,255,5,5,9,10,5,5,5,5,10,5,5,255,5,5,5,255,5,5,5,10,5,5,5,5,10,255,5,5,5,5,5,5,5,10,5,255,5,5,5,255,255,255
1780853141.817494,339,36523017,2039,2052,2031,2023,1329,1129,943,756,732,2067,2048,2063,2059,1334,1110,889,782,1047,2068,2109,2094,2091,1310,1014,994,1713,2091,2087,2107,2104,2097,1148,1139,2039,2126,2083,2145,2138,2111,2012,1071,2055,2093,2111,2139,2147,2055,1964,1103,1980,2182,2102,2063,2096,1937,1965,1085,2082,2116,2120,2092,1991,2008,1966,10,10,255,5,255,5,5,5,5,10,10,5,255,5,5,5,5,255,10,5,5,255,5,5,9,255,5,5,5,5,5,255,5,255,255,5,5,10,5,255,5,255,5,255,5,255,5,10,5,255,5,5,5,5,5,255,5,255,5,5,5,255,255,10
1780853141.917716,340,36623017,2007,2083,2036,2077,1329,1147,918,751,715,2105,2048,2085,2059,1334,1133,887,761,1047,2069,2098,2094,2091,1265,1056,1152,1872,2103,2099,2103,2105,2144,1148,1131,2070,2085,2078,2151,2138,2111,1834,1157,2055,2087,2060,2080,2135,2055,1964,1094,2031,2043,2081,2153,2097,1931,1979,1118,2082,2114,2097,2102,1991,2008,1966,5,5,10,5,255,5,5,5,5,5,255,5,255,255,5,5,5,255,5,5,255,255,9,5,5,10,5,5,5,5,5,255,5,10,10,5,5,255,255,10,5,255,5,10,5,10,255,255,5,10,5,5,5,5,5,10,5,255,5,5,5,255,255,255
1780853142.017364,341,36723017,2007,2083,2036,2049,1329,1150,943,751,717,2048,2096,2091,2059,1333,1104,892,798,1047,2124,2121,2114,2100,1327,1090,1047,1371,2100,2105,2099,2099,2194,1161,1085,2015,2086,2061,2151,2138,2082,1858,1110,2062,2089,2060,2143,2135,2048,1864,1114,1945,2142,2128,2162,2123,1974,1991,1105,2082,2119,2131,2111,2029,2002,1966,255,255,255,5,255,9,5,5,5,5,10,5,255,10,5,5,5,255,5,5,10,10,5,5,9,4,5,5,5,5,5,10,9,5,5,5,255,255,10,5,5,10,5,255,5,255,10,10,5,9,5,5,5,5,5,5,5,255,5,5,5,10,10,255
1780853142.117543,342,36823017,2007,2083,2036,2035,1488,1102,921,758,705,2059,2075,2050,2049,1346,1092,888,790,1047,2124,2099,2134,2100,1373,1067,982,1981,2093,2082,2097,2126,2194,1161,1130,2015,2101,2079,2096,2112,2089,1858,1097,2038,2088,2085,2063,2135,1980,2013,1091,2054,2114,2155,2163,2092,1974,1979,1084,2082,2102,2119,2131,2029,2002,1966,255,10,255,5,10,5,5,5,255,5,5,5,10,5,5,5,5,255,255,5,5,255,5,5,9,4,5,5,5,5,255,255,5,255,5,5,10,10,5,255,5,5,5,10,5,255,5,5,5,5,5,5,5,5,255,5,5,255,5,5,5,255,255,255
1780853142.217533,343,36923017,2113,2044,2036,2045,1490,1177,925,758,742,2058,2081,2068,2049,1340,1101,887,774,1115,2091,2134,2108,2100,1268,1061,1014,2002,2079,2091,2090,2184,2064,1118,1067,2006,2073,2093,2138,2112,2076,1858,1130,2038,2087,2085,2153,2091,2015,2013,1129,2056,2114,2164,2102,2071,1984,1973,1092,2082,2111,2096,2064,2029,2002,1966,10,5,255,5,5,5,5,5,5,5,5,5,255,5,5,5,5,10,10,5,5,255,9,5,9,5,5,5,5,5,10,10,5,10,5,5,5,255,5,255,5,255,5,5,5,10,5,255,5,5,255,5,5,5,10,5,5,255,5,5,5,255,255,255
1780853142.317550,344,37023018,2002,2102,2036,2066,1490,1132,922,747,682,2058,2031,2091,2049,1348,1104,890,768,988,2109,2111,2087,2100,1340,1035,1062,2002,2091,2086,2100,2123,2115,1118,1139,2006,2097,2073,2120,2112,2117,1858,1134,2038,2084,2085,2153,2091,2015,1967,1116,2102,2062,2117,2107,2096,1987,1992,1119,2082,2126,2117,2075,2029,2002,1966,5,5,255,5,255,5,5,5,255,255,5,5,255,5,5,5,5,5,5,5,5,255,5,5,5,255,5,5,5,5,5,255,5,255,5,5,5,255,5,255,5,255,5,255,255,255,255,10,5,5,10,5,5,5,5,5,5,255,5,5,5,255,255,255
1780853142.416417,345,37123017,2042,2051,2071,2028,1477,1151,934,756,710,2058,2121,2085,2049,1348,1121,907,780,988,2095,2083,2096,2079,1309,1057,993,2002,2070,2095,2085,2100,2131,1109,1126,2052,2043,2084,2109,2219,2143,1858,1157,2038,2113,2076,2094,2126,2090,1967,1079,2102,2062,2118,2147,2113,1959,1982,1098,2082,2092,2108,2102,2029,2002,1966,5,5,10,5,10,5,5,5,255,255,5,5,255,255,5,5,5,255,5,5,5,10,9,5,5,255,5,5,5,5,5,10,5,10,5,5,5,10,5,255,5,255,5,10,10,10,10,255,5,255,255,5,5,5,5,5,5,255,5,5,5,255,255,255
1780853142.517313,346,37223016,2082,2085,2044,2057,1477,1167,932,755,691,2073,2071,2080,2172,1348,1104,887,774,2046,2089,2093,2096,1997,1298,1050,990,2144,2078,2089,2096,2094,2129,1112,1158,2005,2043,2103,2120,2114,2140,1816,1136,2038,2108,2112,2093,2127,2039,1967,1094,2107,2130,2139,2128,2092,1927,1983,1080,2082,2137,2097,2121,1983,2002,1966,5,5,5,5,255,5,5,5,5,10,5,5,10,255,5,5,5,10,5,5,255,5,5,5,5,10,5,5,5,5,5,5,5,5,255,5,5,5,5,10,5,255,5,5,5,5,5,255,5,10,10,5,5,5,5,5,5,255,5,5,5,10,255,255
1780853142.617903,347,37323017,2082,2101,2082,2035,1477,1130,919,752,715,2054,2071,2070,2172,1518,1110,897,781,2046,2063,2069,2078,2091,1349,1072,959,2144,2091,2077,2101,2099,2129,1123,1120,2005,2071,2096,2071,2114,2124,1745,1168,2092,2088,2138,2095,2102,2039,1909,1125,2110,2081,2110,2171,2127,1977,1960,1092,2082,2132,2127,2119,1986,2002,1966,255,5,5,5,255,5,5,5,5,5,255,5,255,10,5,5,5,255,5,5,10,5,5,5,5,255,5,5,5,5,255,5,5,255,10,5,5,255,5,5,5,10,5,5,5,5,255,10,5,5,5,5,5,5,5,5,9,255,5,5,5,5,255,255
1780853142.718658,348,37423018,2082,2101,2082,2021,1477,1121,915,744,694,2054,2060,2066,2172,1518,1101,898,767,2046,2127,2105,2144,2012,1332,1062,1052,1055,2099,2088,2096,2115,2129,1177,1136,2005,2161,2097,2137,2114,2129,1745,1085,2092,2100,2149,2086,2102,2132,1909,1077,2007,2136,2124,2123,2130,1954,1936,1093,2082,2135,2138,2076,1986,2002,1966,255,255,255,5,255,9,5,5,5,255,10,5,255,255,5,5,5,255,5,5,5,5,5,5,9,10,5,5,5,5,255,9,5,255,5,5,5,255,5,255,5,255,5,5,5,255,10,255,5,5,5,5,5,5,5,5,5,255,5,5,5,255,255,255
1780853142.817532,349,37523017,2082,2060,2090,2054,1477,1117,940,733,666,2031,2060,2077,2038,1518,1110,882,782,1142,2074,2066,2110,2084,1349,1058,1089,1055,2090,2091,2089,2121,2087,1107,1134,2081,2137,2113,2114,2114,2106,1832,1151,2092,2120,2149,2161,2158,2113,1909,1128,2014,2136,2095,2143,2069,1959,2004,1087,2082,2130,2118,2107,1986,2002,1966,255,10,10,5,255,5,5,5,5,10,255,5,10,255,5,5,5,10,5,5,5,5,5,5,5,255,5,5,5,5,10,5,5,10,5,5,5,255,5,10,5,255,5,255,5,10,5,255,5,5,255,5,5,5,5,5,5,255,5,5,5,255,255,255
1780853142.918079,350,37623017,2082,2030,2060,2045,1398,1126,927,769,721,2031,2052,2091,2049,1518,1119,889,750,1142,2052,2102,2110,2103,1414,1019,963,1055,2073,2101,2083,2099,2087,1107,1166,2054,2120,2099,2108,2155,2151,1832,1112,2092,2158,2149,2090,2158,2113,1909,1117,2014,2091,2176,2158,2142,2001,2025,1088,2082,2108,2094,2136,2017,2002,1966,255,5,5,5,10,5,5,5,5,255,10,5,5,255,5,5,5,255,5,5,255,5,5,5,9,255,5,5,5,5,255,255,9,5,5,5,5,10,5,255,9,255,5,255,5,255,255,255,5,255,10,5,5,5,5,5,9,255,5,5,5,10,255,255
1780853143.017589,351,37723017,2107,2112,2071,2054,1398,1146,931,754,751,2031,2052,2080,2049,1518,1099,888,758,1142,2059,2077,2063,2060,1414,1072,986,2058,2059,2087,2114,2108,2087,1107,1142,2054,2077,2114,2096,2087,2138,1832,1084,2092,2106,2149,2099,2135,2113,1909,1095,2027,2119,2119,2097,2142,2035,1950,1073,2082,2076,2157,2082,2017,1959,1966,10,5,5,5,255,5,5,5,5,255,255,5,255,255,5,5,5,255,5,5,10,5,5,5,9,10,5,5,5,5,255,255,5,255,5,5,5,5,5,255,5,255,5,255,5,10,255,255,9,10,5,5,5,255,5,5,5,255,5,5,5,255,10,255
1780853143.117596,352,37823017,2107,2032,2095,2092,1486,1162,922,763,716,2057,2039,2080,2081,1412,1098,900,767,1172,2027,2110,2107,2060,1414,1054,980,2058,2085,2092,2090,2104,2096,1105,1138,2054,2077,2121,2118,2087,2123,1866,1154,2002,2119,2090,2114,2135,2113,1842,1078,2058,2107,2082,2116,2133,1990,2014,1062,2082,2091,2111,2141,2017,1959,1966,255,5,5,5,10,5,5,5,5,10,10,255,10,10,5,5,5,10,5,5,5,255,255,5,9,255,5,5,5,5,10,10,9,255,255,5,5,255,5,10,5,10,5,10,5,255,255,10,5,5,5,5,5,10,5,5,5,255,5,5,5,255,255,255
1780853143.217542,353,37923017,2107,2075,2057,2011,1486,1147,948,762,750,2051,2039,2070,2080,1410,1100,887,775,1172,2101,2105,2045,2024,1295,1072,1100,2058,2096,2103,2126,2123,2096,1115,1130,2036,2067,2090,2143,2149,2125,1866,1137,2096,2127,2111,2114,2095,2074,1842,1074,1987,2054,2090,2145,2059,1995,2005,1089,2082,2138,2142,2135,1962,1959,1966,255,5,5,5,255,5,5,5,5,5,255,10,5,5,5,5,5,255,5,5,5,10,10,5,5,255,5,5,5,5,255,5,5,10,10,5,5,10,5,255,5,5,5,5,255,10,10,255,5,5,5,5,5,5,5,5,5,255,5,5,5,10,255,255
1780853143.317569,354,38023017,2107,2075,2077,2057,1486,1141,928,752,707,2060,2054,2096,2080,1410,1100,877,778,2079,2087,2102,2078,2111,1376,1072,1073,1187,2099,2064,2091,2116,2086,1115,1123,2013,2097,2098,2097,2137,2120,1866,1158,2096,2083,2111,2114,2102,2020,1842,1110,2001,2108,2096,2140,2100,1995,1988,1054,2082,2074,2146,2083,1962,1959,1966,255,255,5,5,255,5,5,5,255,5,10,5,255,255,5,5,5,10,5,5,5,5,5,5,5,10,5,5,5,5,10,255,5,5,5,5,5,5,5,255,5,255,5,255,255,5,5,255,5,5,5,5,5,5,255,5,5,255,5,5,5,255,255,255
1780853143.416165,355,38123017,2107,2009,2079,2096,1486,1144,919,756,724,2031,2054,2109,2016,1293,1099,879,779,2079,2072,2102,2071,2049,1254,1061,983,2056,2093,2103,2132,2140,2057,1112,1099,2112,2075,2089,2137,2137,2120,1866,1145,2096,2133,2088,2137,2141,2069,1842,1084,2001,2114,2113,2117,2109,1984,2008,1077,2082,2108,2060,2167,1962,1959,1966,255,10,5,5,255,5,5,5,255,5,255,5,10,10,5,5,5,255,5,255,5,5,5,5,5,5,5,5,5,5,5,10,5,5,5,5,5,255,255,255,5,255,5,10,10,5,5,255,5,255,5,5,5,5,10,5,5,255,5,5,5,255,255,255
1780853143.517555,356,38223017,2107,2070,2059,2095,1486,1137,920,773,723,2031,2054,2107,2120,1415,1091,889,793,2079,2075,2107,2098,2049,1193,1053,1009,2056,2093,2108,2124,2098,2111,1120,1144,1993,2078,2074,2136,2137,2159,1866,1153,2096,2107,2088,2130,2135,2069,1842,1113,2053,2123,2127,2099,2042,1978,2027,1067,2082,2170,2161,2100,1962,1959,1966,255,5,5,5,255,5,5,5,5,255,255,5,5,5,5,5,5,255,5,10,5,255,9,5,5,255,5,5,5,5,5,5,9,5,5,5,5,255,10,255,5,255,5,255,5,5,255,255,5,10,5,5,5,5,5,5,9,255,5,5,5,255,255,255
1780853143.617913,357,38323017,2107,2018,2008,2076,1486,1153,933,754,712,2104,2054,2061,2120,1415,1103,890,768,2079,2069,2085,2100,2038,1360,1048,1069,2056,2069,2097,2101,2064,2111,1132,1154,2161,2078,2087,2099,2117,2040,1866,1107,2096,2088,2087,2130,2118,2069,1901,1113,2093,2050,2128,2148,2064,1947,1967,1080,2082,2100,2139,2100,1974,2002,1966,255,5,5,5,255,5,5,5,5,10,255,5,255,255,5,5,5,255,5,5,5,10,5,5,5,255,5,5,5,5,255,5,5,5,255,5,5,10,5,255,5,255,5,10,255,5,255,3,5,5,5,5,5,5,5,5,5,255,5,5,5,10,10,255
1780853143.717668,358,38423017,2107,2018,2115,2076,1638,1192,940,764,739,2105,2054,2133,2120,1415,1110,901,789,1147,2069,2048,2100,2076,1275,1046,1011,2056,2061,2102,2114,2108,2111,1164,1206,2161,2070,2097,2127,2160,2114,1866,1108,2096,2122,2093,2139,2146,2075,1901,1079,2051,2126,2130,2155,2154,1981,1967,1048,1942,2129,2104,2126,1983,2002,1966,255,255,5,255,10,5,5,5,5,5,255,5,255,255,5,5,5,10,255,5,255,5,9,5,5,255,5,5,5,5,255,4,5,255,10,5,5,5,5,255,5,255,5,5,10,5,10,255,5,5,5,5,5,5,5,255,5,10,5,5,5,5,255,255
1780853143.817334,359,38523016,2092,2075,2016,2032,1638,1155,923,756,676,2059,2052,2064,2120,1389,1093,887,785,1025,2048,2125,2116,2114,1327,1071,1181,2056,2064,2073,2090,2109,2053,1156,1104,2101,2069,2112,2077,2095,2105,1740,1165,2096,2093,2161,2139,2084,2056,1901,1092,2037,2106,2114,2155,2049,2002,1995,1067,2088,2114,2124,2121,1990,2002,1966,10,10,5,10,255,5,5,5,5,5,10,5,255,10,5,5,5,5,10,5,10,5,5,5,5,255,5,5,5,5,10,4,5,10,5,5,5,5,5,10,5,255,5,5,255,5,5,255,5,5,5,5,255,5,5,10,5,5,5,5,5,5,255,255
1780853143.917500,360,38623017,2092,2012,2062,2089,2018,1140,920,766,724,2008,2083,2078,2120,1496,1125,890,767,1061,2124,2098,2064,2114,1280,1040,1104,2056,2078,2094,2122,2115,2053,1128,1160,2091,2133,2085,2078,2095,2095,1875,1104,2096,2120,2098,2095,2158,2056,1963,1085,2037,2059,2116,2117,2097,1995,1995,1122,2088,2098,2101,2040,1995,2002,1966,255,5,5,5,10,5,5,5,5,5,5,5,255,5,5,5,5,5,5,5,5,255,9,5,5,255,5,5,5,5,255,5,5,5,5,5,5,255,5,5,5,255,5,5,10,5,255,10,5,255,5,5,10,5,5,255,5,255,5,5,5,5,255,255
1780853144.017616,361,38723017,2092,2114,1973,2039,1453,1138,938,763,727,2051,2025,2061,2120,1496,1106,883,782,2193,2094,2050,2075,2114,1301,1055,906,2034,2097,2079,2082,2154,2053,1156,1139,2251,2047,2104,2094,2095,2113,1787,1145,2096,2091,2098,2146,2121,2056,1963,1123,2075,2107,2079,2106,2073,1998,1995,1064,2088,2110,2122,2072,2005,2002,1966,255,5,5,5,4,5,5,5,5,5,5,5,255,255,5,5,5,4,5,5,5,255,5,5,5,10,5,5,5,5,255,4,5,5,5,5,5,255,5,5,5,255,5,255,5,5,255,255,5,10,5,5,5,5,5,255,5,255,5,5,5,5,255,255
1780853144.117703,362,38823018,2076,2029,1973,2075,1453,1131,916,754,751,1981,2025,2061,2120,1386,1100,886,767,1102,2099,2109,2114,2069,1342,1047,1076,2203,2089,2087,2074,2115,2079,1099,1154,2074,2047,2117,2092,2095,2093,1787,1139,2096,2078,2118,2128,2092,2056,1802,1073,2053,2107,2171,2106,2073,1998,2011,1097,2088,2081,2124,2104,2005,2002,1966,10,5,255,5,255,5,5,5,255,5,255,255,255,10,5,5,5,5,5,5,5,10,5,5,5,5,5,5,5,5,10,4,9,5,255,5,5,255,5,255,5,255,5,10,5,5,255,10,9,5,255,5,255,255,255,10,5,255,5,5,5,255,255,255
1780853144.218101,363,38923017,2047,2101,2087,2048,1442,1137,902,759,708,2032,2025,2078,2120,2270,1087,889,777,1076,2070,2089,2121,2094,1263,1035,1059,2203,2076,2103,2076,2091,2127,1111,1154,1994,2047,2078,2117,2111,2180,1787,1116,2096,2127,2094,2109,2109,2061,1802,1104,2053,2128,2075,2098,2065,2000,1968,1111,2088,2129,2108,2074,2005,2002,1966,5,5,10,5,10,5,5,5,255,5,255,10,255,4,5,5,5,9,5,5,5,5,5,5,5,255,5,5,5,5,5,5,5,5,255,5,5,10,5,255,5,255,5,5,5,5,10,255,5,255,10,5,10,10,10,5,9,255,5,5,5,10,255,255
1780853144.327561,364,39033018,2047,2101,2087,2043,1442,1132,923,761,731,2062,2093,2063,2065,2270,1114,890,761,1076,2056,2097,2104,2094,1301,1064,999,2203,2092,2086,2095,2121,2127,1190,1166,1994,2047,2113,2145,2155,2120,1787,1139,2096,2081,2088,2109,2143,2021,1802,1109,2053,2092,2077,2114,2099,2002,1968,1112,2088,2120,2133,2135,2005,2002,1966,255,255,255,5,255,5,5,5,5,5,10,5,10,255,5,5,5,255,5,5,5,255,5,5,9,255,5,5,5,5,255,5,5,255,255,5,5,5,5,255,5,255,5,5,255,5,5,255,5,255,5,5,5,5,5,5,5,255,5,5,5,255,255,255
1780853144.426204,365,39133017,2042,2150,2048,2036,1524,1123,930,774,727,2042,2068,2080,2065,1411,1106,884,784,1113,2077,2107,2100,2071,1239,1057,1188,2203,2081,2099,2089,2133,2127,1144,1118,2014,2078,2092,2144,2155,2092,1787,1131,2096,2126,2064,2125,2165,2025,1898,1068,1998,2116,2133,2183,2099,1952,1984,1083,2088,2110,2153,2106,2047,1957,1966,10,10,10,5,10,5,5,5,255,5,5,5,255,10,5,5,5,10,5,5,5,10,5,5,4,255,5,5,5,5,255,5,5,10,10,5,5,255,5,255,5,255,5,5,10,5,5,10,5,10,5,5,5,255,5,5,5,255,5,5,5,10,10,255
1780853144.527414,366,39233017,2021,2083,2048,2036,1524,1131,932,765,688,2042,2068,2062,2038,1411,1130,884,761,1097,2069,2095,2119,2037,1356,1044,1219,2203,2064,2067,2121,2102,2127,1122,1112,2069,2102,2099,2103,2087,2069,1787,1173,2096,2106,2064,2099,2165,2025,1887,1141,2045,2080,2127,2130,2114,1952,1969,1109,2007,2155,2108,2148,1965,1957,1966,5,5,255,255,255,5,5,5,5,255,255,5,10,255,5,5,5,5,5,5,5,5,5,5,5,255,5,5,5,5,255,5,5,5,5,5,5,10,5,255,5,255,5,255,5,255,255,5,5,5,5,5,5,10,255,5,5,10,5,5,5,5,255,255
1780853144.627384,367,39333017,2068,2067,2048,2038,1424,1109,911,754,707,2064,2068,2127,2038,1317,1112,881,762,1097,2078,2060,2069,2065,1357,1076,997,2056,2067,2083,2095,2136,2123,1095,1164,2027,2102,2084,2156,2087,2139,1787,1083,2096,2131,2097,2112,2159,2025,1887,1093,1403,2092,2136,2152,2104,1967,1969,1083,2007,2119,2115,2152,1965,1957,1966,5,5,255,10,10,5,5,5,5,10,255,5,255,10,5,5,5,255,5,5,5,5,5,5,5,10,5,5,5,5,10,5,5,5,255,5,5,255,5,255,5,255,5,10,5,10,255,255,5,4,5,5,5,9,10,255,5,255,5,5,5,255,255,255
1780853144.727340,368,39433017,2074,2131,1991,2038,1424,1142,910,765,718,2045,2056,2089,2038,1317,1100,871,770,1095,2078,2088,2116,2065,1309,1053,1019,2067,2100,2103,2103,2147,2132,1121,1163,2074,2110,2097,2143,2101,2193,1787,1114,2096,2110,2087,2112,2159,2025,1887,1097,1403,2138,2089,2147,2067,1942,1944,1077,2007,2140,2089,2152,1965,1957,1966,5,5,10,255,255,5,5,5,5,5,10,5,255,255,5,5,5,10,255,5,5,255,5,5,5,5,5,5,5,5,5,5,5,5,10,5,5,10,9,255,5,255,5,5,255,255,255,255,5,255,5,5,5,5,5,10,5,255,5,5,255,255,255,255
1780853144.827415,369,39533017,2074,2131,1991,2084,1424,1141,924,765,730,2091,2056,2089,2038,1400,1133,886,765,1049,2141,2068,2087,2131,1352,1068,1046,2067,2080,2091,2065,2119,2115,1121,1141,2074,2117,2108,2153,2101,2140,1859,1170,2096,2088,2147,2121,2091,2025,1923,1157,1944,2099,2111,2151,2107,1964,1944,1062,2007,2113,2090,2068,1965,1957,1966,255,255,255,10,255,5,5,5,5,5,255,5,255,10,5,5,5,9,10,5,5,10,5,5,5,255,5,5,5,5,5,255,5,255,5,5,5,255,5,10,9,255,5,5,10,10,255,10,5,10,5,5,5,5,5,255,5,255,5,5,10,255,255,255
1780853144.927420,370,39633017,2074,2131,2074,1977,1609,1128,931,758,672,2040,2056,2099,2038,1400,1126,870,774,1033,2127,2094,2115,2131,1333,1048,981,2114,2116,2125,2078,2119,2067,1132,1087,2074,2160,2091,2109,2109,2109,1808,1166,2096,2078,2170,2121,2091,2025,1923,1127,2075,2099,2104,2145,2097,1964,1963,1077,2007,2156,2117,2105,1990,1957,1966,255,255,10,5,10,5,5,5,5,5,255,5,255,255,5,5,5,5,5,5,5,255,5,5,5,10,5,5,5,255,5,10,5,255,5,5,5,10,5,9,5,255,5,5,255,255,255,255,5,5,255,5,5,5,255,10,5,255,5,5,5,10,255,255
1780853145.027416,371,39733017,2040,2076,2049,2055,1513,1125,928,747,709,2088,2056,2108,2038,1405,1089,881,781,1033,2064,2079,2117,2120,1430,1068,1049,2017,2075,2098,2120,2091,2172,1132,1166,2056,2068,2108,2097,2109,2087,1808,1147,2096,2119,2117,2129,2114,2047,1923,1083,2008,2103,2127,2145,2097,1964,1963,1095,2007,2095,2143,2114,1982,1957,1966,10,10,5,5,5,5,5,5,5,5,255,5,255,10,5,5,5,255,5,5,5,10,5,5,5,5,5,5,5,10,4,255,5,10,5,5,5,255,5,255,5,255,5,5,10,10,10,255,5,9,10,5,5,255,10,255,9,255,5,5,5,5,255,255
1780853145.130167,372,39833017,2040,2052,2049,2045,1513,1100,920,752,776,2070,2021,2068,2048,1553,1100,877,773,1990,2044,2079,2112,2073,1311,1044,954,2017,2070,2086,2121,2104,2172,1726,1119,2019,2146,2099,2080,2079,2087,1808,1103,2096,2102,2134,2150,2161,2173,1923,1139,2008,2103,2178,2133,2131,1998,2048,1069,2007,2141,2154,2095,2014,1957,1966,255,5,255,5,255,5,5,5,255,5,10,5,10,5,5,5,5,10,5,5,5,5,5,5,9,255,5,5,5,5,255,10,5,5,5,5,5,10,255,255,5,255,5,5,5,5,5,255,5,255,255,5,5,10,5,10,5,255,5,5,5,5,255,255
1780853145.227217,373,39933017,2040,2108,2039,2060,2254,1170,930,766,700,2158,2066,2064,2048,1376,1127,864,787,1018,2088,2077,2112,2073,1342,1069,888,2053,2090,2082,2137,2128,2172,1146,1098,2045,2076,2101,2106,2148,2105,1808,1178,2039,2100,2134,2090,2134,2173,1923,1090,1971,2135,2113,2125,2039,1975,2048,1080,2007,2120,2102,2096,2014,1957,1966,255,5,10,5,10,5,5,5,255,5,5,5,255,5,5,5,5,5,5,5,255,255,5,5,5,10,5,5,5,5,255,4,9,5,5,5,5,5,10,255,9,10,5,255,5,5,255,255,5,10,10,5,5,5,5,255,5,255,5,5,5,255,255,255
1780853145.327346,374,40033017,2074,2048,2045,2060,2254,1168,920,758,705,2064,2066,2062,2048,1356,1099,897,780,1139,2108,2122,2099,2073,1190,1029,1108,2053,2073,2096,2109,2124,2172,1146,1122,2097,2076,2102,2106,2148,2095,1808,1179,2039,2071,2124,2173,2115,2005,1985,1146,2005,2079,2068,2138,2097,1990,2048,1074,1533,2107,2092,2108,2014,1957,1966,10,5,5,255,255,5,5,5,5,5,255,5,255,5,5,5,5,5,5,5,10,255,9,5,5,255,5,5,5,5,255,255,9,5,255,5,5,255,5,255,5,255,5,10,5,5,10,10,5,5,5,5,5,5,5,255,5,10,5,5,5,255,255,255
1780853145.426193,375,40133017,2050,2063,2045,2060,1514,1121,908,753,698,2095,2066,2062,2073,1356,1110,880,790,1139,2108,2088,2110,2104,1354,1077,1124,1888,2088,2080,2116,2130,1974,1137,1129,1991,2111,2093,2128,2148,2152,1808,1140,2039,2100,2098,2119,2115,2072,1985,1106,1558,2111,2136,2111,2061,1976,2048,1113,1533,2135,2155,2135,1999,1957,1966,5,5,255,255,10,5,5,5,5,5,255,255,10,255,5,5,5,255,255,5,5,10,9,5,5,10,5,5,5,5,10,10,5,5,10,5,5,255,5,255,5,255,5,5,5,255,5,255,9,4,5,5,5,5,5,255,5,255,5,5,5,10,255,255
1780853145.527312,376,40233017,2092,2035,2045,2044,1694,1141,927,767,725,2085,2182,2060,2073,1358,1120,894,777,1139,2062,2109,2122,2104,1330,1051,942,1888,2056,2096,2116,2061,1916,1110,1127,2056,2064,2101,2135,2148,2117,1891,1125,2039,2086,2098,2102,2129,2170,1976,1171,1989,2101,2139,2103,2123,1992,2005,1100,1533,2099,2124,2105,1979,1957,1966,5,5,255,10,5,5,5,5,255,5,10,10,255,10,5,5,5,255,10,5,5,255,5,5,9,255,5,5,5,5,5,5,5,5,5,5,5,255,5,10,5,255,5,255,5,10,5,10,5,5,5,5,5,5,5,10,5,255,5,5,5,5,255,255
1780853145.627229,377,40333017,2057,2062,2068,2023,1435,1159,925,754,722,2083,2182,2129,2073,1420,1142,892,773,1139,2062,2093,2110,2058,1280,1056,1062,1888,2082,2108,2096,2083,2047,1109,1145,2107,2073,2097,2178,2148,2178,1933,1093,2039,2097,2091,2102,2128,2170,1927,1143,2046,2103,2133,2112,2123,1992,2005,1095,1533,2108,2114,2132,1995,1957,1966,5,5,10,5,4,5,5,5,5,5,255,5,255,5,5,5,5,255,255,5,5,10,5,5,5,255,5,5,5,5,5,5,5,5,5,5,5,255,5,5,5,255,5,10,255,5,255,5,9,5,5,5,5,255,5,255,9,255,5,5,5,5,255,255
1780853145.727343,378,40433017,2057,2060,2043,1968,1435,1118,899,750,735,2003,2182,2129,2073,1415,1133,881,787,1104,2045,2101,2052,2017,1349,1076,1140,1888,2099,2088,2108,2105,2047,1145,1178,2107,2086,2123,2123,2062,2133,1816,1101,2023,2123,2109,2119,2128,2170,1955,1113,2046,2106,2116,2126,2161,2025,2005,1130,1533,2125,2135,2116,1953,1957,1966,255,5,5,5,255,5,5,5,5,5,255,255,255,5,5,5,5,10,10,5,5,5,5,5,5,255,5,5,5,5,255,5,5,255,5,5,5,10,5,9,5,10,5,5,10,255,255,5,5,255,5,5,5,10,5,255,5,255,5,5,5,5,255,255
1780853145.827252,379,40533017,2057,2052,2043,2067,1663,1167,912,749,727,2032,2109,2097,2073,1332,1096,876,776,1100,2046,2111,2136,2052,1300,1052,1085,1965,2087,2082,2110,2115,2068,1174,1112,2107,2121,2127,2110,2062,2114,1816,1115,2058,2080,2148,2130,2128,2074,1917,1086,2070,2126,2155,2112,2116,1939,1999,1110,1533,2101,2133,2124,2008,1957,1966,255,5,255,5,10,5,5,5,5,5,10,10,255,5,5,5,5,9,5,5,5,5,5,5,5,10,5,5,5,5,10,5,4,255,5,5,5,255,5,255,5,5,5,5,5,255,10,5,5,10,5,5,5,5,5,10,5,255,5,5,5,5,255,255
1780853145.927389,380,40633017,2057,2052,2010,2038,1663,1165,921,750,712,2032,2097,2112,2073,1332,1086,878,770,1052,2054,2066,2084,2084,1374,1029,1104,2058,2084,2077,2107,2096,2068,1179,1097,2059,2091,2110,2117,2120,2114,1816,1116,2039,2096,2148,2142,2159,2126,1917,1118,2018,2132,2122,2149,2136,1970,1958,1107,1533,2141,2151,2070,2008,1957,1966,255,255,10,5,255,5,5,5,5,255,5,5,255,255,5,5,5,5,5,5,5,5,5,5,5,5,5,5,5,5,255,5,5,10,5,5,5,10,5,255,5,5,5,255,5,10,5,255,9,5,5,5,5,5,5,5,5,255,5,5,5,255,255,255
1780853146.027324,381,40733017,2090,2052,2044,2038,1663,1156,931,755,723,2065,2081,2119,2073,1372,1105,883,763,1052,2064,2083,2083,2084,1377,1048,1250,1223,2084,2100,2126,2084,2058,1188,1070,2035,2079,2105,2113,2162,2092,1816,1139,2039,2122,2063,2118,2097,2126,1950,1103,2039,2107,2088,2149,2119,1997,1973,1079,1533,2114,2095,2123,2008,1983,1966,10,255,5,255,255,5,5,5,5,10,5,5,255,10,5,5,5,255,5,5,5,255,5,5,5,4,5,5,5,5,10,9,5,5,5,5,5,5,5,255,5,255,5,10,5,5,255,10,5,5,5,5,255,5,5,5,5,255,5,5,5,255,10,255
1780853146.127406,382,40833017,2106,2080,2044,2038,1663,1152,919,748,723,2013,2076,2041,2073,1375,1085,892,763,1219,2064,2083,2110,1899,1346,1081,924,1223,2085,2099,2103,2124,2137,1069,1152,2054,2119,2120,2121,2103,2079,1816,1142,2039,2057,2063,2117,2097,2126,1950,1138,2047,2095,2115,2137,2080,1962,1973,1108,1533,2105,2112,2034,2011,1983,1966,5,10,255,255,255,5,5,5,255,5,5,5,255,5,5,5,5,10,255,5,5,10,5,5,9,255,5,5,5,5,5,3,5,5,5,5,5,5,5,255,5,255,5,255,5,5,255,255,5,9,5,5,10,5,5,255,5,255,5,5,5,10,255,255
1780853146.227538,383,40933017,2093,2068,2044,2032,1663,1138,930,748,683,2060,2050,2108,2073,1375,1088,893,762,1219,2107,2114,2092,1899,1310,1064,1104,1223,2084,2097,2093,2135,2137,1131,1128,2017,2103,2103,2144,2103,2123,1889,1155,2039,2141,2063,2135,2118,2126,1950,1109,2063,2088,2130,2091,2089,2006,1973,1073,1533,2112,2134,2081,2011,1983,1966,5,5,255,10,255,5,5,5,10,5,5,5,255,255,5,5,5,255,10,5,5,255,5,5,5,255,5,5,5,5,255,5,5,5,5,5,5,255,5,10,5,255,5,255,5,5,255,255,9,3,5,5,5,5,5,255,5,255,5,5,5,255,255,255
1780853146.327507,384,41033017,2093,2088,2087,2032,1472,1122,923,764,724,2088,2050,2140,2078,1375,1110,883,760,1219,2087,2081,2092,2085,1289,1078,1069,1223,2108,2077,2135,2135,2129,1092,1159,2084,2115,2070,2121,2145,2140,1889,1134,2039,2081,2063,2135,2139,2126,1950,1080,1737,2151,2163,2109,2104,2006,1973,1082,1965,2114,2111,2070,2028,1983,1966,255,5,10,255,10,5,5,5,5,5,255,5,10,255,5,5,5,255,5,5,5,10,5,5,5,255,5,5,5,255,10,5,5,5,5,5,5,10,5,255,5,255,5,255,5,5,255,255,9,4,5,5,5,5,255,255,5,10,5,5,5,10,255,255
1780853146.426143,385,41133017,2093,2088,2104,2060,1333,1149,920,753,723,2073,2135,2099,2078,1316,1094,886,770,1227,2082,2089,2107,2091,1293,1068,936,1314,2080,2094,2098,2136,2106,1094,1059,2084,2100,2109,2124,2145,2123,1954,1170,2045,2095,2117,2130,2139,2017,1934,1109,2078,2099,2135,2090,2090,1955,1973,1069,1965,2110,2143,2178,2016,1983,1966,255,255,5,10,5,5,5,5,5,5,10,5,255,10,5,5,5,10,5,5,5,5,5,5,5,10,5,5,5,10,5,5,5,255,5,5,5,255,5,10,5,10,5,10,5,255,10,10,5,5,5,5,5,5,10,255,5,255,5,5,5,5,255,255
1780853146.527305,386,41233017,2093,2089,1990,2067,1426,1116,942,752,729,2054,2085,2101,2078,1379,1100,909,778,1227,2067,2117,2117,2091,1367,1032,942,1314,2069,2092,2097,2128,2106,1117,1065,2085,2137,2084,2127,2173,2094,1816,1148,2045,2099,2134,2130,2199,2084,1934,1101,1987,2167,2100,2098,2168,1994,1959,1111,1965,2130,2142,2178,2025,2024,1966,255,10,5,5,5,5,5,5,5,5,5,5,255,5,5,5,5,255,5,5,5,255,5,5,5,255,5,5,5,5,255,5,5,10,5,5,5,10,5,5,5,255,5,5,255,10,5,255,5,3,5,5,5,5,5,10,5,255,5,5,255,5,10,255
1780853146.627306,387,41333017,2093,2089,1990,2064,1500,1138,916,758,717,2062,2105,2066,2078,1379,1084,881,776,1227,2090,2118,2081,2072,1255,1066,1070,2056,2083,2086,2142,2107,2069,1117,1133,2085,2064,2090,2100,2115,2125,1793,1118,2123,2090,2136,2095,2097,2064,1934,1125,2038,2055,2121,2111,2078,1994,1959,1124,1965,2100,2089,2102,2019,2024,1966,255,255,255,5,5,5,5,5,255,5,5,5,255,255,5,5,5,255,5,5,5,10,5,5,5,10,5,5,5,5,10,255,5,255,5,5,5,5,5,5,5,10,5,5,10,5,5,255,5,5,5,5,5,5,255,255,5,255,5,5,10,5,255,255
1780853146.727358,388,41433017,2093,2089,2054,2059,1511,1110,924,739,719,2037,2105,2061,2078,1379,1131,880,777,1227,2115,2097,2095,1983,1369,1026,914,1937,2066,2097,2065,2136,2165,1162,1169,2085,2064,2099,2100,2115,2119,1793,1095,2123,2126,2136,2095,2095,2064,1934,1096,1954,2079,2129,2123,2132,1972,1995,1086,1965,2089,2138,2140,1994,2062,1966,255,255,10,5,5,5,5,5,5,5,255,5,255,255,5,5,5,255,5,5,5,5,5,5,5,5,5,5,5,5,5,10,5,255,255,5,255,255,5,255,5,255,5,255,255,5,255,255,5,5,5,5,5,5,10,10,5,255,5,5,5,5,10,255
1780853146.827424,389,41533017,2116,2071,2054,2059,1502,1147,937,759,697,2037,2030,2079,2032,1270,1104,888,763,1227,2057,2126,2095,1983,1418,1058,840,1937,2093,2102,2093,2119,2096,1163,1149,2085,2025,2110,2139,2099,2140,1793,1135,2123,2114,2109,2193,2129,2031,1934,1125,2022,2132,2100,2155,2038,1890,1965,1092,1965,2146,2099,2047,1994,2062,1966,10,10,255,255,3,5,5,5,5,255,10,5,10,10,5,5,5,255,5,5,5,255,5,5,9,255,5,5,5,5,5,9,4,255,10,5,10,10,5,255,5,255,5,10,10,5,10,255,5,5,5,5,5,5,5,5,5,255,5,5,5,255,255,255
1780853146.927228,390,41633017,1972,2082,2089,2085,1688,1117,914,759,677,2057,2075,2054,2048,1413,1090,892,775,1145,2085,2135,2034,2088,1358,1078,1056,2058,2067,2087,2134,2132,2096,1163,1174,2085,2108,2109,2152,2099,2119,1793,1118,2123,2115,2109,2113,2095,2087,1934,1094,2098,2132,2070,2135,2103,1984,1965,1087,1965,2150,2120,2122,1960,2062,1966,5,5,10,10,5,5,5,5,5,10,5,5,5,5,5,5,5,10,5,5,5,10,5,5,5,10,5,5,5,5,5,255,5,255,5,5,5,255,5,255,5,255,5,255,5,5,5,255,5,5,255,5,5,5,5,255,5,255,5,5,5,10,255,255
1780853147.037369,391,41743017,1972,2075,2089,2062,1399,1127,927,755,2027,2073,2134,2118,2041,1413,1106,881,795,1145,2006,2084,2115,2088,1355,1047,1020,2058,2073,2099,2084,2094,2096,1119,1124,2085,2107,2115,2127,2099,2123,1793,1159,2123,2100,2109,2138,2109,2103,1934,1083,1918,2132,2178,2142,2108,2028,2027,1068,1965,2105,2152,2106,1997,2044,1966,255,5,255,5,4,5,5,5,4,5,5,5,5,255,5,5,5,255,5,5,5,255,5,5,9,255,5,5,5,3,255,10,5,255,5,5,5,255,5,255,5,255,5,255,5,5,5,255,5,5,255,5,5,5,5,10,5,255,5,5,5,5,10,255
1780853147.137354,392,41843017,2092,2075,2089,2043,1399,1139,907,775,679,2073,2009,2118,2041,1347,1102,898,770,1145,2152,2079,2110,2124,1349,1055,983,2051,2093,2093,2129,2098,2096,1117,1115,2038,2112,2142,2115,2156,2113,1793,1134,2123,2109,2112,2137,2157,2037,1934,1092,1969,2114,2100,2199,2077,1980,1989,1068,1965,2136,2127,2127,1997,2054,1966,10,255,255,5,255,5,5,5,255,255,5,255,255,10,5,5,5,255,5,5,5,10,9,5,5,10,5,5,5,5,255,5,5,10,5,5,5,10,5,255,5,255,5,10,5,5,5,255,5,5,10,5,5,5,5,5,5,255,5,5,5,255,5,255
1780853147.237386,393,41943017,2092,2079,2039,2036,1399,1130,922,759,732,2044,2093,2081,2041,1475,1107,885,778,1038,2062,2074,2131,2124,1363,1076,1020,2051,2089,2101,2082,2111,2150,1122,1180,2033,2105,2090,2153,2053,2130,2011,1143,2123,2104,2112,2107,2096,2037,1934,1097,2010,2091,2121,2170,2097,1978,2039,1132,1965,2127,2110,2205,1991,2054,1966,255,10,10,5,255,5,5,5,255,10,5,10,255,5,5,5,5,255,5,5,5,255,9,5,9,255,5,5,5,5,10,5,5,5,5,5,5,5,5,10,5,255,5,255,5,5,255,255,5,5,5,5,5,5,5,5,5,255,5,5,5,10,255,255
1780853147.337340,394,42043017,2092,2079,2039,2028,1399,1169,918,763,684,2062,2116,2055,2041,1475,1107,880,781,1038,2086,2075,2118,2124,1285,1058,1004,2051,2081,2074,2120,2133,2150,1104,1164,2014,2041,2120,2113,2098,2112,1739,1136,2123,2134,2130,2066,2096,2037,1865,1135,2040,2036,2121,2130,2074,1978,1981,1062,1659,2117,2116,2103,1991,2054,1966,255,255,255,5,255,5,5,5,255,5,5,5,255,255,5,5,5,255,5,5,5,255,5,5,5,255,5,5,5,5,5,5,5,5,5,5,5,5,5,4,5,255,5,10,5,255,255,3,9,5,5,5,5,5,255,5,5,10,5,5,5,255,255,255
1780853147.436214,395,42143017,2092,2025,2039,1983,1399,1161,927,755,713,2141,2116,2117,2041,1575,1107,875,781,1092,2089,2089,2112,2051,1466,1046,1047,2051,2087,2114,2098,2113,2150,1087,1152,2014,2103,2128,2094,2064,2104,1796,1140,2069,2086,2113,2107,2102,2037,1865,1132,1948,2107,2091,2135,2062,1970,2025,1113,2130,2093,2130,2134,1991,2054,1966,255,10,255,5,255,5,5,5,5,5,255,5,255,10,5,5,5,10,5,5,5,10,5,5,5,255,5,5,5,5,255,5,9,255,5,5,5,5,5,5,5,10,5,5,5,10,255,255,5,9,5,5,5,5,10,5,5,4,5,5,5,255,255,255
1780853147.537360,396,42243018,2029,2036,2056,2027,1399,1122,931,763,736,2141,2116,2105,2041,1306,1107,878,769,1092,2026,2105,2105,2051,1295,1049,971,2051,2068,2091,2118,2122,2150,1152,1143,2014,2117,2123,2157,2064,2123,1796,1102,2069,2109,2149,2164,2097,2068,1865,1106,2092,2132,2068,2135,2062,1970,2007,1072,2130,2091,2150,2099,1991,2054,1966,10,5,10,5,255,5,5,5,255,255,255,5,255,4,5,5,5,255,5,5,5,255,5,5,5,255,5,5,5,5,255,5,5,255,5,5,5,255,5,255,5,255,5,5,5,5,10,255,5,5,5,5,255,255,255,5,5,255,5,5,5,255,255,255
1780853147.637381,397,42343017,2029,2057,2131,2104,1399,1128,907,763,751,2068,2079,2108,2041,1426,1100,889,772,1092,2026,2124,2117,2051,1277,1059,942,2051,2068,2099,2105,2122,2150,1138,1115,1999,2102,2101,2100,2168,2136,1796,1115,2089,2121,2090,2164,2118,1975,1953,1103,1996,2091,2099,2129,2105,1998,1997,1121,2130,2103,2090,2116,2011,2054,1966,255,5,5,5,255,5,5,5,5,10,10,5,255,5,5,5,5,255,255,5,5,255,5,5,5,255,5,5,5,255,255,9,9,10,5,5,5,10,5,255,5,10,5,5,255,5,5,10,5,5,5,5,10,10,10,5,5,255,5,5,5,10,255,255
1780853147.737440,398,42443017,2029,2088,2111,2052,1407,1181,931,758,676,2092,2051,2055,2041,1324,1123,878,759,2022,2046,2107,2117,1937,1334,1029,914,2296,2088,2085,2093,2071,2056,1130,1154,2027,2075,2106,2120,2168,2127,1796,1182,2089,2099,2119,2105,2154,2091,1953,1133,1996,2106,2094,2129,2045,1971,1997,1114,2130,2131,2114,2095,2011,2054,1966,255,5,5,5,10,9,5,5,255,5,5,5,255,5,5,5,5,10,10,5,255,10,5,5,5,10,5,5,5,10,10,5,5,5,5,5,5,255,5,255,5,255,5,5,10,5,5,255,5,255,5,5,255,5,5,255,5,255,5,5,5,255,255,255
1780853147.837260,399,42543017,2029,2077,2088,2004,1988,1125,921,759,704,2092,2132,2105,2043,1375,1096,868,765,2022,2070,2096,2137,2074,1291,1057,1073,2000,2085,2074,2133,2155,2056,1197,1151,2073,2114,2073,2102,2168,2123,1796,1148,2069,2096,2128,2086,2137,2091,1953,1131,1996,2089,2118,2137,2139,2009,1997,1107,2130,2125,2143,2116,2011,2054,1966,255,5,5,5,4,5,5,5,5,255,5,5,10,5,5,5,5,255,5,5,10,5,5,5,5,4,5,5,5,5,255,5,5,5,5,5,5,255,5,255,5,10,5,5,5,5,255,255,5,255,5,5,10,5,5,255,5,255,5,5,5,255,255,255
1780853147.937469,400,42643017,2029,2046,2088,2004,1988,1139,925,761,695,2092,2132,2122,2043,1375,1112,880,781,1152,2070,2109,2124,2080,1291,1047,1043,2000,2073,2066,2106,2130,2151,1097,1228,2075,2070,2078,2125,2108,2094,1753,1118,2069,2129,2128,2126,2156,2089,1953,1109,2011,2121,2091,2123,2095,1974,1997,1069,1521,2064,2141,2129,2021,2054,1966,255,5,255,255,255,5,5,5,5,255,255,5,255,255,5,5,5,10,255,5,5,5,255,5,5,255,5,5,5,5,10,5,9,5,5,5,5,10,5,10,5,255,5,255,5,5,10,255,5,10,5,5,5,5,5,255,5,10,5,5,5,10,255,255
1780853148.037497,401,42743017,2029,2046,2088,2004,1462,1124,921,759,703,2068,2132,2063,2043,1375,1090,891,784,2064,2068,2101,2101,2140,1317,1042,1124,2014,2085,2118,2100,2085,2097,1096,1186,1730,2070,2100,2119,2108,2135,1753,1105,2103,2103,2166,2126,2158,2114,1998,1126,2000,2067,2149,2131,2064,1918,1998,1095,1521,2137,2125,2110,1987,2054,1966,255,255,255,255,10,9,5,5,255,10,255,5,255,255,5,5,5,4,10,5,5,5,10,5,5,10,5,5,5,5,5,5,5,4,255,5,5,255,5,255,5,10,5,10,255,5,5,10,9,5,5,5,5,5,5,10,5,255,5,5,5,5,255,255
1780853148.137477,402,42843018,2029,2107,2088,2004,1415,1135,923,766,739,2077,2132,2063,2043,1475,1117,892,782,2064,2057,2074,2101,2050,1342,1071,863,2014,2094,2071,2101,2081,2097,1129,1075,2109,2049,2109,2163,2108,2135,1753,1136,1958,2122,2129,2117,2121,2096,1998,1113,2055,2067,2157,2096,2132,2001,1998,1091,1521,2077,2114,2179,1987,2054,1966,255,10,255,255,5,5,5,5,5,5,255,255,255,10,5,5,5,255,5,5,255,5,5,5,5,255,5,5,5,5,255,5,5,4,10,5,5,255,255,255,5,5,5,5,10,5,5,255,5,9,255,5,5,5,5,255,5,255,5,5,5,255,255,255
1780853148.237582,403,42943017,2029,2059,2077,2019,1502,1145,927,762,707,2052,2102,2071,2043,1475,1115,883,807,2064,2118,2088,2110,2050,1316,1060,1132,2013,2076,2103,2128,2115,2073,1154,1144,2093,2079,2088,2135,2121,2057,1753,1134,1958,2084,2129,2102,2132,2153,1947,1134,2055,2152,2131,2099,2115,1959,1989,1083,1521,2123,2134,2141,1987,2054,1966,255,5,10,10,5,5,5,5,5,5,10,10,255,255,5,5,5,255,5,5,10,255,5,5,5,10,5,5,5,5,10,5,5,5,5,5,5,10,10,255,5,255,5,255,5,5,5,10,5,255,10,5,5,5,5,10,5,255,5,5,5,255,255,255
1780853148.337444,404,43043017,2029,2075,2073,2041,1472,1177,921,757,683,2052,2090,2110,2024,1368,1098,862,781,2064,2050,2101,2103,2075,1322,1053,1031,2013,2090,2105,2069,2114,2073,1189,1159,2036,2079,2089,2144,2142,2123,1753,1169,1958,2112,2070,2102,2145,2063,1886,1111,2098,2105,2131,2070,2128,1959,1963,1103,1521,2112,2136,2096,1987,2003,1966,255,5,5,5,5,5,5,5,5,255,5,5,10,10,5,5,5,255,5,5,5,10,5,5,5,255,5,5,5,5,255,5,5,5,255,5,5,5,5,255,5,255,5,10,255,5,5,5,5,10,5,5,5,5,255,5,5,255,5,5,5,255,10,255
1780853148.436110,405,43143017,2029,2069,2068,2041,1404,1134,921,762,699,2052,2090,2101,2024,1324,1093,885,764,2064,2034,2094,2115,2046,1390,1054,1032,2134,2099,2097,2094,2115,2078,1148,1149,2074,2101,2115,2134,2145,2144,1792,1137,1958,2076,2110,2085,2110,2063,1886,1121,2028,2079,2174,2145,2121,1959,1963,1116,1521,2132,2130,2145,2008,2003,1966,255,5,5,255,5,5,5,5,255,255,255,5,255,5,5,5,5,255,5,5,5,5,5,5,9,10,5,5,5,5,10,5,5,5,10,5,5,5,5,10,5,255,5,5,10,5,255,255,5,5,5,5,5,5,255,255,5,255,5,5,5,10,255,255
1780853148.537580,406,43243018,2029,2052,2068,2041,1404,1131,918,753,760,2067,2090,2101,2064,1324,1105,877,777,2064,2096,2104,2085,2048,1355,1025,1134,2134,2066,2101,2073,2128,2088,1138,1180,2074,2101,2089,2110,2145,2057,1792,1150,1958,2103,2110,2107,2110,2063,2011,1075,2045,2086,2138,2155,2079,1980,1987,1064,1521,2122,2134,2145,1940,2003,1966,255,5,255,255,255,5,5,5,5,10,255,255,10,255,5,5,5,255,5,5,5,5,9,5,5,255,5,5,5,5,5,5,5,255,255,5,5,255,5,255,5,255,5,255,5,255,255,10,255,5,5,5,5,5,10,10,5,255,5,5,5,5,255,255
1780853148.638434,407,43343017,2134,2052,2068,2009,1454,1144,918,762,733,2094,2110,2090,2020,1354,1082,880,761,2064,2081,2115,2124,2081,1365,1061,1122,2029,2075,2081,2100,2116,2088,1137,1090,2052,2099,2094,2143,2114,2120,1792,1119,1958,2091,2153,2131,2132,2063,2011,1128,2060,2034,2130,2130,2090,1971,1987,1092,1521,2150,2121,2122,2011,1998,1966,10,255,255,10,10,5,5,5,5,5,10,10,5,10,5,5,5,255,5,5,5,5,5,5,5,10,5,5,5,5,255,5,5,10,10,5,5,10,5,255,5,255,5,10,5,10,255,255,5,5,5,5,5,5,5,255,5,255,5,5,5,5,10,255
1780853148.737349,408,43443017,2120,2052,2013,1987,1505,1105,928,754,712,2080,2056,2097,2049,1354,1095,894,777,2064,2085,2086,2133,2081,1277,1037,963,1987,2063,2076,2123,2110,2088,1159,1109,2061,2116,2097,2157,2114,2090,1797,1148,1958,2157,2153,2101,2132,2063,2011,1086,2205,2088,2075,2118,2104,1961,1994,1075,1521,2151,2083,2068,1992,1998,1966,5,255,10,5,5,5,5,5,5,5,5,5,5,255,5,5,5,255,5,5,5,255,5,5,5,5,5,5,5,5,255,5,5,5,5,5,5,255,5,10,5,255,5,255,5,255,255,255,5,5,5,5,5,5,5,10,5,255,5,5,5,5,255,255
1780853148.837376,409,43543017,2120,2053,2084,2067,1505,1149,929,760,737,2080,2063,2075,2049,1315,1089,898,771,998,2083,2073,2068,2081,1305,1036,1116,2025,2065,2085,2106,2130,2088,1688,1164,1994,2092,2078,2113,2114,2090,1797,1147,1958,2123,2112,2120,2114,2063,2011,1096,2205,2134,2073,2118,2084,1976,1955,1072,1521,2105,2111,2139,1977,1998,1966,255,10,5,5,255,5,5,5,5,255,5,5,255,10,5,5,5,255,5,5,5,255,9,9,5,5,5,5,5,5,255,4,5,5,5,5,5,255,5,255,5,255,5,10,5,10,255,255,5,255,5,5,5,5,5,5,5,255,5,5,5,5,255,255
1780853148.937444,410,43643017,2043,2053,2066,2067,1453,1146,930,762,711,2080,2091,2075,2049,1315,1108,887,781,998,2083,2113,2077,2100,1275,1045,963,2062,2056,2091,2117,2139,2088,1083,1135,1940,2065,2085,2111,2114,2133,1797,1103,2125,2112,2131,2120,2072,2021,2011,1102,1857,2092,2134,2097,2084,1956,1955,1069,1521,2121,2111,2096,2000,1998,1966,10,255,5,255,10,5,5,5,5,255,5,255,255,255,5,5,5,255,255,5,5,10,5,5,5,5,5,5,5,5,255,5,5,5,5,5,5,255,5,255,5,10,5,5,255,5,10,255,5,10,5,5,5,255,5,255,5,255,5,5,5,5,255,255
1780853149.037294,411,43743017,2036,2075,2069,2057,1603,1141,910,756,720,2077,2070,2064,2023,1475,1128,890,771,1038,2064,2096,2092,2100,1315,1034,1099,2062,2084,2096,2135,2139,2170,1058,1101,1940,2067,2098,2112,2176,2123,1797,1116,2110,2098,2131,2103,2072,2020,1894,1142,2075,2133,2069,2097,2070,1998,1963,1115,1521,2112,2142,2122,2018,2021,1966,5,10,5,10,5,5,5,5,5,10,5,10,10,10,5,5,5,10,10,5,5,255,5,5,5,255,5,5,5,255,10,5,5,255,5,5,5,10,5,255,9,5,5,255,10,255,5,10,5,4,5,5,255,10,5,10,9,255,5,5,5,5,10,255
1780853149.137447,412,43843017,2036,2097,2069,2057,1379,1100,930,763,2027,2058,2040,2090,2023,1475,1121,880,776,1146,2087,2062,2053,2017,1339,1065,1161,2062,2071,2100,2112,2149,2170,1143,1078,1799,2098,2103,2120,2121,2178,1797,1162,2110,2088,2131,2103,2135,2073,1894,1123,1932,2117,2095,2097,2085,1978,1963,1081,1521,2138,2123,2070,2078,2021,1966,255,5,255,255,4,9,5,5,5,5,5,5,255,255,5,5,5,5,5,5,5,10,5,5,5,255,5,5,5,10,255,5,5,10,5,5,5,5,5,255,5,255,5,10,255,10,5,255,5,5,5,5,255,5,5,255,9,255,5,5,5,5,255,255
1780853149.237454,413,43943017,2036,2074,2069,1989,1379,1129,938,756,711,2082,2063,2088,2110,1475,1114,890,770,1146,2116,2045,2085,2100,1372,1065,965,1864,2063,2093,2143,2114,2170,1119,1120,2092,2119,2093,2164,2112,2099,1797,1119,2110,2143,2131,2097,2117,2089,1890,1094,2152,2115,2130,2152,2067,1992,1949,1068,1521,2068,2146,2127,1977,2021,1966,255,5,255,10,255,5,5,5,255,5,5,5,10,255,5,5,5,255,5,5,5,5,9,5,5,10,5,5,5,5,255,5,5,4,5,5,5,5,5,255,5,255,5,255,10,5,5,10,5,4,5,5,10,5,5,10,5,255,5,5,5,5,255,255
1780853149.337320,414,44043017,2036,2074,2043,2035,1379,1157,918,765,729,2071,2060,2085,2067,1475,1086,890,771,1146,2054,2061,2092,2079,1400,1055,1014,1864,2085,2082,2083,2103,2170,1119,1149,2078,2067,2081,2152,2114,2135,1797,1157,2048,2109,2131,2137,2116,2080,1890,1106,2056,2120,2083,2152,2050,1984,1949,1065,1521,2081,2113,2120,1985,2021,1966,255,255,10,5,255,5,5,5,5,5,5,5,5,255,5,5,5,255,5,5,5,5,9,5,9,255,5,5,5,5,255,255,5,5,5,5,5,5,5,255,5,10,5,255,5,3,5,255,5,4,5,5,255,5,5,255,5,255,5,5,5,5,255,255
1780853149.436015,415,44143017,2036,2088,2023,2035,1379,1132,921,753,747,2041,2011,2097,2067,1477,1079,888,765,1088,2138,2073,2078,2088,1417,1033,996,2014,2069,2080,2101,2104,2061,1119,1133,2142,2067,2122,2095,2114,2075,1797,1108,2048,2116,2131,2123,2161,2119,1970,1110,2028,2145,2115,2182,2121,1991,1966,1081,1940,2084,2118,2144,2023,2021,1966,10,10,5,255,255,5,5,5,255,5,5,5,255,10,5,5,5,10,5,5,5,5,5,5,9,10,5,5,5,5,10,255,5,5,255,5,5,255,5,255,5,255,5,255,5,5,5,10,5,5,5,5,10,5,5,10,5,10,5,5,5,5,255,255
1780853149.537285,416,44243017,2029,2088,2023,2089,1407,1125,926,754,2081,2041,2084,2090,2054,1477,1101,894,781,1070,2048,2071,2078,2088,1298,1036,1039,2014,2098,2086,2126,2085,2104,1118,1119,2142,2117,2067,2126,2101,2128,1743,1155,2048,2101,2131,2121,2171,2050,1970,1093,2028,2116,2177,2129,2066,1961,1987,1084,1940,2111,2127,2117,2000,2021,1966,5,255,255,10,10,5,5,5,4,255,5,5,10,255,5,5,5,5,5,5,255,255,5,5,5,255,5,5,5,5,5,10,5,255,10,5,5,10,5,10,5,255,5,255,5,5,5,255,9,255,5,5,5,5,5,5,5,255,5,5,5,5,255,255
1780853149.637283,417,44343017,2029,2041,2023,1998,1376,1125,903,765,720,2043,2094,2071,2029,1477,1117,881,770,1070,2039,2115,2080,2091,1251,1059,989,2062,2080,2075,2105,2109,2198,1118,1164,2034,2058,2065,2112,2046,2091,1824,1151,2048,2103,2080,2088,2086,2082,1970,1138,1963,2116,2132,2129,2083,1990,1987,1104,1940,2114,2107,2154,1974,1945,1966,255,10,255,5,5,5,5,5,5,10,5,5,5,255,5,5,5,255,5,5,10,10,5,5,5,10,5,5,5,5,5,255,9,10,5,5,5,5,5,5,5,255,5,10,5,5,5,255,5,10,255,5,255,5,5,255,5,255,5,5,5,5,10,255
1780853149.747379,418,44453017,2029,2094,2023,2076,1376,1130,909,756,1972,2043,2023,2099,2029,1477,1100,904,761,2060,2047,2070,2094,2039,1324,1084,1039,2062,2080,2070,2114,2094,2113,1132,1115,2026,2058,2073,2119,2089,2127,1986,1109,2048,2115,2101,2109,2106,2033,1970,1115,2058,2099,2102,2131,2083,1928,1920,1080,2025,2112,2120,2147,1973,1945,1966,255,5,255,5,255,5,5,5,4,255,5,5,255,255,5,5,5,10,5,5,5,5,5,5,9,255,5,5,5,5,5,10,5,5,255,5,5,5,5,5,5,255,5,5,5,5,5,255,9,5,10,5,10,255,5,10,5,10,5,5,5,5,255,255
1780853149.847475,419,44553017,2029,2030,2023,2076,1376,1118,938,750,707,2132,2023,2099,2029,1477,1103,871,779,1152,2131,2043,2105,2060,1275,1064,1040,1593,2069,2088,2113,2111,2113,1157,1136,2026,2142,2087,2134,2150,2070,1986,1091,2048,2100,2123,2132,2106,1970,2009,1106,2058,2055,2090,2104,2111,2007,1947,1120,2025,2104,2139,2098,2029,1945,1966,255,5,255,255,255,5,5,5,5,10,255,255,255,255,5,5,5,5,5,5,5,5,5,5,5,10,5,5,5,5,255,5,5,255,10,5,5,5,5,255,5,255,5,5,5,255,5,10,5,255,5,5,5,10,5,5,9,255,5,5,5,5,255,255
1780853149.947528,420,44653017,2092,2063,2075,1980,1506,1131,940,763,698,2080,2062,2061,2029,1477,1094,898,767,1090,2085,2073,2112,2043,1306,1054,1012,2074,2091,2100,2086,2065,2113,1132,1111,2078,2142,2098,2123,2150,2105,1986,1137,2048,2119,2123,2132,2146,1970,2009,1168,2071,2055,2140,2090,2062,2012,1970,1126,2025,2118,2092,2108,1977,1945,1966,10,5,10,10,10,5,5,5,5,5,10,10,255,255,5,5,5,5,5,5,5,5,5,5,9,5,5,5,5,5,255,5,5,10,255,5,5,255,5,255,5,255,5,255,255,10,255,255,5,10,255,5,5,5,5,5,5,255,5,5,5,5,255,255
1780853150.047502,421,44753017,2092,2041,2075,1980,1506,1134,900,764,709,2007,2053,2092,2029,1323,1106,896,794,1178,2099,2118,2111,2099,1263,1074,878,2078,2064,2093,2113,2140,2114,1151,1180,2082,2102,2105,2095,2149,2121,1986,1123,2048,2131,2115,2132,2132,1970,2009,1092,1936,2116,2133,2143,2091,2012,1962,1069,2025,2111,2127,2083,1977,1979,1966,255,5,255,255,255,5,5,5,255,5,5,5,255,10,5,5,5,9,5,5,5,5,5,5,9,5,5,5,5,5,10,5,5,5,10,5,5,10,5,255,5,255,5,10,255,5,255,255,5,5,10,5,5,5,255,5,5,255,5,5,5,255,10,255
1780853150.147421,422,44853017,2092,2079,2077,2021,1678,1147,910,748,710,2081,2053,2060,2065,1301,1103,877,780,951,2099,2087,2098,2099,1352,1078,983,2006,2082,2086,2101,2124,2095,1151,1129,2082,2102,2086,2093,2147,2097,1986,1167,2048,2108,2073,2159,2105,2199,1915,1121,1982,2094,2147,2153,2098,2008,1962,1059,2025,2174,2116,2099,2015,1979,1966,255,5,10,10,10,5,5,5,5,5,255,5,10,5,5,5,5,4,255,5,5,255,5,5,5,5,5,5,5,5,5,255,5,255,255,5,5,5,5,255,5,255,5,5,10,5,10,10,9,5,5,5,5,5,10,255,5,255,5,5,5,10,255,255
1780853150.247331,423,44953017,2092,2082,2073,2063,1564,1167,937,756,715,2081,2057,2110,2003,1402,1127,894,782,950,2106,2088,2077,2116,1379,1058,1027,2006,2069,2088,2140,2124,2095,1151,1126,2082,2113,2117,2130,2147,2141,1875,1242,2048,2131,2118,2049,2105,2199,1996,1115,2061,2111,2139,2102,2064,1949,1962,1104,2025,2118,2118,2112,1965,1979,1966,255,5,5,5,5,5,5,5,255,255,10,5,5,4,5,5,5,9,10,5,5,10,5,5,9,255,5,5,5,5,255,255,5,255,10,5,5,255,5,10,5,255,5,5,5,255,255,5,5,5,5,5,5,5,5,255,5,255,5,5,5,5,255,255
1780853150.347176,424,45053017,2092,2114,2040,2031,1564,1184,924,757,730,2042,2057,2094,2003,1402,1113,873,776,1101,2072,2059,2136,2089,1376,1063,965,2006,2084,2101,2087,2083,2038,1162,1153,2066,2035,2093,2159,2147,2122,1855,1105,2048,2092,2123,2094,2135,2077,1996,1084,2075,2126,2090,2077,2104,1973,1976,1118,2025,2089,2122,2138,1965,1979,1966,255,5,5,5,255,5,5,5,5,10,255,5,255,255,5,5,5,9,5,5,5,5,5,5,9,255,5,5,5,5,10,10,5,10,5,5,5,255,5,5,5,255,5,5,5,10,10,255,5,5,5,5,5,5,5,10,5,255,5,5,5,255,255,255
1780853150.446724,425,45153017,2092,2114,2034,2070,1388,1124,939,758,715,2061,2084,2090,2113,1367,1069,872,782,2008,2052,2093,2117,2095,1294,1044,934,2006,2082,2090,2136,2086,2116,1172,1161,2074,2035,2067,2112,2147,2107,1911,1145,2048,2061,2109,2153,2111,2077,1996,1146,2068,2115,2116,2128,2069,1994,2042,1109,2084,2132,2113,2097,2024,1985,1966,255,255,5,5,10,5,5,5,255,5,10,5,10,10,5,5,5,4,5,5,5,5,5,5,9,255,5,5,5,5,5,5,5,5,255,5,5,255,5,5,5,255,5,5,5,5,255,255,5,5,5,5,5,5,5,5,5,10,5,5,5,10,10,255
1780853150.547306,426,45253017,2092,2114,2064,2070,1388,1153,916,750,2075,2073,2066,2071,2061,1367,1097,886,768,1202,2054,2071,2120,2034,1313,1032,1098,2084,2102,2097,2088,2110,2116,1157,1154,2078,2140,2108,2130,2147,2169,1881,1114,2048,2119,2123,2122,2149,2077,1929,1121,2085,2098,2122,2128,2078,1975,1983,1085,1977,2113,2119,2131,2024,1985,1966,255,255,5,255,255,5,5,5,4,5,5,5,5,255,5,5,5,4,5,5,5,5,5,5,5,10,5,5,5,5,255,5,5,5,10,5,5,255,5,5,5,255,5,5,5,5,255,10,5,5,5,5,255,5,5,5,5,5,5,5,5,255,255,255
1780853150.647440,427,45353017,2092,2063,2069,2091,1519,1123,922,758,727,2073,2066,2084,2090,1328,1115,876,768,1169,2148,2096,2120,2059,1302,1071,916,2084,2076,2091,2121,2101,2122,1098,1154,2066,2053,2100,2110,2147,2195,1840,1106,2048,2118,2148,2112,2149,2051,1929,1134,2109,2091,2135,2081,2078,1949,1983,1052,1977,2097,2133,2089,2024,1985,1966,255,10,5,10,10,5,5,5,5,255,255,5,5,10,5,5,5,5,5,5,255,5,5,5,9,255,5,5,5,5,10,5,5,5,5,5,5,255,5,5,5,255,5,5,5,255,10,255,5,5,5,5,10,255,5,255,5,255,5,5,5,255,255,255
1780853150.747388,428,45453017,2092,2067,2067,2091,1394,1127,927,763,696,2112,2066,2075,2100,1376,1116,890,802,1169,2148,2083,2120,2068,1296,1017,887,2084,2076,2084,2134,2086,2122,1141,1155,1980,2053,2120,2154,2147,2128,1840,1182,2049,2132,2054,2107,2145,2018,1929,1113,2109,2096,2092,2150,2078,2016,1958,1068,2096,2114,2142,2090,1966,1985,1966,255,5,5,255,5,5,5,5,255,10,255,5,5,9,5,5,5,255,255,5,255,5,9,5,5,255,5,5,5,5,255,5,5,5,255,5,5,255,5,255,5,10,5,5,5,10,5,255,5,255,5,5,5,255,5,10,5,10,5,5,5,10,255,255
1780853150.847661,429,45553018,2092,2067,2067,2012,1446,1150,907,760,732,2040,2066,2109,2100,1376,1135,888,778,1169,2086,2078,2072,2068,1370,1046,961,2084,2114,2084,2094,2074,2128,1136,1147,1980,2071,2140,2119,2147,2076,1840,1136,2049,2113,2054,2092,2145,2018,1929,1086,2009,2142,2089,2145,2108,2016,2021,1110,2096,2120,2145,2135,2028,1985,1966,255,5,255,10,5,5,5,5,5,5,255,5,255,255,5,5,5,255,10,5,10,255,5,5,5,255,5,5,5,5,10,4,5,255,10,5,5,255,5,255,5,255,5,255,5,255,255,255,5,10,5,5,5,10,255,5,5,255,5,5,5,5,255,255
1780853150.947919,430,45653018,2092,2109,2096,2017,1404,1161,935,764,701,2070,2079,2044,2100,1376,1119,881,785,1169,2105,2056,2121,2023,1322,1047,987,2084,2089,2100,2074,2114,2128,1125,1190,1980,2055,2112,2136,2147,2123,1840,1112,2049,2075,2125,2068,2145,2018,1929,1134,2034,2083,2101,2130,2108,2016,1946,1066,2096,2092,2099,2112,2028,1985,1966,255,5,10,5,5,5,5,5,5,5,10,5,255,255,5,5,5,255,5,5,5,10,5,5,5,255,5,5,5,5,255,4,5,255,5,5,5,255,5,255,5,255,5,10,5,255,255,255,5,5,5,5,5,255,255,5,5,255,5,5,5,255,255,255
1780853151.047400,431,45753017,2092,2109,2074,2060,1404,1138,904,757,746,2082,2120,2113,2059,1376,1109,892,759,1073,2091,2091,2127,2023,1356,1031,1085,2063,2062,2093,2088,2105,2128,1076,1130,1980,2055,2097,2118,2147,2111,1840,1152,2049,2107,2104,2124,2124,2018,1982,1120,2060,2126,2123,2113,2130,1979,1950,1083,2096,2097,2097,2113,2010,1985,1966,255,255,5,5,255,5,5,5,5,5,5,5,10,255,5,5,5,10,5,5,5,255,5,5,5,10,5,5,5,5,255,5,5,255,255,5,5,255,5,255,5,255,5,5,5,10,255,10,9,5,5,5,5,10,10,5,5,255,5,5,5,10,255,255
1780853151.147649,432,45853017,2092,2109,2003,2034,1404,1123,925,759,680,2041,2067,2036,2059,1377,1112,891,753,1113,2118,2076,2127,2023,1406,1035,1129,2063,2098,2089,2113,2085,2145,1147,1159,1980,2100,2121,2111,2137,2087,1777,1104,2106,2130,2104,2120,2180,2120,1915,1129,2012,2122,2099,2110,2133,1992,1987,1084,2096,2114,2101,2114,2010,1985,1966,255,255,5,5,255,5,5,5,255,5,5,5,255,10,5,5,5,5,5,5,255,255,5,5,5,255,5,5,5,5,10,5,5,255,10,5,5,10,5,10,5,10,5,255,5,5,10,5,5,5,5,5,5,5,5,5,5,255,5,5,5,255,10,255
1780853151.247451,433,45953017,2120,2068,2003,2022,1915,1196,921,766,679,2038,2067,2060,2059,1377,1126,879,766,941,2084,2113,2114,2023,1322,1063,1002,1964,2128,2083,2139,2153,1984,1147,1151,2078,2149,2089,2165,2116,2087,1839,1175,2113,2130,2110,2134,2074,2103,1915,1102,2054,2106,2085,2112,2115,2023,1995,1123,2096,2139,2110,2133,2010,1985,1966,10,10,255,5,10,9,5,5,5,5,255,5,255,255,5,5,5,255,5,5,10,255,5,5,9,10,5,5,5,5,5,255,5,10,5,5,5,5,5,5,9,5,5,10,5,5,5,255,5,5,5,5,5,5,5,5,5,255,5,5,5,255,255,255
1780853151.347445,434,46053017,2120,2026,2003,2033,1915,1143,932,760,724,2038,2067,2056,2059,1385,1100,891,789,941,2084,2081,2107,2023,1297,1033,1023,1565,2069,2076,2101,2133,1455,1145,1135,2052,2081,2077,2124,2116,2161,1821,1119,2113,2108,2108,2111,2074,2054,1915,1111,2074,2072,2118,2116,2115,1938,1995,1016,2024,2139,2094,2097,1985,1985,1966,255,5,255,5,255,5,5,5,5,255,255,5,255,10,5,5,5,255,255,5,5,255,5,5,5,4,5,5,5,5,4,10,5,5,5,5,5,255,5,5,5,255,5,5,5,255,5,255,5,5,5,5,5,255,5,255,5,10,5,5,5,10,255,255
1780853151.446553,435,46153017,2120,2020,2003,2019,1915,1158,932,762,696,2056,2061,2068,2059,1385,1109,911,783,2120,2074,2089,2120,2023,1257,1050,1106,1934,2098,2084,2118,2087,1435,1145,1139,2097,2061,2104,2115,2142,2109,1773,1115,2113,2098,2090,2190,2122,2018,1915,1089,2045,2123,2133,2116,2079,2010,1995,1096,1908,2130,2121,2121,1985,1985,1966,255,5,255,5,255,5,5,5,5,10,10,5,255,255,5,5,5,10,10,5,5,255,5,5,5,4,5,5,5,5,5,255,9,5,5,5,5,10,9,5,5,255,5,5,5,10,5,255,5,5,5,5,255,10,5,255,5,5,5,5,5,255,255,255
1780853151.547320,436,46253017,2110,2020,2055,2017,1915,1164,932,753,712,2075,2049,2077,2059,1385,1068,879,773,2063,2104,2107,2123,2023,1276,1062,954,1934,2113,2103,2105,2087,2093,1145,1108,2006,2054,2067,2139,2094,2100,1804,1135,2098,2107,2084,2136,2103,2107,1920,1070,2022,2138,2096,2144,2079,2015,1995,1101,1908,2083,2109,2123,2006,1985,1966,10,255,10,5,255,5,5,5,5,5,5,5,255,255,5,5,5,4,5,5,5,255,5,5,9,255,5,5,5,255,5,10,5,5,5,5,5,5,5,5,5,10,5,5,5,5,5,10,9,5,5,5,10,255,5,255,5,255,5,5,5,10,255,255
1780853151.648187,437,46353017,2047,2020,2055,2037,1915,1116,920,762,709,2030,2049,2094,2059,1303,1099,895,752,2063,2062,2088,2110,2034,1446,1059,1019,2068,2067,2105,2098,2123,2093,1132,1119,2006,2081,2104,2112,2094,2144,1818,1110,2098,2124,2090,2103,2191,1997,1920,1101,2048,2114,2110,2151,2090,1982,2006,1121,1908,2106,2092,2114,1945,1985,1966,5,255,255,5,255,5,5,5,5,5,255,5,255,10,5,5,5,255,5,5,5,10,5,5,5,10,5,5,5,10,255,5,5,255,5,5,5,255,5,9,5,255,5,5,5,5,5,255,5,5,5,5,5,10,5,10,5,255,5,5,5,5,255,255
1780853151.747524,438,46453017,2135,2069,2106,2047,1512,1123,927,748,693,2041,2049,2050,2067,1303,1088,890,782,2063,2076,2109,2097,2111,1341,1070,1022,2074,2102,2087,2080,2084,2130,1132,1173,2024,2101,2084,2099,2094,2108,1951,1139,2098,2064,2090,2134,2191,2193,1920,1099,2098,2108,2120,2123,2076,1953,1980,1092,1908,2111,2127,2123,1945,1996,1966,5,10,10,5,10,5,5,5,255,5,255,5,10,255,5,5,5,255,5,5,5,5,9,5,9,5,5,5,5,5,10,255,5,10,5,5,5,255,5,5,9,255,5,255,5,255,5,255,9,5,5,5,5,5,5,5,5,255,5,5,5,255,10,255
1780853151.847250,439,46553017,2135,2056,2068,1917,1436,1157,943,775,712,2064,2107,2050,2067,1303,1093,888,762,993,2076,2109,2157,2065,1363,1050,1074,2074,2101,2085,2112,2102,2095,1132,1072,2096,2106,2094,2105,2094,2121,1951,1111,2098,2120,2127,2130,2103,2074,1963,1101,2010,2151,2079,2133,2069,1964,1968,1155,1908,2141,2134,2118,1945,1996,1966,255,5,5,5,5,9,5,5,5,5,10,255,255,255,5,5,5,255,255,5,5,5,5,5,5,255,5,5,5,5,5,255,5,5,5,5,5,255,5,255,5,255,5,10,5,10,5,10,5,5,5,5,5,5,5,5,5,255,5,5,5,255,255,255
1780853151.947434,440,46653017,2119,2038,2062,2054,1436,1140,929,765,725,2038,2107,2043,2067,1303,1122,878,777,993,2096,2051,2104,2059,1265,1063,983,1989,2056,2104,2093,2077,2127,1132,1124,2096,2079,2082,2110,2125,2146,1951,1105,2098,2129,2110,2117,2132,2034,1963,1103,2028,2064,2084,2133,2094,1995,1990,1100,1908,2144,2132,2097,1945,1996,1966,10,5,5,5,255,5,5,5,255,5,255,10,255,255,5,5,5,255,10,5,5,5,5,5,9,10,5,5,5,5,5,255,5,255,5,5,5,10,5,255,5,255,5,5,5,5,5,255,5,5,5,5,255,5,5,5,5,255,5,5,5,255,255,255
1780853152.047411,441,46753017,2119,2067,2085,2034,1505,1123,921,753,672,2041,2117,2043,2038,1279,1104,876,770,1223,2101,2089,2073,2083,1280,1073,993,1989,2089,2089,2088,2117,2138,1132,1127,2110,2096,2098,2126,2125,2109,1951,1153,2098,2099,2110,2098,2130,2064,1963,1122,2014,2099,2094,2153,2155,1917,1973,1091,2055,2133,2102,2121,1945,1996,1966,255,5,5,5,10,5,5,5,5,5,10,255,10,10,5,5,5,10,5,5,5,5,5,5,5,255,5,5,5,5,5,255,5,10,5,5,5,255,5,255,5,255,5,255,5,5,5,255,5,5,5,5,10,5,5,5,5,10,5,5,5,255,255,255
1780853152.147737,442,46853018,2119,2071,2085,2034,1505,1165,921,768,727,2041,2117,2068,2029,1427,1107,886,765,1185,2085,2110,2112,2083,1264,1076,993,1989,2085,2094,2089,2123,2138,1694,1137,2110,2071,2165,2085,2125,2071,1951,1157,2098,2146,2110,2070,2130,2064,1941,1112,2045,2077,2157,2132,2132,1965,1961,1055,2055,2115,2096,2135,1982,1996,1966,255,5,255,255,255,5,5,5,5,255,255,10,5,9,5,5,5,5,5,5,5,255,5,5,9,255,5,5,5,5,255,10,9,255,5,5,5,255,5,255,5,255,5,255,5,255,255,10,5,5,5,5,5,5,5,5,5,255,5,5,5,10,255,255
1780853152.247501,443,46953017,2102,2084,2082,1998,1505,1148,929,763,721,2072,2043,2082,2029,1427,1093,898,785,1185,2076,2099,2083,2083,1362,1051,1137,1989,2055,2081,2108,2122,2138,1115,1107,2040,2152,2106,2089,2120,2093,1951,1123,1936,2075,2082,2147,2130,2102,1946,1117,2045,2127,2106,2126,2059,2000,1961,1093,1445,2147,2138,2116,1982,1996,1966,10,5,10,10,255,5,5,5,5,10,10,5,255,255,5,5,5,255,5,5,5,255,5,5,5,255,5,5,5,5,255,5,5,10,5,5,5,10,5,255,5,10,5,10,5,255,10,5,5,255,5,5,5,5,5,255,5,10,5,5,5,255,255,255
1780853152.357447,444,47063017,2102,2102,2082,1998,1404,1155,919,746,735,2027,2043,2082,2029,1349,1088,869,768,1132,2043,2086,2117,1857,1305,1059,858,1989,2061,2084,2098,2147,2192,1090,1118,2026,2079,2106,2116,2120,2122,1951,1126,2055,2103,2154,2109,2143,2028,1946,1115,1993,2143,2113,2118,2138,1965,1969,1096,1445,2148,2104,2066,1995,1996,1966,255,5,255,255,10,5,5,5,5,5,255,255,255,10,5,5,5,10,5,5,5,10,5,5,5,255,5,5,5,5,10,5,5,5,5,5,5,255,5,255,5,5,5,5,5,10,5,255,5,10,5,5,5,5,5,10,5,255,5,5,5,10,255,255
1780853152.457223,445,47163017,2084,2102,2085,1998,1404,1152,936,746,745,2129,2043,2085,2029,1349,1121,883,754,1137,2030,2070,2115,2103,1365,1035,951,1989,2058,2089,2084,2129,2164,1091,1120,1987,2083,2100,2131,2140,2094,1951,1117,2045,2098,2154,2109,2121,2028,1875,1120,2013,2131,2147,2187,2138,1996,2024,1076,1681,2085,2133,2109,1995,1996,1966,10,255,10,255,255,5,5,5,5,5,255,10,255,255,5,5,5,5,5,5,5,5,5,5,9,255,5,5,5,5,5,5,5,5,5,5,5,10,5,255,9,5,5,255,255,5,255,10,5,5,5,5,5,255,5,5,9,10,5,5,5,255,255,255
1780853152.557303,446,47263017,2084,2102,2085,2027,1404,1139,931,759,2062,2075,2043,2075,2029,1349,1105,883,786,1002,2024,2091,2129,2112,1455,1057,1104,1602,2079,2087,2091,2094,2129,1146,1137,1987,2057,2099,2130,2115,2119,1951,1144,2071,2082,2154,2113,2123,2045,1875,1088,2032,2096,2095,2109,2100,1962,1956,1081,1681,2159,2116,2109,1995,1996,1966,255,255,255,10,255,5,5,5,5,5,255,5,255,255,5,5,5,255,5,5,5,5,5,5,5,10,5,5,5,5,5,5,5,255,5,5,5,5,5,255,5,5,5,255,10,5,10,255,9,5,5,5,5,10,5,5,5,255,5,5,255,255,255,255
1780853152.657587,447,47363017,2054,2085,2085,2027,1437,1122,922,762,695,2087,2043,2094,2040,1410,1107,886,768,1002,2096,2070,2105,2131,1330,1059,1088,2046,2097,2082,2090,2094,2129,1107,1129,1987,2127,2097,2072,2115,2119,1789,1125,2071,2140,2162,2113,2120,2078,1875,1107,2034,2113,2087,2100,2091,1996,1956,1117,1681,2102,2127,2114,1995,1996,1966,10,10,255,255,10,9,5,5,5,5,255,5,10,10,5,5,5,255,5,5,5,5,5,5,5,4,5,5,5,5,255,5,5,255,5,5,5,255,255,10,9,255,5,10,255,5,5,255,5,9,5,5,5,5,5,255,5,255,5,5,10,255,255,255
1780853152.757465,448,47463017,2067,2073,2085,2067,1437,1135,917,762,701,2066,2064,2087,2040,1412,1112,896,769,1134,2077,2059,2093,2027,1241,1064,1090,2046,2106,2086,2107,2088,2069,1190,1094,2095,2069,2105,2132,2100,2125,1789,1101,2123,2083,2162,2095,2083,2089,1966,1108,2015,2126,2135,2096,2108,2002,1979,1110,1681,2067,2176,2114,2006,1996,1966,5,5,255,10,255,5,5,5,255,5,10,5,255,5,5,5,5,10,5,5,5,5,5,5,5,255,5,5,5,5,10,5,9,10,5,5,5,10,10,255,5,10,5,255,10,5,5,10,5,9,5,5,5,5,5,10,5,255,5,5,255,10,255,255
1780853152.857672,449,47563017,2067,2073,2085,2052,1437,1100,935,761,689,2064,2064,2119,2066,1412,1127,895,778,1134,2071,2158,2123,2027,1350,1061,1021,2002,2087,2108,2103,2140,2086,1142,1143,2067,2069,2141,2106,2112,2068,1789,1116,2039,2099,2095,2109,2083,2115,1966,1128,2133,2092,2110,2141,2111,1962,1998,1096,1681,2103,2148,2088,2026,1996,1966,255,255,255,5,255,5,5,5,255,5,255,5,10,255,5,5,5,255,5,5,5,255,5,5,5,10,5,5,5,5,5,5,5,5,255,5,5,5,5,255,9,5,5,10,5,255,5,255,5,5,5,5,5,5,5,5,5,255,5,5,10,5,255,255
1780853152.957223,450,47663017,2067,2097,2119,2062,1437,1127,921,759,697,2059,2064,2108,2062,1412,1095,879,791,1134,2073,2056,2099,2062,1294,1059,987,2002,2064,2099,2087,2106,2086,1222,1145,2068,2069,2085,2121,2095,2128,1789,1148,2153,2104,2104,2159,2107,2115,1979,1130,2127,2096,2113,2123,2067,1929,2001,1142,1681,2113,2137,2105,1982,2000,2051,255,10,10,5,255,5,5,5,255,5,255,5,5,255,5,5,5,255,5,5,5,10,5,5,5,255,5,5,5,5,255,5,5,5,255,5,5,5,5,255,5,5,5,5,5,10,255,10,5,5,5,5,5,5,5,5,9,255,5,5,5,5,10,3
1780853153.058681,451,47763017,2067,2099,2103,2084,1326,1138,936,756,684,2059,2064,2059,2062,1412,1132,897,777,1077,2076,2101,2026,2152,1354,1059,1078,2002,2107,2092,2113,2061,2081,1091,1119,1941,2115,2089,2123,2095,2152,1769,1182,2025,2119,2104,2129,2109,2115,1979,1139,2018,2121,2141,2114,2088,2005,1991,1111,1681,2132,2166,2155,1986,2000,2051,255,5,5,5,10,5,5,5,5,255,255,5,255,255,5,5,5,10,5,5,5,5,5,5,5,255,5,5,5,5,10,5,5,5,10,5,5,255,5,10,5,5,5,255,5,5,255,255,5,5,5,5,5,5,5,5,5,255,5,5,5,5,255,255
1780853153.157865,452,47863017,2067,2099,2103,2042,1419,1094,922,759,705,2057,2064,2092,2062,1412,1105,878,776,1125,2125,2060,2057,2059,1338,1042,996,2002,2121,2092,2086,2141,2119,1147,1171,2008,2103,2071,2143,2115,2099,1769,1108,2025,2100,2100,2111,2105,2115,1979,1086,2095,2079,2122,2137,2072,1999,1991,1107,1681,2132,2123,2118,1985,2000,2051,255,255,255,5,4,5,5,5,5,10,255,5,255,255,5,5,5,9,5,5,5,5,5,5,9,255,5,5,5,5,9,5,5,5,5,5,5,10,5,255,5,255,5,10,5,5,255,255,5,5,5,5,5,5,5,255,5,255,5,5,5,5,255,255
1780853153.257309,453,47963017,2047,2080,2059,1993,1339,1142,914,751,696,2054,2064,2097,2062,1331,1125,893,783,1102,2139,2086,2101,2103,1317,1040,938,1792,2097,2095,2069,2092,2064,1103,1138,2053,2080,2085,2097,2115,2105,1826,1116,2025,2086,2100,2110,2120,2115,1979,1125,2045,2105,2105,2068,2088,1996,1955,1122,1681,2150,2090,2093,2019,2000,2051,10,10,10,5,5,5,5,5,5,5,255,5,255,10,5,5,5,5,5,5,5,5,5,5,9,10,5,5,5,5,5,5,9,5,5,5,5,255,5,10,5,255,5,255,5,5,255,255,5,5,5,5,5,5,5,10,5,255,5,5,5,5,255,255
1780853153.357659,454,48063017,2047,2057,2061,1993,1339,1123,943,766,727,2074,2111,2097,2062,1415,1097,880,781,1024,2139,2117,2126,2088,1377,1032,1141,1550,2071,2095,2125,2144,2126,1115,1176,2057,2138,2083,2113,2115,2113,1820,1133,2025,2043,2167,2085,2120,2115,1937,1115,2021,2107,2140,2078,2058,2002,1955,1096,1200,2096,2132,2199,1924,2000,2007,255,5,9,255,255,5,5,5,5,5,10,255,255,5,5,5,5,255,255,5,5,5,5,5,4,4,5,5,5,5,5,5,5,5,5,5,5,255,5,5,5,255,5,10,5,255,255,10,5,5,5,5,5,5,5,255,5,10,5,5,5,5,255,10
1780853153.457305,455,48163017,2047,2057,2061,2044,1449,1150,918,753,715,2080,2075,2110,2062,1291,1095,904,756,988,2147,2070,2116,2070,1215,1076,1063,1550,2080,2114,2090,2133,2126,1142,1161,2057,2097,2085,2116,2151,2087,1772,1120,2025,2111,2108,2120,2115,2042,1937,1132,2041,2098,2091,2124,2067,2025,1987,1072,1200,2099,2102,2110,1924,2000,2007,255,255,255,10,10,5,5,5,255,5,5,10,255,5,5,5,5,255,10,5,5,5,5,5,5,255,5,5,5,5,255,5,5,255,5,5,5,10,5,5,9,255,5,5,5,10,10,255,5,5,5,5,5,5,5,10,5,255,5,5,5,255,255,255
1780853153.557330,456,48263017,2047,2051,2061,2031,1449,1113,915,744,725,2071,2074,2094,2062,1388,1107,885,766,988,2147,2064,2116,2013,1215,1053,1047,1550,2117,2116,2091,2108,2174,1144,1122,2057,2095,2060,2171,2151,2125,1734,1150,2025,2106,2083,2102,2115,2097,1937,1120,2042,2098,2131,2141,2084,1907,1960,1119,1619,2122,2135,2093,1924,2000,2007,255,10,255,5,255,5,5,5,5,5,5,5,255,5,5,5,5,255,255,5,5,5,255,5,5,255,5,5,5,5,10,5,5,255,5,5,5,255,5,5,5,255,5,5,5,255,5,255,5,5,255,5,5,5,5,5,5,10,5,5,5,255,255,255
1780853153.657417,457,48363017,1998,2051,2061,2046,1461,1139,928,762,738,2071,2076,2044,2062,1416,1104,876,767,988,2050,2093,2113,2013,1309,1048,1006,2067,2082,2097,2107,2083,2123,1147,1182,2057,2129,2095,2123,2151,2096,1766,1132,2040,2076,2124,2126,2204,2047,1937,1133,2159,2116,2162,2147,2084,1907,2022,1082,1619,2130,2118,2145,1985,2005,2007,10,255,255,5,10,5,5,5,5,255,5,5,255,5,5,5,5,255,10,5,5,255,10,5,9,10,5,5,5,5,5,5,5,255,5,5,5,255,5,5,5,10,5,5,5,10,5,255,5,5,10,5,5,255,255,5,5,255,5,5,5,10,10,255
1780853153.762742,458,48463017,1998,2038,2094,1979,1493,1076,937,755,751,2044,2076,2071,1998,1416,1119,869,788,1049,2087,2071,2124,2083,1318,1020,980,2067,2070,2093,2104,2105,2129,1185,1108,2029,2100,2092,2116,2151,2060,1766,1168,2040,2065,2153,2126,2084,2065,1892,1097,2046,2118,2121,2123,2160,2008,2022,1132,1619,2118,2131,2145,2036,2005,2007,255,10,10,5,5,5,5,5,255,10,255,5,10,255,5,5,5,255,5,5,5,10,5,5,5,255,5,5,5,5,5,255,5,10,5,5,5,255,5,255,5,255,5,5,255,5,5,10,5,5,5,5,5,10,10,255,5,255,5,5,5,5,255,255
1780853153.857262,459,48563017,2121,2038,2094,2070,1513,1127,939,741,735,2062,2076,2047,1998,1473,1104,891,774,1049,2087,2097,2105,2083,1351,1064,1120,2067,2097,2094,2123,2134,2108,1098,1183,2096,2100,2083,2140,2161,2104,1957,1154,2040,2117,2105,2140,2110,2065,1916,1136,1985,2122,2107,2089,2101,1949,1999,1090,1619,2144,2123,2087,2036,2005,2007,10,255,255,5,5,5,5,5,5,5,255,5,255,10,5,5,5,255,255,5,5,255,5,5,5,255,5,5,5,5,5,5,5,5,255,5,5,10,5,10,5,255,5,5,10,5,255,9,5,5,5,5,5,5,5,10,5,255,5,5,5,255,255,255
1780853153.957335,460,48663017,2121,2082,2094,2070,1453,1119,937,757,722,2026,2076,2088,1998,1306,1113,889,780,1135,2093,2087,2105,2083,1244,1066,1064,2067,2084,2075,2101,2127,2112,1095,1115,2096,2079,2080,2085,2161,2110,1898,1126,2157,2090,2109,2140,2169,2065,1916,1081,2078,2065,2126,2102,2101,1982,1999,1121,2287,2127,2110,2075,1976,2010,2007,255,10,255,255,5,5,5,5,5,5,255,5,255,5,5,5,5,10,10,5,255,255,5,5,5,255,5,5,5,5,5,5,5,255,10,5,5,255,5,5,5,10,5,5,5,5,255,255,5,5,5,5,5,255,5,255,9,10,5,5,5,10,10,255
1780853154.057459,461,48763017,2121,2095,2094,2049,1436,1136,924,765,693,2058,2076,2100,1998,1348,1115,893,781,2004,2067,2082,2104,2120,1343,1059,1003,2067,2093,2091,2101,2155,2112,1095,1091,1961,2112,2086,2109,2121,2114,1898,1147,2157,2143,2109,2114,2110,2085,1916,1135,1975,2201,2104,2123,2130,1972,1987,1175,2287,2107,2123,2112,2064,1992,2007,255,5,255,10,5,5,5,5,255,5,255,5,255,5,5,5,5,4,5,5,10,10,5,5,9,255,5,5,5,5,255,255,5,10,5,5,5,10,5,255,5,255,5,255,5,5,10,255,5,5,5,5,5,10,5,10,5,255,5,5,5,5,5,255
1780853154.157505,462,48863017,2017,2092,2094,2041,1436,1157,913,751,722,2063,2074,2106,1998,1348,1132,888,774,1248,2095,2076,2117,2120,1376,1072,1030,2023,2068,2107,2118,2128,2106,1134,1171,1961,2112,2082,2131,2174,2150,1898,1164,2157,2129,2127,2114,2110,2139,1916,1103,1979,2124,2163,2109,2126,1952,1986,1063,2287,2103,2144,2123,2064,1992,2007,10,5,255,5,255,5,5,5,255,5,10,5,255,255,5,5,5,4,5,5,5,255,5,5,5,10,5,5,5,5,10,10,5,255,255,5,5,5,5,255,5,255,5,10,255,255,5,255,5,5,5,5,5,5,5,5,5,255,5,5,5,255,255,255
1780853154.257488,463,48963017,2017,2099,2094,2041,1436,1126,915,763,768,2028,2091,2072,1998,1516,1106,889,783,1248,2064,2090,2098,2066,1347,1071,954,2023,2079,2096,2091,2152,2022,1115,1152,1961,2101,2081,2169,2116,2125,1898,1113,2157,2093,2082,2114,2124,2139,1916,1132,2010,2109,2136,2100,2130,2001,2025,1092,2287,2086,2152,2144,2031,1992,2007,255,5,255,255,255,5,5,5,255,5,5,5,255,10,5,5,5,255,5,5,5,10,5,5,9,255,5,5,5,5,5,255,5,255,10,5,5,5,5,255,5,255,5,5,255,10,255,255,5,5,5,5,5,5,5,5,5,255,5,5,5,10,255,255
1780853154.357356,464,49063017,2017,2032,2094,1988,1436,1135,933,752,703,2047,2053,2053,1998,1516,1104,885,789,1105,2114,2070,2125,2053,1448,1072,925,2051,2069,2109,2087,2082,2117,1115,1141,1961,2109,2091,2104,2091,2097,1752,1126,2157,2107,2095,2133,2149,2139,1916,1135,2062,2102,2083,2101,2105,2002,2025,1035,2080,2101,2128,2106,2031,1992,2007,255,5,255,10,255,5,5,5,5,5,5,5,255,255,5,5,5,10,5,5,5,5,5,5,9,10,5,5,5,5,4,255,5,255,5,5,5,5,5,10,5,255,5,5,10,5,255,255,5,5,5,5,5,5,5,255,5,10,5,5,5,255,255,255
1780853154.456128,465,49163017,2081,2079,2094,1988,1436,1139,948,760,745,2077,2053,2066,1998,1409,1124,894,803,1093,2045,2064,2085,2050,1305,1055,921,2071,2065,2098,2094,2096,2117,1123,1135,2021,2146,2080,2117,2095,2120,1755,1128,2157,2135,2131,2096,2149,2089,1974,1111,2026,2064,2093,2127,2029,1968,2025,1062,2080,2128,2133,2088,2031,1992,2007,10,5,255,255,255,5,5,5,5,5,255,5,255,10,5,5,5,5,5,5,5,5,5,5,9,5,5,5,5,5,255,10,5,10,5,5,5,5,5,5,5,255,5,5,5,255,10,10,5,5,5,5,5,5,5,255,5,255,5,5,5,255,255,255
1780853154.557440,466,49263017,2081,2069,2094,2087,1436,1139,933,755,705,2117,2104,2085,1998,1409,1103,885,773,1045,2093,2064,2116,2074,1291,1047,1097,2036,2062,2078,2092,2149,2099,1184,1100,2021,2092,2103,2120,2095,2097,1755,1141,2157,2075,2113,2096,2098,2089,1865,1063,2074,2140,2111,2130,2061,1983,1976,1081,2080,2128,2116,2099,1925,1992,2007,255,5,255,10,255,5,5,5,5,5,10,5,255,255,5,5,5,5,5,255,5,5,5,5,5,5,5,5,5,5,10,5,5,255,5,5,5,255,5,255,5,255,5,5,255,10,255,5,5,5,5,5,5,5,5,10,5,255,5,5,5,10,255,255
1780853154.657381,467,49363017,2081,2041,2047,2087,1436,1126,918,757,738,2073,2070,2141,1998,1385,1093,893,767,1065,2136,2083,2096,1979,1374,1024,1057,2041,2076,2108,2108,2102,2099,1064,1180,2084,2085,2071,2114,2116,2094,1893,1194,2157,2113,2113,2135,2098,2089,1865,1093,2108,2103,2158,2145,2112,1985,1953,1070,2049,2103,2137,2095,1925,1992,2007,255,5,10,255,255,5,5,5,255,5,5,5,255,10,5,5,5,5,5,10,5,9,5,5,5,5,5,5,5,5,255,5,5,10,5,5,5,10,5,10,5,255,5,255,10,255,255,255,5,5,5,5,5,5,5,5,5,10,5,5,5,255,255,255
1780853154.757492,468,49463017,2081,2046,2047,1942,1436,1135,931,755,702,2073,2008,2041,2070,1418,1117,896,780,1065,2127,2097,2110,2071,1374,1045,1053,2041,2057,2121,2089,2124,2099,1104,1131,2084,2069,2084,2093,2116,2053,1893,1108,2087,2100,2166,2087,2122,2106,1865,1086,2108,2123,2134,2109,2123,1965,1953,1091,2049,2115,2128,2090,1977,2037,2007,255,5,255,10,255,5,5,5,255,255,5,5,10,5,9,5,5,255,5,5,5,5,255,5,5,255,5,5,5,5,255,5,5,255,5,5,5,255,5,255,9,10,5,10,5,10,10,255,5,255,5,5,5,5,5,255,5,255,5,5,5,10,10,255
1780853154.857423,469,49563017,2099,2066,2047,2082,1436,1114,922,760,696,2002,2080,2089,2057,1435,1120,888,768,1065,2081,2083,2083,2002,1320,1026,1152,2041,2090,2096,2075,2110,2099,1120,1152,2084,2097,2092,2093,2142,2074,1893,1144,2087,2095,2166,2087,2137,2106,1865,1122,2023,2067,2103,2159,2113,1975,1963,1081,2049,2110,2133,2163,1936,2037,2007,10,5,255,5,255,5,5,5,5,10,5,5,5,5,5,5,5,255,5,5,5,5,10,5,4,255,5,5,5,5,255,5,5,255,5,5,5,10,5,255,5,255,5,255,255,5,255,255,5,10,5,5,5,5,5,10,5,255,5,5,5,5,255,255
1780853154.957360,470,49663017,2099,2062,2047,2077,1436,1128,930,756,723,2002,2059,2111,2057,1435,1100,896,760,1065,2125,2101,2155,2002,1318,1055,939,2041,2091,2093,2021,2097,2099,1135,1124,2067,2032,2115,2121,2142,2109,1893,1080,2087,2113,2166,2127,2164,2084,1882,1117,2102,2067,2077,2116,2123,1993,1963,1070,2049,2082,2112,2172,2037,2037,2007,255,5,255,5,255,5,5,5,5,255,5,5,255,255,5,5,5,255,5,5,5,255,5,5,9,255,5,5,5,5,255,5,5,10,5,5,5,255,5,255,5,255,5,255,10,5,10,10,5,5,5,5,5,5,5,255,5,255,5,5,5,5,255,255
1780853155.057486,471,49763017,2099,2062,2095,2059,1436,1112,909,752,742,2066,2059,2091,2019,1435,1135,898,770,1065,2063,2089,2091,1993,1355,1045,1043,2041,2090,2105,2095,2170,2138,1140,1119,2085,2172,2096,2127,2140,2152,1834,1129,2087,2102,2113,2100,2144,2084,1882,1121,2134,2104,2134,2145,2138,1962,1986,1093,2049,2112,2112,2109,2008,2067,2007,255,255,10,5,255,5,5,5,5,10,255,5,10,255,5,5,5,255,5,5,5,10,5,5,9,255,5,5,5,5,10,5,5,4,5,5,5,10,5,10,5,255,5,10,5,5,255,255,5,5,5,5,5,5,5,10,5,255,5,5,5,5,10,255
1780853155.167299,472,49873017,2072,2062,2095,2059,1436,1108,925,772,674,2029,2052,2101,2038,1472,1118,889,767,1065,2063,2139,2091,2096,1289,1042,1090,2041,2083,2087,2126,2131,2075,1134,1112,2098,2118,2064,2161,2140,2104,1834,1133,2037,2115,2100,2083,2081,2160,2032,1120,2052,2081,2054,2127,2090,1984,2008,1046,2049,2122,2105,2145,1974,1986,2007,10,255,255,255,255,5,5,5,255,5,10,5,5,10,5,5,5,255,255,5,255,5,5,5,5,255,5,5,5,5,5,5,5,5,5,5,5,255,5,255,5,10,5,5,5,5,10,10,5,5,5,5,5,5,5,5,5,255,5,5,5,5,5,255
1780853155.267613,473,49973017,2072,2043,2041,2049,1436,1149,912,758,711,2045,2080,2059,2038,1329,1087,885,787,2081,2089,2078,2101,2096,1255,1060,1226,2007,2089,2091,2105,2076,2044,1075,1176,2084,2104,2071,2063,2140,2117,1834,1119,2037,2104,2137,2084,2128,2060,2032,1093,2022,2116,2132,2099,2099,1992,2008,1068,2049,2141,2119,2104,1946,1970,2007,255,10,10,10,255,9,5,5,5,5,5,5,255,5,5,5,5,10,10,5,10,255,5,5,5,10,5,5,5,5,5,4,5,5,5,5,5,255,5,255,5,255,5,5,5,5,5,255,5,5,5,5,5,5,5,255,5,255,5,5,5,5,5,255
1780853155.367534,474,50073017,2059,2070,2041,2049,1588,1125,943,765,732,2042,2057,2059,2038,1352,1098,859,773,1042,2089,2079,2101,2096,1291,1109,898,2007,2083,2104,2096,2119,2177,1075,1076,2058,2098,2076,2087,2109,2076,1914,1110,2037,2080,2137,2092,2050,2060,1898,1109,2043,2069,2134,2116,2114,1992,2008,1092,2049,2116,2104,2121,2004,1981,2007,10,5,255,255,10,5,5,5,255,5,5,255,255,9,5,5,5,4,255,5,255,255,5,5,5,255,5,5,5,5,4,255,5,5,5,5,5,10,5,10,5,255,5,255,5,5,255,10,5,5,5,5,5,5,255,255,5,255,5,5,5,5,5,255
1780853155.466261,475,50173017,2045,2027,2072,2120,1597,1149,924,771,671,2067,2057,2075,2029,1326,1122,895,755,1042,2067,2084,2118,2156,1332,1034,1006,2097,2105,2098,2114,2133,2105,1193,1137,2047,2098,2079,2108,2109,2095,1914,1112,2037,2111,2137,2153,2201,2098,1898,1132,2055,2069,2128,2142,2114,2015,1979,1101,2049,2098,2118,2148,1973,1981,2007,5,5,10,10,5,5,5,5,255,5,255,10,10,5,5,5,5,255,10,5,10,10,5,5,9,10,5,5,5,5,5,10,9,5,255,5,5,255,5,255,5,255,5,255,5,5,10,255,5,5,255,5,5,255,10,10,5,255,5,5,5,5,255,255
1780853155.567562,476,50273018,2045,2027,2072,2064,1597,1124,927,739,696,2038,2057,2075,2029,1326,1107,912,788,1042,2072,2098,2103,2043,1310,1065,868,2097,2099,2107,2110,2094,2105,1170,1066,1979,2105,2084,2141,2120,2109,1914,1110,2037,2118,2109,2153,2201,2098,1932,1076,2078,2119,2082,2140,2118,1967,1891,1078,2049,2075,2163,2135,1973,1981,2007,255,255,255,5,255,5,5,5,255,5,255,255,255,255,5,5,5,255,5,5,5,5,5,5,5,255,5,5,5,5,255,5,5,5,10,5,5,10,5,255,5,255,5,10,255,255,255,10,5,5,10,5,5,10,5,5,5,255,5,5,5,255,255,255
1780853155.667261,477,50373016,2072,2063,1987,2064,1460,1117,931,745,732,2099,2035,2127,2029,1437,1090,878,772,1123,2032,2070,2100,2022,1376,1075,1032,2081,2081,2091,2087,2139,2100,1150,1140,2059,2078,2079,2133,2146,2087,1914,1111,2037,2105,2098,2104,2125,2098,1932,1142,2037,2097,2101,2098,2138,2010,2012,1077,2049,2093,2113,2192,1979,1981,2007,10,10,10,255,10,5,5,5,5,5,10,10,255,10,5,5,5,10,5,5,5,5,5,5,9,10,5,5,5,5,10,5,5,5,5,5,5,5,5,255,5,255,5,5,10,10,255,255,5,5,5,5,5,5,5,5,5,255,5,5,5,10,255,255
1780853155.768185,478,50473018,2072,2053,1987,2102,1460,1135,933,755,732,2099,2043,2097,2029,1402,1083,887,777,2029,2043,2118,2110,2096,1348,1045,1008,2029,2066,2111,2112,2098,2100,1183,1139,1937,2098,2111,2089,2146,2135,1914,1062,2037,2105,2098,2126,2125,2031,1932,1080,2037,2103,2077,2120,2095,1988,2013,1087,2049,2126,2113,2129,1979,1981,2007,255,5,255,10,255,5,5,5,255,255,5,5,255,9,5,5,5,4,5,5,5,5,5,5,9,5,5,5,5,5,255,255,9,9,5,5,5,255,5,255,5,255,5,255,5,255,10,255,255,255,5,5,5,5,5,5,5,255,5,255,5,255,255,255
1780853155.867456,479,50573017,2072,2077,2103,2102,1460,1183,931,761,682,2038,2043,2083,2054,1402,1126,887,804,1186,2060,2080,2129,2096,1345,1022,988,2094,2080,2090,2108,2099,2110,1046,1120,2055,2054,2134,2085,2146,2093,1962,1103,2037,2100,2135,2133,2118,2031,1932,1126,2004,2129,2130,2116,2098,2071,2013,1105,2049,2107,2114,2095,2002,1981,2007,255,5,10,255,255,5,5,5,10,10,255,5,10,255,5,5,5,255,5,5,5,255,5,5,5,5,5,5,5,5,10,5,5,5,5,5,5,255,5,10,5,255,5,10,5,10,255,255,5,10,5,5,5,5,9,255,5,255,5,10,5,10,255,255
1780853155.967655,480,50673017,2072,2059,2103,2031,1460,1147,948,766,659,2038,2107,2069,2054,1303,1097,900,778,1186,2092,2062,2129,2108,1322,1071,1115,2017,2058,2088,2099,2101,2110,1125,1120,2061,2106,2109,2128,2146,2147,1890,1134,2037,2152,2133,2135,2095,2031,1932,1109,2004,2081,2115,2116,2097,2007,2005,1085,2049,2077,2160,2116,2002,1981,2007,255,5,255,10,255,9,5,5,5,255,10,5,255,10,5,5,5,255,5,5,255,10,5,5,5,5,5,5,5,5,255,5,5,5,5,5,5,255,5,5,5,255,5,5,5,5,255,255,5,255,5,5,255,5,5,10,5,255,5,5,5,255,255,255
1780853156.067379,481,50773017,2072,2059,2043,2061,1460,1097,913,762,709,2038,2022,2076,2087,1303,1091,886,767,1011,2086,2097,2117,2093,1345,1067,1024,2017,2074,2100,2098,2096,2110,1125,1177,2061,2116,2082,2134,2146,2104,1783,1150,2048,2127,2133,2119,2218,2084,1932,1094,2072,2089,2119,2148,2043,2000,2027,1090,2049,2110,2158,2140,1989,1981,2007,255,255,10,5,255,5,5,5,5,255,5,5,10,255,5,5,5,10,5,5,10,5,5,5,9,255,5,5,5,5,255,255,5,255,5,5,5,255,5,5,5,10,5,255,5,5,10,255,5,10,5,5,10,5,5,5,9,255,5,5,5,10,255,255
1780853156.168326,482,50873017,2086,2074,2043,2061,1404,1111,919,754,706,2038,2117,2121,2087,1303,1106,886,787,1029,2065,2121,2134,2096,1317,1068,1173,2074,2085,2108,2112,2159,2110,1132,1136,2022,2055,2089,2139,2066,2148,1963,1122,2048,2101,2134,2127,2156,2052,1932,1128,2004,2089,2110,2129,2043,1984,2027,1090,2049,2118,2102,2113,1989,1981,2007,10,10,255,255,10,5,5,5,5,255,5,5,255,255,5,5,5,5,5,5,5,5,5,5,5,10,5,5,5,5,255,10,5,10,5,5,5,10,5,5,5,255,5,10,5,5,5,255,9,5,255,5,5,255,5,255,5,255,5,5,5,5,255,255
1780853156.267390,483,50973017,2112,2072,2104,2061,1413,1135,930,747,715,2073,2117,2076,2087,1303,1136,888,769,1038,2120,2070,2134,2049,1232,1022,1146,2052,2085,2087,2101,2089,2089,1093,1139,2016,2059,2106,2109,2097,2131,1795,1115,1957,2097,2134,2106,2113,2052,1872,1114,2028,2117,2134,2093,2101,1961,2024,1039,2049,2120,2099,2113,1989,1981,1952,5,5,10,255,5,5,5,5,5,10,255,5,255,255,5,5,5,5,5,5,255,5,5,5,5,5,5,5,5,5,10,5,5,5,5,5,5,5,5,5,5,10,5,255,5,5,255,10,5,5,10,5,5,10,5,10,5,255,5,5,255,255,255,10
1780853156.367400,484,51073017,2046,2078,2104,2061,1413,1105,925,764,706,2073,2117,2095,2105,1367,1120,881,777,1064,2037,2085,2110,2049,1279,1048,1099,2052,2083,2092,2120,2123,2089,1163,1125,2027,2059,2109,2132,2097,2085,1795,1160,1972,2095,2129,2144,2113,2052,1925,1123,2076,2094,2083,2123,2101,1984,1944,1099,2049,2119,2106,2132,1990,2023,1952,5,5,255,255,255,5,5,5,5,255,255,5,10,10,5,5,5,5,5,5,10,255,5,5,5,255,5,5,5,5,255,5,5,5,255,5,5,255,5,255,5,5,5,10,5,5,255,5,5,5,5,5,5,255,5,5,5,255,5,5,10,10,10,255
1780853156.466104,485,51173017,2064,2077,2104,2085,1413,1153,933,758,715,2108,2117,2066,2105,1371,1117,878,766,1064,2066,2098,2104,2138,1279,1044,1080,2062,2063,2094,2084,2114,2104,1145,1127,2052,2162,2088,2149,2165,2087,1923,1144,1952,2124,2097,2103,2113,2052,1925,1086,2076,2102,2109,2115,2124,1944,1981,1092,2049,2165,2136,2118,1990,2023,1952,5,5,255,10,255,5,5,5,5,10,255,5,255,5,5,5,5,255,5,5,5,10,255,5,5,10,5,5,5,5,10,5,5,5,10,5,5,10,5,10,5,5,5,5,5,255,255,255,5,255,5,5,5,10,5,5,9,255,5,5,5,255,255,255
1780853156.567495,486,51273017,2064,2081,2006,2119,1413,1127,924,759,713,2067,2103,2116,2058,1371,1109,877,764,1012,2050,2075,2104,2103,1336,1100,1142,2025,2086,2103,2105,2096,2008,1145,1134,2077,2136,2113,2165,2142,2110,1923,1071,1952,2100,2097,2122,2185,2068,1925,1131,2021,2062,2103,2115,2059,1944,1990,1088,2049,2088,2113,2100,1990,2023,1952,255,5,10,5,255,5,5,5,255,5,10,5,10,255,5,5,5,10,5,5,255,5,10,5,5,5,5,5,5,5,5,255,5,5,5,5,5,5,5,255,5,255,5,255,5,10,10,255,5,10,5,5,5,5,255,5,5,255,5,5,5,255,255,255
1780853156.667980,487,51373017,2064,2022,2006,2062,1413,1116,912,758,2058,2077,2103,2111,2058,1356,1107,887,779,1120,2064,2073,2090,2103,1417,1064,1044,2025,2091,2097,2087,2087,2031,1145,1173,2077,2072,2089,2156,2082,2126,1923,1148,1952,2108,2097,2109,2145,2079,1925,1091,2021,2128,2088,2116,2047,2007,1990,1108,2049,2122,2123,2135,1949,2023,1952,255,5,255,5,255,5,5,5,4,5,255,5,255,10,5,5,5,9,5,5,10,255,5,5,5,255,5,5,5,5,5,255,5,255,5,5,5,5,5,255,5,255,5,255,5,5,5,255,5,255,5,5,5,5,10,255,5,255,5,5,5,10,255,255
1780853156.767707,488,51473018,2064,2022,2006,2062,1413,1109,914,757,741,2058,2103,2111,2040,1356,1105,882,774,1122,2017,2119,2090,2103,1298,1025,1089,2126,2090,2089,2110,2087,2031,1071,1136,2040,2127,2102,2113,2082,2198,1923,1136,1952,2109,2097,2118,2158,2069,1920,1120,2054,2120,2107,2119,2124,1979,1950,1087,2048,2137,2138,2091,1949,2023,1952,255,255,255,255,255,5,5,5,255,5,255,255,10,255,5,5,5,255,5,5,255,255,9,5,5,10,5,5,5,255,255,10,5,10,5,5,5,255,5,255,5,255,5,255,5,5,5,10,5,10,5,5,5,5,5,10,5,10,5,5,5,255,255,255
1780853156.869065,489,51573018,2040,2070,2006,2062,1413,1122,921,755,721,2058,2019,2111,2040,1356,1112,892,758,1122,2017,2104,2079,2103,1363,1026,1016,2098,2092,2086,2086,2102,2031,1154,1127,2040,2127,2093,2110,2082,2054,1900,1121,1952,2084,2127,2118,2117,2045,1920,1106,2069,2132,2092,2124,2153,2022,1950,1094,2048,2102,2130,2098,1996,2023,1952,10,10,255,255,255,5,5,5,10,255,10,255,255,255,5,5,5,255,255,5,10,255,5,5,9,5,5,5,5,10,255,5,5,255,255,5,5,255,5,10,5,255,5,10,255,5,5,255,5,5,5,5,5,5,5,255,5,255,5,5,5,10,255,255
1780853156.967346,490,51673018,2040,2070,2006,1963,1413,1120,932,747,744,2058,1971,2111,2040,1356,1093,902,766,1117,2042,2071,2095,2103,1250,1056,1200,2098,2082,2085,2130,2092,2101,1102,1142,2023,2127,2110,2106,2082,2091,1900,1105,1952,2109,2127,2110,2117,2040,1920,1131,2024,2104,2118,2066,2153,1987,1950,1085,2048,2114,2142,2112,1996,2023,1952,255,255,255,10,255,5,5,5,5,255,5,255,255,255,5,5,5,10,10,5,5,255,9,5,5,255,5,5,5,5,10,5,5,10,255,5,5,255,5,255,5,255,5,255,10,255,5,255,9,5,5,5,5,255,5,255,9,255,5,5,5,255,255,255
1780853157.067963,491,51773018,2040,2070,2006,1963,1509,1137,926,764,746,2040,1971,2031,2108,1392,1088,870,765,1117,2056,2092,2119,2103,1425,1044,1167,2094,2081,2095,2113,2084,2101,1102,1158,2023,2122,2094,2127,2082,2126,1900,1088,1952,2086,2152,2110,2117,2040,1920,1128,2024,2107,2127,2182,2108,1991,1968,1118,2048,2094,2170,2107,1979,2023,1952,255,255,255,255,10,5,5,5,5,10,255,10,10,10,9,5,5,255,5,5,5,255,5,5,5,10,5,5,5,5,255,255,9,255,10,5,5,255,5,255,5,255,5,10,255,255,255,255,5,255,5,5,5,10,5,10,5,255,5,5,5,10,255,255
1780853157.168174,492,51873017,2040,2087,2084,1963,1529,1146,934,753,706,2094,1971,2099,2108,1392,1108,891,767,1094,2094,2053,2067,2088,1340,1073,998,1906,2065,2091,2077,2105,2101,1102,1168,2023,2103,2096,2092,2082,2129,1887,1139,1952,2132,2091,2088,2130,2040,1875,1121,2024,2123,2069,2182,2108,2010,2005,1088,2048,2089,2120,2137,1979,2023,1952,255,10,10,255,5,5,5,5,5,5,255,5,255,255,5,5,5,10,5,5,5,10,5,5,9,5,5,5,5,5,255,255,5,255,5,5,5,255,5,10,5,255,5,5,10,10,255,10,5,255,5,5,255,255,5,5,5,255,5,5,5,255,255,255
1780853157.268575,493,51973017,2040,2087,2084,2041,1427,1137,925,758,736,2095,2085,2092,2063,1392,1109,885,759,1066,2102,2122,2104,2088,1255,1034,1079,2036,2062,2097,2085,2091,2101,1152,1115,2023,2100,2080,2109,2098,2108,1887,1086,2031,2081,2091,2133,2130,2088,1961,1118,2012,2079,2076,2095,2090,1957,1973,1072,2048,2135,2144,2114,2026,2023,1952,255,255,255,10,5,5,5,5,5,5,10,5,10,255,5,5,5,5,5,5,5,255,5,5,5,5,5,5,5,5,255,10,5,255,5,5,5,10,5,255,5,10,5,255,5,255,10,5,5,10,5,5,10,10,5,5,5,255,5,5,5,10,255,255
1780853157.367714,494,52073017,2040,2087,2084,2049,1378,1155,918,756,730,2072,2069,2100,2063,1429,1126,872,768,1081,2087,2077,2105,2088,1349,1033,1088,2036,2115,2103,2115,2151,2065,1073,1125,2065,2149,2093,2095,2110,2080,1817,1132,2031,2105,2088,2127,2130,2110,2032,1089,1996,2081,2062,2095,2121,1991,2021,1123,2048,2113,2144,2114,1973,2023,1952,255,255,255,5,5,5,5,5,5,5,5,5,255,10,5,5,5,5,5,5,5,255,5,5,5,255,5,5,5,5,10,5,9,10,5,5,5,5,5,10,9,255,5,10,5,255,5,5,5,5,5,5,255,5,5,5,5,255,5,255,255,5,255,255
1780853157.468065,495,52173017,2044,2068,2084,2049,1431,1147,929,750,748,2040,2100,2098,2063,1377,1114,879,803,1213,2124,2087,2110,2088,1299,1047,1103,2032,2100,2093,2067,2108,2065,1073,1128,1968,2149,2077,2127,2110,2101,1817,1161,2031,2100,2080,2078,2099,2077,1960,1134,1958,2101,2131,2121,2133,1986,2027,1153,2048,2141,2095,2124,1978,2023,1952,10,10,255,255,5,5,5,5,5,5,5,5,255,5,5,5,5,5,5,5,5,255,5,5,5,10,5,5,5,5,255,255,9,5,255,5,5,255,5,255,5,255,5,5,5,10,5,5,5,5,5,5,10,5,5,5,5,255,5,10,10,5,255,255
1780853157.567467,496,52273017,2052,2068,2084,2049,1435,1125,921,754,691,2068,2124,2117,2063,1348,1096,907,773,1213,2082,2086,2120,1938,1403,1013,925,2032,2062,2090,2103,2090,2062,1073,1149,1968,2139,2094,2131,2124,2123,1817,1120,2018,2110,2080,2084,2099,2077,1960,1149,1958,2100,2112,2104,2170,1949,2000,1135,2048,2122,2127,2121,1990,2023,1952,5,255,255,255,5,5,5,5,255,5,5,5,255,5,5,5,5,255,5,5,5,10,5,5,9,255,5,5,5,5,10,10,5,255,10,5,5,10,5,255,5,10,5,255,5,255,255,255,5,255,5,5,5,5,5,5,5,255,5,5,5,5,255,255
1780853157.667174,497,52373017,2153,2068,2084,2104,1435,1157,942,750,701,2077,2100,2078,2084,1332,1090,875,770,2074,2080,2090,2098,2091,1382,1057,997,2032,2089,2101,2121,2056,2095,1118,1083,2013,2084,2067,2132,2124,2074,1817,1179,2018,2137,2080,2142,2116,2106,1960,1081,2033,2098,2090,2129,2145,2014,2017,1135,2048,2120,2133,2131,1988,2004,1952,5,255,255,10,255,5,5,5,255,5,5,5,10,5,5,5,5,10,5,5,5,5,5,5,9,255,5,5,5,5,5,4,5,10,5,5,5,255,5,255,5,255,5,255,5,10,10,255,5,10,5,5,5,5,5,5,5,255,5,5,5,5,10,255
1780853157.777261,498,52483017,2020,2068,2084,2049,1427,1164,939,745,722,2114,2100,2077,2024,1393,1131,885,790,2074,2081,2107,2093,2073,1363,1075,877,2032,2096,2099,2107,2101,2070,1146,1107,2013,2084,2087,2111,2124,2089,1817,1123,2018,2075,2096,2080,2124,2004,1894,1128,2109,2074,2080,2093,2094,1961,2017,1054,2048,2158,2112,2136,2015,2004,1952,5,255,255,5,10,5,5,5,5,5,255,5,5,5,5,5,5,255,5,5,5,5,5,5,5,255,5,5,5,5,5,5,5,255,255,5,5,255,5,255,5,255,5,10,5,5,5,10,5,5,5,5,5,5,5,255,5,255,5,5,5,5,255,255
1780853157.877292,499,52583017,2020,2064,2000,2043,1427,1127,938,762,700,2114,2081,2086,2024,1393,1104,888,775,1112,2090,2109,2104,2073,1336,1048,1034,2094,2091,2102,2131,2097,2122,1146,1148,2013,2075,2097,2089,2124,2123,1817,1154,2018,2126,2086,2080,2089,2064,1894,1118,2011,2084,2098,2136,2097,1984,2028,1098,2048,2140,2111,2133,2002,2004,1952,255,10,10,5,255,5,5,5,5,255,10,5,255,255,5,5,5,10,5,5,5,255,5,5,5,10,5,5,5,5,5,255,5,255,10,5,5,255,5,255,5,255,5,5,255,5,5,255,9,5,5,5,5,5,5,10,5,255,5,5,5,5,255,255
1780853157.977512,500,52683017,2020,2108,2059,2018,1427,1124,918,749,716,2069,2081,2131,2037,1302,1109,885,769,1182,2047,2052,2113,2001,1406,1055,1076,1990,2084,2105,2142,2118,2122,1170,1105,2013,2090,2083,2129,2142,2143,1817,1158,2018,2089,2056,2080,2092,2064,1894,1085,2008,2103,2164,2106,2097,2017,2004,1080,2048,2102,2131,2133,2002,2004,1952,255,5,5,5,255,9,5,5,255,10,255,5,10,10,5,5,5,5,5,5,5,10,5,5,5,5,5,5,5,5,255,10,5,255,5,5,5,10,5,255,5,255,5,5,255,5,255,255,5,5,5,5,5,255,5,5,5,255,5,5,255,255,255,255
1780853158.077072,501,52783017,2020,2108,2066,2001,1617,1129,924,758,680,2038,2081,2139,2037,1302,1115,891,768,1015,2064,2118,2127,2050,1282,1056,1087,2060,2071,2099,2085,2108,2113,1169,1118,2073,2096,2130,2110,2142,2080,1817,1191,2018,2138,2105,2133,2101,2061,1959,1089,2084,2133,2105,2124,2072,1980,2033,1073,2048,2114,2142,2141,2002,2013,1952,255,255,5,5,10,5,5,5,5,5,10,5,255,255,5,5,5,5,5,5,5,5,5,5,5,5,5,5,5,5,10,5,5,10,5,5,5,255,5,255,5,255,5,5,10,5,10,10,5,5,5,5,5,10,5,5,5,255,5,5,10,255,10,255
1780853158.177397,502,52883018,2082,2067,2046,2001,1617,1141,925,760,701,2083,2052,2049,2037,1302,1111,886,772,1144,2064,2133,2127,2016,1305,1037,1117,2060,2069,2102,2132,2075,2124,1127,1103,2028,2131,2099,2106,2142,2036,1817,1149,2018,2107,2105,2105,2101,2061,1959,1120,2023,2110,2116,2119,2124,1968,2033,1104,2048,2122,2110,2127,2002,2013,1952,10,10,5,255,255,5,5,5,255,5,5,5,255,255,5,5,5,5,255,5,255,5,5,5,5,255,5,5,5,5,5,5,5,5,5,5,5,255,5,255,5,255,5,255,5,255,255,255,5,5,5,5,5,5,5,255,5,255,5,5,5,10,255,255
1780853158.277216,503,52983017,2043,2067,2042,2002,1415,1141,936,764,749,2029,2091,2088,1989,1302,1107,891,768,2080,2111,2119,2155,2064,1367,1065,1002,2005,2084,2101,2122,2139,2072,1127,1092,2118,2118,2104,2134,2066,2092,1817,1141,2018,2063,2109,2093,2101,2061,1979,1097,2003,2111,2100,2179,2124,1965,2005,1056,2048,2138,2104,2140,1974,2013,1952,5,255,5,10,10,5,5,5,5,5,5,5,10,255,5,5,5,4,10,5,10,5,5,5,5,10,5,5,5,5,5,255,5,5,5,5,5,10,5,255,255,255,5,10,5,255,255,10,5,5,5,5,5,255,5,10,5,255,5,5,5,5,255,255
1780853158.377139,504,53083017,2043,2136,2042,2011,1415,1144,924,772,776,2020,2091,2069,2114,1341,1113,856,777,1102,2063,2102,2088,2073,1274,1052,945,2005,2092,2090,2107,2100,2072,1095,1175,2118,2062,2105,2097,2123,2062,1817,1131,2018,2098,2138,2146,2088,2131,2016,1046,2011,2101,2105,2060,2174,1981,1981,1091,1480,2093,2136,2072,2006,2013,1952,255,10,255,5,255,5,5,5,5,5,255,5,5,10,5,5,5,255,5,5,5,5,5,5,5,255,5,5,5,5,255,255,255,255,5,5,5,5,5,255,5,255,5,5,5,10,10,5,5,5,5,5,5,10,5,5,5,10,5,5,5,5,255,255
1780853158.476128,505,53183017,2053,2024,2042,2011,1415,1144,930,759,744,2069,2096,2069,2114,1341,1109,877,782,1023,2059,2093,2078,2135,1346,1091,984,1950,2052,2092,2084,2110,2126,1119,1212,2087,2073,2073,2112,2123,2102,1806,1092,2018,2108,2063,2105,2085,2131,1909,1071,1975,2099,2151,2100,2041,2028,1978,1126,1480,2136,2127,2088,2006,2013,1952,10,5,255,255,255,5,5,5,5,5,10,5,255,255,5,5,5,255,5,5,5,5,9,5,5,10,5,5,5,5,10,255,5,10,5,5,5,255,5,10,5,255,5,5,5,5,255,5,255,9,5,5,5,5,5,5,5,255,5,5,5,255,255,255
1780853158.577210,506,53283017,2053,2043,2042,2011,1415,1129,926,755,717,2045,2096,2100,2114,1341,1108,883,777,1974,2066,2081,2135,2135,1330,1069,988,2048,2061,2083,2141,2098,2118,1129,1138,2063,2086,2103,2116,2180,2108,1806,1175,2018,2103,2112,2177,2167,2057,1909,1144,1975,2080,2069,2135,2092,1999,2017,1098,1480,2116,2156,2127,1989,2013,1952,255,5,255,255,255,5,5,5,5,5,255,5,255,255,5,5,5,4,5,5,5,255,5,5,9,5,5,5,5,5,5,5,5,5,5,5,5,10,5,255,5,255,5,5,5,5,10,255,5,255,5,5,5,5,5,5,9,255,5,5,5,10,255,255
1780853158.677673,507,53383017,2053,2049,1999,2011,1427,1128,928,743,712,2051,2165,2077,2029,1341,1084,889,751,1103,2094,2115,2123,2113,1299,1069,972,1449,2092,2080,2095,2105,2118,1176,1164,2063,2068,2106,2144,2062,2097,1921,1141,2055,2118,2138,2143,2065,2057,1930,1093,2104,2126,2162,2122,2105,1984,2017,1103,1480,2134,2108,2143,1989,2013,1952,255,5,10,255,10,5,5,5,5,5,10,5,10,255,5,5,5,5,5,5,5,10,5,5,5,5,5,5,5,5,255,5,9,255,5,5,5,5,5,10,5,10,5,5,5,5,255,10,5,10,5,5,5,5,5,255,5,255,5,5,5,255,255,255
1780853158.777436,508,53483017,2053,2049,1999,2011,1364,1120,933,748,720,2058,2165,2028,1976,1341,1069,877,763,1090,2078,2097,2108,2059,1289,1040,930,1449,2083,2106,2125,2074,2121,1116,1105,2043,2068,2103,2122,2062,2126,1849,1154,2055,2096,2104,2123,2065,2051,1930,1130,2035,2115,2102,2074,2103,1992,1987,1069,1480,2109,2117,2143,1995,2013,1952,255,255,255,255,9,5,5,5,5,5,255,5,5,255,5,5,5,5,9,5,5,5,5,5,5,255,5,5,5,5,10,5,5,10,255,5,5,255,5,5,5,255,5,5,5,255,10,255,5,5,5,5,5,5,5,10,5,255,5,5,255,10,255,255
1780853158.877523,509,53583017,2072,2057,1999,2021,1364,1131,917,746,733,2058,2087,2080,2017,1361,1129,885,772,1090,2068,2096,2065,2039,1291,1069,1032,1449,2088,2081,2109,2088,2107,1064,1161,2043,2105,2108,2106,2138,2118,1849,1157,2064,2112,2104,2057,2119,2075,1930,1099,2097,2087,2102,2149,2095,1940,1990,1095,1480,2146,2152,2109,1999,2013,1952,10,10,255,10,255,5,5,5,5,255,10,5,5,10,5,5,5,255,5,5,5,5,5,5,9,255,5,5,5,5,5,5,5,255,10,5,5,10,5,255,5,10,5,255,5,10,5,255,5,5,5,255,5,5,5,5,5,255,5,5,10,5,255,255
1780853158.977656,510,53683017,2058,2077,1999,2021,1364,1144,930,759,759,2096,2087,2068,2017,1361,1098,893,757,1131,2111,2083,2122,2039,1347,1029,1102,1967,2090,2095,2127,2110,2036,1106,1165,1611,2105,2102,2125,2126,2097,1849,1107,2064,2085,2104,2101,2140,2075,1930,1121,2097,2113,2091,2087,2075,1969,1983,1106,2124,2102,2130,2158,2006,2013,1952,5,5,255,255,255,5,5,5,5,10,255,5,255,255,5,5,5,10,5,5,5,255,5,5,5,10,5,5,5,5,5,5,5,10,255,5,5,5,5,255,5,255,5,255,5,5,255,255,5,255,5,10,5,5,5,5,5,10,5,5,5,5,255,255
1780853159.077164,511,53783017,2044,2077,1999,2021,1422,1153,925,760,720,2038,2062,2091,2017,1361,1091,866,781,1131,2057,2080,2104,2039,1335,1049,954,1967,2068,2095,2108,2074,2054,1154,1120,1952,2119,2110,2130,2112,2102,1849,1122,2064,2128,2104,2103,2140,2075,1930,1099,1975,2116,2100,2105,2075,1996,1993,1106,2124,2117,2110,2130,1949,2013,1952,5,255,255,255,10,5,5,5,5,5,10,5,255,255,5,5,5,255,5,5,5,255,5,5,5,255,5,5,5,5,5,5,9,4,10,5,5,5,5,255,5,255,5,255,5,255,255,255,5,10,5,5,5,255,5,5,5,255,5,5,5,5,255,255
1780853159.177304,512,53883017,2044,2077,2099,2021,1431,1155,915,744,738,2084,2040,2077,2017,1361,1089,884,766,1931,2057,2080,2110,2079,1357,1054,1173,2119,2078,2096,2122,2137,2072,1119,1133,1952,2048,2091,2114,2112,2087,1849,1118,2064,2101,2104,2125,2140,2034,1885,1129,2067,2081,2134,2123,2020,2016,2013,1141,2124,2083,2150,2097,1971,2013,1952,255,255,10,255,5,5,5,5,5,5,5,5,255,255,5,5,5,10,255,5,5,10,5,5,5,10,5,5,5,5,5,5,5,255,5,5,5,255,5,255,9,255,5,255,5,255,10,10,9,5,5,5,5,10,5,5,5,255,5,5,5,5,255,255
1780853159.278057,513,53983017,2044,2046,2052,2045,1469,1146,910,763,718,2028,2049,2077,2017,1361,1096,880,771,1095,2062,2102,2122,2061,1343,1044,1259,2119,2093,2105,2117,2111,2099,1149,1095,1952,2077,2091,2121,2112,2078,1849,1145,2064,2096,2104,2132,2090,2083,1942,1109,2070,2081,2060,2099,2067,2014,2013,1070,2124,2075,2115,2155,1971,2013,1952,255,10,5,10,5,5,5,5,5,5,5,5,255,255,5,5,5,5,10,5,5,5,5,5,5,255,5,5,5,5,5,5,9,255,5,5,5,255,5,255,5,255,5,255,5,10,5,5,5,5,255,5,5,5,5,255,5,255,5,5,5,255,255,255
1780853159.377574,514,54083017,2023,2077,2052,2045,1469,1148,929,755,716,2028,2049,2072,2017,1361,1100,870,754,2081,2062,2094,2088,2053,1313,1025,975,2034,2109,2099,2091,2088,2099,1183,1116,1952,2073,2088,2104,2074,2143,1849,1138,1972,2113,2104,2117,2127,2112,1942,1110,2030,2072,2104,2102,2105,1949,1951,1055,2124,2086,2084,2113,2034,1964,1952,10,5,255,255,255,5,5,5,5,255,255,5,255,255,5,5,5,5,255,5,5,5,5,5,5,10,5,5,5,5,255,5,5,255,5,5,5,10,5,255,5,10,5,255,5,5,5,255,5,5,10,5,5,5,5,10,5,255,5,5,5,10,10,255
1780853159.476105,515,54183018,2056,2102,2079,2045,1469,1132,929,760,2040,2099,2054,2136,2017,1406,1117,890,781,2081,2050,2080,2121,2053,1330,1070,891,2034,2105,2076,2109,2080,2099,1183,1156,2007,2095,2120,2101,2074,2140,1849,1094,1972,2128,2104,2097,2127,2075,1942,1131,2005,2137,2121,2149,2116,1949,1951,1089,1632,2098,2100,2113,1993,1964,1952,5,5,10,255,255,5,5,5,4,10,10,5,255,10,5,5,5,255,10,5,5,255,5,5,5,255,5,5,5,5,255,255,9,10,5,5,5,255,5,255,9,255,5,255,5,255,5,255,5,9,5,5,5,5,255,255,5,10,5,5,255,5,255,255
1780853159.577395,516,54283017,2056,2021,2079,2073,1469,1120,921,763,721,2073,2054,2099,2017,1398,1123,884,767,1965,2114,2057,2110,2053,1351,1052,1090,2112,2098,2114,2121,2108,2090,1118,1080,2007,2070,2058,2140,2074,2140,1849,1124,2046,2145,2104,2146,2142,2075,2022,1138,2031,2137,2126,2137,2103,1960,2048,1101,1632,2120,2104,2102,2033,1964,1952,255,5,255,10,255,5,5,5,255,5,255,5,255,5,5,5,5,10,5,5,5,255,5,5,5,10,5,5,5,5,10,10,5,255,5,5,5,255,255,255,5,10,5,255,5,10,255,10,5,5,255,5,5,5,10,10,5,255,5,5,10,5,255,255
1780853159.677272,517,54383017,2056,2101,2079,2051,1469,1143,929,750,696,2066,2054,2081,2065,1360,1109,878,774,1200,2076,2123,2132,2053,1313,1067,1001,2112,2089,2092,2075,2097,2033,1132,1154,2020,2046,2130,2118,2074,2105,1849,1140,2046,2092,2103,2148,2130,2077,2022,1098,2059,2104,2094,2137,2069,1997,2035,1084,1632,2122,2143,2120,2011,1964,1952,255,5,255,5,255,5,5,5,5,5,255,5,10,5,5,5,5,4,5,5,5,255,9,5,9,255,5,5,5,5,5,5,9,10,5,5,5,255,10,255,5,255,5,10,5,5,10,255,9,5,10,5,255,5,5,5,5,255,5,5,5,5,255,255
1780853159.777631,518,54483017,2115,2057,2079,2051,1483,1164,921,761,684,2044,2054,2159,2120,1360,1102,878,764,1200,2097,2075,2116,2053,1262,1056,1015,2112,2093,2090,2163,2092,2111,1155,1116,2027,2081,2110,2061,2147,2099,1849,1146,1918,2093,2057,2142,2143,2082,2022,1055,2110,2085,2119,2138,2092,1985,1986,1091,1632,2105,2131,2164,2050,1964,1952,10,5,255,255,10,5,5,5,5,5,255,5,5,255,5,5,5,255,5,5,5,255,5,5,9,255,5,5,5,5,5,5,5,5,5,5,5,10,5,255,5,10,5,5,5,5,5,255,5,5,5,5,10,5,5,5,5,255,5,5,5,5,255,255
1780853159.877003,519,54583017,2001,2057,2079,2061,1483,1134,928,760,709,2109,2103,2043,2120,1318,1105,891,781,2037,2092,2090,2099,2053,1291,1057,1043,2112,2097,2082,2119,2121,2089,1146,1123,2027,2097,2088,2145,2147,2071,1821,1148,1887,2106,2111,2102,2143,2012,1902,1073,2032,2125,2107,2180,2102,1985,1955,1079,1632,2089,2115,2168,2010,1964,1952,5,255,255,10,255,5,5,5,255,5,10,5,255,10,5,5,5,10,5,5,5,255,5,5,5,255,5,5,5,5,5,5,5,255,5,5,5,255,5,10,5,9,5,5,5,255,5,10,5,5,5,5,5,5,255,5,5,255,5,5,5,5,255,255
1780853159.977152,520,54683017,2001,2093,2062,2086,1452,1101,923,759,738,2090,2103,2072,2120,1318,1103,877,771,978,2075,2073,2077,2076,1287,1062,960,2112,2070,2095,2118,2135,2089,1146,1169,2027,2096,2095,2094,2093,2090,1821,1156,1887,2107,2127,2122,2143,2086,1960,1089,2041,2101,2116,2108,2141,1985,1955,1146,1632,2107,2141,2122,2023,1964,1952,255,10,10,5,10,9,5,5,255,5,255,5,255,255,5,5,5,4,5,5,5,10,5,5,9,255,5,5,5,5,255,255,5,255,5,5,5,10,5,255,5,255,5,5,5,255,5,5,5,5,5,5,5,5,255,255,5,255,5,5,5,5,255,255
1780853160.077161,521,54783017,2018,2051,2060,2001,1452,1142,927,765,768,2100,2074,2093,2120,1318,1115,883,783,1038,2060,2083,2099,2076,1376,1031,1022,2020,2066,2108,2106,2083,2069,1146,1116,2063,2080,2079,2112,2158,2136,1818,1144,2213,2086,2104,2160,2129,2077,1960,1106,2005,2066,2120,2104,2146,1995,1945,1074,1632,2082,2115,2140,2035,1964,1952,10,5,5,5,255,5,5,5,5,5,10,5,255,255,5,5,5,255,5,5,5,255,5,5,5,10,5,5,5,5,10,255,5,10,5,5,5,5,5,10,9,10,5,5,5,10,5,255,5,5,5,5,5,5,10,10,5,255,5,5,5,5,255,255
1780853160.177506,522,54883018,2018,2068,2060,2001,1452,1170,922,772,696,2026,2074,2093,2120,1318,1117,887,762,1115,2117,2083,2063,2076,1335,1056,1006,2058,2088,2091,2138,2117,2069,1146,1114,2099,2080,2062,2102,2158,2103,1818,1137,2213,2095,2104,2133,2119,2077,1999,1129,1934,2114,2080,2099,2072,2026,1991,1059,690,2124,2156,2162,2025,1964,1952,255,5,255,255,255,5,5,5,255,5,255,255,255,255,5,5,5,5,5,5,5,255,5,5,9,5,5,5,5,5,255,255,5,5,255,5,5,255,5,255,5,255,5,255,5,5,255,10,9,4,5,5,5,5,5,5,5,255,5,5,5,5,255,255
1780853160.277921,523,54983017,2018,2059,2060,2028,1452,1137,911,759,697,2082,2079,2093,2120,1354,1084,897,777,1115,2069,2114,2094,2120,1328,1075,1001,2091,2076,2093,2082,2106,2084,1160,1188,2099,2100,2109,2129,2157,2106,1818,1119,2213,2103,2081,2144,2103,2077,1963,1106,2024,2071,2141,2132,2098,1984,1991,1102,690,2100,2117,2119,1974,1971,1952,255,5,255,10,255,9,5,5,5,5,10,10,255,10,5,5,5,255,5,5,5,10,5,5,9,5,5,5,5,5,10,10,5,255,10,5,5,10,5,255,5,255,5,10,5,5,255,5,5,4,5,5,5,5,5,255,5,255,5,5,5,5,10,255
1780853160.377749,524,55083017,2018,2064,2057,2028,1343,1118,917,757,667,2082,2079,2141,2120,1354,1088,890,763,1115,2081,2081,2133,2072,1317,1032,1111,2047,2107,2089,2126,2141,2097,1106,1181,2061,2054,2076,2118,2157,2177,1818,1190,2213,2116,2081,2117,2155,2143,1921,1081,1706,2121,2118,2087,2110,1997,1991,1089,690,2117,2111,2103,1991,1971,1952,255,5,10,255,10,5,5,5,5,255,255,5,255,255,5,5,5,255,5,5,5,5,5,5,5,5,5,5,5,5,5,5,5,10,5,5,5,255,5,255,5,255,5,255,5,5,10,5,5,5,5,5,5,5,5,255,5,255,5,5,5,5,255,255
1780853160.477325,525,55183017,2018,2070,2084,2037,1443,1125,944,755,2070,2048,2079,1986,2120,1354,1110,883,773,2236,2099,2097,2211,2072,1432,1055,1078,2047,2079,2100,2132,2129,2158,1106,1152,2040,2049,2074,2112,2156,2110,1949,1182,2213,2102,2081,2109,2115,2049,1921,1086,2092,2072,2102,2144,2121,1982,1991,1092,690,2134,2110,2092,1975,1971,1952,255,5,5,10,5,9,5,5,5,10,255,5,255,255,5,5,5,10,5,5,5,255,5,5,5,255,5,5,5,5,5,255,5,5,5,5,5,10,5,10,5,255,5,255,5,5,5,255,5,4,5,5,5,5,5,255,5,255,5,5,5,5,255,255
1780853160.586764,526,55293017,2088,2059,2084,2085,1465,1131,925,750,728,2097,2052,2074,2120,1354,1110,878,774,1119,2022,2064,2110,2107,1549,1070,913,2047,2090,2108,2109,2104,2092,1193,1125,2036,2103,2099,2120,2112,2164,1949,1105,2067,2100,2081,2109,2119,2049,1921,1121,2044,2095,2140,2144,2117,1968,1954,1039,690,2129,2124,2043,1969,1971,1952,10,5,255,5,5,5,5,5,5,5,10,5,255,255,5,5,5,5,5,5,5,10,5,5,9,255,5,5,5,5,5,10,5,5,5,5,5,5,5,255,5,10,5,255,255,5,255,255,5,5,5,5,255,5,5,10,5,255,5,5,5,5,255,255
1780853160.687293,527,55393017,2037,2039,2084,2085,1401,1133,913,754,725,2071,2052,2061,2120,1441,1100,900,783,1119,2085,2087,2108,1982,1337,1037,1135,1304,2086,2102,2095,2130,2084,1129,1190,2043,2079,2091,2137,2112,2104,1949,1144,2067,2078,2137,2142,2176,2089,1921,1132,2084,2107,2077,2129,2117,1965,1980,1076,690,2105,2139,2117,1969,1985,1952,5,5,255,255,5,5,5,5,5,5,5,5,255,10,5,5,5,255,5,5,5,5,5,5,4,10,5,5,5,5,5,5,5,5,5,5,5,255,5,255,5,255,5,10,10,5,10,255,5,5,5,5,10,255,5,5,5,255,5,5,5,255,10,255
1780853160.787379,528,55493018,2085,2039,2084,2085,1486,1125,930,743,678,2071,2052,2099,2120,1441,1124,882,778,1119,2085,2107,2135,2137,1406,1042,883,1304,2105,2078,2162,2105,2085,1129,1135,2043,2129,2083,2130,2112,2101,1949,1128,2067,2122,2137,2170,2066,2039,1963,1104,2084,2086,2105,2154,2101,1993,2103,1124,690,2128,2117,2111,1969,1985,1952,5,255,255,255,5,5,5,5,5,255,255,5,255,255,5,5,5,255,255,5,5,5,5,5,5,255,5,5,5,5,5,255,5,255,5,5,5,255,5,255,5,255,5,255,5,5,5,10,5,255,5,5,5,10,5,5,5,255,5,5,5,255,255,255
1780853160.887318,529,55593017,2085,2019,2084,2050,1486,1141,919,768,733,2061,2111,2050,2120,1441,1094,875,780,1119,2023,2080,2088,2122,1323,1082,971,1304,2070,2092,2124,2105,2098,1135,1130,2069,2137,2090,2112,2086,2111,1841,1160,2067,2103,2104,2128,2066,2031,1963,1128,1986,2091,2105,2075,2089,1963,2010,1071,690,2127,2131,2122,1969,1985,1952,255,10,255,10,255,5,5,5,5,10,10,5,255,255,5,5,5,255,10,5,5,5,5,5,5,255,5,5,5,5,5,10,5,10,5,5,5,10,5,10,5,255,5,10,5,255,5,255,5,10,5,5,5,5,5,5,5,255,5,5,5,255,255,255
1780853160.987345,530,55693017,2085,2113,2121,2093,1486,1125,929,767,715,2061,2111,2076,2081,1441,1098,886,787,1119,2033,2103,2084,2102,1270,1050,1014,1304,2111,2094,2109,2122,2082,1167,1169,2060,2055,2100,2131,2086,2113,1572,1112,2067,2119,2115,2125,2103,2031,1963,1108,1983,2127,2142,2118,2089,1975,2010,1121,690,2112,2131,2105,1991,1985,1952,255,5,10,5,255,5,5,5,5,255,255,5,10,255,9,5,5,255,5,5,5,5,5,9,9,255,5,5,5,5,5,5,5,5,5,5,5,255,5,4,5,255,5,5,5,10,255,255,5,5,5,5,5,255,5,255,5,255,5,255,5,10,255,255
1780853161.087410,531,55793017,2085,2085,2059,2025,1244,1152,931,750,724,2061,2111,2140,2081,1441,1106,878,771,994,2110,2104,2107,2102,1307,1080,1111,1304,2088,2088,2144,2075,1992,1104,1133,1994,2084,2092,2099,2098,2119,1818,1093,2067,2120,2115,2083,2123,2028,1963,1083,1983,2103,2108,2119,2078,1959,2010,1078,690,2125,2114,2121,2024,1985,1952,255,5,5,5,10,5,5,5,5,255,255,5,255,255,5,5,5,255,5,5,5,255,9,5,5,255,5,5,5,5,5,5,5,5,5,5,5,10,5,4,5,255,5,255,5,5,10,255,5,255,5,5,5,10,5,255,5,255,5,10,5,5,255,255
1780853161.188340,532,55893018,2085,2085,2059,2025,1244,1148,930,759,681,2061,2111,2053,2081,1330,1129,903,800,994,2110,2065,2102,2102,1240,1030,975,1304,2077,2077,2125,2075,2077,1160,1122,2041,2084,2103,2116,2098,2107,1750,1083,2040,2113,2064,2152,2159,2028,1918,1100,1983,2105,2122,2157,2060,1959,2010,1055,690,2082,2114,2077,2070,1985,1952,255,255,255,255,255,5,5,5,255,255,255,4,255,10,5,5,5,255,255,5,5,255,5,5,9,255,5,5,5,5,5,5,5,5,255,5,5,255,5,5,5,10,5,10,5,5,255,10,9,255,5,5,5,5,255,255,9,255,5,5,5,5,255,255
1780853161.288391,533,55993017,2085,2101,2049,2040,1244,1171,927,763,694,2092,2120,2169,2081,1537,1098,892,762,994,2124,2116,2105,2064,1385,1036,1001,1304,2068,2098,2103,2118,2043,1068,1144,1994,2085,2067,2110,2159,2132,1750,1129,2040,2140,2064,2116,2106,2028,2045,1123,2052,2082,2097,2147,2146,1936,2036,1070,690,2115,2087,2166,2053,2047,1952,255,10,10,10,255,5,5,5,5,10,10,5,255,4,5,5,5,255,10,5,5,10,5,5,5,255,5,5,5,5,9,9,5,5,10,5,5,10,5,255,5,255,5,255,5,5,10,5,5,10,5,5,5,5,10,10,5,255,5,5,5,5,10,255
1780853161.388134,534,56093018,2085,2101,2081,2064,1244,1099,917,753,702,2014,2120,2056,2081,1380,1122,891,773,1016,2060,2095,2114,2064,1297,1058,1012,1987,2096,2097,2127,2061,2166,1111,1065,1994,2105,2077,2122,2159,2108,1750,1146,2040,2078,2064,2094,2106,2028,2045,1129,2039,2104,2112,2144,2095,1991,2036,1096,690,2122,2129,2126,2002,2047,1952,255,255,5,5,255,5,5,5,255,5,255,5,255,5,5,5,5,10,5,5,5,255,5,5,5,10,5,5,5,5,5,5,5,255,5,5,5,255,9,255,5,255,5,255,5,255,255,255,5,4,5,5,5,5,5,255,5,255,5,5,5,5,255,255
1780853161.487163,535,56193017,2085,2046,2033,2062,1244,1143,920,763,729,2014,2065,2094,2051,1322,1106,898,776,2031,2067,2109,2105,2080,1310,1083,1049,2096,2070,2099,2109,2147,2129,1134,1195,1920,2072,2110,2106,2074,2143,2041,1150,2040,2096,2053,2182,2106,2068,2045,1112,2053,2095,2131,2135,2113,1962,2036,1066,690,2113,2127,2112,2002,2047,1952,255,10,5,5,255,5,5,5,5,255,10,5,10,5,5,5,5,5,5,5,5,10,5,5,5,5,5,5,5,5,5,5,5,10,5,5,5,10,5,10,5,255,5,10,5,255,10,255,5,4,5,5,5,5,5,255,5,255,5,5,5,255,255,255
1780853161.586129,536,56293018,2085,2046,2033,2095,1244,1126,911,751,686,2038,2065,2079,2051,1322,1097,885,781,1179,2084,2081,2122,2072,1373,1032,1125,2037,2100,2130,2138,2142,2129,1134,1181,2191,2090,2105,2106,2074,2139,2041,1127,2040,2140,2134,2182,2104,2068,2045,1131,2084,2071,2095,2132,2173,2004,1983,1075,690,2086,2132,2112,2027,2047,1952,255,5,255,5,255,5,5,5,255,10,255,5,255,255,5,5,5,5,5,5,5,5,9,5,5,5,5,5,5,5,255,255,5,4,5,5,255,255,5,255,5,255,5,5,255,10,255,255,5,5,5,5,5,5,5,10,5,255,5,5,255,10,255,255
1780853161.687895,537,56393017,2085,2066,2059,2061,1244,1153,927,754,763,2031,2075,2096,2051,1322,1123,878,793,2036,2077,2079,2065,2095,1328,1066,918,2037,2089,2111,2123,2105,2041,1143,1117,2044,2045,2094,2092,2074,2130,1832,1123,2040,2094,2100,2133,2242,2031,2045,1121,2062,2126,2116,2132,2145,1995,1993,1089,690,2122,2138,2107,2006,2047,1952,255,5,10,5,255,9,5,5,255,5,10,5,255,255,5,5,5,4,5,5,5,5,5,5,5,255,5,5,5,5,10,10,5,5,5,5,10,255,5,10,5,255,5,5,10,5,10,255,5,5,5,5,255,5,5,5,5,255,5,5,10,5,255,255
1780853161.787429,538,56493018,2085,2066,2067,2050,1436,1135,938,754,763,2031,2070,2069,2109,1362,1098,884,772,2126,2099,2072,2075,2102,1285,1052,952,1963,2062,2079,2153,2108,2041,1143,1159,2044,2077,2081,2133,2074,2103,1780,1122,2040,2080,2130,2136,2242,2131,1930,1115,2062,2126,2110,2132,2145,1995,2026,1104,690,2128,2133,2097,2006,2047,1952,255,255,5,5,10,5,5,5,255,255,5,5,10,10,5,5,5,5,5,5,5,5,9,5,255,10,5,5,5,5,255,255,5,255,5,5,5,255,5,5,5,255,5,5,5,255,5,10,5,255,255,5,255,255,255,5,5,255,5,5,5,255,255,255
1780853161.887301,539,56593017,2085,2066,2067,2064,1563,1137,931,750,712,2092,2070,2092,2115,1353,1098,896,794,2126,1984,2061,2060,2149,1341,1048,883,2067,2067,2067,2099,2124,2073,1143,1167,2044,2077,2108,2095,2151,2173,1809,1137,2040,2127,2082,2109,2242,2072,1835,1104,2075,2127,2139,2141,2124,1987,2026,1086,690,2077,2087,2149,1987,2047,1952,255,255,255,5,5,5,5,5,255,10,255,5,5,5,5,5,5,255,5,5,5,5,5,5,9,5,5,5,5,5,10,255,9,255,255,5,5,10,5,5,5,255,5,5,5,255,5,5,5,10,10,5,10,10,10,255,5,255,5,5,5,10,255,255
1780853161.987250,540,56693017,2085,2066,2073,2060,1563,1103,945,767,710,2092,2057,2097,2115,1353,1124,871,768,949,2048,2105,2139,2053,1300,1060,1097,2067,2083,2102,2121,2078,2135,1143,1117,2039,2075,2053,2103,2151,2117,1822,1160,2040,2114,2111,2092,2103,2072,1977,1110,2112,2096,2112,2200,2097,1997,1976,1108,2050,2088,2120,2151,2002,2047,1952,255,255,10,5,255,5,5,5,5,255,10,5,255,255,5,5,5,255,5,5,5,5,5,5,5,255,5,5,5,5,9,255,5,10,10,5,5,255,5,5,5,255,5,5,5,10,255,5,5,5,5,5,5,5,5,10,5,10,5,5,5,5,255,255
1780853162.087488,541,56793017,2124,2075,2073,2042,1563,1135,927,762,718,2081,2057,2097,2115,1353,1100,875,743,949,2054,2144,2114,2053,1301,1053,921,1920,2109,2096,2104,2142,2072,1690,1168,2016,2119,2089,2121,2151,2173,1822,1084,2040,2122,2126,2135,2103,2077,1977,1148,2075,2077,2100,2154,2100,1969,1976,1057,2050,2115,2146,2134,2002,2047,1952,10,10,255,5,255,5,5,5,5,10,255,255,255,255,5,5,5,255,5,5,5,255,5,5,5,10,5,5,5,5,5,10,5,5,5,5,5,255,5,255,5,255,5,5,5,255,10,255,5,5,5,5,5,5,5,255,5,255,5,5,5,255,255,255
1780853162.187558,542,56893017,2124,2063,2073,2042,1486,1149,901,760,713,2046,2057,2083,2115,1353,1109,885,802,949,2148,2082,2118,2106,1326,1079,967,2013,2093,2088,2129,2073,2081,1054,1179,2039,2084,2120,2085,2120,2129,1822,1171,2040,2127,2126,2099,2103,2077,1977,1117,2075,2113,2095,2093,2137,1936,1976,1058,2050,2112,2111,2119,2002,2047,1995,255,5,255,255,10,9,5,5,5,5,255,10,255,255,5,5,5,255,3,5,5,10,5,5,5,5,5,5,5,5,5,4,5,5,5,5,5,10,5,255,5,255,5,255,5,255,255,255,5,255,5,5,5,5,5,10,5,255,5,5,5,255,255,10
1780853162.287402,543,56993017,2124,2076,2061,2042,1486,1138,922,753,710,2052,2128,2072,2115,1365,1125,881,764,1065,2072,2087,2096,2106,1264,1050,849,2013,2073,2082,2086,2075,2081,1710,1138,2039,2091,2103,2092,2120,2097,1963,1111,2040,2129,2096,2099,2116,2141,2114,1119,2035,2113,2143,2158,2143,1990,1977,1080,2050,2118,2123,2127,1991,2047,1995,255,5,10,255,255,5,5,5,5,5,10,5,255,10,5,5,5,10,5,5,5,255,5,5,9,255,5,5,5,5,255,4,5,255,5,5,5,255,5,10,5,255,5,10,255,10,10,10,5,10,255,5,5,5,5,5,5,255,5,5,5,10,255,255
1780853162.387331,544,57093017,2124,2076,2061,2037,1486,1164,927,752,686,2052,2106,2072,2115,1376,1085,902,771,1179,2094,2085,2096,2093,1299,1040,995,2013,2066,2084,2121,2101,2081,1710,1160,2036,2110,2088,2140,2169,2093,2069,1173,2040,2084,2096,2099,2109,2141,2114,1109,2035,2110,2112,2158,2122,1965,1932,1069,2072,2102,2120,2107,2024,2047,1995,255,255,255,10,255,5,5,5,5,255,5,255,255,5,5,5,5,5,5,5,5,10,5,5,9,255,5,5,5,5,255,255,5,10,5,5,5,10,5,5,5,255,5,5,255,5,255,255,5,255,10,5,255,5,5,5,5,10,5,5,5,5,255,255
1780853162.487473,545,57193017,2124,2064,2061,2037,1306,1158,908,757,699,2095,2073,2087,2115,1376,1086,892,791,1096,2067,2118,2096,2093,1358,1058,1075,2125,2096,2095,2074,2109,2137,1156,1091,2060,2119,2102,2136,2142,2115,2069,1162,2061,2116,2095,2108,2082,2066,2114,1088,2035,2110,2061,2144,2103,1992,1932,1073,2072,2127,2133,2132,2014,2047,2053,255,10,255,255,10,5,5,5,255,10,5,10,255,255,5,5,5,5,5,5,255,255,5,5,5,10,5,5,5,5,10,10,5,5,5,5,5,5,5,255,5,10,5,5,10,5,10,255,5,255,255,5,10,5,5,255,9,255,5,5,5,5,255,10
1780853162.587121,546,57293017,2124,2068,2060,2009,1306,1140,942,767,725,2065,2046,2066,2115,1376,1098,897,770,1050,2121,2081,2073,2055,1310,1048,974,2155,2056,2085,2110,2141,2037,1080,1152,2098,2057,2123,2119,2142,2127,1890,1156,2048,2103,2127,2128,2105,2086,2114,1111,2011,2099,2122,2077,2135,1973,1932,1076,2062,2124,2121,2132,2014,2047,2053,255,5,10,10,255,5,5,5,255,5,5,5,255,255,5,5,5,5,5,5,10,10,5,5,9,5,5,5,5,5,5,5,5,5,5,5,5,255,5,10,5,5,5,5,5,5,5,255,5,10,10,5,5,5,5,255,5,10,5,5,5,255,255,255
1780853162.685975,547,57393017,2076,2041,2084,2009,1306,1139,923,736,2050,2065,2066,2052,2115,1376,1130,884,748,2048,2047,2066,2127,2055,1307,1053,1020,2130,2096,2103,2091,2135,2084,1187,1135,2021,2115,2099,2120,2142,2137,1981,1118,2036,2100,2100,2130,2104,2086,2114,1105,1966,2085,2059,2129,2100,1985,2006,1085,2062,2122,2148,2112,1958,2047,2053,3,5,5,255,255,5,5,5,4,255,5,5,255,255,5,5,5,4,5,5,5,255,5,5,9,5,5,5,5,5,5,5,5,5,5,5,5,255,5,5,5,5,5,5,5,5,255,255,5,5,5,5,5,5,5,10,5,255,5,5,5,10,255,255
1780853162.788412,548,57493017,2102,2009,2084,2080,1468,1128,928,771,733,2118,2045,2052,1989,1376,1085,874,782,1058,2047,2095,2083,2055,1363,1077,1040,2130,2073,2110,2101,2096,2084,1124,1123,1961,2096,2098,2094,2110,2086,1783,1154,2036,2093,2129,2078,2104,2086,2114,1138,2086,2097,2107,2101,2079,1964,2006,1101,2062,2107,2174,2151,1992,2047,2053,5,5,255,10,10,5,5,5,5,10,5,255,10,255,5,5,5,4,255,5,5,255,5,5,5,255,5,5,5,5,255,5,5,5,5,5,5,10,5,5,5,255,5,5,5,255,255,255,5,5,5,5,5,5,5,255,9,255,5,5,5,5,255,255
1780853162.887408,549,57593017,2102,2073,2084,2050,1468,1148,933,758,682,2123,2079,2080,2111,1403,1114,893,769,1058,2084,2093,2116,2044,1318,1056,1062,2130,2081,2093,2116,2126,2015,1105,1179,2027,2096,2097,2085,2062,2051,1992,1157,2036,2110,2121,2136,2104,2086,2114,1132,2014,2097,2149,2117,2079,1965,2013,1115,2062,2103,2132,2083,1966,1976,2053,255,5,255,5,255,9,5,5,5,5,5,10,5,10,5,5,5,255,10,5,5,10,9,5,5,255,5,5,5,5,10,5,5,5,255,5,5,5,5,4,5,255,5,5,5,255,255,255,5,5,255,5,5,255,5,10,9,255,5,5,5,5,10,255
1780853162.987568,550,57693018,2102,2073,2084,1996,1468,1126,921,745,737,2043,2048,2123,2111,1403,1068,895,775,1967,2109,2104,2086,2028,1297,1063,1107,2130,2079,2096,2111,2134,2015,1068,1142,2143,2096,2089,2093,2062,2199,1992,1130,2036,2071,2121,2107,2137,2052,2114,1089,2014,2082,2146,2118,2143,1963,1976,1083,2062,2147,2124,2144,1966,1938,2053,255,255,255,5,255,5,5,5,255,5,5,5,255,255,5,5,5,10,5,5,5,5,5,5,5,255,5,5,5,5,255,5,5,5,255,5,5,255,5,255,5,255,5,255,5,10,10,255,5,255,10,5,5,10,5,5,5,255,5,5,5,255,3,255
1780853163.087237,551,57793017,2102,2060,2096,2033,1478,1146,920,741,660,2048,2048,2071,2111,1390,1118,898,766,1994,2087,2091,2118,2031,1421,1010,1090,2064,2099,2078,2126,2130,2015,1142,1104,1905,2079,2075,2091,2179,2123,1992,1104,2036,2104,2091,2139,2137,2096,2114,1135,2040,2082,2141,2112,2143,1984,1978,1089,2062,2155,2127,2144,1986,1938,2053,255,10,10,5,10,5,5,5,5,5,255,5,255,10,5,5,5,5,5,5,5,5,5,5,5,10,5,5,5,5,255,5,5,4,10,5,5,10,5,255,5,255,5,10,5,255,5,255,5,10,255,5,5,255,5,5,9,255,5,5,255,10,255,255
1780853163.187166,552,57893017,2094,2060,2033,2073,1516,1132,931,753,763,2048,2040,2130,2111,1442,1124,891,770,1050,2033,2071,2098,2031,1442,1090,1032,2064,2062,2121,2116,2099,2089,1082,1161,1905,2097,2096,2087,2126,2132,1870,1109,2037,2116,2091,2139,2137,2009,2114,1129,2094,2096,2117,2112,2037,2009,1959,1105,2062,2115,2120,2092,2020,1938,2053,10,255,5,5,5,5,5,5,5,255,10,5,255,5,5,5,5,255,5,5,5,255,5,5,5,255,5,5,5,5,10,5,5,255,5,5,5,5,5,10,5,10,5,255,255,255,5,255,5,5,10,5,255,10,5,5,5,255,5,5,10,5,255,255
1780853163.297970,553,58003017,2118,2060,2033,2053,1516,1109,918,741,759,1990,2040,2070,2111,1413,1133,879,774,1185,2048,2093,2083,1945,1492,1049,873,2064,2088,2074,2104,2112,2105,1183,1156,2072,2094,2076,2171,2126,2064,1758,1157,2152,2085,2095,2112,2118,2009,2114,1098,2005,2115,2103,2125,2090,2009,1940,1083,2062,2117,2139,2107,1971,1938,2053,5,255,255,5,255,5,5,5,5,10,255,5,255,5,5,5,5,9,5,5,5,10,5,5,5,255,5,5,5,5,5,5,9,10,5,5,5,255,5,9,9,5,5,10,10,10,255,255,5,5,5,5,10,5,255,5,5,255,5,5,5,5,255,255
1780853163.397267,554,58103017,2039,2014,2033,2053,1516,1169,922,760,710,2017,2040,2103,2082,1413,1149,907,783,1169,2038,2092,2069,1945,1347,1032,926,1380,2089,2096,2136,2120,2105,1137,1133,2032,2087,2119,2108,2086,2124,1857,1104,2055,2103,2104,2119,2091,2067,1955,1112,1968,2160,2128,2125,2058,1949,1977,1075,2062,2096,2124,2109,1985,2003,2053,5,10,255,255,255,5,5,5,255,5,255,5,10,255,5,5,5,5,5,5,5,255,5,5,9,10,5,5,5,5,255,5,5,5,5,5,5,10,5,5,5,5,5,5,5,5,10,10,5,5,5,5,255,5,10,5,5,255,5,5,5,5,10,255
1780853163.497277,555,58203017,2039,2070,2060,2028,1465,1165,938,757,742,2087,2027,2103,2090,1413,1078,894,776,1046,2115,2104,2067,2068,1254,1084,987,2101,2094,2089,2102,2107,2061,1137,1095,2063,2084,2116,2094,2109,2039,1857,1146,2103,2137,2104,2130,2123,1995,1967,1113,2034,2122,2155,2106,2058,1979,1959,1086,2062,2131,2113,2170,1988,2003,2053,255,5,10,10,10,5,5,5,255,5,10,255,5,255,5,5,5,255,5,5,5,10,9,5,9,4,5,5,5,5,10,255,5,5,5,5,5,5,5,255,9,5,5,255,5,5,5,5,9,5,5,5,10,255,5,5,5,255,5,5,5,5,255,255
1780853163.597234,556,58303017,2039,2070,2024,2067,1454,1128,945,751,734,2073,2049,2078,2090,1413,1111,888,775,2079,2115,2100,2077,2098,1306,1046,1046,2023,2060,2095,2137,2115,2083,1155,1145,2063,2095,2092,2088,2109,2135,1746,1143,2127,2072,2151,2055,2101,1995,1967,1126,2039,2099,2112,2091,2113,1970,2015,1099,2062,2106,2148,2102,1990,2003,2053,255,255,5,5,9,5,5,5,5,5,5,10,255,255,5,5,5,4,255,5,5,5,5,5,5,5,5,5,5,5,5,10,9,255,5,5,5,255,5,10,5,5,5,10,5,5,255,255,5,5,5,5,5,10,5,5,5,255,5,5,5,5,255,255
1780853163.695982,557,58403017,2069,2099,2024,2050,1363,1149,920,753,702,2092,2073,2037,2090,1413,1122,866,758,1185,2064,2097,2086,2098,1239,1060,952,2024,2067,2097,2079,2105,2116,1155,1118,2011,2130,2100,2120,2142,2061,1746,1142,2127,2054,2151,2070,2165,2061,1967,1109,2073,2145,2111,2083,2078,1986,2039,1097,2062,2089,2118,2099,2043,2003,2053,10,10,255,5,5,5,5,5,255,5,5,5,255,255,5,5,5,4,10,5,5,255,5,5,5,5,5,5,5,5,5,255,9,10,5,5,5,10,5,255,5,255,5,255,5,5,10,255,9,5,5,5,5,5,5,5,9,255,5,5,5,5,255,255
1780853163.797123,558,58503017,2069,2099,2024,2119,2044,1152,946,765,724,2071,2007,2033,2090,1343,1126,885,756,1185,2081,2021,2145,2098,1242,1028,1006,2024,2067,2082,2097,2077,2084,1160,1157,2037,2130,2125,2074,2187,2081,1746,1153,2084,2107,2142,2146,2165,2111,1967,1107,2069,2082,2096,2113,2098,1994,2039,1095,2062,2109,2111,2107,1987,2003,2053,255,255,255,5,4,5,5,5,5,5,5,5,255,10,5,5,5,255,5,5,5,255,5,5,5,255,5,5,5,5,5,10,5,5,255,5,5,5,5,255,5,10,5,10,5,255,5,255,5,5,5,5,5,5,5,255,5,255,5,5,5,5,255,255
1780853163.897187,559,58603018,2069,2099,2024,2119,2044,1129,916,755,711,2085,2007,2095,2090,1343,1095,882,759,1007,2059,2126,2114,2098,1376,1041,980,1340,2080,2086,2119,2110,2131,1135,1185,2037,2130,2074,2165,2187,2120,1896,1117,2084,2104,2155,2100,2129,2111,1967,1125,2042,2108,2135,2087,2110,2009,2039,1093,2062,2109,2130,2123,1987,2003,2053,255,255,255,255,255,5,5,5,5,5,255,5,255,255,5,5,5,255,5,5,5,255,5,5,9,3,5,5,5,5,5,5,9,255,255,9,5,5,5,10,5,255,5,5,5,10,255,255,5,5,5,5,5,5,5,255,5,255,5,5,5,255,255,255
1780853163.997316,560,58703017,2069,2099,2024,2069,1592,1142,921,762,738,2085,2007,2100,2014,1343,1108,910,775,1007,1962,2067,2092,2095,1349,1080,971,1340,2072,2098,2097,2114,2091,1124,1101,2065,2130,2102,2086,2157,2111,1896,1117,2084,2056,2155,2166,2149,2081,1967,1096,2042,2138,2088,2159,2109,1956,1988,1114,2062,2120,2089,2095,2000,2003,2053,255,255,255,10,10,5,5,5,255,255,255,5,10,255,5,5,5,255,5,5,5,10,5,5,5,255,5,5,5,5,5,5,5,10,255,5,5,5,5,255,5,255,5,255,5,9,10,255,5,255,5,5,5,5,5,10,5,255,5,5,5,10,255,255
1780853164.097228,561,58803017,2069,2080,2077,2086,1755,1111,927,755,703,2039,2007,2067,2014,1297,1096,876,773,2100,2085,2099,2140,2095,1368,1051,1007,2003,2068,2083,2092,2118,2091,1141,1121,2065,2073,2073,2107,2123,2141,1896,1158,2023,2116,2075,2166,2096,2081,1930,1070,2058,2091,2089,2133,2129,1990,1975,1116,2062,2104,2116,2133,2000,2003,2053,255,10,10,5,4,5,5,5,255,10,255,5,255,10,5,5,5,10,5,5,5,255,5,5,9,10,5,5,5,5,255,5,5,255,10,5,5,5,5,255,5,10,5,10,255,5,5,10,5,10,5,5,5,5,5,5,5,255,5,5,5,255,255,255
1780853164.197159,562,58903017,2069,2054,2036,1984,1641,1081,928,749,695,2039,2007,2083,2014,1297,1096,897,767,1089,2085,2076,2133,2109,1380,1091,958,2085,2125,2098,2112,2086,2092,1145,1123,2104,2054,2111,2128,2123,2076,1696,1136,1893,2125,2064,2127,2160,2100,1930,1102,1967,2076,2096,2129,2129,2009,1951,1097,2062,2118,2102,2116,2000,2003,2053,255,5,5,5,5,5,5,5,5,255,255,5,255,255,5,5,5,4,255,5,5,10,5,5,9,5,5,5,5,5,10,5,9,10,5,5,5,255,5,10,5,4,5,5,10,5,5,255,9,5,5,5,5,255,5,5,5,255,5,5,5,255,255,255
1780853164.297197,563,59003017,2069,2055,2029,1984,1504,1150,925,752,2098,2049,2051,2058,2014,1296,1104,900,782,1089,2079,2124,2060,2074,1297,1074,898,2085,2089,2102,2131,2165,2039,1212,1131,2041,2092,2083,2101,2123,2069,1803,1163,1893,2071,2101,2107,2104,2050,1930,1098,1999,2124,2115,2136,2076,1966,1983,1040,2062,2102,2112,2095,2000,2003,2053,255,5,5,255,5,5,5,5,4,10,10,5,255,10,5,5,5,255,10,5,5,5,5,5,5,255,5,5,5,5,5,5,5,5,5,5,5,255,5,5,5,255,5,5,5,5,5,255,5,4,5,5,5,10,5,5,5,255,5,5,5,255,255,255
1780853164.396953,564,59103017,2069,2104,2101,1984,1382,1121,931,749,695,2049,2100,2047,2048,1296,1098,893,783,1102,2058,2093,2079,2074,1419,1068,1126,2085,2082,2090,2099,2124,2103,1132,1114,2039,2121,2083,2097,2123,2134,1871,1117,1893,2121,2067,2144,2165,2084,1930,1115,2089,2162,2126,2087,2110,1996,1997,1100,986,2115,2127,2121,2000,2003,2053,255,5,5,255,5,5,5,5,5,5,5,5,10,255,5,5,5,10,5,5,5,255,5,5,5,255,5,5,5,5,5,5,5,5,5,5,5,255,5,5,5,255,5,5,5,5,5,255,5,5,5,5,5,5,5,5,5,255,5,5,5,255,255,255
1780853164.497164,565,59203017,2042,2097,2040,2080,1382,1125,946,753,732,2047,2100,2076,2048,1296,1117,875,761,1102,2025,2076,2140,2019,1325,1052,925,2065,2098,2095,2098,2091,2103,1048,1133,2022,2083,2094,2128,2123,2115,1871,1096,1893,2099,2067,2113,2100,2105,1952,1113,2043,2121,2087,2130,2074,1990,1981,1112,986,2105,2091,2100,1968,2003,2053,10,5,5,10,255,5,5,5,5,5,255,5,255,255,5,5,5,255,5,5,5,10,9,5,5,10,5,5,5,5,255,4,5,5,5,5,5,255,5,255,5,255,5,255,5,5,5,10,5,5,5,5,5,5,5,5,9,255,5,5,5,10,255,255
1780853164.597177,566,59303017,2042,2097,2040,2067,1382,1138,938,753,692,2124,2100,2065,2048,1296,1077,871,758,2028,2057,2078,2089,2019,1287,1051,1147,2113,2064,2079,2078,2089,2063,1106,1161,2022,2138,2111,2108,2167,2077,1871,1116,1893,2113,2164,2094,2179,2105,1952,1089,2063,2082,2140,2115,2089,1980,1963,1108,986,2094,2095,2108,1968,2003,2018,255,255,255,5,255,5,5,5,5,5,255,5,255,255,5,5,5,10,5,5,5,255,9,5,5,9,5,5,5,5,10,4,5,255,5,5,5,10,5,255,5,255,5,10,5,5,255,255,5,5,5,5,5,5,5,5,5,255,5,5,5,255,255,10
1780853164.696101,567,59403017,2074,2078,2040,2067,1470,1151,929,760,754,2092,2076,2092,2060,1362,1096,887,778,2028,2057,2115,2102,2019,1306,1055,1108,2113,2097,2116,2083,2136,2063,1140,1182,2118,2071,2069,2098,2059,2126,1802,1135,2051,2139,2028,2137,2124,2064,1952,1122,2063,2107,2130,2116,2092,1991,2009,1074,986,2111,2114,2166,1994,2003,2018,10,10,255,255,10,5,5,5,5,5,10,5,10,10,5,5,5,255,255,5,5,255,9,5,5,255,5,5,5,5,255,5,9,10,5,5,5,5,5,10,5,10,5,5,5,5,10,255,5,255,5,5,5,5,5,5,9,255,5,5,5,10,255,255
1780853164.797253,568,59503017,2074,2076,2040,2012,1470,1141,919,764,704,2087,2076,2086,2110,1346,1108,892,763,1041,2057,2073,2095,2019,1310,1052,1160,2113,2097,2095,2112,2071,2063,1153,1121,2019,2071,2043,2106,2059,2149,1858,1105,2051,2088,2028,2123,2159,2074,1966,1118,2097,2111,2141,2119,2060,1946,1994,1078,986,2120,2097,2166,1994,2003,2018,255,5,255,10,255,5,5,5,255,5,255,5,5,5,5,5,5,3,255,5,5,255,5,5,5,255,5,5,5,5,255,5,5,5,255,5,5,255,5,5,5,255,5,255,5,5,5,10,5,10,5,5,5,5,5,5,5,255,5,5,255,255,255,255
1780853164.897302,569,59603017,2074,2066,2040,2012,1388,1131,928,760,708,2063,2076,2074,2110,1346,1109,888,777,1136,2049,2116,2085,2054,1294,1046,1084,2070,2088,2094,2121,2103,2118,1138,1110,2019,2104,2074,2145,2096,2107,1986,1123,2051,2114,2134,2118,2105,2074,1990,1113,2063,2104,2095,2067,2108,1951,1994,1056,986,2133,2123,2135,1994,2003,2018,255,5,255,255,10,5,5,5,5,5,255,5,255,255,5,5,5,5,10,5,5,10,5,5,5,10,5,5,5,5,10,5,5,255,10,5,5,10,5,5,5,255,5,10,5,5,255,5,5,5,5,5,5,5,5,255,5,255,5,5,10,255,255,255
1780853164.997257,570,59703017,2108,2066,2040,2068,1410,1137,911,760,690,2021,2076,2074,2110,1337,1113,890,754,1136,2102,2171,2097,2038,1311,1032,1112,2021,2064,2088,2102,2112,2118,1061,1137,2019,2120,2078,2097,2096,2184,1986,1112,2051,2117,2134,2138,2105,2010,1863,1111,2010,2121,2107,2089,2090,1980,1994,1071,986,2133,2174,2153,1937,2003,2018,10,255,255,10,9,5,5,5,5,5,255,255,255,10,5,5,5,255,5,5,5,5,5,5,5,5,5,5,5,5,255,5,5,255,5,5,5,255,5,255,5,255,5,255,5,255,10,5,5,5,5,5,5,5,5,255,5,255,5,5,5,10,255,255
1780853165.097073,571,59803017,2108,2089,2040,2038,1410,1161,915,752,737,2033,2051,2073,2110,1337,1105,888,787,1181,2045,2116,2076,2118,1280,1045,1020,2061,2083,2078,2085,2100,2108,1151,1151,2031,2078,2129,2106,2142,2131,1986,1098,2061,2099,2134,2080,2105,2144,1870,1091,2127,2128,2075,2133,2181,2034,2008,1049,986,2146,2106,2127,2000,2003,2018,255,10,255,5,255,5,5,5,255,5,10,10,255,255,5,5,5,10,5,5,5,5,5,5,5,5,5,5,5,5,10,4,5,10,5,5,5,10,5,255,5,10,5,255,5,255,5,5,5,5,5,5,5,5,5,10,5,255,5,5,5,5,255,255
1780853165.197276,572,59903017,2108,2089,2112,2038,1410,1174,947,754,719,2075,2060,2096,2110,1288,1111,890,783,1098,2078,2121,2084,2010,1397,1040,1142,2061,2088,2094,2108,2115,2143,1117,1097,2102,2078,2066,2111,2117,2129,1986,1149,2041,2105,2075,2170,2105,2144,1870,1090,2086,2131,2101,2117,2061,2022,2008,1126,986,2104,2154,2127,2000,2003,2018,255,255,10,255,255,5,5,5,5,5,5,5,255,10,5,5,5,5,5,5,5,5,5,5,5,255,5,5,5,5,5,5,5,5,255,5,5,5,5,255,5,5,5,10,5,255,255,255,5,5,5,5,5,5,5,255,5,255,5,5,255,255,255,255
1780853165.297200,573,60003017,2064,2034,2112,2038,1544,1104,936,764,740,2093,2035,2096,2110,1427,1105,892,787,1030,2110,2105,2082,2010,1422,1050,870,2078,2090,2096,2108,2112,2111,1128,1168,2017,2059,2071,2083,2165,2149,1918,1114,2041,2081,2121,2127,2137,2156,1870,1114,2090,2126,2089,2162,2077,1964,1995,1136,986,2110,2145,2105,2007,2003,2018,10,10,255,10,10,5,5,5,5,5,5,255,255,5,5,5,5,255,5,5,5,255,5,5,9,10,5,5,5,5,5,5,5,5,10,5,5,5,5,10,5,255,5,5,5,10,10,255,5,5,5,5,5,5,5,10,5,255,5,5,10,10,255,255
1780853165.396968,574,60103016,2074,2051,2076,2125,1544,1113,919,758,665,2093,2086,2133,2110,1427,1097,864,797,1093,2092,2142,2056,2137,1415,1069,1038,2134,2065,2087,2097,2140,2125,1100,1095,2003,2035,2124,2114,2122,2070,1976,1130,2041,2107,2105,2107,2071,2156,1962,1107,2040,2095,2101,2141,2077,1973,1942,1090,986,2100,2172,2111,1997,2000,2018,5,5,10,5,255,5,5,5,5,255,5,10,255,255,5,5,5,5,5,5,5,10,5,5,9,5,5,5,5,5,5,5,5,5,5,5,5,5,5,5,5,255,5,5,5,5,255,10,5,5,5,5,5,255,5,5,5,255,5,5,5,5,10,255
1780853165.497077,575,60203017,2074,2010,2082,2125,1462,1117,932,770,715,2075,2062,2095,2110,1427,1119,876,776,1073,2058,2083,2077,2137,1383,1047,1004,2112,2075,2108,2125,2092,2058,1087,1189,1996,2047,2092,2140,2122,2063,1762,1129,2041,2117,2105,2101,2071,2097,1962,1098,2041,2111,2127,2099,2063,1966,1971,1083,986,2106,2123,2107,2084,2000,2018,255,5,5,255,10,5,5,5,5,10,5,5,255,255,5,5,5,5,5,5,5,255,5,5,5,5,5,5,5,5,5,5,5,5,5,5,5,255,5,4,5,255,5,255,5,255,10,255,5,5,5,5,5,10,5,5,5,255,5,5,5,5,255,255
1780853165.597099,576,60303017,2084,2010,2084,2125,1462,1129,910,771,661,2075,2106,2040,2110,1427,1097,889,758,1133,2067,2109,2139,2076,1368,1065,1003,2112,2088,2095,2109,2136,2089,1126,1157,2040,2082,2108,2111,2103,2104,1762,1120,2009,2123,2105,2091,2162,2037,1962,1095,1870,2161,2060,2112,2061,2002,1971,1065,986,2110,2152,2112,2084,2000,2018,10,255,5,255,255,9,5,5,255,255,5,5,255,255,5,5,5,9,5,5,5,10,5,5,9,255,5,5,5,5,5,5,5,5,5,5,5,10,5,255,5,10,5,255,5,10,5,255,9,9,5,5,5,5,5,255,5,255,5,5,5,255,255,255
1780853165.697212,577,60403017,2084,2095,2084,2044,1529,1168,926,759,754,2044,2076,2092,2110,1427,1120,885,793,1027,2019,2141,2125,2093,1298,1043,863,1948,2075,2108,2087,2139,1980,1172,1198,2040,2115,2120,2165,2103,2158,1812,1115,2009,2113,2118,2153,2090,2094,1962,1121,2088,2161,2099,2112,2101,1971,1947,1090,986,2131,2087,2079,2084,2000,2018,255,10,255,10,10,5,5,5,255,10,5,5,255,255,5,5,5,255,5,5,5,5,5,5,5,10,5,5,5,5,5,5,5,255,5,5,5,255,5,10,9,255,5,10,5,5,5,255,5,4,255,5,5,5,5,10,5,255,5,5,5,255,255,255
1780853165.797194,578,60503017,2084,2071,2104,2044,1529,1163,911,761,717,2056,2071,2050,2110,1427,1112,888,780,1027,2107,2102,2104,2093,1358,1084,1086,2109,2080,2099,2115,2099,2150,1172,1079,2018,2115,2094,2143,2182,2103,1812,1147,2009,2122,2118,2164,2134,2028,1924,1076,1378,2169,2038,2147,2087,1989,1996,1095,986,2135,2131,2140,2004,2000,2018,255,5,10,255,255,5,5,5,5,5,5,5,255,255,5,5,5,255,5,5,5,255,5,5,5,5,5,5,5,5,5,255,5,10,5,5,5,10,5,255,5,255,5,255,5,5,5,10,5,4,10,5,5,5,5,5,5,255,5,5,5,10,255,255
1780853165.897014,579,60603017,2084,2093,2043,2053,1487,1116,932,757,719,2046,2071,2102,2110,1427,1101,885,768,1068,2099,2081,2105,2076,1340,1070,1051,2109,2065,2080,2128,2116,2160,1172,1194,2018,2080,2097,2155,2117,2139,1659,1183,2009,2136,2089,2164,2096,2028,1924,1106,2024,2065,2082,2130,2050,1961,2011,1093,986,2114,2103,2096,1929,1947,2018,255,5,5,10,10,5,5,5,5,5,255,5,255,255,5,5,5,10,5,5,5,10,5,5,5,255,5,5,5,5,5,255,5,255,5,5,5,5,5,10,5,255,5,10,255,5,255,255,5,4,5,5,5,5,5,5,9,255,5,5,5,5,10,255
1780853166.007410,580,60713017,2059,2149,2043,2053,1471,1116,942,746,693,2046,2071,2091,2110,1427,1110,892,755,1068,2070,2091,2108,2076,1280,1035,1000,2040,2058,2078,2103,2143,2160,1119,1131,2054,2063,2122,2144,2117,2099,1659,1133,2009,2070,2113,2118,2138,2113,1994,1111,2077,2085,2103,2119,2069,2007,1966,1112,986,2103,2133,2119,2042,1947,2018,10,5,255,255,5,5,5,5,5,255,255,5,255,255,5,5,5,255,5,5,5,255,5,5,5,10,5,5,5,5,255,10,5,10,5,5,5,255,5,255,5,255,5,5,10,5,10,10,9,5,5,5,5,5,5,5,5,255,5,5,5,5,255,255
1780853166.107434,581,60813018,2059,2149,2043,2035,1471,1125,909,752,703,2115,2060,2097,2110,1273,1111,881,780,1058,2104,2098,2079,2076,1398,1052,1085,2040,2073,2093,2086,2181,2160,1164,1120,2054,2119,2108,2145,2117,2095,1659,1119,2121,2070,2113,2160,2103,2113,1994,1141,1949,2110,2103,2067,2126,2002,1966,1072,986,2130,2128,2095,1983,1947,2018,255,255,255,10,255,5,5,5,255,10,10,5,255,10,5,5,5,10,5,5,5,255,5,5,9,255,5,5,5,5,255,5,5,255,5,5,5,255,5,255,9,10,5,255,5,5,255,255,5,5,5,5,5,5,5,255,9,255,5,5,5,5,255,255
1780853166.207363,582,60913018,2059,2070,2043,2035,1471,1091,911,764,726,2115,2060,2070,2110,1401,1109,885,784,1004,2081,2094,2099,1945,1332,1057,963,2086,2087,2091,2129,2105,2038,1164,1189,2054,2119,2074,2081,2117,2128,1820,1098,2121,2104,2113,2118,2130,2113,1899,1069,2031,2138,2137,2105,2176,2006,1976,1086,986,2118,2142,2099,1983,1947,2018,255,10,255,255,255,5,5,5,5,255,255,5,255,5,5,5,5,255,5,5,5,10,5,5,9,10,5,5,5,5,10,255,5,255,255,5,5,255,5,10,9,255,5,255,5,5,255,10,5,5,5,5,5,5,5,10,5,255,5,5,5,255,255,255
1780853166.307304,583,61013017,2058,2049,2086,2101,1468,1125,912,751,731,2084,2110,2125,2050,1463,1110,886,768,1004,2074,2079,2133,2059,1349,1035,980,2086,2068,2111,2117,2122,2080,1064,1172,1993,2077,2087,2106,2117,2110,1820,1093,1952,2082,2116,2108,2130,2113,1922,1113,2098,2083,2115,2118,2090,2009,1976,1112,986,2104,2115,2134,2002,1947,2018,10,5,10,10,10,5,5,5,255,10,10,5,10,5,5,5,5,255,5,5,5,5,5,5,9,255,5,5,5,5,5,10,5,10,10,5,5,255,5,255,5,10,5,10,5,255,255,5,5,5,5,5,5,5,5,255,5,255,5,5,5,10,255,255
1780853166.407371,584,61113017,2058,2073,2083,2050,1476,1178,929,755,721,2070,2110,2091,2050,1463,1128,873,772,1001,2075,2059,2070,1876,1324,1074,1026,2086,2076,2095,2095,2136,2060,1064,1145,1993,2084,2082,2132,2117,2100,1820,1125,1952,2122,2116,2102,2077,2113,1925,1107,2022,2117,2088,2109,2094,1970,1954,1083,986,2120,2128,2140,2015,1947,2018,255,5,5,5,5,5,5,5,255,5,255,5,255,255,5,5,5,255,5,5,5,5,5,5,9,255,5,5,5,5,5,255,5,255,5,5,5,255,5,255,5,255,5,255,5,10,255,5,5,5,5,5,5,5,5,10,5,255,5,5,5,5,255,255
1780853166.507240,585,61213017,2058,2114,2109,2050,1476,1121,926,764,750,2024,2092,2056,2050,1400,1103,896,764,1059,2042,2097,2127,2055,1296,1088,1082,2086,2085,2088,2079,2110,2108,1163,1169,1993,2112,2106,2123,2095,2119,1820,1122,1952,2137,2140,2130,2077,2113,1925,1086,2006,2068,2119,2110,2127,2002,1954,1057,1960,2122,2113,2109,2015,1947,2018,255,5,5,255,255,5,5,5,255,5,10,5,255,10,5,5,5,5,5,5,5,5,5,5,5,255,5,5,5,5,5,10,5,255,5,5,5,10,5,255,5,255,5,10,5,255,255,255,5,5,5,5,5,5,5,255,5,10,5,5,5,255,255,255
1780853166.607292,586,61313017,2086,2114,2109,2050,1372,1127,923,763,738,2024,2092,2088,2050,1400,1112,893,777,1059,2026,2107,2088,2055,1363,1069,911,2029,2084,2086,2155,2103,2108,1173,1146,2035,2051,2084,2097,2095,2140,1820,1156,2041,2105,2140,2144,2135,2113,1925,1085,2060,2058,2136,2130,2107,2024,1957,1078,1960,2107,2107,2116,1968,1947,2018,10,255,255,255,10,5,5,5,5,255,255,5,255,255,9,5,5,255,5,5,5,255,5,5,5,10,5,5,5,5,255,5,5,10,5,5,5,255,5,255,5,10,5,255,5,10,255,255,5,5,5,5,5,5,5,10,5,255,5,5,5,10,255,255
1780853166.707916,587,61413018,2010,2114,2050,2050,1520,1147,929,765,690,2070,2131,2080,2062,1321,1125,888,762,1059,2100,2076,2116,1966,1311,1061,978,1722,2083,2092,2101,2100,2108,1142,1150,2035,2108,2110,2115,2095,2107,1906,1163,2041,2060,2107,2148,2135,2113,1925,1113,2060,2099,2098,2130,2107,1972,1957,1104,1960,2104,2089,2116,2010,1947,2018,5,255,10,255,5,5,5,5,5,10,10,5,10,10,5,5,5,255,5,5,5,10,5,5,255,4,5,5,5,5,255,5,5,255,5,5,5,255,5,10,5,255,5,10,5,255,255,255,5,255,5,5,255,255,5,255,5,255,5,5,255,5,255,255
1780853166.807391,588,61513017,2051,2030,2050,2050,1520,1162,912,748,732,2091,2131,2040,2062,1414,1103,880,774,2043,2108,2093,2075,1966,1298,1062,901,1722,2098,2085,2119,2132,2108,1137,1150,2035,2103,2083,2126,2128,2105,1906,1100,2041,2106,2107,2099,2135,2057,1885,1151,2060,2099,2097,2138,2076,1942,1957,1070,1960,2099,2126,2105,2044,1953,2018,5,10,255,255,255,5,5,5,5,5,255,5,255,5,5,5,5,10,5,5,5,255,5,5,5,255,5,5,5,5,255,5,5,255,5,5,5,10,5,255,9,255,5,255,5,255,10,10,5,255,255,5,10,10,5,255,5,255,5,5,10,5,10,255
1780853166.907763,589,61613017,2051,2073,1988,2045,1520,1099,922,754,733,2065,2081,2066,2062,1446,1099,893,773,1995,2033,2100,2083,2020,1338,1038,957,2154,2076,2098,2096,2058,1979,1110,1229,2041,2103,2067,2150,2128,2150,1897,1112,2041,2120,2148,2089,2135,2098,1885,1176,2060,2073,2101,2118,2115,1996,2004,1084,1960,2107,2174,2092,1953,1953,2018,255,5,10,10,255,5,5,5,5,5,10,5,255,5,5,5,5,5,5,5,5,10,5,5,5,10,5,5,5,5,10,5,5,10,255,5,5,255,5,10,5,255,5,10,5,255,5,255,9,255,10,5,5,5,5,10,5,255,5,5,5,5,255,255
1780853167.007197,590,61713016,2068,2073,1988,2024,1482,1143,926,752,689,2077,2064,2070,2026,1364,1114,886,771,1103,2072,2113,2073,1975,1351,1053,1092,2154,2086,2107,2113,2129,2127,1103,1163,2033,2138,2111,2144,2126,2087,1870,1144,2041,2107,2148,2114,2135,2058,1758,1075,2109,2109,2081,2118,2087,1980,1974,1087,1960,2113,2104,2087,1979,1953,2018,10,5,255,5,10,5,5,5,5,5,5,5,10,5,5,5,5,5,5,5,5,5,5,5,5,255,5,5,5,5,5,5,9,5,10,5,5,10,5,5,5,255,5,255,5,255,5,10,5,10,5,5,255,5,5,5,5,255,5,5,5,5,255,255
1780853167.106986,591,61813017,2068,2078,2102,2067,1482,1121,900,755,709,2095,2064,2066,2106,1364,1100,871,763,1103,2084,2079,2073,2087,1316,1038,1025,1524,2079,2082,2122,2142,2046,1103,1117,2033,2136,2091,2127,2129,2163,1870,1137,2041,2111,2148,2133,2113,2034,1871,1148,2063,2164,2129,2106,2082,2004,2054,1067,1960,2141,2124,2097,2032,1953,2018,255,5,10,5,255,5,5,5,5,5,255,5,5,255,5,5,5,255,5,5,255,5,5,5,9,10,5,5,5,5,5,255,5,255,5,5,5,5,5,255,5,255,5,255,5,10,5,5,5,5,5,5,10,5,5,5,5,255,5,5,5,5,255,255
1780853167.209200,592,61913017,2078,2089,2059,2058,1482,1156,921,759,719,2061,2048,2101,2106,1364,1097,889,770,2088,2085,2070,2073,2051,1303,1018,1037,1982,2095,2095,2123,2131,2114,1115,1084,2033,2066,2114,2121,2133,2070,1803,1108,2041,2069,2148,2117,2129,2061,1871,1060,2063,2129,2117,2123,2082,1965,2054,1089,1960,2100,2123,2141,2032,1953,2127,10,5,5,5,255,5,5,5,5,5,10,5,255,255,5,5,5,10,5,5,255,5,9,5,5,5,5,5,5,5,5,10,5,255,5,5,5,5,5,10,5,255,5,255,5,5,5,255,5,255,5,5,5,255,5,255,5,255,5,5,5,255,255,10
1780853167.307008,593,62013016,2054,2042,2059,2075,1482,1122,942,748,687,2074,2046,2044,2106,1388,1115,890,766,1192,2050,2093,2114,2089,1352,1049,998,1982,2106,2079,2096,2128,2059,1139,1120,2013,2114,2085,2127,2133,2100,1857,1136,2062,2104,2104,2127,2172,2102,1928,1064,2089,2084,2111,2127,2113,1968,2027,1103,1960,2115,2154,2106,2032,1940,2127,5,5,255,5,255,5,5,5,255,5,5,5,255,10,5,5,5,5,5,5,10,5,5,5,5,255,5,5,5,5,5,5,5,10,5,5,5,255,5,5,5,10,5,10,5,5,5,10,5,10,5,5,5,10,5,10,5,255,5,5,5,255,10,255
1780853167.407135,594,62113017,2054,2049,2159,2053,1482,1140,918,766,743,2009,2110,2106,2106,1388,1127,871,781,1192,2079,2078,2118,2096,1338,1045,951,1982,2097,2065,2087,2101,2048,1760,1079,2057,2120,2126,2130,2133,2166,1857,1135,2062,2083,2141,2155,2172,2064,1928,1134,2011,2084,2140,2127,2135,1968,2022,1100,1960,2150,2117,2090,2013,1940,1958,255,5,10,5,255,5,5,5,255,5,5,5,255,255,5,5,5,255,5,5,5,5,5,5,5,255,5,5,5,5,5,4,5,5,5,5,5,255,5,255,5,255,5,5,5,255,5,255,5,5,255,5,255,5,255,5,5,255,5,5,5,3,255,10
1780853167.507217,595,62213017,2084,2049,2159,2033,1812,1151,937,757,743,2090,2110,2070,2106,1395,1127,899,781,1143,2094,2099,2140,2118,1357,1083,927,1982,2094,2096,2143,2094,2048,1760,1190,2082,2068,2077,2122,2133,2093,1927,1154,2062,2087,2135,2155,2127,2076,1902,1130,2163,2088,2109,2112,2135,1979,1986,1081,1960,2138,2129,2067,2013,1940,1973,10,255,255,5,10,5,5,5,5,5,255,5,255,10,5,5,5,10,5,5,5,5,5,5,5,255,5,5,5,5,255,255,5,5,5,5,5,255,5,10,5,255,5,5,255,10,5,10,5,5,10,5,10,255,10,5,9,255,5,5,5,255,255,5
1780853167.607184,596,62313017,2057,2046,2111,2064,1812,1135,917,758,736,2066,2055,2053,2024,1312,1098,872,784,1046,2066,2102,2080,2100,1325,1052,1093,1992,2072,2102,2116,2154,2048,1116,1138,1975,2068,2110,2158,2133,2075,1927,1158,2062,2105,2141,2097,2186,2110,1902,1139,2163,2119,2129,2061,2125,1993,2015,1104,1960,2104,2132,2125,2013,1940,1973,5,10,10,5,255,5,5,5,255,5,10,5,10,5,5,5,5,255,5,5,5,5,5,5,5,10,5,5,5,5,255,10,5,9,255,5,5,255,5,255,5,255,5,5,10,5,5,255,5,255,5,5,5,10,5,5,9,255,5,5,5,255,255,255
1780853167.705936,597,62413018,2057,2046,2070,2064,1517,1157,929,760,708,2060,2061,2090,2010,1312,1103,900,773,1046,1994,2096,2136,2100,1308,1026,927,2119,2091,2089,2135,2092,2048,1105,1143,2016,2095,2098,2117,2133,2116,1927,1107,2062,2082,2121,2114,2186,2110,1902,1123,2163,2116,2115,2083,2125,1984,2015,1166,1971,2096,2134,2112,1982,1940,1973,255,255,5,255,10,5,5,5,255,5,5,5,5,255,5,5,5,255,5,5,5,255,5,5,5,5,5,5,5,5,255,5,5,5,10,5,5,255,5,255,9,255,5,5,5,255,255,255,5,255,5,5,5,255,5,255,5,10,5,5,5,10,255,255
1780853167.807267,598,62513017,2073,2065,2066,2064,1377,1152,928,771,720,2038,2078,2046,2049,1312,1087,882,784,1046,2057,2107,2099,2100,1379,1063,1113,2119,2083,2084,2111,2167,2133,1114,1147,1955,2096,2081,2111,2133,2109,1927,1154,2062,2120,2121,2106,2149,2083,1902,1098,2095,2116,2166,2140,2084,1991,1983,1067,1361,2127,2132,2112,1988,1940,1973,10,10,5,255,5,5,5,5,5,5,5,5,5,255,5,5,5,255,5,5,5,255,5,5,5,255,5,5,5,5,10,5,5,9,5,5,5,255,5,255,5,255,5,255,5,10,10,255,5,10,255,5,5,10,5,10,5,4,5,5,255,5,255,255
1780853167.907141,599,62613017,2073,2032,2066,1976,1377,1121,919,770,700,2076,2078,2046,2049,1312,1095,897,778,1125,2090,2087,2087,2063,1320,1052,1063,2119,2067,2099,2114,2167,2096,1140,1092,2030,2073,2107,2121,2133,2107,1897,1157,1963,2073,2153,2119,2137,2083,1902,1115,2083,2060,2092,2123,2126,2025,1983,1079,1361,2099,2115,2116,2059,1940,1993,255,5,255,10,255,5,5,5,5,5,255,255,255,255,5,5,5,10,5,5,5,10,5,5,5,255,5,5,5,255,5,4,9,5,5,5,5,255,5,10,5,10,5,10,5,5,255,255,5,5,10,5,5,5,5,255,5,255,5,5,10,5,255,10
1780853168.007017,600,62713017,2073,2078,2066,2043,1377,1144,931,772,705,2011,2065,2061,2049,1312,1107,875,769,2087,2058,2140,2098,2099,1383,1059,953,2119,2084,2104,2112,2130,2096,1120,1163,2013,2099,2088,2094,2133,2028,1897,1166,2039,2090,2153,2110,2137,2083,1902,1069,2054,2136,2166,2149,2083,1995,1983,1072,1981,2118,2137,2116,2059,2107,1993,255,5,255,5,255,5,5,5,5,5,10,10,255,255,5,5,5,4,5,5,5,5,5,5,9,255,5,5,5,10,255,5,5,5,5,5,5,255,5,255,5,5,5,255,5,255,255,255,5,5,5,5,5,5,5,255,5,10,5,5,5,255,10,255
1780853168.107326,601,62813017,2088,2020,2066,2043,1377,1141,930,754,738,2066,2065,2052,2018,1312,1125,874,787,1066,2058,2128,2108,2079,1351,1075,886,2119,2073,2095,2114,2101,2096,1120,1119,2013,2094,2109,2127,2130,2098,1901,1127,2109,2103,2105,2110,2137,2046,1902,1092,2077,2106,2108,2117,2094,1969,1983,1100,1981,2108,2131,2076,2045,2107,1993,10,5,10,255,255,5,5,5,5,5,255,5,10,255,5,5,5,4,255,5,5,5,5,5,5,255,5,5,5,5,255,255,5,255,5,5,5,10,5,10,9,5,5,10,255,255,10,255,5,5,5,5,5,5,5,10,5,255,5,5,5,10,255,255
1780853168.207318,602,62913017,2088,2081,2066,2040,1377,1133,923,747,699,2066,2069,2126,2018,1312,1105,862,767,1087,2058,2118,2087,2062,1351,1075,1098,2119,2067,2108,2091,2023,2108,1112,1162,2013,2094,2101,2142,2096,2144,1849,1138,2109,2086,2122,2104,2169,2046,1902,1107,2052,2113,2109,2091,2081,1967,1983,1093,1981,2117,2132,2157,2077,2107,1993,255,5,255,10,255,9,5,5,5,255,10,5,255,255,5,5,5,9,255,5,5,5,255,5,5,255,5,5,5,5,10,10,5,255,255,5,5,5,5,5,9,255,5,5,10,10,255,255,5,5,5,5,5,5,5,255,5,255,5,5,5,5,255,255
1780853168.307126,603,63013017,2039,2077,2114,2067,1377,1137,919,755,712,2020,2069,2119,2018,1312,1104,889,763,1087,2085,2082,2112,2095,1249,1074,987,2121,2095,2098,2069,2138,2108,1088,1145,1738,2091,2093,2140,2096,2149,1849,1144,2109,2115,2126,2139,2169,2099,1902,1076,2052,2116,2107,2105,2096,1998,1962,1113,2108,2149,2114,2157,2014,2107,1993,10,5,10,5,255,5,5,5,255,10,255,5,255,255,5,5,5,255,10,5,5,5,10,5,9,10,5,5,5,5,255,5,5,10,10,5,5,255,5,255,5,255,5,5,5,255,10,255,5,255,5,5,5,5,5,10,5,10,5,5,255,5,255,255
1780853168.407253,604,63113017,2039,2031,2114,2067,1377,1113,924,767,689,2091,2114,2095,2023,1505,1105,897,771,1140,2100,2091,2104,2102,1381,1049,1062,2049,2087,2081,2092,2081,2120,1119,1150,1738,2091,2099,2144,2145,2111,1881,1115,2125,2070,2126,2151,2169,2099,1902,1084,2092,2087,2085,2105,2104,2013,1962,1071,2108,2124,2108,2110,2014,2107,1993,255,5,255,255,255,5,5,5,5,5,10,5,10,10,5,5,5,10,5,5,5,5,5,5,5,5,5,5,5,5,10,5,5,255,255,5,5,10,5,10,5,10,5,255,5,255,255,255,5,10,5,5,255,5,5,255,5,255,5,5,10,255,255,255
1780853168.507088,605,63213017,2087,2084,2075,1993,1341,1178,931,750,705,2014,2015,2111,2023,1375,1114,873,773,1020,2076,2055,2086,2070,1302,1067,981,2049,2086,2103,2103,2026,2097,1137,1165,2035,2059,2104,2127,2132,2127,1746,1130,2125,2107,2112,2142,2169,2099,1902,1114,2092,2135,2145,2153,2048,1983,1999,1068,2108,2116,2107,2042,1963,2107,1993,10,5,10,10,10,5,5,5,5,5,5,5,255,5,5,5,5,5,5,5,5,9,5,5,5,255,5,5,5,5,5,5,5,10,10,5,5,5,5,5,5,255,5,10,5,255,255,255,5,255,5,5,10,5,5,10,5,255,5,5,5,10,255,255
1780853168.607297,606,63313018,2102,2084,2075,1993,1341,1143,920,747,717,2044,2015,2050,2071,1375,1127,885,773,1020,2087,2111,2088,2036,1333,1067,980,2049,2092,2089,2110,2102,2097,1137,1150,2083,2102,2093,2104,2100,2145,1746,1155,2031,2120,2112,2142,2143,2099,1948,1142,2086,2079,2180,2111,2048,1983,1975,1055,2108,2089,2132,2124,1963,2107,1993,5,255,255,255,255,9,5,5,255,5,255,5,10,255,5,5,5,255,5,5,5,5,5,5,5,255,5,5,5,5,255,255,5,5,5,5,5,5,5,255,5,10,5,255,255,10,255,10,5,10,5,5,5,255,255,5,5,255,5,5,5,255,255,255
1780853168.715870,607,63423017,2102,2084,2075,2081,1341,1144,935,762,688,2070,2082,2083,1938,1375,1130,884,780,1121,2063,2126,2082,2048,1305,1049,1032,2049,2097,2104,2111,2133,2100,1209,1182,2055,2084,2097,2156,2100,2164,1872,1098,1992,2093,2112,2142,2098,2099,1948,1115,1963,2081,2122,2129,2069,1968,1980,1103,2108,2121,2081,2063,2034,2107,1993,5,255,255,10,255,5,5,5,5,5,10,5,5,255,5,5,5,10,5,5,5,5,5,5,5,255,5,5,5,5,10,10,5,5,5,5,5,255,5,10,5,5,5,255,10,5,255,255,5,9,5,5,5,10,10,5,9,255,5,5,5,10,255,255
1780853168.817318,608,63523018,2102,2084,2044,1997,1383,1137,919,756,703,2040,2079,2073,1938,1375,1108,889,789,1061,2090,2104,2100,2048,1433,1055,1081,1970,2086,2079,2130,2133,2100,1133,1165,2055,2068,2113,2117,2100,2132,1872,1188,1992,2148,2112,2099,2147,2099,1909,1094,1963,2131,2122,2104,2124,1986,1980,1109,2108,2100,2166,2116,2024,2107,1993,255,255,10,5,10,5,5,5,5,5,5,5,255,255,5,5,5,5,5,5,5,255,5,5,5,10,5,5,5,255,255,5,9,255,5,5,5,255,5,255,5,255,5,255,5,5,255,10,5,255,5,255,5,5,5,255,5,255,5,5,5,5,255,255
1780853168.917457,609,63623017,2102,2035,2063,1997,1383,1109,937,756,730,2040,2079,2055,1938,1377,1098,902,771,1061,2071,2052,2101,2093,1276,1031,1112,1730,2073,2091,2099,2102,2100,1088,1119,2039,2104,2093,2073,2100,2116,1872,1105,1992,2119,2127,2150,2129,2017,1928,1139,1528,2142,2121,2143,2105,1964,1980,1074,2108,2163,2106,2116,1979,2107,1993,255,10,5,255,255,5,5,5,255,255,255,5,255,10,5,5,5,255,5,5,5,10,5,5,5,4,5,5,5,10,255,5,5,10,5,5,5,255,5,255,9,255,5,10,5,5,10,5,5,10,5,10,5,5,5,255,5,255,5,5,255,5,255,255
1780853169.017050,610,63723017,2077,2077,2028,2077,1383,1110,922,772,704,2121,2079,2087,2074,1377,1117,880,783,1034,2056,2112,2120,2093,1308,1075,1005,1326,2069,2099,2103,2080,2100,1082,1176,2083,2120,2088,2096,2059,2171,1872,1108,1992,2141,2124,2099,2141,2078,1928,1177,1528,2120,2169,2091,2056,1950,1969,1106,2108,2075,2135,2080,2016,2107,1993,10,5,5,10,255,5,5,5,5,10,255,5,10,255,5,5,5,10,5,5,5,255,5,5,5,4,5,5,5,5,255,5,5,5,5,5,5,10,5,255,5,255,5,5,5,5,5,255,5,255,5,5,5,5,5,10,5,255,5,5,10,5,255,255
1780853169.117328,611,63823017,2077,2056,2028,2074,1383,1135,913,766,727,2121,2079,2067,2043,1377,1098,883,780,1234,2058,2121,2121,2085,1308,1045,1061,1999,2086,2090,2103,2130,2100,1142,1116,2021,2100,2099,2096,2139,2122,1872,1109,1992,2071,2093,2106,2141,2057,1958,1112,1528,2120,2069,2152,2056,2008,2001,1065,2108,2127,2129,2095,2094,2107,1993,255,5,255,5,255,5,5,5,5,255,255,5,5,255,5,5,5,4,5,5,5,10,255,5,5,4,5,5,5,5,255,5,9,5,5,5,255,5,5,255,5,255,5,5,5,255,5,10,5,255,255,5,5,255,5,5,5,255,5,5,5,5,255,255
1780853169.217247,612,63923017,2085,2056,2047,2082,1383,1114,931,762,700,2051,2079,2068,2043,1377,1096,883,800,2082,2073,2086,2086,2055,1361,1084,1074,1999,2085,2087,2088,2110,2100,1189,1114,2101,2134,2075,2075,2155,2158,1872,1083,1944,2143,2112,2105,2128,2058,1958,1049,2085,2162,2141,2117,2114,1984,1987,1085,2108,2138,2133,2075,2074,2107,1993,10,255,10,5,255,5,5,5,5,10,255,5,255,255,5,5,5,4,5,5,5,5,10,5,9,255,5,5,5,5,255,5,5,5,5,5,10,5,5,255,5,10,5,5,5,10,5,255,5,10,10,5,5,10,5,5,5,255,5,5,5,5,255,255
1780853169.317361,613,64023017,2049,2056,2047,2106,1493,1142,925,754,727,2042,2059,2005,2106,1377,1091,890,775,2082,2080,2095,2084,2029,1289,1046,1051,1920,2098,2082,2067,2105,2100,1082,1105,2101,2079,2087,2149,2155,2090,1872,1148,1931,2108,2139,2104,2101,2058,1903,1110,1981,2162,2080,2150,2066,1957,2002,1086,2108,2090,2159,2101,1919,2107,1993,5,255,255,5,10,5,5,5,255,5,10,5,10,255,5,5,5,255,5,5,5,5,5,5,5,10,5,5,5,5,255,4,5,255,5,5,5,255,5,255,5,5,5,5,5,5,255,10,5,5,255,5,5,5,5,5,5,255,5,5,5,5,255,255
1780853169.417329,614,64123017,2049,2056,2070,2009,1493,1178,931,754,680,2042,2059,2074,2077,1377,1101,881,780,2082,2153,2086,2073,2147,1497,1073,913,1920,2080,2090,2096,2090,2129,1082,1117,2072,2127,2147,2137,2155,2127,1872,1091,1931,2115,2139,2089,2164,2058,1903,1150,2104,2134,2146,2123,2075,1941,1977,1106,2108,2121,2092,2128,1919,2107,1993,255,255,10,5,255,5,5,5,5,255,255,5,5,255,5,5,5,255,5,5,5,5,4,5,5,255,5,5,5,5,10,5,5,10,5,5,5,255,5,255,5,255,5,255,5,5,255,255,5,4,10,5,5,5,5,5,5,255,5,5,5,255,255,255
1780853169.516996,615,64223017,2056,2102,2070,1982,1493,1118,917,751,734,2042,2059,2112,1965,1377,1091,892,780,2082,2045,2098,2105,2135,1330,1054,1014,1576,2089,2081,2103,2079,2158,1055,1165,2090,2106,2105,2117,2155,2048,1872,1124,2010,2079,2109,2067,2130,2080,1903,1120,1974,2075,2114,2100,2115,1941,1943,1074,2108,2137,2120,2084,1948,2107,1993,10,10,255,5,255,5,5,5,5,255,255,5,5,255,5,5,5,255,5,5,5,5,9,5,5,10,5,5,5,5,5,5,5,5,5,5,5,255,5,255,5,10,5,10,5,5,10,255,5,5,5,5,5,5,255,5,5,255,5,5,5,10,255,255
1780853169.617179,616,64323017,2056,2102,2056,2061,1493,1145,931,761,749,2042,2034,2074,2085,1377,1087,902,761,2082,2066,2094,2108,2135,1339,1048,988,1576,2086,2088,2130,2117,2158,1055,1204,2090,2081,2099,2120,2155,2096,1872,1117,2010,2099,2119,2147,2128,2111,1905,1077,2129,2071,2107,2103,2109,1944,2029,1024,2108,2127,2116,2114,2018,2107,1993,255,255,10,5,255,5,5,5,255,255,10,5,5,255,5,5,5,255,5,5,5,255,5,5,5,255,5,5,5,5,255,255,5,255,5,5,5,255,5,255,5,255,5,5,5,5,5,10,5,5,5,5,5,5,10,5,5,255,5,5,5,5,255,255
1780853169.715871,617,64423017,2100,2092,2056,2032,1493,1161,926,748,731,2052,2034,2130,2085,1373,1113,883,794,1385,2087,2099,2120,2117,1376,1063,1147,1576,2086,2082,2080,2082,2095,1115,1105,1929,2107,2096,2099,2155,2074,1872,1121,2010,2121,2115,2139,2097,2111,1953,1098,2031,2094,2106,2108,2093,1975,2029,1084,2108,2170,2178,2133,2021,2018,1993,10,10,255,5,255,5,5,5,255,10,255,5,255,10,5,5,5,10,5,5,5,10,5,5,5,255,5,5,5,5,10,10,9,10,5,5,5,255,5,255,5,255,5,5,5,5,255,5,5,5,5,5,5,5,5,255,5,255,5,5,5,5,10,255
1780853169.817290,618,64523017,2100,2074,2090,2032,1493,1120,926,762,731,2053,2034,2064,2085,1361,1096,880,779,1385,2080,2080,2135,2120,1371,1037,1086,1576,2087,2100,2098,2098,2095,1094,1116,1997,2115,2122,2121,2155,2106,1872,1137,2010,2140,2131,2105,2097,2079,1953,1118,2031,2156,2161,2108,2093,1968,1926,1078,2108,2134,2129,2164,1986,2056,1993,5,5,10,255,255,5,5,5,255,5,255,5,255,5,5,5,5,255,5,5,5,5,5,5,5,255,5,5,5,5,255,255,5,9,5,5,5,255,5,255,5,255,5,5,5,255,10,255,5,5,5,5,255,255,5,10,5,255,5,5,5,5,5,255
1780853169.918243,619,64623017,2100,2035,2090,2032,1320,1161,923,756,700,2053,2034,2100,2085,1361,1129,887,787,1385,2114,2100,2115,2056,1290,1022,1137,2050,2078,2080,2120,2138,2110,1125,1158,2025,2083,2100,2126,2046,2111,1828,1157,2010,2101,2073,2113,2125,2110,1953,1134,2081,2107,2128,2110,2128,1984,1957,1115,2108,2128,2134,2105,1986,1992,1993,255,5,255,255,10,5,5,5,10,255,255,5,255,255,5,5,5,255,5,5,5,5,4,5,5,10,5,5,5,5,10,5,5,5,5,5,5,10,5,10,5,255,5,5,5,10,5,255,5,5,5,5,10,10,5,5,5,255,5,5,5,255,5,255
1780853170.017947,620,64723018,2035,2061,2090,2032,1320,1136,920,759,709,2068,2034,2102,2085,1361,1096,884,771,1385,2108,2118,2098,2056,1304,987,1114,2009,2104,2101,2099,2138,2110,1213,1176,2016,2083,2079,2107,2082,2099,1828,1162,2103,2124,2073,2121,2165,2089,1953,1143,2081,2121,2128,2110,2128,1960,1991,1075,2108,2059,2087,2148,1983,1992,1993,10,5,255,255,255,5,5,5,255,10,255,5,255,255,5,5,5,255,5,5,5,255,5,5,5,5,5,5,5,255,255,5,5,5,255,5,5,5,5,255,5,10,5,255,5,5,5,255,5,255,5,5,255,255,5,5,5,255,5,5,5,10,255,255
1780853170.117864,621,64823017,2035,2049,2049,2069,1448,1158,922,751,686,2058,2034,2051,2085,1361,1099,881,771,1385,2083,2066,2073,2079,1315,1040,993,2009,2084,2096,2138,2157,2050,1127,1139,2016,2071,2087,2118,2082,2104,1970,1122,2103,2083,2137,2107,2118,2089,1988,1123,2005,2097,2117,2148,2124,1965,1991,1087,2108,2118,2111,2074,1983,1992,1993,255,5,10,10,10,5,5,5,255,5,10,5,255,255,5,5,5,255,5,5,5,10,5,5,9,255,5,5,5,10,10,4,5,255,10,5,5,255,5,10,5,255,5,10,5,5,255,10,5,10,5,5,10,10,5,5,5,255,5,5,5,255,255,255
1780853170.218086,622,64923017,2074,2049,2014,2089,1299,1140,938,755,738,2083,2034,2081,2111,1375,1107,887,791,1181,2112,2115,2073,2079,1407,1042,971,2009,2097,2104,2121,2068,2050,1130,1169,2016,2087,2131,2121,2082,2100,1970,1125,2103,2128,2106,2134,2118,2089,1846,1103,2120,2131,2116,2119,2092,1987,2004,1104,2108,2112,2151,2099,1983,1992,1993,10,255,5,5,9,5,5,5,255,5,255,5,10,10,5,5,5,10,5,5,255,255,5,5,9,255,5,5,5,5,255,5,9,255,5,5,5,255,5,255,5,255,5,5,5,255,255,5,5,5,5,5,5,5,5,5,5,255,5,5,5,255,255,255
1780853170.317229,623,65023017,2074,2100,2014,2029,1526,1152,918,756,659,2095,2034,2072,2111,1375,1111,879,771,1080,2103,2105,2119,2079,1411,1017,1016,2066,2067,2095,2094,2110,2104,1146,1210,2016,2105,2128,2090,2205,2094,1951,1122,2103,2110,2087,2132,2118,2089,1846,1131,2053,2049,2117,2093,2167,1992,2004,1113,2108,2135,2097,2088,1974,1992,1993,255,10,255,5,4,5,5,5,5,5,255,5,255,255,5,5,5,9,5,5,10,255,5,5,9,10,5,5,5,5,10,5,5,255,5,5,5,10,5,10,5,255,5,5,5,255,255,255,5,5,5,5,5,5,5,255,5,255,5,5,5,10,255,255
1780853170.418169,624,65123017,2074,2067,2061,2082,1526,1122,929,768,741,2052,2034,2068,2136,1344,1114,888,788,1128,2076,2142,2113,2088,1348,1058,1006,2066,2080,2088,2117,2143,2104,1118,1116,2031,2141,2114,2082,2205,2090,1951,1141,1989,2112,2113,2104,2161,2039,1846,1126,2053,2053,2085,2137,2093,1985,2004,1073,2048,2103,2086,2101,1974,1992,1993,255,5,10,5,255,5,5,5,5,5,255,5,10,10,5,5,5,5,5,5,5,10,5,5,5,255,5,5,5,5,255,5,5,10,5,5,5,255,5,255,5,10,5,5,5,10,10,255,5,255,5,5,5,5,5,255,5,10,5,5,5,255,255,255
1780853170.517403,625,65223017,2076,2050,2103,2047,1417,1118,926,762,774,2052,2139,2107,2136,1344,1115,892,771,1042,2049,2074,2091,2029,1423,1051,944,2066,2072,2078,2083,2113,2096,1120,1123,2075,2098,2111,2138,2109,2111,1951,1172,1989,2107,2113,2138,2143,2034,1952,1121,1996,2092,2088,2093,2056,1992,2004,1089,2048,2106,2137,2126,2021,1992,1993,10,5,5,5,10,5,5,5,255,255,10,5,255,255,5,5,5,255,5,5,5,5,5,5,5,255,5,5,5,5,3,255,5,5,5,5,5,10,5,255,5,255,5,255,5,5,5,10,5,10,5,5,5,5,5,255,9,255,5,5,5,10,255,255
1780853170.617582,626,65323017,2076,2048,2051,2091,1417,1123,933,760,688,2034,2037,2093,2079,1461,1131,885,781,1057,2049,2073,2091,2029,1361,1061,1044,2066,2095,2093,2115,2084,2096,1068,1115,2020,2055,2097,2126,2088,2022,1951,1146,1989,2123,2113,2104,2143,2075,1952,1164,2009,2107,2126,2106,2050,1994,2004,1074,2048,2140,2137,2089,1958,1992,1993,255,5,5,5,255,5,5,5,5,10,5,5,10,10,5,5,5,5,255,5,255,255,9,5,5,255,5,5,5,5,255,5,5,5,5,5,5,5,5,255,5,255,5,255,5,255,5,255,5,5,5,5,5,5,5,255,5,255,5,255,5,5,255,255
1780853170.717860,627,65423017,2082,2048,2087,2091,1587,1139,938,755,640,2058,2097,2094,2079,1461,1116,890,780,1057,2095,2123,2119,2092,1337,1079,954,2066,2067,2089,2101,2137,2070,1183,1095,2020,2114,2063,2115,2121,2122,1863,1117,1989,2100,2178,2144,2159,2053,1922,1113,2048,2125,2083,2128,2076,1981,2033,1103,2048,2134,2139,2124,1958,1992,1993,10,255,5,255,10,5,5,5,255,5,5,5,255,255,5,5,5,255,10,5,10,10,5,5,9,255,5,5,5,5,10,5,5,255,5,5,5,5,5,10,5,255,5,10,5,10,5,10,5,5,5,5,5,5,5,10,5,255,5,10,5,255,255,255
1780853170.817317,628,65523017,2082,2060,2087,2115,1448,1160,922,758,707,2063,2075,2055,2053,1343,1125,888,780,2010,2078,2080,2190,2092,1265,1065,1082,2066,2072,2113,2089,2134,2070,1123,1035,2054,2121,2093,2107,2121,2118,1850,1126,1989,2063,2099,2141,2159,2053,1922,1103,2048,2085,2131,2132,2076,2022,2033,1119,2048,2029,2149,2124,2013,2004,1993,255,10,255,10,5,5,5,5,5,5,5,5,10,10,5,5,5,10,5,5,5,255,9,5,5,255,5,5,5,5,255,5,5,10,5,5,5,255,5,5,5,255,5,5,5,255,255,255,5,255,5,5,5,255,5,255,5,255,5,5,255,10,10,255
1780853170.917690,629,65623017,2069,2134,2087,2115,1448,1122,924,751,723,2066,2057,2077,2053,1362,1110,894,761,1056,2075,2069,2074,2092,1386,1059,887,2066,2089,2092,2138,2135,2097,1128,1145,2063,2113,2106,2107,2114,2084,1729,1112,1989,2133,2095,2110,2116,2053,1922,1085,2083,2113,2104,2148,2137,1959,2009,1075,2048,2073,2118,2157,1954,2004,1993,10,5,255,255,255,5,5,5,5,5,5,5,255,5,5,5,5,5,5,5,5,255,9,5,5,255,5,5,5,5,10,5,5,5,5,5,5,10,5,5,5,255,5,5,5,10,255,255,9,10,5,5,5,10,5,10,5,255,5,5,10,5,255,255
1780853171.017644,630,65723018,2098,2125,2087,2115,1448,1139,917,758,736,2098,2063,2077,2053,1447,1121,909,776,2004,2087,2083,2096,2131,1411,1045,1061,1952,2091,2090,2122,2087,2097,1128,1141,2087,2120,2073,2117,2114,2118,1729,1128,1989,2080,2095,2110,2116,2113,1922,1112,2065,2036,2078,2139,2125,2007,1943,1081,2048,2101,2131,2157,1954,2004,1993,5,5,255,255,255,5,5,5,5,5,5,255,255,5,5,5,5,4,5,5,5,10,5,5,5,10,5,5,5,5,255,255,5,5,5,5,5,255,5,255,5,255,5,255,255,255,10,255,5,5,5,5,5,5,5,5,5,255,5,5,255,255,255,255
1780853171.117152,631,65823017,2098,2074,2058,2088,1448,1152,918,755,689,2021,2063,2094,2053,1305,1096,892,768,2004,2097,2066,2111,2064,1377,1062,1028,1952,2111,2090,2103,2132,2070,1099,1104,2020,2114,2137,2088,2114,2076,1729,1147,1989,2119,2095,2119,2126,2113,1880,1040,2051,2078,2124,2110,2082,2007,1987,1069,2048,2096,2118,2157,1954,2004,1973,255,5,10,10,255,5,5,5,5,5,255,10,255,5,5,5,5,255,5,5,5,5,5,5,9,255,5,5,5,5,10,10,5,5,5,5,5,255,5,255,5,255,5,255,10,10,255,10,5,5,5,5,5,5,5,5,5,255,5,5,255,255,255,10
1780853171.217176,632,65923017,2050,2051,2066,2054,1448,1183,937,767,729,2021,2063,2090,2053,1371,1113,883,791,2004,2078,2082,2085,2064,1318,1034,1129,2016,2065,2095,2123,2115,2070,1099,1158,2087,2090,2071,2149,2098,2113,1729,1087,1989,2080,2134,2165,2129,2132,1880,1105,1990,2114,2102,2163,2163,2026,1959,1084,2048,2129,2134,2053,1992,2004,1973,10,5,5,5,255,5,5,5,5,255,255,5,255,9,5,5,5,255,5,5,5,255,5,5,5,10,5,5,5,5,255,255,5,5,5,5,5,10,5,255,5,255,5,10,5,5,10,255,5,5,5,5,5,5,5,5,5,255,5,5,10,10,255,255
1780853171.316962,633,66023017,2045,2051,2066,2065,1448,1154,938,764,728,2021,2104,2108,2053,1371,1124,898,780,1087,2112,2083,2104,2065,1363,1053,1105,2138,2086,2075,2086,2080,2138,1088,1172,2096,2110,2061,2078,2021,2076,1729,1153,2093,2098,2095,2117,2140,2106,1880,1105,1982,2076,2081,2114,2087,2023,1959,1096,2048,2126,2129,2081,2002,2004,1973,5,255,255,5,255,5,5,5,255,255,10,5,255,255,5,5,5,10,5,5,5,10,5,5,5,5,5,5,5,5,10,10,5,9,5,5,5,5,5,255,5,10,5,5,5,5,5,255,5,5,5,5,5,5,5,255,9,255,5,5,5,5,255,255
1780853171.427401,634,66133018,2045,2051,2066,2045,2047,1135,933,738,751,2056,2104,2061,2053,1345,1136,891,780,1156,2069,2070,2069,2173,1332,1047,1064,2040,2073,2087,2104,2131,2138,1088,1185,2080,2120,2090,2135,2021,2101,1729,1131,2093,2117,2095,2117,2148,2106,1880,1094,2035,2133,2116,2114,2089,1944,1935,1070,2048,2181,2129,2081,2002,2004,1973,255,255,255,5,10,5,5,5,5,10,255,5,255,10,5,5,5,5,5,5,5,5,5,5,5,5,5,5,5,5,255,255,5,5,5,5,5,255,5,255,5,255,5,255,255,5,255,255,5,5,5,5,255,5,5,10,5,255,5,255,255,255,255,255
1780853171.527401,635,66233017,2045,2062,2066,2045,1395,1121,913,747,708,2077,2050,2111,2053,1514,1089,897,806,1156,2085,2093,2082,2077,1336,1057,993,2040,2067,2095,2118,2136,2138,1089,1145,2080,2096,2079,2129,2127,2134,1729,1121,2003,2106,2084,2170,2073,2091,1880,1126,2031,2048,2102,2114,2075,2031,1979,1105,2048,2147,2123,2095,1999,2004,1973,255,10,255,255,4,5,5,5,5,5,10,5,255,5,5,5,5,5,5,5,5,5,5,5,9,255,5,5,5,5,255,10,5,255,5,5,5,10,5,255,5,10,5,10,10,5,10,255,5,5,5,5,10,5,5,5,9,255,5,10,10,10,255,255
1780853171.626924,636,66333017,2045,2084,2066,2038,1400,1129,924,747,712,2069,2050,2051,2053,1386,1075,880,775,2137,2085,2095,2082,2077,1302,1037,965,2060,2096,2073,2136,2130,2099,1099,1148,2080,2123,2128,2128,2127,2087,1812,1136,2036,2140,2131,2116,2052,2091,1880,1097,2098,2098,2039,2153,2041,1964,1973,1060,2048,2079,2081,2095,2012,2004,1973,255,5,255,10,5,5,5,5,5,5,255,5,255,5,5,5,5,4,5,5,255,255,5,5,9,10,5,5,5,5,10,5,5,255,5,5,5,255,5,10,9,5,5,5,5,5,255,255,5,5,5,5,5,5,5,5,5,255,5,5,5,5,255,255
1780853171.726007,637,66433017,2045,2056,2064,2053,1443,1150,939,764,679,2056,2050,2124,2025,1378,1106,892,788,1284,2080,2110,2112,2077,1263,1053,1083,2060,2066,2108,2101,2130,2084,1099,1145,2148,2070,2083,2097,2091,2099,1812,1100,2094,2125,2131,2089,2053,2087,2000,1121,2098,2092,2110,2153,2041,1937,1973,1085,2048,2130,2104,2120,1969,2004,1973,255,5,10,5,5,5,5,5,5,5,255,5,10,9,5,5,5,4,5,5,10,255,5,5,5,255,5,5,5,255,5,255,5,10,5,5,5,10,5,255,5,5,5,255,5,5,10,10,5,255,5,5,255,255,5,255,5,255,5,5,5,5,255,255
1780853171.827125,638,66533017,2018,2104,2097,2053,1443,1119,929,754,681,2023,2072,2033,2025,1378,1105,888,787,1270,2092,2104,2126,2060,1182,1064,1067,2060,2068,2097,2099,2147,2005,1158,1100,2099,2070,2106,2092,2091,2106,1812,1168,2094,2112,2127,2089,2109,2087,1944,1107,2042,2107,2115,2126,2116,1974,1998,1081,2048,2113,2124,2122,1969,2004,1973,10,5,5,255,255,5,5,5,5,5,10,5,255,255,5,5,5,5,5,5,5,10,5,5,5,255,5,5,5,10,4,10,5,5,255,5,5,255,5,255,5,255,5,10,255,5,255,5,9,10,5,5,10,10,5,10,5,255,5,5,5,255,255,255
1780853171.927416,639,66633017,2088,2033,2097,2053,1443,1124,926,754,736,2040,2091,2076,2025,1464,1106,891,807,1110,2106,2102,2160,2082,1322,1016,933,2060,2080,2096,2135,2125,2043,1158,1121,2099,2079,2113,2115,2091,2144,1812,1131,2094,2081,2127,2151,2131,2165,1944,1121,2038,2095,2103,2131,2146,1960,1998,1083,2048,2098,2142,2092,1976,2004,1973,5,5,255,255,255,5,5,5,5,5,5,5,255,10,5,5,5,5,5,5,5,5,5,5,5,255,5,5,5,5,5,255,5,255,10,5,5,255,5,255,5,255,5,255,10,5,3,255,5,5,5,5,5,5,5,255,5,255,5,5,5,10,255,255
1780853172.027279,640,66733017,2074,2033,2097,2045,1434,1117,931,757,725,2040,2027,2073,2025,1464,1109,878,763,2061,2080,2099,2084,2167,1322,1056,970,2060,2098,2103,2128,2083,2090,1143,1106,2099,2079,2081,2099,2049,2113,1837,1144,2094,2133,2090,2139,2052,2165,1882,1092,1985,2095,2104,2100,2115,1962,1954,1069,2048,2122,2144,2122,1976,2004,1973,5,255,255,10,10,5,5,5,5,255,5,5,255,255,5,5,5,5,5,5,5,5,255,5,5,255,5,5,5,5,5,10,5,255,255,5,5,10,5,10,5,255,5,10,5,5,255,10,5,5,255,5,5,5,5,10,9,255,5,5,5,255,255,255
1780853172.127133,641,66833017,2074,2050,2046,2016,1464,1148,914,761,698,2050,2027,2102,2046,1464,1113,887,773,2061,2106,2126,2111,2167,1342,1030,1009,2060,2063,2093,2124,2100,2090,1689,1166,2029,2120,2112,2149,2049,2095,1934,1153,2012,2090,2090,2101,2113,2080,1901,1106,1949,2113,2121,2146,2099,1976,1954,1055,2048,2116,2141,2106,2039,1960,1973,255,10,10,5,5,5,5,5,255,10,255,5,10,255,5,5,5,255,5,5,5,255,10,5,5,255,5,5,5,5,255,4,5,10,10,5,5,255,5,5,5,10,5,255,5,5,10,5,5,5,10,5,5,9,5,255,5,255,5,5,5,10,10,255
1780853172.227210,642,66933018,2071,2050,2046,1978,1464,1144,915,756,745,2050,2105,2080,2046,1464,1087,874,767,1040,2123,2091,2131,2167,1267,1034,1108,2060,2046,2099,2091,2091,2090,1150,1126,1818,2120,2092,2111,2049,2078,1934,1152,2012,2086,2104,2118,2125,2080,1901,1101,2042,2083,2125,2151,2099,2019,1990,1096,2048,2140,2147,2109,1991,1960,1973,10,255,255,5,255,5,5,5,5,255,10,5,255,255,5,5,5,10,5,5,5,255,5,5,5,255,5,5,5,5,255,4,5,4,255,5,5,255,5,255,9,255,5,10,5,5,255,255,5,5,5,5,5,255,5,10,5,255,5,5,5,5,255,255
1780853172.326995,643,67033017,2071,2107,2046,1978,1464,1137,924,750,740,2092,1977,2117,2065,1346,1117,899,767,1032,2109,2090,2126,2075,1390,1059,906,2060,2091,2102,2115,2108,2025,1085,1174,2156,2098,2118,2126,2049,2082,1934,1126,2065,2108,2124,2118,2145,2090,1980,1104,2047,2131,2088,2126,2050,1951,1942,1075,2048,2154,2110,2112,1985,1960,1973,255,10,255,255,255,5,5,5,5,10,5,5,10,10,5,5,5,255,5,5,5,10,5,5,5,255,5,5,5,5,10,5,5,4,10,5,5,255,5,255,5,10,5,5,255,5,10,10,5,5,5,5,5,10,5,5,5,255,5,5,5,5,255,255
1780853172.426927,644,67133017,2071,2037,2135,2054,1464,1144,912,753,734,2069,1977,2088,1862,1346,1104,886,791,1113,2093,2072,2084,2017,1439,1036,983,2060,2085,2087,2101,2123,2152,1102,1174,1922,2121,2103,2088,2080,2117,1861,1112,2065,2109,2126,2084,2096,2090,1980,1096,2047,2071,2126,2127,2127,2017,1942,1114,2048,2092,2127,2122,2028,1960,1973,255,5,10,10,255,5,5,5,5,5,255,5,4,255,5,5,5,9,5,5,5,5,5,5,5,255,5,5,5,5,5,5,9,4,5,5,5,10,5,10,5,255,5,5,10,5,255,255,5,255,5,5,5,5,5,255,5,255,5,5,5,5,255,255
1780853172.527065,645,67233017,2071,2063,2021,2040,1464,1154,946,768,736,2069,2079,2046,1862,1346,1090,896,763,1042,2047,2073,2121,2149,1372,1049,1044,2025,2070,2110,2115,2144,2152,1161,1140,1922,2078,2110,2167,2165,2127,1861,1184,2065,2134,2104,2120,2149,2032,1980,1139,1985,2087,2121,2151,2127,1958,1942,1041,2048,2123,2144,2110,2028,2003,1973,255,5,5,5,255,5,5,5,5,255,10,5,255,255,5,5,5,5,5,5,5,5,5,5,5,10,5,5,5,5,255,5,5,255,5,5,5,5,5,255,5,255,5,5,5,5,10,255,5,10,5,5,5,255,5,255,5,255,5,5,5,255,10,255
1780853172.627170,646,67333017,2071,2063,2052,2110,1464,1198,961,754,674,2065,2045,2086,1998,1340,1104,888,772,1042,2031,2082,2121,2149,1324,1052,1036,2025,2067,2092,2121,2140,2103,1192,1161,2026,2063,2097,2096,2165,2085,1750,1160,2065,2086,2083,2140,2172,2032,1825,1071,1696,2114,2084,2129,2090,1964,1938,1053,2048,2110,2125,2089,1973,2003,1973,255,255,5,5,255,5,5,5,5,10,5,5,10,10,5,5,5,255,5,5,255,255,5,5,5,255,5,5,5,5,10,5,5,10,5,5,5,255,5,10,5,255,5,5,5,5,255,10,5,4,5,5,5,10,5,10,5,255,5,5,5,10,255,255
1780853172.726125,647,67433017,2071,2067,2071,2110,1455,1146,931,753,674,2057,1974,2058,1998,1340,1109,881,766,1042,2076,2052,2133,2149,1301,1047,1102,2025,2106,2089,2121,2146,2103,1123,1082,1973,2183,2085,2116,2110,2111,1750,1129,2065,2120,2083,2094,2107,2032,1825,1136,2152,2122,2125,2141,2076,1986,1990,1073,2048,2117,2125,2113,2030,2003,1973,255,10,5,255,10,5,5,5,5,5,5,5,255,255,5,5,5,255,5,5,10,255,5,5,5,255,5,5,5,5,255,5,5,5,5,5,5,10,5,255,5,255,5,255,5,5,255,255,5,4,5,5,5,5,5,5,5,255,5,5,5,5,255,255
1780853172.827193,648,67533018,2071,2072,2071,2031,1455,1136,922,757,738,2057,2068,2161,1998,1367,1085,886,782,1064,2101,2099,2166,2149,1346,1045,1107,2025,2072,2099,2087,2150,2077,1105,1148,2042,2153,2089,2125,2089,2111,1908,1115,2065,2126,2019,2106,2107,2031,1825,1076,2133,2121,2192,2146,2124,2006,2079,1086,2048,2087,2129,2101,2030,2003,1973,255,5,255,10,255,5,5,5,255,255,5,5,255,10,5,5,5,255,5,5,5,255,9,5,5,255,5,5,5,5,10,255,5,5,5,5,5,5,255,10,255,255,5,10,5,255,10,255,5,5,5,5,5,5,5,3,5,255,5,5,5,255,255,255
1780853172.926942,649,67633017,2071,2031,2071,2076,1448,1156,929,752,729,2022,2068,2105,1998,1393,1089,875,775,1064,2029,2098,2166,2056,1470,1052,1009,2025,2083,2103,2118,2137,2068,1184,1178,2017,2153,2107,2090,2139,2055,1807,1122,2142,2088,2127,2088,2162,2076,1825,1093,2054,2161,2085,2090,2082,2006,2037,1099,2048,2090,2179,2101,2012,2003,1973,255,5,255,5,10,5,5,5,5,10,255,5,255,5,5,5,5,255,5,5,255,10,5,5,5,255,5,5,5,5,5,5,9,5,255,5,5,5,10,5,5,10,5,5,5,10,5,255,5,5,5,5,5,5,255,5,5,255,5,5,5,10,255,255
1780853173.027145,650,67733017,2071,2089,2063,2024,1448,1140,924,763,723,2022,2068,2095,1998,1393,1121,890,752,1064,2124,2064,2112,2083,1342,1035,1116,2098,2069,2088,2119,2110,2068,1067,1165,2017,2142,2066,2103,2139,2111,1807,1140,2142,2103,2079,2116,2080,2103,1825,1101,2103,2138,2118,2090,2100,1965,2037,1121,2048,2115,2115,2093,1959,2003,1973,255,5,10,5,255,5,5,5,5,255,255,5,255,255,5,5,5,255,5,5,10,5,5,5,5,10,5,5,5,5,255,5,5,255,10,5,5,255,5,255,5,255,5,5,5,5,5,255,5,5,5,5,255,5,10,255,5,255,5,5,5,5,255,255
1780853173.127019,651,67833017,2071,2027,2073,1988,1448,1118,925,760,691,2002,2074,2095,1998,1393,1091,873,754,1064,2087,2082,2095,2061,1330,1051,1033,1992,2071,2088,2075,2100,2068,1134,1089,2113,2120,2075,2123,2197,2135,1845,1131,2142,2079,2079,2094,2137,2046,1825,1082,2103,2078,2094,2107,2131,1965,1969,1110,2048,2110,2101,2081,1959,1998,1973,255,5,5,5,255,5,5,5,5,10,10,255,255,255,5,5,5,255,5,5,5,5,5,5,5,5,5,5,5,5,255,5,5,10,5,5,5,10,5,10,5,255,5,255,5,5,5,255,5,255,5,5,10,5,255,10,5,255,5,5,5,255,10,255
1780853173.227205,652,67933018,2071,2071,2005,1984,1362,1122,933,762,720,2071,2074,2084,1998,1393,1149,886,769,1064,2087,2107,2089,2061,1258,1031,1065,1992,2109,2089,2126,2152,2096,1113,1148,2003,2120,2104,2103,2066,2054,1845,1147,2142,2056,2079,2146,2137,2046,1825,1101,2045,2098,2108,2133,2128,1967,1950,1067,2048,2113,2081,2104,1982,1998,1973,255,5,5,5,10,5,5,5,255,5,255,10,255,255,5,5,5,255,255,5,5,255,9,5,5,255,5,5,5,5,10,5,5,5,255,5,5,5,5,255,5,255,5,255,5,255,255,255,5,10,5,5,5,5,10,5,5,255,5,5,5,10,255,255
1780853173.327134,653,68033017,2071,2072,2101,1984,1362,1117,913,757,703,2044,2043,2136,1998,1420,1111,895,762,1064,2083,2080,2103,2061,1312,1079,1135,2079,2066,2069,2111,2081,2065,1147,1141,2094,2100,2107,2102,2066,2128,1845,1094,1929,2086,2079,2128,2110,2046,1999,1148,2071,2065,2140,2095,2058,1995,1974,1088,2048,2095,2121,2108,1996,1988,1973,255,5,5,255,255,5,5,5,5,5,10,5,255,10,5,5,5,255,10,5,5,255,5,5,5,10,5,5,5,5,5,5,5,5,10,5,5,255,5,255,5,10,5,255,5,10,255,10,5,5,5,5,5,5,5,5,5,255,5,5,5,5,10,255
1780853173.427236,654,68133018,2071,2049,2101,2029,1400,1132,921,743,717,2061,2043,2047,2038,1420,1098,891,770,1050,2083,2121,2132,2061,1305,1034,1146,2079,2082,2087,2101,2126,2138,1156,1094,2094,2100,2066,2165,2066,2128,1845,1139,1929,2103,2115,2104,2110,2053,1999,1109,2038,2080,2100,2138,2076,1981,1974,1107,2048,2116,2151,2083,1996,1988,1973,255,5,255,10,10,5,5,5,255,5,255,5,10,255,5,5,5,10,255,5,5,255,5,5,5,255,5,5,5,5,5,5,5,255,255,5,5,255,255,255,5,255,5,10,5,255,10,255,5,5,5,5,5,5,5,255,5,255,5,5,5,255,255,255
1780853173.527033,655,68233017,2101,2105,2044,2048,1400,1139,923,768,684,2067,2043,2076,2108,1359,1091,883,775,1050,2029,2108,2098,2061,1411,1039,909,2079,2098,2095,2088,2141,1406,1156,1138,2127,2100,2116,2072,2160,2084,1845,1128,1929,2107,2101,2123,2128,2053,1925,1119,2069,2110,2130,2137,2088,1960,1967,1034,2048,2102,2107,2118,2025,2000,1973,10,5,10,5,255,5,5,5,5,5,255,5,5,10,5,5,5,255,255,5,5,255,5,5,5,255,5,5,5,5,4,255,5,10,255,5,5,10,10,255,9,255,5,5,5,10,255,10,5,5,5,5,5,5,5,10,5,255,5,5,5,10,10,255
1780853173.627000,656,68333017,2022,2091,2047,2050,1400,1113,935,751,707,2067,2043,2119,2108,1359,1111,889,757,1050,2091,2063,2099,2051,1373,1089,1086,2079,2096,2085,2091,2112,2093,1105,1202,1994,2140,2077,2106,2097,2070,1845,1206,2116,2139,2143,2120,2163,2076,1929,1078,2069,2110,2098,2125,2124,1981,2015,1064,2048,2107,2129,2139,1990,2000,1978,5,5,5,5,255,5,5,5,5,255,255,5,255,255,5,5,5,255,5,5,5,10,5,5,5,255,5,5,5,5,4,10,5,5,10,5,5,5,5,255,5,10,5,5,5,5,10,5,5,255,255,5,5,5,5,5,9,255,5,5,5,5,255,10
1780853173.726004,657,68433017,2054,2091,2047,2038,1268,1153,931,752,739,2063,2063,2061,2108,1328,1081,877,781,1050,2060,2095,2093,2087,1369,1062,990,2038,2068,2104,2144,2112,2036,1105,1137,1994,2118,2115,2111,2175,2082,1805,1134,2116,2110,2143,2118,2169,2134,1963,1109,2069,2099,2098,2140,2089,1981,1854,1090,2048,2092,2117,2124,1990,1926,1978,5,255,255,5,10,5,5,5,255,10,10,5,255,10,5,5,5,255,5,5,5,5,5,5,5,10,5,5,5,255,5,255,5,255,5,5,5,5,5,10,5,255,5,255,5,5,9,5,5,255,10,255,5,5,255,5,5,255,5,5,5,255,10,255
1780853173.827224,658,68533017,2054,2091,2047,2005,1268,1142,916,766,726,2063,2063,2061,2054,1362,1080,875,782,1050,2053,2083,2125,2084,1369,1048,926,2038,2088,2089,2095,2128,2108,1709,1117,2009,2118,2098,2111,2175,2109,1805,1094,2116,2090,2119,2123,2127,1986,1931,1148,2074,2091,2099,2134,2148,1984,1854,1075,2048,2136,2130,2252,1945,1926,2030,255,255,255,5,255,5,5,5,5,255,255,255,10,5,5,5,5,255,5,5,5,5,255,5,5,255,5,5,5,10,5,10,5,10,255,5,255,255,5,255,5,255,5,10,5,5,5,9,5,10,5,10,5,5,10,255,5,255,5,5,5,10,255,10
1780853173.927307,659,68633017,2054,2044,2047,2072,1444,1145,928,767,742,2085,2063,2125,2054,1362,1108,880,758,1106,2072,2053,2104,2065,1410,1061,880,2038,2079,2097,2119,2117,2108,1097,1142,2009,2046,2109,2102,2175,2109,1812,1168,2116,2077,2119,2128,2129,2095,1931,1148,1993,2079,2105,2145,2107,1974,1993,1133,2048,2127,2110,2088,2017,1926,2030,255,10,255,5,10,5,5,5,255,10,255,10,255,255,5,5,5,10,5,5,5,5,10,5,5,255,5,5,5,5,255,5,5,255,10,5,10,255,5,10,5,255,5,255,5,5,5,255,5,5,5,5,5,5,5,10,5,255,5,5,5,5,255,255
1780853174.027116,660,68733017,2054,2083,2094,2041,1387,1160,940,764,689,2062,2071,2056,2054,1379,1137,893,777,1106,2091,2083,2115,2002,1365,1034,1095,2038,2093,2099,2075,2132,2161,1097,1135,2009,2121,2094,2093,2109,2054,1812,1138,2116,2089,2119,2057,2129,2032,1931,1125,2063,2034,2081,2145,2107,1969,2012,1153,2048,2152,2104,2053,1996,1926,2030,255,5,10,5,5,5,5,5,5,5,10,5,255,10,5,5,5,255,5,5,5,5,5,5,5,255,5,5,5,5,10,255,9,255,5,5,5,10,5,255,5,255,5,255,5,255,5,255,9,4,5,5,5,255,5,5,5,255,5,5,5,5,255,255
1780853174.137203,661,68843017,2054,2083,2016,2041,1488,1167,907,757,730,2062,2049,2079,2055,1379,1091,895,771,1152,2018,2128,2076,2053,1354,1041,999,2010,2090,2088,2120,2149,2116,1115,1170,1970,2085,2105,2126,2087,2105,1775,1134,2116,2087,2145,2115,2141,2032,1931,1122,2063,2086,2124,2137,2061,1997,2012,1073,2048,2117,2142,2120,2004,1926,2030,255,255,5,255,4,5,5,5,255,255,5,5,10,255,5,5,5,10,5,5,5,5,5,5,9,10,5,5,5,5,4,10,9,10,5,5,5,5,5,10,5,255,5,10,5,10,255,255,5,255,5,5,5,10,5,255,5,255,5,5,5,5,255,255
1780853174.236981,662,68943017,2054,2083,2080,2052,1457,1143,930,754,740,2042,2068,2100,2036,1574,1105,871,777,1152,2109,2119,2134,2053,1296,1041,1132,2010,2092,2073,2091,2095,2009,1145,1164,2050,2086,2077,2083,2087,2090,1775,1125,2116,2117,2145,2115,2124,2070,2002,1131,2078,2107,2112,2123,2096,1969,1936,1108,1770,2123,2117,2116,2023,1926,2030,255,255,5,10,4,5,5,5,5,10,5,5,5,10,5,5,5,255,5,5,5,255,9,5,5,255,5,5,5,5,5,5,5,5,5,5,5,255,5,255,5,255,5,255,255,5,10,10,5,10,5,5,5,5,5,10,5,10,5,5,5,5,255,255
1780853174.337244,663,69043017,2054,2117,2087,2058,1506,1125,931,751,699,2042,2068,2095,2036,1574,1102,898,782,1152,2127,2093,2097,2021,1316,1037,1076,2010,2101,2077,2106,2097,2105,1116,1144,2052,2119,2103,2117,2147,2103,1815,1155,2116,2105,2145,2111,2139,2057,2002,1073,2079,2120,2100,2141,2039,1953,1965,1125,1770,2120,2094,2110,2022,1926,2030,255,10,5,5,9,5,5,5,255,255,255,5,255,255,5,5,5,255,5,5,5,10,5,5,5,255,5,5,5,5,5,5,5,5,5,5,5,10,5,10,9,255,5,255,10,5,5,255,5,5,5,5,5,5,5,5,5,255,5,5,5,5,255,255
1780853174.437075,664,69143017,2054,2084,2087,2029,1507,1144,940,758,727,2057,2061,2057,2036,1464,1107,890,770,1152,2090,2082,2071,2035,1213,1052,1039,2029,2078,2079,2104,2118,2142,1149,1138,2052,2119,2100,2215,2164,2128,1815,1132,2116,2090,2100,2142,2134,2057,2002,1093,2044,2094,2112,2111,2120,1940,2016,1083,1573,2089,2104,2141,2022,1926,2030,255,5,255,5,9,5,5,5,5,10,10,5,255,10,5,5,5,255,5,5,5,5,5,5,5,10,5,5,5,5,5,9,5,255,255,5,5,5,5,255,5,255,5,10,5,5,255,255,5,5,5,5,5,5,5,5,5,10,5,5,5,255,255,255
1780853174.536898,665,69243017,2039,2104,2042,2075,1423,1148,925,755,713,2051,2061,2052,2134,1273,1113,891,778,1152,2068,2066,2074,2026,1373,1081,998,2029,2062,2096,2119,2068,2141,1116,1129,2033,2118,2097,2111,2158,2137,1815,1055,2116,2091,2097,2155,2134,2104,2002,1066,2077,2094,2130,2131,2107,1999,2016,1133,1573,2084,2139,2030,1937,1926,2030,10,5,10,5,9,5,5,5,5,5,255,5,10,5,5,5,5,255,5,5,5,5,5,5,5,255,5,5,5,5,5,5,5,10,10,5,5,5,5,255,5,255,5,5,5,255,10,255,5,5,255,5,5,5,5,255,5,255,5,5,5,10,255,255
1780853174.637068,666,69343017,2092,2120,1999,2085,1504,1158,902,760,695,2089,2061,2130,2111,1424,1103,896,771,1152,2071,2092,2027,2026,1407,1059,1009,2029,2091,2077,2096,2139,2141,1123,1117,2033,2090,2098,2145,2167,2188,1837,1144,2077,2123,2093,2124,2134,2053,2002,1133,2089,2105,2130,2121,2130,1987,1983,1087,2042,2115,2105,2030,1937,1926,2030,5,5,5,5,5,5,5,5,255,5,255,5,5,5,5,5,5,255,5,5,5,255,5,5,9,255,5,5,5,5,255,5,5,255,5,5,5,5,5,10,5,10,5,5,5,255,5,255,5,5,10,255,5,5,5,10,5,10,5,5,255,255,255,255
1780853174.736109,667,69443017,2048,2025,1999,2053,1482,1143,925,753,672,2036,2146,2091,2063,1424,1112,897,780,976,2087,2109,2128,2026,1358,1045,866,2029,2090,2078,2103,2064,2141,1182,1212,1844,2150,2101,2126,2167,2087,1768,1106,2077,2116,2099,2108,2184,2067,1951,1113,2063,2070,2107,2144,2101,1997,1972,1085,2042,2134,2172,2100,1969,1926,2030,5,5,255,5,9,5,5,5,5,5,10,5,5,255,5,5,5,10,5,5,5,255,5,5,9,255,5,5,5,5,255,5,9,10,5,5,5,255,5,5,5,255,5,5,5,10,5,10,5,5,5,10,5,5,5,5,5,255,5,5,10,10,255,255
1780853174.837182,668,69543017,2104,2054,1999,2043,1459,1128,940,750,748,2082,2146,2091,2063,1424,1099,870,788,1066,2059,2091,2091,2066,1372,1033,861,2029,2104,2088,2138,2072,2110,1135,1171,2070,2150,2117,2107,2113,2104,1768,1112,2077,2110,2120,2104,2109,2067,1951,1116,2028,2089,2121,2146,2097,2014,1968,1067,2042,2101,2139,2076,1969,1926,2030,5,5,255,5,9,5,5,5,5,5,255,255,255,255,5,5,5,5,5,5,5,10,5,5,5,255,5,5,5,5,10,5,5,4,255,5,5,10,5,255,5,255,5,5,5,5,255,255,5,5,5,5,5,5,5,5,5,255,5,5,5,255,255,255
1780853174.937054,669,69643017,2064,2064,1999,2117,1404,1099,931,753,698,2062,2059,2056,2063,1424,1097,886,773,2062,2068,2122,2088,2066,1359,1056,978,2029,2081,2069,2116,2144,2065,1187,1112,2101,2098,2094,2089,2113,2074,1815,1131,2077,2078,2106,2129,2169,2085,1977,1116,2017,2095,2085,2152,2091,1945,1968,1081,2042,2136,2132,2143,1969,1926,2030,5,5,255,5,5,5,5,5,255,5,10,10,255,255,5,5,5,5,5,5,5,255,5,5,9,255,5,5,5,5,5,5,5,5,10,5,5,255,5,10,5,255,5,5,5,5,10,10,5,5,5,5,5,5,5,255,5,255,5,5,5,255,255,255
1780853175.036961,670,69743017,2082,2032,1999,2089,1404,1167,920,758,728,2062,2046,2057,2063,1377,1135,878,778,1173,2088,2062,2150,2063,1349,1085,995,2082,2090,2066,2116,2154,2192,1081,1116,2101,2078,2108,2134,2132,2112,1865,1072,2062,2110,2154,2102,2110,2059,1977,1075,2070,2115,2173,2140,2091,2003,1990,1027,2042,2121,2117,2075,1969,2000,2030,5,5,255,5,255,5,5,5,5,255,5,5,255,10,5,5,5,5,5,5,5,10,9,5,9,10,5,5,5,5,5,5,5,255,5,5,5,10,5,5,5,10,5,5,5,5,5,255,5,5,5,5,5,5,5,10,255,255,5,5,5,255,10,255
1780853175.137088,671,69843017,2082,2058,1999,2056,1477,1138,920,761,725,2115,2070,2095,2063,1284,1104,885,774,1215,2088,2148,2126,2063,1362,1073,1073,2082,2089,2082,2105,2108,2192,1135,1146,2036,2111,2077,2109,2132,2101,1865,1159,2062,2103,2154,2127,2130,2059,1929,1116,2012,2110,2083,2133,2132,2003,1990,1024,1984,2119,2112,2118,1969,2000,2030,255,5,255,5,10,5,5,5,5,10,5,5,255,9,5,5,5,5,5,5,5,255,5,9,5,255,5,5,5,5,255,5,5,10,5,5,5,255,5,255,9,255,5,255,5,5,255,10,5,5,5,5,5,5,255,255,5,10,5,5,5,255,255,255
1780853175.236921,672,69943017,2082,2107,2064,2122,1477,1153,907,753,673,2087,2031,2093,2063,1225,1094,880,781,1215,2088,2103,2067,2052,1337,1049,1131,2082,2098,2103,2134,2139,2075,1135,1197,2083,2112,2082,2112,2072,2106,1974,1138,2062,2067,2104,2139,2149,2072,1936,1144,2088,2126,2106,2152,2111,1999,1990,1089,1984,2081,2127,2092,2012,2000,2030,255,5,10,5,255,5,5,5,5,5,5,5,255,5,5,5,5,255,255,5,5,10,5,5,5,255,5,5,5,5,10,255,5,5,5,5,5,10,5,10,5,255,5,10,5,5,10,5,9,5,5,5,5,5,10,255,5,255,5,5,5,10,255,255
1780853175.337078,673,70043017,2082,2059,2064,2043,1477,1170,933,758,2016,2041,2031,2082,2063,1225,1112,898,776,1045,2078,2073,2080,2077,1344,1046,1115,2057,2094,2084,2127,2112,2075,1099,1122,2079,2112,2104,2117,2113,2121,1974,1181,2031,2094,2083,2132,2142,2072,1936,1110,2088,2121,2080,2120,2077,1961,1990,1079,1527,2172,2092,2114,1965,2000,2030,255,5,255,5,255,5,5,5,5,5,255,5,255,255,5,5,5,10,10,5,5,5,5,5,5,10,5,5,5,5,255,10,5,5,255,5,5,5,9,255,5,10,5,5,5,5,255,255,5,255,5,5,5,5,5,255,5,10,5,5,5,5,255,255
1780853175.437310,674,70143017,2087,2059,2077,2043,1401,1121,924,767,649,2026,2031,2125,2063,1225,1121,893,784,1045,2079,2084,2121,1845,1339,1060,995,2087,2093,2093,2088,2095,2075,1099,1225,2155,2084,2143,2180,2113,2104,1974,1147,2052,2059,2083,2116,2213,2072,1936,1112,2004,2078,2076,2073,2108,1970,1990,1111,1527,2093,2135,2107,1965,2000,2030,10,255,10,255,10,5,5,5,5,5,255,5,255,255,5,5,5,255,5,5,5,5,5,5,9,5,5,5,5,5,255,255,5,5,10,5,5,255,5,255,5,5,5,255,5,5,255,255,5,10,5,5,5,5,5,255,5,255,5,5,5,255,255,255
1780853175.537308,675,70243017,2056,2058,2057,2066,1401,1141,927,755,712,2016,2031,2118,2063,1433,1092,892,770,1124,2058,2095,2059,2125,1395,1036,1101,2077,2096,2094,2116,2116,2075,1112,1144,2020,2121,2072,2121,2113,2103,1801,1157,2052,2118,2141,2098,2197,2072,1936,1107,2040,2078,2110,2125,2097,1970,1975,1046,1527,2095,2129,2128,2008,2000,2030,5,10,5,10,255,5,5,5,5,5,255,5,255,10,5,5,5,10,5,5,5,4,5,5,5,5,5,5,5,5,255,10,5,5,5,5,5,255,5,10,9,255,5,10,5,5,255,255,5,5,255,5,5,5,255,10,5,255,5,5,5,10,255,255
1780853175.637147,676,70343017,2084,2057,2057,2062,1541,1147,917,761,706,2033,2085,2050,2063,1433,1077,876,771,1014,2077,2112,2145,2101,1377,1034,1023,2043,2082,2108,2128,2108,1984,1082,1168,2020,2121,2082,2120,2113,2075,1801,1171,2052,2122,2141,2149,2120,1995,1934,1089,1986,2059,2061,2047,2132,2018,1977,1100,1527,2112,2105,2112,2039,2000,2030,5,5,255,5,10,5,5,5,5,5,10,5,255,255,5,5,5,5,5,5,5,5,9,5,5,5,5,5,5,5,10,5,5,255,255,5,5,255,5,255,5,255,5,255,5,5,10,10,5,5,10,5,5,5,10,5,5,255,5,5,5,5,255,255
1780853175.737913,677,70443017,2084,2052,2086,2062,1541,1159,929,758,733,2067,2085,2088,2058,1433,1099,878,777,1054,2101,2091,2121,2010,1309,1056,1115,1261,2091,2085,2107,2129,2096,1116,1145,2020,2092,2113,2124,2110,2123,1816,1144,2052,2097,2109,2170,2101,2104,1934,1127,2042,2081,2080,2145,2132,1998,2128,1070,1527,2094,2131,2114,2039,2000,2030,255,5,10,255,255,5,5,5,255,5,255,5,10,255,5,5,5,5,5,5,5,5,5,5,5,4,5,5,5,5,4,4,5,255,10,5,5,10,5,10,9,255,5,10,5,5,5,255,5,5,5,5,5,255,5,5,5,255,5,5,5,255,255,255
1780853175.837043,678,70543017,2084,2070,2066,2075,1428,1146,929,744,713,2064,2031,2102,2098,1461,1097,876,757,1090,2106,2080,2163,2010,1330,1059,1044,1261,2078,2088,2126,2137,2054,1113,1164,2020,2114,2133,2161,2110,2066,1816,1138,2052,2108,2116,2124,2130,2022,1934,1133,1950,2109,2070,2107,2105,1966,1973,1053,1527,2138,2168,2129,1994,2000,2030,255,5,5,10,10,5,5,5,5,5,10,5,5,10,5,5,5,5,5,5,5,255,5,5,9,255,5,5,5,5,5,5,5,255,5,5,5,255,5,255,5,255,5,5,5,5,5,255,5,5,5,5,5,10,5,5,5,255,5,5,5,10,255,255
1780853175.936907,679,70643017,2042,2070,2066,2033,1428,1149,913,765,746,2048,2129,2103,2098,1364,1111,892,762,1143,2048,2118,2092,2046,1350,1065,1080,2063,2075,2107,2114,2111,2084,1113,1181,2020,2029,2116,2091,2110,2094,1816,1155,2052,2101,2139,2086,2181,2059,1966,1118,2083,2068,2085,2146,2169,1967,1950,1097,1527,2105,2144,2074,1952,2000,2030,10,255,255,5,255,9,5,5,5,5,5,5,255,5,5,5,5,5,5,5,5,10,5,5,5,10,5,5,5,5,5,255,5,255,5,5,5,255,5,255,5,255,5,5,5,5,5,10,5,5,5,5,5,5,5,5,5,255,5,5,5,5,10,255
1780853176.037154,680,70743018,2072,2048,2043,2031,1428,1138,930,752,687,2048,2129,2035,2098,1313,1110,872,751,1143,2119,2081,2115,2046,1351,1020,979,1995,2078,2081,2103,2097,2131,1113,1119,2088,2116,2089,2132,2110,2110,1816,1204,2052,2124,2110,2129,2121,2059,1966,1151,2083,2068,2145,2114,2090,1967,2013,1053,1527,2109,2140,2182,1952,2000,2030,5,10,10,5,255,5,5,5,5,255,255,5,255,9,5,5,5,255,5,5,5,255,5,5,9,5,5,5,5,5,5,255,5,10,5,5,5,255,5,255,5,255,5,5,5,5,255,255,5,255,255,5,5,5,255,5,5,255,5,5,5,255,255,255
1780853176.135988,681,70843018,2072,2058,2043,2031,1319,1111,922,762,724,2021,2129,2094,2090,1313,1136,880,789,1143,2095,2088,2070,2061,1285,1079,1101,1995,2101,2100,2099,2092,2131,1113,1157,2088,2122,2111,2095,2110,2105,1816,1113,2052,2109,2135,2129,2143,2032,1966,1122,2004,2090,2112,2085,2120,1995,2013,1077,1527,2123,2137,2129,1974,2000,2030,255,5,255,255,10,5,5,5,255,10,255,5,10,255,5,5,5,255,5,5,5,10,5,5,5,255,5,5,5,5,255,255,5,255,5,5,5,255,5,255,5,255,5,5,255,5,10,255,5,10,10,5,5,5,10,255,5,255,5,5,5,10,255,255
1780853176.237143,682,70943017,2012,2055,2005,2051,1319,1157,927,760,692,2069,2129,2109,2090,1313,1107,903,785,1143,2084,2107,2131,2049,1373,1043,980,2097,2068,2105,2112,2092,2111,1150,1217,2094,2128,2113,2088,2110,2091,1896,1185,2052,2088,2085,2104,2117,2032,1966,1139,2068,2098,2088,2065,2057,1976,2013,1123,1527,2129,2117,2094,2005,2000,2030,10,5,10,10,255,5,5,5,255,5,255,5,255,255,5,5,5,255,5,5,5,5,5,5,9,10,5,5,5,255,10,10,5,10,5,5,5,255,5,10,9,255,5,5,10,5,255,255,5,5,5,5,5,5,5,255,5,255,5,5,5,5,255,255
1780853176.336853,683,71043017,2066,2055,2066,2029,1319,1148,911,759,737,2053,2050,2045,2090,1473,1092,884,781,1143,2135,2123,2106,2049,1394,1056,1055,2129,2113,2078,2106,2146,2109,1128,1139,2094,2086,2095,2102,2110,2105,1896,1129,2052,2088,2082,2145,2126,2032,1966,1100,2070,2115,2121,2109,2116,1976,1959,1091,1527,2130,2158,2119,2005,2000,2030,5,255,5,5,255,5,5,5,5,5,10,5,255,10,5,5,5,255,5,5,5,255,5,5,9,5,5,5,5,10,5,5,5,255,5,5,5,255,5,255,5,255,5,5,5,5,255,255,5,5,5,5,5,5,5,10,5,255,5,5,5,255,255,255
1780853176.437273,684,71143017,2066,2055,2066,1989,1319,1147,919,755,737,2053,2050,2042,2090,1347,1104,891,810,1149,2040,2084,2106,2116,1351,1029,1041,2059,2059,2075,2117,2112,2096,1149,1150,2052,2120,2106,2132,2110,2064,1896,1066,2052,2116,2087,2109,2127,2032,1991,1098,2079,2054,2156,2115,2116,1954,1949,1101,1736,2099,2088,2106,1973,2000,2030,255,255,255,5,255,5,5,5,255,255,255,5,255,5,5,5,5,255,5,5,255,10,5,5,9,5,5,5,5,5,5,255,5,10,5,5,5,255,5,255,9,255,5,5,5,5,255,10,5,5,5,5,5,255,5,5,5,10,5,5,5,10,255,255
1780853176.537000,685,71243017,2076,2102,2066,2068,1319,1148,926,751,707,2038,2084,2069,2104,1393,1101,903,784,1149,2053,2102,2114,2116,1291,1051,993,1977,2084,2092,2148,2089,2153,1183,1125,2072,2120,2102,2147,2110,2111,1883,1148,2052,2153,2146,2120,2125,2067,1917,1090,2057,2078,2110,2154,2092,1946,1949,1061,1736,2153,2113,2133,1997,2000,2030,10,10,255,5,255,5,5,5,255,10,10,5,10,5,5,5,5,255,5,5,10,255,5,5,5,4,5,5,5,5,5,5,5,5,255,5,5,255,5,10,9,255,5,5,5,5,10,5,5,5,5,5,5,10,5,255,5,255,5,5,5,5,255,255
1780853176.637219,686,71343017,2076,2102,2109,2046,1492,1126,942,765,746,2052,2084,2094,2104,1393,1112,882,771,1153,2074,2118,2113,2064,1277,1053,1056,1977,2056,2098,2088,2098,2119,1101,1112,2091,2120,2121,2143,2134,2115,1883,1116,2052,2095,2146,2094,2115,2067,1931,1107,1548,2095,2121,2115,2122,1979,1924,1098,1736,2103,2167,2112,2047,2000,2030,255,255,10,5,10,5,5,5,5,5,255,5,255,255,5,5,5,255,5,5,5,10,9,5,5,255,5,5,5,5,5,5,5,5,255,5,5,10,5,255,255,255,5,255,5,5,255,5,5,4,5,5,5,5,5,10,5,255,5,5,5,5,255,255
1780853176.735908,687,71443017,2076,2024,2062,2046,1492,1105,921,763,727,2052,2084,2085,2039,1356,1105,888,775,1153,2077,2092,2113,2061,1295,1051,914,1977,2083,2083,2093,2121,2119,1129,1140,2032,2078,2101,2118,2170,2083,1883,1097,2048,2096,2111,2093,2133,2067,1870,1118,2036,2104,2148,2129,2078,2024,1924,1084,2046,2115,2145,2164,2047,1946,2030,255,10,5,255,255,5,5,5,5,255,255,5,10,10,5,5,5,255,5,5,255,5,5,5,5,255,5,5,5,5,255,5,5,4,10,5,5,5,5,255,5,10,5,10,5,5,255,5,5,4,5,5,5,5,5,255,5,10,5,5,5,255,10,255
1780853176.846917,688,71553017,2076,2062,2078,2046,1536,1156,921,764,673,2035,2074,2082,2029,1448,1100,891,773,1054,2091,2120,2086,2061,1351,1063,975,1977,2070,2102,2117,2135,2057,1129,1156,2023,2075,2081,2097,2170,2119,1883,1089,2048,2077,2067,2108,2166,2074,1870,1115,2116,2110,2121,2111,2165,1979,2005,1104,2046,2091,2120,2154,1988,1946,2030,255,5,5,255,10,5,5,5,5,10,10,5,5,5,5,5,5,10,5,5,10,255,5,5,9,255,5,5,5,5,10,255,9,5,5,5,5,255,5,255,5,255,5,5,5,5,10,255,9,5,5,5,5,5,5,10,5,255,5,5,5,10,255,255
1780853176.946929,689,71653017,2074,2092,2074,2067,1536,1161,926,739,691,2035,2033,2108,2029,1370,1117,891,776,2045,2081,2100,2073,2075,1341,1044,999,1977,2074,2091,2120,2087,2143,1132,1142,2023,2073,2097,2124,2170,2091,1883,1113,2048,2103,2129,2106,2125,2097,1955,1136,2056,2118,2180,2110,2132,1983,1955,1122,1894,2085,2106,2154,2002,1946,2030,10,5,5,10,255,5,5,5,5,255,5,5,255,5,5,5,5,4,5,5,5,10,9,5,5,255,5,5,5,5,5,10,5,255,5,5,5,255,5,255,5,255,5,5,5,5,5,10,5,5,5,5,5,5,5,5,5,10,5,5,255,5,255,255
1780853177.047042,690,71753017,2074,2099,2074,2067,1536,1124,910,749,702,2052,2046,2108,2025,1389,1110,905,792,1107,2058,2031,2063,2075,1339,1056,1062,1977,2079,2076,2121,2165,2143,1068,1144,2102,2112,2092,2106,2105,2137,1883,1130,2048,2115,2123,2080,2091,1988,1904,1168,2042,2099,2126,2126,2126,1941,1955,1059,1894,2147,2129,2089,2005,1946,2030,255,5,255,255,255,5,5,5,5,10,5,255,10,5,5,5,5,3,5,5,5,255,5,5,5,255,5,5,5,5,255,4,5,10,5,5,5,10,5,255,5,255,5,5,5,5,5,5,5,5,5,5,5,5,5,255,5,255,5,5,10,5,255,255
1780853177.147156,691,71853017,2074,2054,2074,2024,1536,1131,920,757,737,2082,2058,2050,2036,1431,1119,882,763,1138,2043,2073,2092,1924,1331,1043,871,1977,2085,2104,2066,2165,2124,1135,1163,2042,2112,2070,2125,2125,2146,1883,1147,2048,2084,2063,2144,2149,2106,2032,1138,2042,2122,2119,2153,2090,1917,1955,1095,1894,2099,2081,2118,2005,1946,2030,255,5,255,10,255,5,5,5,5,5,5,10,5,5,5,5,5,5,5,5,5,10,5,5,5,255,5,5,5,255,10,5,5,5,255,5,5,5,5,255,5,255,5,5,5,5,5,5,5,255,5,5,5,5,5,255,5,255,5,5,5,255,255,255
1780853177.247252,692,71953017,2074,2170,2074,2027,1536,1124,931,753,717,2042,2058,2080,2105,1431,1089,892,784,1018,2043,2095,2110,2123,1306,1029,972,1977,2100,2095,2072,2097,2045,1168,1181,2042,2058,2118,2161,2125,2108,1883,1148,1951,2107,2063,2121,2117,2038,1948,1154,2056,2106,2129,2162,2079,1940,1955,1081,1894,2095,2104,2127,1979,1976,2030,255,5,255,5,255,5,5,5,5,5,255,5,5,255,5,5,5,255,255,5,5,5,5,5,5,255,5,5,5,10,5,5,5,255,10,5,5,255,5,255,5,10,5,255,5,5,5,5,5,10,5,5,5,5,9,255,5,255,5,5,5,10,10,255
1780853177.347149,693,72053017,2074,2093,2058,2042,1536,1127,924,748,710,2065,2043,2086,2105,1349,1103,887,778,1018,2087,2121,2117,2024,1430,1039,960,1977,2093,2099,2119,2071,1753,1180,1116,2092,2106,2061,2118,2125,2105,1967,1115,1951,2116,2039,2180,2117,2084,1879,1131,2056,2091,2131,2133,2132,1964,1993,1103,1894,2157,2181,2070,2003,1976,2030,255,5,10,5,255,5,5,5,5,5,10,5,255,10,5,5,5,255,10,5,5,5,9,5,9,255,5,5,5,5,4,5,5,10,5,5,5,255,5,10,5,255,5,10,5,255,5,5,5,255,5,5,5,5,5,10,9,255,5,5,5,5,255,255
1780853177.447253,694,72153017,2074,2047,2058,2042,1536,1128,925,753,749,2037,2074,2105,2105,1349,1124,892,773,1018,2081,2102,2124,2024,1308,1050,959,1977,2084,2095,2130,2115,2133,1171,1114,2060,2126,2094,2118,2092,2098,1967,1117,1951,2094,2039,2133,2111,2130,1982,1092,2066,2097,2099,2133,2108,1987,1944,1096,1543,2104,2121,2097,2077,2064,2030,255,5,255,255,255,5,5,5,5,5,5,5,255,255,5,5,5,255,5,5,5,255,5,5,9,255,5,5,5,5,3,5,5,5,5,5,255,10,5,255,9,255,5,255,5,10,5,5,5,10,5,5,255,5,5,5,5,10,5,5,5,5,10,255
1780853177.547411,695,72253017,2074,2061,2058,2028,1536,1141,921,766,758,2037,2074,2070,2079,1343,1119,897,772,1063,2055,2070,2117,2038,1337,1019,869,2120,2057,2095,2133,2128,2131,1109,1160,2001,2126,2115,2127,2092,2095,1811,1096,1951,2086,2039,2062,2148,2059,1982,1101,2118,2097,2130,2123,2097,1987,2008,1070,1543,2133,2105,2092,1977,2064,2030,255,5,255,10,255,5,5,5,255,255,255,5,10,10,5,5,5,255,5,5,5,10,5,5,5,10,5,5,5,5,5,255,9,5,255,5,10,255,5,10,5,255,5,255,5,5,5,255,5,5,255,5,10,5,255,5,5,255,5,5,5,5,255,255
1780853177.647265,696,72353017,2074,2061,2002,2028,1536,1120,920,748,714,2037,2079,2067,2079,1343,1121,894,790,1063,2089,2104,2135,2039,1343,1068,1142,2120,2075,2081,2103,2121,2131,1159,1085,2063,2054,2107,2119,2176,2172,1811,1146,1951,2125,2039,2125,2153,2044,1982,1126,2080,2093,2057,2119,2083,1977,1979,1111,1543,2110,2076,2113,1977,2064,2030,255,255,10,255,255,5,5,5,5,255,10,5,255,255,5,5,5,255,5,5,5,5,5,5,5,255,5,5,5,5,255,5,5,5,10,5,5,10,5,255,5,255,5,255,5,5,5,255,5,5,10,5,5,5,10,5,9,255,5,5,5,255,255,255
1780853177.747525,697,72453017,2052,2039,2002,2091,1401,1166,914,757,700,2084,2079,2083,2079,1358,1108,885,783,1141,2094,2070,2136,2096,1396,1065,999,2065,2086,2094,2107,2117,2131,1096,1123,2063,2154,2102,2143,2176,2099,1825,1119,1951,2091,2149,2142,2118,2044,1975,1119,2055,2124,2136,2094,2124,2008,1965,1074,1543,2119,2106,2114,2003,2019,2030,10,10,255,10,10,5,5,5,5,10,255,5,255,10,5,5,5,10,5,5,5,5,5,5,5,10,5,5,5,5,255,4,9,255,5,5,5,255,5,10,5,255,5,10,5,5,255,10,5,5,5,5,5,5,5,5,5,255,5,5,5,10,10,255
1780853177.847076,698,72553017,2052,2025,2022,2080,1369,1152,922,767,709,2015,2025,2114,1996,1481,1107,885,785,1141,2094,2102,2128,2075,1361,1042,1020,2065,2076,2102,2106,2148,2131,1125,1116,2063,2142,2074,2114,2176,2137,1891,1138,1951,2037,2141,2115,2094,2003,1975,1079,2033,2086,2092,2132,2071,1927,1969,1039,1543,2108,2117,2164,2003,2019,2030,255,5,10,5,9,5,5,5,255,5,10,5,10,5,5,5,5,255,5,5,5,5,5,5,9,255,5,5,5,5,255,5,5,255,5,5,5,255,5,5,9,255,5,5,5,5,10,255,5,5,5,5,5,5,5,5,5,255,5,5,5,255,255,255
1780853177.947701,699,72653016,2052,2111,2093,2080,1483,1129,927,752,678,2114,2084,2092,2014,1481,1106,896,779,1123,2055,2074,2073,2079,1434,1061,1096,1967,2068,2090,2091,2125,2129,1140,1140,2052,2108,2103,2112,2123,2076,1891,1126,1734,2110,2091,2115,2098,2123,1863,1115,2085,2067,2072,2075,2097,1994,1980,1132,1543,2120,2117,2156,1985,2019,2030,255,5,5,255,5,5,5,5,5,5,5,5,5,255,5,5,5,10,5,5,5,5,9,5,5,10,5,5,5,5,10,5,5,10,5,5,5,10,5,255,5,10,5,5,255,5,5,10,5,5,5,5,5,5,5,5,5,255,5,5,5,10,255,255
1780853178.047293,700,72753018,2050,2111,2093,2080,1483,1167,912,740,691,2114,2063,2092,2014,1481,1124,899,763,1151,2094,2078,2106,2089,1344,1051,1013,2069,2073,2074,2079,2104,2133,1146,1141,2052,2108,2079,2138,2123,2108,1775,1161,1734,2110,2142,2115,2098,2123,1977,1098,2085,2075,2092,2140,2119,1968,1998,1159,1543,2114,2097,2097,2012,2019,2030,10,255,255,255,5,5,5,5,255,255,5,255,255,255,5,5,5,5,5,5,5,5,5,5,5,5,5,5,5,5,5,5,5,255,255,5,5,255,5,10,9,255,5,5,255,255,255,5,5,255,5,5,5,5,5,5,5,255,5,5,5,5,255,255
1780853178.147210,701,72853017,2050,2070,2093,2053,1329,1153,937,755,726,2065,2024,2076,2058,1481,1110,875,760,1151,2048,2063,2086,2141,1344,1052,1010,2069,2093,2103,2085,2098,2144,1131,1164,2024,2102,2094,2171,2123,2076,1775,1135,1734,2129,2050,2138,2123,2085,1929,1110,1768,2105,2143,2105,2119,1971,1998,1094,1543,2123,2112,2096,2012,2019,2030,255,10,255,10,9,5,5,5,5,10,5,10,10,255,5,5,5,255,5,5,5,5,5,5,5,255,5,5,5,5,4,5,5,10,10,5,5,255,5,255,9,255,5,5,10,10,10,5,5,10,5,5,5,255,5,255,5,255,5,5,5,255,255,255
1780853178.247552,702,72953017,2067,1999,2081,2066,1329,1148,907,765,733,2065,2075,2066,2058,1316,1104,896,774,1073,2094,2062,2086,2102,1336,1045,892,1276,2097,2092,2123,2125,2144,1131,1125,2097,2047,2124,2123,2123,2097,1829,1174,1734,2129,2050,2138,2123,2048,1929,1150,1985,2126,2143,2090,2109,1989,1998,1078,1793,2141,2124,2115,2012,2019,2030,10,5,10,5,255,5,5,5,5,255,5,5,255,10,5,5,5,10,5,5,255,5,5,5,9,10,5,5,5,5,255,255,5,5,5,5,5,255,5,10,5,255,5,255,255,255,5,255,9,5,5,5,5,10,5,255,5,10,5,5,9,255,255,255
1780853178.346815,703,73053017,2069,2072,2085,2048,1376,1134,927,758,720,2048,2075,2111,2058,1463,1106,875,756,1064,2077,2103,2094,1975,1264,1060,983,1276,2099,2100,2117,2150,2102,1113,1145,2097,2093,2111,2128,2124,2077,1829,1138,1734,2090,2053,2075,2146,2048,1965,1081,2084,2100,2137,2132,2097,1971,1998,1069,1990,2123,2135,2126,2028,2019,2030,5,5,5,5,10,5,5,5,5,10,255,5,255,5,5,5,5,5,5,5,10,5,5,5,9,255,5,5,5,5,10,10,5,255,5,5,5,10,5,255,5,255,5,10,10,10,255,10,5,5,5,5,5,5,5,255,5,5,5,5,5,10,255,255
1780853178.447252,704,73153017,2053,2072,2084,2048,1443,1123,934,760,680,2048,2095,2079,2020,1463,1100,886,778,1210,2095,2068,2055,1975,1364,1061,886,1276,2084,2102,2079,2074,2084,1117,1132,2033,2110,2123,2109,2124,2078,1881,1138,1734,2101,2110,2075,2120,2055,1965,1148,2084,2113,2109,2138,2145,1978,1940,1059,1990,2127,2100,2088,2028,2019,2030,5,255,5,255,5,5,5,5,255,255,10,5,10,255,5,5,5,5,5,5,5,255,5,5,5,255,5,5,5,5,5,5,5,10,5,5,5,255,5,10,5,255,5,5,255,5,10,255,5,255,5,5,5,5,5,10,5,255,5,5,5,255,255,255
1780853178.546992,705,73253017,2053,2058,2084,2040,1443,1144,922,754,699,2107,2095,2079,2020,1334,1114,890,780,1354,2075,2068,2095,2076,1308,1047,959,1276,2100,2087,2119,2104,2141,1098,1111,2111,2110,2108,2099,2076,2053,1967,1133,1734,2114,2078,2101,2120,2055,1911,1103,2054,2098,2124,2151,2145,2019,1940,1076,1990,2112,2131,2135,1968,2019,2030,255,10,255,10,255,5,5,5,5,10,255,5,255,10,5,5,5,5,5,5,5,10,5,5,9,255,5,5,5,5,5,5,5,5,255,5,5,10,5,5,9,255,5,5,10,255,255,10,9,10,5,5,5,255,5,255,5,255,5,5,5,10,255,255
1780853178.646965,706,73353017,2081,2016,2073,2043,1443,1116,933,759,719,2073,2095,2079,2020,1334,1095,884,767,1024,2070,2094,2083,2077,1353,1033,1047,1276,2086,2090,2126,2108,2141,1081,1139,2111,2067,2077,2152,2076,2134,1799,1127,1734,2114,2192,2181,2076,2066,1910,1133,2071,2100,2121,2151,2085,1948,1973,1102,2090,2108,2141,2077,1998,2019,2030,10,5,10,5,255,5,5,5,5,5,255,255,255,255,5,5,5,4,5,5,5,5,5,9,5,255,5,5,5,5,255,5,5,255,10,5,5,255,5,5,5,255,255,5,5,10,10,5,5,5,5,5,255,10,5,10,5,10,5,5,5,5,255,255
1780853178.745822,707,73453017,2081,2091,2073,2049,1501,1126,945,781,719,2034,2066,2055,2020,1334,1108,895,770,1024,2106,2119,2071,2048,1349,1047,1080,2036,2078,2073,2106,2089,2124,1759,1119,2013,2077,2081,2092,2154,2068,1855,1109,1734,2107,2082,2124,2114,2066,1972,1116,2102,2103,2112,2147,2055,2024,1978,1089,2090,2107,2113,2114,1968,2019,2030,255,5,255,5,10,5,5,5,5,5,10,10,255,255,5,5,5,255,5,5,5,5,9,5,5,10,5,5,5,5,10,5,5,10,5,5,5,10,5,5,5,255,10,5,5,5,255,5,5,5,5,5,10,5,5,5,5,255,5,5,5,5,255,255
1780853178.846878,708,73553017,2081,2113,2073,2049,1520,1144,930,764,734,2021,2083,2083,1988,1355,1083,890,777,1024,2130,2090,2109,2152,1338,1041,1004,2036,2077,2100,2111,2089,2124,1110,1168,2010,2088,2076,2102,2196,2083,1855,1131,2076,2059,2127,2118,2102,2134,1937,1084,2000,2091,2116,2147,2089,1983,1966,1066,2090,2091,2156,2113,1968,2008,2030,255,5,255,255,5,5,5,5,255,5,5,5,10,10,5,5,5,255,5,5,5,5,9,5,5,255,5,5,5,5,255,5,5,5,5,5,5,5,5,255,5,10,5,5,5,5,10,5,5,5,5,5,255,5,5,5,9,255,5,5,5,255,10,255
1780853178.947210,709,73653017,2059,2054,2073,2013,1520,1128,894,759,704,2021,2083,2079,2071,1355,1114,890,781,1061,2080,2094,2113,2152,1324,1057,966,2087,2073,2100,2104,2060,2062,1097,1130,1974,2065,2099,2134,2196,2163,1855,1140,2076,2108,2127,2122,2102,2032,1937,1112,2028,2062,2107,2105,2152,1992,2003,1083,2090,2106,2147,2102,2008,1996,2030,10,5,255,10,255,5,5,5,255,255,255,5,5,255,5,5,5,10,5,5,5,255,5,5,5,10,5,5,5,5,10,5,5,5,5,5,5,255,5,255,5,255,5,255,5,255,5,255,5,5,5,5,10,5,5,5,5,255,5,5,5,10,5,255
1780853179.047285,710,73753017,2059,2054,2058,2013,1520,1168,927,753,699,2021,1988,2062,2071,1355,1094,868,763,1061,2130,2112,2117,2152,1311,1058,1087,2087,2084,2093,2135,2131,2062,1115,1159,2056,2123,2105,2150,2098,2091,1890,1173,2076,2137,2045,2117,2107,2032,1937,1098,2098,2089,2085,2127,2106,2039,1974,1100,2090,2093,2110,2140,2008,1996,2030,255,255,10,255,255,5,5,5,5,255,10,5,255,255,5,5,5,255,5,5,5,255,5,5,5,255,5,5,5,5,255,5,5,5,5,5,5,10,5,10,5,255,5,10,5,10,255,255,5,5,5,5,5,5,5,5,5,255,5,5,5,255,255,255
1780853179.147841,711,73853017,2094,2092,2084,2021,1520,1151,919,754,717,2021,1988,2093,2021,1383,1115,907,764,1061,2091,2111,2097,2152,1368,1034,1039,2087,2060,2100,2118,2115,2086,1225,1089,2058,2127,2076,2086,2098,2059,1890,1157,2076,2104,2072,2123,2107,2074,1950,1139,2017,2074,2108,2124,2094,1978,1974,1104,1999,2083,2165,2173,2008,1996,2030,10,10,5,10,255,5,5,5,5,255,255,5,10,10,5,5,5,255,9,5,5,255,5,5,9,255,5,5,5,5,10,5,5,5,5,5,5,255,5,255,5,255,5,5,5,255,10,10,5,5,5,5,5,5,5,255,5,3,5,5,5,255,255,255
1780853179.247031,712,73953017,2094,2092,2121,2081,1520,1134,939,753,717,2088,1988,2022,2022,1406,1085,884,767,1061,2067,2093,2112,2050,1366,1058,1092,2087,2095,2099,2064,2156,2086,1142,1144,2058,2085,2082,2086,2115,2092,1890,1216,2070,2103,2127,2131,2085,2074,1887,1143,1993,2126,2128,2097,2118,2014,1976,1136,1999,2088,2098,2104,2021,1996,2030,255,255,5,5,255,5,5,5,255,10,255,5,5,5,5,5,5,255,5,5,5,10,5,5,5,255,5,5,5,5,255,5,5,255,5,5,255,10,5,255,5,10,5,5,5,10,255,5,9,5,5,5,5,5,5,10,5,255,5,5,5,10,255,255
1780853179.346947,713,74053017,2094,2049,2080,2063,1520,1089,932,748,2063,2086,1988,2094,2022,1406,1105,868,771,1319,2081,2111,2082,1994,1425,1045,1098,2014,2064,2076,2110,2110,2110,1130,1160,2035,2049,2090,2114,2115,2112,1800,1128,2070,2073,2130,2108,2106,2017,1960,1158,2011,2097,2082,2100,2097,1971,1976,1061,1999,2111,2097,2121,1973,2023,2030,255,10,5,5,255,5,5,5,10,5,255,5,255,255,5,5,5,10,5,5,5,5,5,5,5,10,5,5,5,5,10,5,5,10,5,5,10,255,5,10,5,255,5,5,5,5,10,5,9,5,5,5,5,5,5,255,5,255,5,5,5,5,10,255
1780853179.456747,714,74163017,2048,2065,2018,2062,1520,1149,920,764,715,2042,1988,2053,2022,1406,1112,892,759,1146,2109,2052,2117,2070,1367,1041,1158,2117,2105,2094,2086,2084,2111,1136,1126,2101,2049,2100,2125,2115,2138,1800,1121,2022,2117,2127,2128,2097,2017,1960,1089,2086,2100,2110,2104,2097,1974,1969,1083,1922,2104,2100,2101,2012,2023,2030,10,5,5,5,255,5,5,5,255,5,255,5,255,255,5,5,5,5,5,5,5,5,5,5,5,4,5,5,5,5,5,5,5,5,255,5,9,255,5,255,5,10,5,5,5,5,255,255,9,5,5,5,5,5,5,10,9,10,5,5,5,5,255,255
1780853179.556867,715,74263017,2048,2051,2051,2062,1520,1122,911,753,718,2014,1988,2079,2123,1426,1107,890,776,1095,2108,2107,2121,2070,1305,1049,1036,2117,2099,2090,2131,2073,2090,1101,1143,2101,2089,2105,2130,2118,2156,1847,1181,2022,2131,2090,2103,2113,2011,1960,1116,2053,2147,2166,2104,2073,1984,2012,1105,1922,2161,2104,2124,1975,2023,2030,255,5,5,255,255,5,5,5,5,5,255,5,10,10,5,5,5,5,5,5,5,255,9,5,9,255,5,5,5,5,5,5,5,255,10,5,5,10,5,10,5,255,5,5,5,5,10,255,5,5,5,5,255,5,5,5,5,255,5,5,5,5,255,255
1780853179.657082,716,74363017,2014,2082,2051,2040,1346,1163,937,764,693,2040,1988,2055,2026,1426,1096,879,758,951,2046,2080,2056,2018,1292,1072,1084,2117,2084,2105,2089,2098,2090,1096,1170,2144,2089,2083,2059,2118,2122,1847,1169,2022,2082,2090,2131,2073,2011,1960,1126,2014,2147,2085,2121,2125,1974,1943,1121,1922,2093,2147,2107,1990,2023,2025,10,5,255,10,10,5,5,5,5,5,255,5,5,255,5,5,5,255,5,5,5,10,5,5,5,255,5,5,5,5,255,5,9,10,255,5,5,255,5,255,5,255,5,255,5,5,255,255,5,4,255,5,10,5,5,5,5,255,5,5,5,5,255,10
1780853179.755781,717,74463016,2014,2045,2046,2078,1346,1155,924,762,742,2077,2089,2039,2144,1440,1120,880,770,1084,2062,2106,2094,2076,1315,1078,1060,2117,2079,2094,2127,2108,2099,986,1178,1966,2072,2118,2126,2113,2081,1847,1087,2022,2059,2090,2097,2133,2079,1878,1128,2094,2100,2083,2111,2083,1990,1968,1086,2048,2134,2104,2071,2000,2051,2025,255,5,10,5,255,5,5,5,5,5,10,5,5,10,5,5,5,5,5,5,5,5,5,5,5,255,5,5,5,5,10,5,5,5,10,5,5,10,5,255,9,255,5,255,5,5,10,10,5,4,10,5,5,5,5,5,5,10,5,5,5,5,10,255
1780853179.856982,718,74563017,2014,2086,2059,2052,1346,1132,924,756,707,2077,2062,2108,2144,1321,1103,894,764,1084,2073,2118,2117,2076,1305,1057,1149,2117,2081,2086,2121,2096,2016,1135,1111,1966,2072,2095,2131,2113,2125,1889,1144,2022,2101,2072,2115,2133,2079,1926,1105,2080,2129,2148,2152,2083,1977,1995,1128,2048,2083,2153,2069,2014,1950,2070,255,5,5,5,255,9,5,5,5,255,5,5,255,5,5,5,5,255,5,5,5,255,9,5,5,255,5,5,5,5,5,5,9,255,255,5,5,255,5,10,9,255,5,10,5,255,255,5,5,5,5,5,5,255,5,5,5,255,5,5,5,5,5,10
1780853179.956976,719,74663017,2014,2071,2085,2047,1452,1148,925,756,725,2022,2050,2061,2144,1321,1100,894,770,1084,2140,2088,2086,1993,1327,1073,951,2117,2082,2084,2124,2140,2016,1136,1175,1966,2077,2098,2122,2059,2092,1884,1086,2022,2097,2148,2128,2120,2079,1960,1104,2016,2104,2111,2152,2059,1980,1937,1093,2048,2132,2129,2140,2009,1950,2070,255,5,5,5,10,5,5,5,5,10,5,5,255,255,5,5,5,255,5,5,5,10,5,5,5,255,5,5,5,5,255,5,5,255,10,5,5,10,5,5,5,255,5,5,5,10,255,5,5,5,5,5,255,10,5,5,5,255,5,5,5,5,255,255
1780853180.057064,720,74763017,2067,2072,2085,2047,1460,1144,917,759,719,2060,2050,2085,2144,1321,1084,872,781,1038,2076,2086,2105,2006,1342,1051,924,2021,2092,2105,2142,2148,2016,1153,1159,2071,2080,2093,2083,2059,2046,1715,1156,2022,2091,2166,2128,2179,2094,1886,1092,1982,2114,2138,2130,2059,1967,1937,1064,2048,2110,2099,2125,2009,1962,2070,10,5,255,255,5,5,5,5,255,5,255,5,255,255,5,5,5,10,5,5,5,5,5,5,5,10,5,5,5,5,255,5,5,10,5,5,5,255,5,5,5,255,5,5,255,5,10,5,5,5,5,5,10,255,5,255,9,255,5,5,5,255,10,255
1780853180.156759,721,74863016,2067,2090,2085,2033,1450,1118,935,754,714,2060,2081,2094,2093,1358,1104,886,784,1060,2050,2075,2113,2024,1303,1037,1058,1947,2101,2089,2103,2096,2097,1143,1103,2071,2079,2070,2140,2141,2109,1883,1086,2008,2123,2073,2105,2140,2094,1886,1086,2045,2090,2084,2078,2100,2003,2002,1081,2162,2102,2121,2071,1956,1962,2070,255,5,255,10,5,5,5,5,5,255,10,5,10,10,5,5,5,5,5,5,5,5,5,5,5,5,5,5,5,5,10,3,5,255,5,5,5,10,5,5,9,10,5,5,10,5,255,255,5,5,5,5,5,10,5,10,5,10,5,5,5,10,255,255
1780853180.256872,722,74963017,2067,2080,2083,2003,1450,1137,926,763,712,2071,2110,2094,1998,1450,1104,890,778,1060,2029,2062,2126,2065,1309,1034,1039,1947,2084,2094,2107,2094,2059,1135,1132,2074,2079,2107,2191,2141,2122,1883,1138,2000,2099,2073,2128,2079,2075,1886,1100,2041,2103,2159,2078,2088,1996,1975,1061,2162,2120,2134,2129,1956,1962,2070,255,5,10,5,255,5,5,5,5,10,5,255,5,5,5,5,5,255,5,5,5,5,5,5,5,255,5,5,5,5,5,5,5,10,255,5,5,255,5,255,5,5,5,255,5,5,10,255,5,5,5,5,255,5,5,5,5,255,5,5,5,255,255,255
1780853180.356911,723,75063017,2021,2086,2083,2059,1592,1179,921,761,686,2074,2075,2107,1998,1450,1089,889,778,1060,2115,2095,2078,2067,1349,1063,984,1947,2071,2088,2100,2105,2059,1147,1145,2063,2062,2115,2101,2094,2110,1890,1148,2000,2139,2122,2119,2162,2075,1886,1097,1931,2074,2159,2078,2098,1981,2002,1112,2162,2126,2119,2039,1985,1962,2070,10,5,255,5,10,5,5,5,5,5,5,10,255,255,5,5,5,255,5,5,5,5,5,5,9,255,5,5,5,5,255,5,5,5,10,5,5,10,5,10,5,255,5,10,5,5,255,255,5,5,5,255,255,5,5,5,5,255,5,5,5,10,255,255
1780853180.457212,724,75163017,2021,2072,2034,2059,1592,1145,923,755,705,2065,2075,2115,1998,1450,1096,896,777,1060,2092,2083,2110,2108,1319,1066,978,1966,2081,2121,2121,2112,2059,1141,1181,2063,2065,2084,2111,2122,2080,1890,1096,2000,2060,2108,2125,2118,2120,1829,1096,2103,2123,2105,2128,2110,1981,1970,1082,2162,2144,2110,2132,1999,2029,2070,255,5,10,255,255,5,5,5,255,5,255,5,255,255,5,5,5,255,5,5,5,5,5,5,5,10,5,5,5,5,255,5,5,255,5,5,5,5,5,255,5,255,5,5,5,5,10,10,5,5,5,10,10,5,255,5,5,255,5,5,5,5,10,255
1780853180.556937,725,75263017,2021,2060,2034,2014,1592,1158,925,751,736,2043,2075,2117,1998,1450,1105,888,774,1060,2074,2054,2126,2000,1361,1065,1076,2065,2075,2080,2098,2104,2059,1119,1136,2021,2072,2077,2142,2122,2121,1790,1157,2000,2122,2115,2125,2097,2039,1972,1071,1999,2123,2094,2141,2097,1990,1970,1064,2162,2130,2149,2097,1998,2029,2070,255,5,255,10,255,5,5,5,5,5,255,5,255,255,5,5,5,255,5,5,5,5,5,5,5,5,5,5,5,5,255,5,5,10,5,5,5,255,5,10,5,255,5,5,255,5,5,5,5,5,255,5,5,5,10,255,5,255,5,5,5,5,255,255
1780853180.657439,726,75363017,2021,2060,2049,2067,1460,1123,923,760,2040,2043,2052,2117,1998,1298,1101,887,788,1079,2096,2099,2120,2000,1329,1056,1016,2065,2083,2109,2111,2104,2082,1120,1158,1980,2102,2097,2103,2097,2121,1790,1135,2000,2122,2130,2123,2097,2063,1972,1082,2014,2107,2140,2184,2138,1979,1909,1097,2162,2130,2140,2123,2011,2029,2070,255,255,10,5,10,5,5,5,5,255,10,255,255,10,5,5,5,10,5,5,5,255,5,5,9,255,5,5,5,5,10,5,5,3,5,5,5,10,255,255,5,255,5,5,10,255,5,255,5,5,10,5,5,5,5,10,5,255,5,5,5,5,255,255
1780853180.756744,727,75463017,2021,2060,2049,2023,1460,1129,928,754,698,2072,2052,2097,1998,1320,1116,887,756,1079,2063,2063,2071,2000,1274,1039,997,2065,2102,2099,2109,2141,2107,1159,1133,2055,2145,2094,2089,2138,2048,1790,1129,1964,2122,2105,2070,2094,2132,1972,1116,2014,2077,2125,2123,2144,1965,1972,1095,2162,2075,2124,2129,1931,2029,2070,255,255,255,5,255,9,5,5,5,10,255,10,255,5,5,5,5,255,5,5,5,255,9,5,5,255,5,5,5,5,5,5,9,5,5,5,5,5,10,255,5,10,5,5,5,10,5,255,5,255,5,5,5,5,5,5,5,255,5,5,5,5,255,255
1780853180.857023,728,75563017,2021,2033,2125,2024,1460,1155,934,765,746,2059,2062,2119,1998,1320,1114,889,754,2235,2066,2075,2104,2009,1274,1065,955,2077,2091,2097,2101,2110,2107,1219,1146,1977,2115,2110,2177,2138,2111,1790,1077,2041,2090,2105,2099,2116,2077,1917,1088,2008,2096,2096,2123,2006,1976,1972,1103,2162,2117,2147,2086,1931,2029,2070,255,10,10,5,255,5,5,5,5,5,10,5,255,255,5,5,5,10,5,5,5,10,255,5,5,10,5,5,5,5,255,9,255,5,5,5,5,255,5,255,255,5,5,255,5,5,5,10,5,10,5,5,5,5,5,255,5,255,5,5,5,255,255,255
1780853180.957140,729,75663017,2021,2079,2125,2024,1460,1125,933,762,680,2068,2053,2119,1998,1354,1112,880,796,1034,2096,2088,2093,2009,1316,1072,1085,2077,2083,2099,2117,2126,2107,1130,1146,2027,2096,2136,2146,2138,2163,1836,1122,2041,2066,2105,2119,2155,2092,1917,1100,2131,2104,2129,2105,2006,2002,1965,1068,2162,2128,2110,2124,1944,2029,2070,255,5,255,255,255,5,5,5,5,5,5,255,255,10,5,5,5,5,5,5,5,255,10,5,5,255,5,5,5,5,255,5,5,5,5,5,5,255,5,10,5,255,5,255,5,5,5,255,9,5,5,5,5,255,5,10,5,255,5,5,5,10,255,255
1780853181.057227,730,75763018,2021,2091,2125,2024,1410,1097,931,754,705,2105,2053,2110,1998,1354,1112,880,776,1043,2050,2058,2083,2067,1339,1056,983,2077,2079,2098,2105,2119,2107,1167,1099,2027,2089,2076,2119,2138,2069,1836,1139,1918,2084,2105,2119,2118,2092,1917,1088,2132,2094,2152,2132,2091,1995,1931,1059,2162,2148,2137,2115,1971,2029,2070,255,5,255,255,10,5,5,5,255,5,255,10,255,255,5,5,5,5,5,5,5,10,5,5,9,255,5,5,5,5,255,5,5,255,5,5,5,255,5,255,5,10,5,255,255,5,255,255,5,5,5,5,5,10,5,5,9,255,5,5,5,5,255,255
1780853181.157086,731,75863017,2026,2091,2125,2082,1443,1133,920,750,741,2105,2087,2082,1998,1354,1097,880,753,1034,2060,2077,2121,2067,1329,1064,1004,2077,2083,2082,2113,2114,2103,1615,1154,2017,2032,2130,2115,2154,2087,1836,1164,1918,2104,2095,2126,2116,2108,1917,1114,1973,2055,2061,2147,2148,1945,1983,1072,2162,2105,2115,2079,1971,1974,2070,10,255,255,10,5,5,5,5,5,255,10,5,255,255,5,5,5,255,5,5,5,255,5,5,9,255,5,5,5,5,10,4,5,10,5,5,5,10,5,255,5,255,5,10,10,5,10,255,5,5,5,5,5,5,5,5,5,255,5,5,5,255,10,255
1780853181.257219,732,75963017,2026,2077,2125,2016,1485,1118,918,749,684,2105,2088,2085,1998,1354,1093,885,795,1168,2119,2063,2133,2019,1367,1038,985,2077,2071,2096,2094,2108,1440,1123,1166,2072,2110,2078,2129,2154,2106,1836,1078,1872,2093,2091,2164,2105,2108,1917,1047,2053,2055,2069,2148,2093,1946,1983,1094,2162,2100,2117,2087,1974,1974,2070,255,10,255,5,5,5,5,5,255,255,5,5,255,255,5,5,5,5,5,5,5,10,5,5,5,255,5,5,5,5,4,5,5,5,5,5,5,255,5,255,5,10,5,5,5,5,255,255,5,5,255,5,5,5,5,255,5,255,5,5,5,10,255,255
1780853181.357183,733,76063016,2052,2032,1991,2016,1295,1101,946,752,723,2068,2089,2116,2108,1349,1096,882,777,1060,2069,2076,2078,2142,1251,1055,1100,2006,2061,2080,2113,2124,1440,1122,1129,2101,2145,2109,2128,2154,2103,1836,1123,1872,2120,2078,2118,2104,2193,1917,1104,2038,2081,2136,2114,2095,2051,1975,1075,2162,2103,2112,2121,2008,1970,2070,10,5,10,255,4,5,5,5,5,10,5,5,10,10,5,5,5,5,5,5,5,5,5,5,5,10,5,5,5,5,255,5,5,5,9,5,5,255,5,255,5,255,5,5,5,5,10,255,5,5,10,5,5,5,5,10,5,255,5,5,5,5,10,255
1780853181.456962,734,76163017,2041,2062,2010,2016,1295,1147,916,754,691,2082,2144,2108,2108,1349,1128,885,764,1077,2072,2097,2124,2142,1261,1052,1073,2006,2064,2086,2123,2127,1440,1110,1077,1965,2145,2086,2126,2154,2070,1836,1140,1945,2095,2078,2108,2123,2193,2007,1111,2162,2078,2096,2136,2115,1986,1950,1055,2162,2116,2098,2089,1938,1978,2070,5,5,5,255,255,5,5,5,5,5,5,5,255,255,5,5,5,9,5,5,5,255,5,5,5,255,5,5,5,5,255,5,5,5,255,5,5,255,5,255,5,10,5,255,5,5,255,10,5,5,5,5,5,5,5,5,5,255,5,5,5,5,5,255
1780853181.556972,735,76263017,2041,2042,2044,2048,1345,1144,931,758,745,2033,2088,2037,2108,1349,1090,883,762,1185,2045,2083,2145,2065,1330,1052,981,2006,2093,2090,2149,2097,2104,1118,1159,1965,2086,2106,2121,2165,2151,2040,1136,2045,2108,2124,2114,2149,2193,2007,1112,1977,2084,2091,2110,2057,1984,1999,1130,2162,2168,2154,2073,1984,1978,2070,255,5,5,10,10,5,5,5,255,5,5,5,255,255,5,5,5,9,5,5,5,10,5,5,9,255,5,5,5,5,10,5,5,255,10,5,5,10,5,10,5,5,5,10,5,5,255,255,5,5,5,5,5,5,5,5,5,255,5,5,5,5,255,255
1780853181.656919,736,76363017,2041,2072,2067,2048,1345,1149,942,752,705,2048,2124,2092,2096,1349,1109,903,780,1063,2083,2142,2112,2065,1292,1024,953,2006,2102,2075,2114,2062,2104,1088,1143,2023,2118,2120,2106,2152,2105,2040,1155,2045,2099,2124,2110,2149,2193,2007,1138,1973,2101,2116,2159,2110,2015,1999,1084,2162,2130,2137,2049,1989,1978,2070,255,5,5,255,255,5,5,5,255,5,5,5,10,255,5,5,5,5,5,5,5,255,5,5,5,255,5,5,5,5,255,5,5,10,5,5,5,5,5,255,5,255,5,255,5,255,255,255,9,5,5,5,5,5,5,255,5,255,5,5,5,5,255,255
1780853181.755859,737,76463017,2081,2089,2067,2048,1572,1142,935,750,711,2048,2100,2054,2096,1393,1117,889,788,1057,2083,2110,2096,2119,1383,1055,1020,2006,2102,2083,2109,2128,2074,1143,1132,2058,2120,2088,2153,2118,2086,2040,1146,2045,2108,2149,2131,2149,2193,1949,1101,2105,2079,2147,2129,2040,1981,2001,1100,1989,2105,2102,2049,2028,1978,2070,10,5,255,255,10,5,5,5,5,255,5,5,255,10,5,5,5,5,255,5,5,10,5,5,9,255,5,5,5,5,10,5,9,5,5,5,5,5,5,255,5,255,5,10,5,10,255,10,5,5,5,5,5,5,5,10,5,10,5,5,255,5,255,255
1780853181.857252,738,76563017,2081,2063,2067,2068,1423,1149,919,757,710,2055,2100,2084,2096,1393,1054,893,782,1057,2078,2107,2081,2119,1286,1037,1059,2006,2098,2113,2113,2140,2074,1153,1176,2052,2082,2086,2109,2134,2112,2040,1110,2045,2085,2111,2147,2115,2193,1894,1068,1983,2079,2129,2134,2079,1932,1972,1104,1989,2113,2108,2145,2005,1978,2070,255,5,255,10,9,5,5,5,5,10,255,5,255,255,5,5,5,255,10,5,5,255,9,5,9,255,5,5,5,5,255,5,9,5,5,5,5,5,5,255,5,255,5,5,5,5,255,5,5,5,255,5,5,5,5,5,5,255,5,5,10,5,255,255
1780853181.957158,739,76663017,2081,2063,2097,2034,1423,1157,931,760,712,2045,2085,2071,2096,1295,1098,888,795,1062,2067,2088,2073,2119,1426,1065,1092,2006,2045,2086,2091,2116,2121,1121,1213,2082,2147,2094,2074,2134,2117,1838,1126,2071,2117,2111,2100,2108,2146,1952,1091,2031,2115,2137,2118,2061,2049,1963,1039,1989,2085,2139,2144,1986,1978,2070,255,255,10,5,255,5,5,5,5,5,10,5,255,10,5,5,5,10,5,5,5,255,5,5,5,255,5,5,5,5,10,5,5,5,5,5,5,255,5,10,9,10,5,255,5,5,10,5,5,5,10,5,5,5,5,5,9,255,5,5,5,5,255,255
1780853182.057445,740,76763017,2000,2075,2097,2010,1423,1163,926,770,724,2040,2085,2075,2096,1295,1112,874,770,1125,2067,2094,2141,2119,1348,1041,1045,2006,2092,2104,2069,2113,2167,1123,1123,2052,2088,2101,2144,2152,2236,1908,1100,2093,2043,2102,2107,2107,2069,1940,1112,2088,2114,2130,2118,2118,1988,1963,1126,1989,2078,2119,2113,2008,1984,2070,10,10,255,5,255,5,5,5,5,5,255,5,255,255,5,5,5,5,255,5,5,255,5,5,5,255,5,5,5,5,3,5,5,5,5,5,5,10,5,5,5,5,5,10,5,5,5,5,5,5,5,5,255,5,5,255,5,255,5,5,5,5,10,255
1780853182.157935,741,76863017,2121,2006,2097,2089,1423,1153,919,760,717,2073,2061,2098,2096,1380,1119,885,771,1215,2075,2108,2108,1922,1310,1056,1051,2006,2066,2089,2073,2125,2167,1110,1123,2083,2086,2112,2134,2152,2130,1913,1120,2093,2049,2102,2112,2125,2106,1944,1118,1998,2079,2101,2118,2149,1997,2002,1108,1448,2105,2114,2089,2008,1946,2070,5,5,255,5,255,5,5,5,5,5,10,5,255,10,5,5,5,5,10,5,5,10,5,5,9,255,5,5,5,5,255,5,5,5,5,5,5,255,5,5,5,255,5,255,5,5,5,5,5,5,5,5,255,5,5,10,5,10,5,5,5,255,5,255
1780853182.266937,742,76973017,2121,2058,2058,2102,1423,1139,921,759,739,2078,2089,2060,2096,1301,1095,883,781,1109,2085,2107,2063,1922,1372,1064,1039,2006,2075,2086,2133,2113,2122,1088,1172,2022,2086,2111,2144,2147,2089,1913,1155,2093,2097,2145,2097,2109,2090,1944,1106,1915,2114,2090,2114,2096,1998,1986,1076,1448,2132,2135,2081,1971,1946,2070,255,5,10,5,255,5,5,5,5,5,5,5,255,5,5,5,5,5,5,5,5,255,5,5,5,255,5,5,5,5,10,5,5,5,255,5,5,10,5,255,5,255,5,10,5,5,5,255,5,5,5,5,10,5,5,5,5,255,5,5,5,10,255,255
1780853182.367416,743,77073017,2086,2046,2058,1990,1423,1124,936,759,718,2079,2086,2101,2096,1473,1091,886,774,1109,2070,2092,2110,2045,1367,1050,1020,2006,2104,2088,2123,2098,2122,1105,1104,2022,2157,2104,2109,2147,2099,1913,1190,2093,2092,2153,2153,2160,2090,1954,1088,1917,2102,2098,2158,2115,1998,2021,1066,1448,2103,2150,2108,1963,1946,2070,10,5,255,5,255,5,5,5,255,5,5,5,255,5,5,5,5,255,5,5,5,10,5,5,5,255,5,5,5,5,255,5,5,255,10,5,5,255,5,255,5,255,5,5,5,5,255,10,5,9,5,5,5,5,5,5,5,255,5,5,5,5,255,255
1780853182.467450,744,77173018,2086,2068,2058,1990,1331,1132,949,764,708,2093,2086,2069,2096,1473,1127,883,773,1109,2070,2083,2088,2045,1309,1068,983,2006,2076,2099,2122,2111,2058,1165,1152,2100,2069,2099,2080,2152,2059,1913,1103,2093,2169,2127,2082,2160,2056,1954,1122,1917,2091,2112,2123,2077,2000,1939,1129,1448,2175,2135,2108,1963,1946,2070,255,5,10,255,10,5,5,5,5,5,255,5,255,255,5,5,5,255,255,5,5,255,5,5,5,255,5,5,5,5,10,5,5,10,5,5,5,10,5,255,5,255,5,5,5,255,10,255,9,255,5,5,5,5,5,5,5,255,5,5,255,255,255,255
1780853182.568200,745,77273017,2068,2072,2028,1990,1331,1105,945,748,723,2057,2069,2113,2049,1473,1111,887,769,1061,2064,2069,2152,2097,1339,1046,993,2006,2096,2076,2085,2125,2074,1122,1177,2106,2125,2083,2080,2152,2059,1948,1110,2167,2104,2127,2082,2157,2056,1954,1106,2112,2144,2141,2092,2077,1961,1939,1077,1448,2101,2129,2108,1992,1946,2070,10,5,5,255,255,5,5,5,5,5,10,5,10,255,5,5,5,10,10,5,5,10,5,5,5,255,5,5,5,5,5,5,5,5,5,5,255,255,255,10,5,10,5,255,255,10,255,255,5,10,5,5,5,5,5,255,5,255,5,5,255,10,255,255
1780853182.668242,746,77373017,2068,2083,2028,1990,1331,1133,924,759,723,2094,2099,2069,2049,1346,1113,875,777,1061,2069,2125,2107,2097,1366,1059,1007,2006,2086,2092,2114,2115,2120,1129,1124,2108,2072,2084,2128,2152,2155,1948,1088,2110,2071,2122,2110,2183,2056,1967,1154,1537,2144,2139,2106,2115,1961,2036,1075,2068,2152,2137,2146,2017,1946,2070,255,5,255,255,255,5,5,5,255,5,5,5,255,10,5,5,5,255,5,5,5,255,5,5,5,255,5,5,5,5,4,255,255,5,5,5,10,255,10,255,5,5,5,10,10,5,255,10,5,4,255,5,5,5,255,10,5,10,5,5,10,5,255,255
1780853182.767743,747,77473017,2102,2079,2146,2035,1331,1153,921,767,1997,2065,2099,2108,1943,1346,1115,889,763,1061,2109,2092,2082,1994,1320,1070,956,2006,2080,2078,2118,2140,2103,1170,1137,2108,2103,2079,2137,2152,2133,1948,1136,2110,2092,2130,2101,2080,2056,1841,1097,2028,2074,2096,2113,2090,1989,2036,1068,2068,2121,2132,2134,2041,1946,2070,10,5,10,10,255,5,5,5,10,5,255,5,10,255,5,5,5,255,5,5,5,10,5,5,9,255,5,5,5,5,4,5,5,255,5,5,5,255,5,255,5,255,5,5,5,5,255,5,5,5,10,5,5,5,10,255,5,255,5,5,5,5,255,255
1780853182.866920,748,77573017,2073,2084,1997,2049,1529,1137,924,759,743,2065,2088,2108,1943,1303,1110,893,783,1061,2090,2088,2114,2083,1327,1055,934,2006,2121,2081,2124,2120,2098,1142,1156,2108,2088,2096,2139,2061,2130,1913,1139,2110,2122,2130,2101,2158,2100,1841,1111,2028,2143,2112,2125,2142,1984,1999,1078,2068,2117,2146,2153,2041,1946,2070,5,5,5,5,10,5,5,5,5,5,10,255,255,10,5,5,5,255,5,5,5,5,5,5,5,255,5,5,5,5,5,5,9,255,5,5,5,10,5,3,5,255,5,255,255,5,10,255,5,255,5,5,5,5,5,10,5,255,5,5,5,255,255,255
1780853182.967188,749,77673017,2073,2084,2044,2051,1446,1126,912,748,716,2065,2088,2087,1943,1358,1124,876,780,1046,2052,2079,2139,2043,1290,1045,864,1992,2061,2090,2096,2126,2117,1142,1125,2054,2080,2079,2157,2184,2072,1913,1081,2110,2093,2113,2100,2158,2106,1841,1085,2090,2103,2108,2094,2116,1999,1991,1052,2068,2106,2143,2104,2041,2003,2070,255,255,5,5,5,5,5,5,5,255,255,10,255,5,5,5,5,10,5,5,5,5,9,5,5,10,5,5,5,5,5,255,5,10,5,5,5,5,5,255,5,255,5,10,10,255,5,255,5,10,5,5,5,5,5,5,5,255,5,5,5,255,10,255
1780853183.067211,750,77773018,2073,2078,2098,1965,1446,1144,935,752,706,1991,2109,2087,1943,1358,1096,875,773,1046,2071,2079,2048,2117,1321,1045,1063,2026,2093,2072,2094,2123,2122,1778,1148,2101,2080,2108,2142,2098,2121,1913,1074,2113,2129,2123,2100,2141,2083,1924,1093,2090,2098,2098,2094,2147,1999,1991,1083,2068,2122,2088,2083,2041,2003,2070,255,10,5,5,255,5,5,5,255,10,10,255,255,255,5,5,5,255,5,255,5,5,9,5,5,5,5,5,5,5,5,10,5,5,255,5,5,5,5,255,5,10,5,5,255,10,5,10,5,255,5,5,255,5,255,255,5,255,5,5,5,255,255,255
1780853183.167018,751,77873017,2095,2064,2107,2080,1464,1150,920,759,718,2083,2100,2124,1889,1381,1105,880,770,1062,2105,2093,2113,2117,1266,1040,1094,2026,2087,2096,2110,2146,2122,1084,1135,2101,2092,2128,2076,2128,2070,1913,1119,2135,2082,2123,2070,2155,2103,1785,1098,2067,2165,2075,2188,2070,1972,2014,1101,2068,2054,2112,2099,2041,2003,2070,10,5,5,5,10,5,5,5,5,5,5,10,10,10,5,5,5,10,5,10,5,255,5,5,5,255,5,5,5,5,255,5,5,255,10,5,5,5,5,255,5,5,5,255,10,5,5,4,5,10,5,5,10,5,10,10,5,255,5,5,5,255,255,255
1780853183.266894,752,77973017,2032,2062,2067,2049,1464,1123,931,755,711,2036,2074,2138,1889,1381,1125,900,750,1148,2087,2111,2106,2059,1362,1037,976,2046,2087,2092,2073,2108,2068,1127,1090,2087,2100,2108,2125,2128,2087,1922,1169,2135,2096,2073,2132,2101,2162,1992,1135,2116,2094,2107,2084,2049,1992,2014,1074,2068,2127,2147,2090,1954,2003,2070,5,5,5,5,255,5,5,5,255,5,5,5,255,255,5,5,5,5,5,5,5,10,5,5,255,10,5,5,5,5,10,5,5,10,5,5,5,255,5,10,5,255,5,10,5,5,5,4,9,5,5,5,5,5,5,255,9,255,5,5,5,10,255,255
1780853183.367098,753,78073017,2032,2047,2067,2077,1464,1143,925,752,721,2059,2027,2068,2065,1381,1098,901,801,2094,2096,2080,2103,2028,1339,1050,1041,2046,2085,2089,2108,2152,2068,1107,1086,2030,2100,2102,2113,2128,2110,1922,1128,2135,2124,2084,2132,2087,2102,1955,1136,2079,2097,2105,2138,2049,1978,2014,1083,1993,2118,2124,2127,1944,2003,2070,255,5,255,5,255,5,5,5,5,5,5,5,10,255,5,5,5,4,5,5,5,5,5,5,5,255,5,5,5,5,255,5,5,5,255,5,5,255,5,255,5,255,5,5,255,5,5,5,5,5,5,5,5,255,5,255,5,10,5,5,5,5,255,255
1780853183.467415,754,78173017,2032,2047,2067,2104,1337,1126,915,743,736,2050,2077,2056,2065,1381,1101,898,797,1076,2097,2088,2088,2132,1355,1059,948,2026,2073,2104,2113,2075,2068,1290,1199,2030,2034,2106,2069,2128,2091,1895,1121,2036,2091,2092,2097,2115,2102,1955,1068,2079,2135,2104,2128,2115,1946,1957,1090,1993,2085,2124,2164,2029,2003,2070,255,255,255,5,10,5,5,5,5,5,5,5,255,255,5,5,5,5,5,5,5,5,5,5,5,10,5,5,5,5,255,9,5,255,10,5,5,255,5,10,5,10,5,5,10,5,255,255,9,255,5,5,5,10,5,10,9,255,5,5,5,5,255,255
1780853183.566936,755,78273017,2035,2047,2067,2054,1402,1133,925,758,735,2035,2077,2063,2065,1479,1107,887,769,1179,2090,2084,2036,2079,1462,1065,1074,2026,2075,2090,2099,2162,2068,1154,1084,2067,2099,2115,2127,2061,2100,1859,1133,2036,2131,2098,2045,2125,2102,1955,1072,2085,2126,2110,2064,2058,1960,1964,1041,1993,2130,2149,2115,1950,2003,2070,10,255,255,5,5,5,5,5,5,5,255,5,255,10,5,5,5,5,5,5,5,5,5,5,4,255,5,5,5,5,255,4,5,10,5,5,5,10,5,5,5,255,5,5,5,5,255,255,5,10,5,5,5,5,5,5,5,255,5,5,5,5,255,255
1780853183.667080,756,78373017,2120,2047,2067,2007,1390,1113,908,754,689,2018,2048,2063,2065,1479,1130,892,774,1119,2090,2062,2036,2081,1332,1078,1014,2136,2058,2089,2107,2101,1541,1088,1131,2067,2073,2116,2136,2109,2109,1859,1126,2036,2104,2126,2116,2142,2102,1981,1157,1943,2111,2121,2106,2107,1975,2002,1115,2034,2107,2123,2116,1950,2003,2070,5,255,255,5,9,5,5,5,255,5,10,5,255,255,5,5,5,5,255,5,255,5,5,5,5,10,5,5,5,5,10,5,5,255,5,5,5,5,5,255,5,255,5,5,5,5,255,10,5,5,5,5,5,5,5,5,5,10,5,5,5,255,255,255
1780853183.766656,757,78473017,2066,2047,2067,2007,1390,1138,926,754,2076,2080,2076,2043,2065,1350,1099,884,788,1119,2064,2057,2136,2229,1302,1027,881,2029,2046,2084,2128,2106,2083,1104,1147,2040,2112,2067,2116,2117,2098,1859,1135,2036,2094,2092,2077,2080,2102,1889,1125,1943,2104,2107,2094,2103,2053,2002,1085,2034,2130,2117,2135,1950,2099,2070,5,255,255,255,255,5,5,5,4,5,5,5,255,10,5,5,5,255,10,5,10,4,9,5,9,5,5,5,5,5,4,5,5,10,5,5,5,5,5,255,5,255,5,5,5,5,255,5,5,255,5,5,5,5,5,255,9,255,5,5,5,255,10,255
1780853183.867235,758,78573017,2066,2064,2043,2031,1390,1142,915,756,726,2022,2076,2065,2065,1350,1116,888,789,2006,2064,2068,2155,2023,1299,1055,1050,2045,2075,2109,2110,2135,2093,1146,1128,2040,2174,2084,2129,2100,2070,1859,1174,2036,2113,2089,2128,2141,2102,1876,1070,1943,2085,2108,2147,2076,1992,1980,1103,2034,2137,2119,2135,1976,2099,2070,255,10,10,10,255,5,5,5,5,5,255,5,255,255,5,5,5,10,255,5,5,4,9,5,5,5,5,5,5,5,5,5,5,255,5,5,5,5,5,255,5,255,5,5,5,5,255,5,5,255,5,5,5,5,5,10,5,255,5,5,255,10,255,255
1780853183.967103,759,78673017,2056,2095,2043,2031,1461,1180,933,758,703,2035,2076,2034,2029,1388,1093,901,760,1099,2057,2127,2097,2057,1308,1084,1060,2045,2072,2088,2112,2116,2093,1102,1148,2040,2125,2157,2088,2133,2154,1859,1168,2036,2112,2089,2158,2141,2102,1876,1070,2074,2104,2128,2111,2127,1975,1959,1072,2034,2112,2149,2124,1976,1960,2070,10,5,255,255,10,5,5,5,255,5,255,5,10,10,5,5,5,5,10,5,5,5,5,5,5,255,5,5,5,5,255,5,5,255,5,5,5,5,5,255,9,255,5,255,5,255,255,255,5,10,5,5,5,5,5,5,5,255,5,5,10,255,10,255
1780853184.066879,760,78773017,2092,2095,2043,2063,1461,1123,942,759,724,2014,2076,2076,2106,1388,1108,894,775,1098,2074,2093,2089,2057,1325,1052,1100,2045,2083,2070,2108,2100,2067,1103,1155,2040,2060,2143,2086,2132,2051,1804,1119,2096,2122,2089,2136,2053,2028,1876,1125,2068,2083,2097,2118,2127,1961,1977,1068,2034,2115,2120,2089,1976,1960,2070,5,255,255,10,255,5,5,5,5,5,255,5,5,255,5,5,5,5,5,5,5,255,5,5,5,255,5,5,5,5,10,5,5,255,5,5,5,5,5,10,5,10,5,255,5,10,10,255,5,5,5,5,5,255,5,5,5,255,5,5,5,255,255,255
1780853184.166959,761,78873017,2047,2035,2063,2063,1461,1121,931,741,753,2040,2076,2063,2106,1388,1131,872,772,1098,2066,2118,2089,2057,1311,1048,1094,2045,2085,2080,2090,2147,2077,1141,1108,2040,2101,2081,2153,2132,2113,1887,1102,2060,2124,2146,2136,2128,2056,1985,1108,1982,2087,2157,2103,2100,1980,1974,1093,2034,2093,2080,2098,1934,1960,2070,5,10,10,255,255,5,5,5,5,5,255,5,255,255,5,5,5,9,5,5,255,255,5,5,5,255,5,5,5,5,5,5,5,255,5,5,5,255,5,5,9,5,5,10,255,5,5,10,5,5,5,5,5,10,5,5,5,255,5,5,5,10,255,255
1780853184.267218,762,78973017,2047,2046,2063,2041,1491,1121,929,760,678,1995,2092,2078,2106,1393,1119,887,786,1098,2057,2118,2154,2003,1327,1032,985,2045,2093,2090,2059,2116,1582,1125,1160,2053,2101,2090,2117,2132,2173,1887,1099,2060,2066,2053,2179,2149,2056,2042,1098,1985,2123,2086,2176,2130,1952,1969,1106,2034,2097,2149,2134,1980,1960,2070,255,5,255,10,10,5,5,5,5,5,10,5,255,10,5,5,5,255,5,255,10,10,5,5,9,255,5,5,5,5,4,5,9,10,255,5,5,255,5,255,5,255,5,5,10,5,255,5,5,5,5,5,5,5,5,5,5,255,5,5,5,5,255,255
1780853184.367105,763,79073017,2047,2046,2070,2041,1532,1146,940,754,715,2058,2097,2078,2106,1265,1134,880,770,1099,2129,2098,2111,2003,1283,1049,921,2124,2081,2102,2110,2124,2105,1133,1099,1946,2055,2104,2109,2132,2103,1887,1089,2061,2097,2053,2129,2113,2009,1942,1119,2071,2076,2089,2176,2083,1976,1936,1086,2034,2123,2151,2136,1980,1960,2070,255,255,10,255,5,5,5,5,5,5,5,5,255,5,5,5,5,10,5,10,5,255,5,9,9,10,5,5,5,5,4,5,5,5,10,5,5,255,5,255,5,10,5,255,5,5,10,5,5,5,5,5,255,5,5,5,5,255,5,5,5,255,255,255
1780853184.467040,764,79173017,2067,2041,2070,2037,1532,1124,951,750,745,2058,2069,2091,2106,1265,1071,891,776,2082,2074,2075,2107,2096,1324,1037,1162,2049,2076,2081,2120,2115,2105,1098,1111,2021,2055,2093,2109,2132,2068,1887,1121,2061,2089,2075,2102,2169,2044,1919,1087,1962,2072,2175,2169,2133,1984,1968,1069,2034,2099,2144,2090,1940,1960,2070,10,10,255,10,255,5,5,5,5,255,5,5,255,255,5,5,5,5,5,5,5,10,5,5,4,5,5,5,5,5,255,255,5,5,255,5,255,255,5,255,255,255,5,10,5,5,5,5,9,5,5,5,10,5,5,5,5,255,5,5,5,10,255,255
1780853184.567552,765,79273017,2067,2035,2070,2002,1340,1145,921,759,2044,2109,2096,2079,2070,1277,1108,889,773,1137,2037,2135,2117,2039,1301,1023,1053,2049,2080,2090,2095,2108,2056,1166,1205,2086,2055,2124,2097,2132,2106,1887,1106,2061,2129,2127,2195,2127,2123,1919,1062,2063,2094,2115,2148,2122,1984,1968,1080,2034,2103,2113,2124,1967,1968,2070,255,5,255,5,10,5,5,5,5,10,5,5,10,10,5,5,5,255,5,5,5,5,5,5,5,255,5,5,5,5,10,5,5,5,255,5,10,255,5,255,5,255,5,5,5,5,5,255,5,5,5,5,5,5,255,255,5,255,5,5,5,5,10,255
1780853184.667480,766,79373017,2067,2035,2082,2041,1340,1187,920,746,726,2109,2085,2101,2070,1277,1085,875,762,1137,2058,2116,2133,2039,1360,1064,1064,2049,2088,2082,2098,2090,2056,1150,1164,2058,2127,2086,2148,2091,2119,1888,1100,2136,2079,2117,2195,2127,2123,2043,1086,2088,2142,2131,2148,2098,2004,1969,1123,2034,2099,2104,2077,1967,1988,2070,255,255,10,5,255,5,5,5,5,255,5,5,255,255,5,5,5,255,5,5,5,255,5,5,5,255,5,5,5,5,255,5,5,5,10,5,5,10,5,10,5,10,5,5,255,255,255,10,5,5,5,5,255,5,10,10,5,255,5,5,5,255,5,255
1780853184.768217,767,79473017,2067,2009,2082,2041,1500,1125,923,762,687,2088,2028,2115,2070,1277,1120,879,759,1137,2125,2113,2108,1992,1317,1056,1206,2049,2116,2100,2134,2136,2093,1114,1203,2047,2124,2117,2098,2148,2136,1888,1098,2083,2117,2130,2096,2151,2123,1851,1102,2041,2121,2090,2141,2089,1966,1991,1126,2034,2135,2157,2150,1961,1988,2070,255,10,255,255,10,5,5,5,5,10,5,5,255,255,5,5,5,255,5,5,5,10,5,5,5,255,5,5,5,5,10,5,5,5,5,5,5,5,5,255,5,5,5,5,10,10,255,9,5,5,5,5,10,5,5,5,5,255,5,5,5,10,255,255
1780853184.867600,768,79573017,2052,2057,2082,2014,1500,1128,910,751,709,2088,2028,2097,2070,1612,1103,897,777,1137,2109,2068,2084,2108,1310,1056,1015,2049,2088,2084,2101,2160,2100,1137,1144,2028,2131,2112,2148,2142,2093,1969,1144,2083,2119,2130,2101,2109,2123,1911,1071,2065,2117,2093,2131,2143,2009,1987,1052,2034,2130,2122,2084,1965,1988,2070,10,5,255,10,255,5,5,5,5,255,255,5,255,10,5,5,5,255,5,5,5,5,5,5,9,255,5,5,5,5,3,5,5,5,5,5,5,5,5,10,5,255,5,255,5,5,255,5,5,5,5,5,5,5,5,5,5,255,5,5,5,5,255,255
1780853184.967748,769,79673017,2052,2092,2082,2070,1493,1126,935,754,692,2088,2028,2081,2070,1612,1116,884,756,1076,2082,2110,2089,2111,1295,1041,1007,2049,2076,2094,2113,2125,2100,1137,1114,2072,2076,2094,2127,2039,2117,1858,1126,2083,2094,2121,2082,2090,2048,1911,1109,2074,2062,2119,2111,2050,2015,1987,1072,2034,2118,2095,2135,1965,1988,2070,255,5,255,5,10,5,5,5,5,255,255,5,255,255,5,5,5,10,5,5,5,5,5,5,5,255,5,5,5,5,255,255,9,5,5,5,5,5,5,5,5,255,5,10,5,5,10,255,5,5,5,5,5,5,5,255,5,255,5,5,5,255,255,255
1780853185.077307,770,79783017,2095,2042,2041,2059,1423,1178,914,752,700,2001,2050,2073,2014,1612,1105,884,759,1184,2066,2117,2128,1995,1281,1071,1108,2047,2090,2092,2107,2111,2100,1137,1116,2072,2076,2146,2085,2039,2121,1623,1146,2083,2113,2079,2126,2090,2048,1975,1107,2059,2062,2095,2121,2121,1988,1987,1054,2034,2107,2136,2096,2040,1968,2070,10,5,10,5,5,5,5,5,5,10,10,5,10,255,5,5,5,5,5,5,5,5,5,5,5,10,5,5,5,5,255,255,5,255,255,5,5,255,5,4,5,255,5,5,5,255,255,10,5,5,255,5,5,5,5,255,5,255,5,5,5,10,10,255
1780853185.177067,771,79883017,2038,2053,2073,2086,1423,1112,940,757,733,2073,2109,2049,2014,1612,1097,899,761,1068,2130,2090,2112,2083,1333,1043,994,2047,2072,2066,2107,2129,2100,1084,1162,2011,2060,2117,2084,2101,2123,1623,1144,2083,2093,2133,2131,2163,2048,1936,1095,1925,2093,2105,2141,2093,1911,1981,1105,2034,2135,2146,2096,2002,1968,2070,5,5,5,5,255,5,5,5,255,5,5,5,255,255,5,5,5,9,5,5,5,5,5,5,5,255,5,5,5,5,255,10,5,10,10,5,5,10,5,255,5,255,5,5,5,10,255,5,5,3,10,5,5,5,5,10,9,255,5,5,255,5,255,255
1780853185.277035,772,79983017,2099,2054,2073,2133,1423,1113,918,772,724,2094,2109,2104,2014,1376,1105,883,763,1068,2104,2040,2075,2082,1279,1036,1068,1299,2074,2100,2129,2130,2100,1145,1136,2107,2060,2106,2105,2152,2124,1837,1117,2079,2081,2090,2131,2163,2130,1936,1143,1925,2093,2071,2088,2135,2023,1981,1068,2034,2148,2121,2109,2002,1968,2070,5,5,255,5,255,5,5,5,5,5,255,5,255,10,5,5,5,255,5,5,5,5,5,5,5,10,5,5,5,5,255,9,5,5,255,5,5,5,5,10,5,10,5,5,255,5,10,255,9,255,255,5,5,5,5,255,5,255,5,5,10,255,255,255
1780853185.377410,773,80083018,2099,2054,2112,2023,1423,1131,932,754,729,2028,2109,2118,2014,1365,1096,878,769,1068,2101,2099,2075,2082,1310,1038,901,1299,2071,2097,2078,2144,2062,1145,1199,2090,2101,2106,2114,2152,2070,1837,1123,2079,2081,2090,2140,2064,2100,1936,1129,1966,2087,2144,2108,2175,1957,1981,1079,2034,2100,2148,2168,2002,1968,2070,255,5,10,5,255,5,5,5,5,5,255,5,255,5,5,5,5,255,5,5,255,255,5,5,5,255,5,5,5,5,10,255,5,5,10,5,5,255,5,255,5,255,5,255,10,5,5,255,5,10,10,5,5,5,5,255,5,255,5,5,5,255,255,255
1780853185.477285,774,80183017,2096,2057,2112,2027,1363,1112,916,762,708,2094,2109,2083,2124,1365,1106,892,757,1068,2101,2117,2100,2087,1343,1050,1024,1299,2075,2079,2117,2130,2089,1136,1185,2090,2070,2095,2130,2152,2136,1837,1078,2079,2076,2131,2140,2059,2100,1867,1112,2083,2087,2107,2119,2091,1960,1976,1135,2034,2108,2146,2078,1977,1968,2070,10,5,255,5,10,5,5,5,5,5,255,5,10,255,5,5,5,255,255,5,10,10,5,5,9,255,5,5,5,5,5,10,5,255,5,5,5,255,5,255,5,255,5,10,255,5,255,10,5,5,255,5,5,5,5,10,5,255,5,5,5,10,255,255
1780853185.577678,775,80283017,1884,2057,2112,2013,1453,1118,922,756,701,2062,2109,2056,2124,1407,1099,902,762,1068,2060,2080,2102,2053,1311,1056,1110,2034,2062,2096,2094,2115,2037,1094,1115,2090,2033,2085,2149,2152,2076,1837,1103,2079,2075,2085,2117,2059,2040,1867,1122,2047,2110,2137,2117,2070,2009,1976,1090,2034,2087,2142,2129,1977,1968,2070,4,255,255,5,5,5,5,5,5,5,255,5,255,10,5,5,5,255,10,5,5,5,5,5,5,10,5,5,5,5,5,5,9,255,5,5,5,255,5,255,5,255,5,5,10,255,10,255,5,5,10,5,5,5,5,255,5,255,5,5,5,255,255,255
1780853185.677370,776,80383017,1884,2034,2108,2013,1453,1160,922,760,717,2084,2062,2075,2124,1407,1112,881,767,1142,2087,2114,2123,2053,1270,1062,1067,2034,2080,2092,2114,2103,2075,1121,1126,2063,2033,2084,2139,2117,2174,1837,1117,2079,2119,2085,2091,2113,2040,1908,1102,2023,2087,2133,2155,2102,1981,1978,1071,2034,2138,2134,2129,1976,1968,2038,255,10,10,255,255,5,5,5,255,5,10,5,255,255,5,5,5,10,5,5,5,255,5,5,5,255,5,5,5,5,5,5,5,10,255,5,5,10,5,255,5,255,5,255,5,10,255,10,5,5,5,5,5,5,5,10,5,255,5,5,255,10,255,10
1780853185.775840,777,80483017,1884,2066,2126,2131,1459,1125,931,768,773,2099,2062,2068,2050,1407,1093,884,789,1162,2113,2119,2120,2053,1332,1041,989,2034,2056,2090,2106,2094,2075,1078,1106,2040,2019,2092,2107,2061,2130,1837,1167,2079,2092,2103,2152,2122,2084,1908,1133,1988,2119,2112,2179,2099,1943,1979,1132,2034,2105,2120,2106,1976,1968,2038,255,5,5,10,10,5,5,5,255,5,255,5,10,255,5,5,5,255,5,5,5,255,5,5,5,255,5,5,5,5,255,255,5,5,10,5,5,5,5,255,255,255,5,10,5,5,10,255,5,5,5,5,5,5,5,5,5,255,5,5,10,255,255,255
1780853185.878267,778,80583017,1884,2066,2078,2131,1446,1148,935,755,723,2099,2062,2090,2050,1313,1110,889,749,1162,2084,2097,2099,2072,1315,1036,1082,1385,2079,2081,2115,2118,2075,1144,1098,2040,2119,2097,2147,2061,2091,1895,1144,2079,2084,2126,2129,2168,2048,1908,1135,1958,2118,2068,2149,2103,2001,2002,1126,2034,2106,2127,2126,1976,1968,2038,255,255,5,255,5,5,5,5,5,255,255,5,255,10,5,5,5,255,5,5,5,10,5,5,5,10,5,5,5,5,255,5,5,255,5,5,5,255,5,10,5,255,5,5,5,5,5,255,5,5,5,5,5,5,5,5,5,255,5,5,5,255,255,255
1780853185.977309,779,80683017,2049,2062,2078,2001,1446,1142,918,774,728,2083,2089,2100,1990,1313,1112,903,759,1068,2118,2080,2120,2119,1330,1034,1097,1385,2095,2085,2126,2110,2075,1144,1184,2048,2119,2104,2120,2145,2089,1895,1092,2028,2122,2119,2159,2113,2129,1908,1165,2010,2146,2068,2117,2109,1957,2002,1079,2034,2113,2128,2145,1976,1968,2038,10,10,255,10,255,9,5,5,5,10,10,5,10,255,5,5,5,10,5,5,5,5,5,5,5,255,5,5,5,5,255,255,5,10,255,5,5,10,5,255,5,10,5,5,5,5,5,255,9,5,5,255,5,5,5,255,5,255,5,5,5,255,255,255
1780853186.078837,780,80783017,2075,2062,2011,2001,1446,1136,912,760,678,2049,2099,2067,1990,1313,1105,885,776,1068,2109,2112,2115,2114,1316,1076,1118,1385,2060,2102,2092,2123,2100,1124,1185,2053,2143,2122,2103,2142,2084,1895,1122,2028,2096,2119,2131,2113,2026,1937,1152,2100,2173,2124,2126,2125,1957,2002,1022,2034,2107,2130,2130,1976,1968,2038,5,255,10,255,255,5,5,5,5,5,5,5,255,255,5,5,5,255,5,5,5,5,5,5,5,255,5,5,5,5,10,10,5,5,10,5,5,5,5,255,5,255,5,5,5,255,5,10,5,5,5,10,5,5,255,255,5,255,5,5,5,255,255,255
1780853186.177046,781,80883017,2075,2017,2011,2043,1406,1148,930,754,731,2031,2099,2094,1990,1313,1089,892,774,1102,2057,2128,2082,2065,1332,1057,930,1385,2084,2095,2106,2099,2100,1068,1202,2028,2115,2081,2131,2142,2136,1895,1139,2028,2067,2119,2126,2171,1976,1714,1103,2055,2125,2121,2129,2081,1958,1929,1061,2087,2110,2134,2130,1996,1968,2038,255,10,255,10,10,5,5,5,5,5,255,5,255,255,5,5,5,10,5,5,5,5,5,5,5,255,5,5,5,5,255,5,5,5,5,5,5,255,5,255,5,255,5,255,5,10,5,4,5,5,5,5,5,5,10,10,5,10,5,5,255,10,255,255
1780853186.277713,782,80983017,2088,2017,2057,2043,1450,1100,913,756,718,2064,2096,2057,1990,1313,1100,889,773,1024,2094,2076,2092,2064,1364,1039,978,1385,2058,2072,2096,2119,2100,1132,1151,2028,2046,2070,2117,2113,2136,1895,1204,2028,2092,2113,2092,2161,1976,1987,1145,2059,2127,2085,2126,2036,1961,2009,1094,2087,2107,2129,2118,2013,1968,2038,10,255,10,255,5,5,5,5,5,5,10,5,255,255,5,5,5,255,5,5,5,5,5,5,9,255,5,5,5,5,255,5,5,255,5,5,5,10,255,255,5,255,5,10,5,5,255,4,5,5,5,5,5,5,5,5,5,255,5,5,10,5,255,255
1780853186.377256,783,81083017,2056,2017,2040,2043,1420,1141,924,763,687,2064,2096,2046,1990,1398,1102,878,779,1024,2092,2099,2101,2064,1295,1041,1143,1969,2083,2092,2090,2146,2100,1129,1108,2028,2082,2066,2116,2113,2138,1777,1147,2028,2097,2115,2121,2080,1976,1919,1079,2058,2104,2110,2078,2120,1992,1945,1092,2087,2080,2111,2110,2000,2004,2038,5,255,5,255,5,5,5,5,5,255,255,5,255,10,5,5,5,255,5,5,5,255,5,5,4,10,5,5,5,5,255,5,5,255,5,5,5,255,10,10,5,255,5,5,5,5,255,5,5,5,5,5,5,5,5,5,5,255,5,5,5,5,10,255
1780853186.477932,784,81183017,2056,2017,2040,2089,1420,1184,905,755,738,2038,2096,2095,1990,1398,1111,886,774,1024,2046,2093,2058,2062,1311,1050,1066,1999,2093,2089,2140,2091,2102,1135,1203,2028,2093,2097,2087,2113,2119,1892,1114,2028,2135,2115,2146,2133,1996,1919,1096,1996,2139,2082,2095,2075,1957,1990,1111,2087,2127,2133,2135,1961,2004,2038,255,255,255,10,255,5,5,5,5,10,255,5,255,255,5,5,5,255,5,5,5,10,5,5,5,5,5,5,5,5,10,5,5,255,5,5,5,255,5,5,5,255,5,255,5,5,10,255,5,5,5,5,5,5,5,5,5,255,5,5,5,5,255,255
1780853186.577648,785,81283017,2080,2063,2043,2004,1420,1137,919,761,673,2038,2096,2094,1990,1383,1109,906,775,1024,2047,2069,2112,2103,1355,1060,1061,2063,2068,2100,2112,2087,2123,1135,1099,2028,2090,2096,2113,2091,2123,1892,1065,2039,2112,2115,2130,2136,2080,1925,1125,1990,2095,2132,2081,2123,1978,1993,1117,2087,2090,2118,2117,2016,2004,2038,10,10,10,5,255,5,5,5,5,255,255,5,255,10,5,5,5,255,5,5,5,5,9,5,9,4,5,5,5,5,5,255,5,255,5,5,5,10,5,255,5,10,5,255,5,5,5,10,5,5,5,5,5,5,5,5,5,255,5,5,5,5,255,255
1780853186.677204,786,81383017,2080,2071,2043,2066,1331,1154,917,754,726,2012,2019,2050,1990,1383,1098,887,784,1024,2069,2164,2113,2103,1272,1062,1096,2063,2093,2082,2105,2132,2154,1135,1129,2018,2082,2095,2139,2162,2144,1892,1131,2039,2112,2115,2112,2152,2066,1925,1078,2018,2086,2050,2109,2123,1970,2012,1074,2087,2090,2138,2150,2049,2004,2038,255,5,255,5,10,5,5,5,5,10,10,5,255,255,5,5,5,255,5,5,5,255,5,5,5,255,5,5,5,5,5,255,5,10,5,5,5,5,5,255,5,255,5,255,5,5,5,255,5,5,5,5,5,5,5,5,5,255,5,5,5,5,255,255
1780853186.777810,787,81483017,2080,2070,2043,2095,1433,1157,920,762,711,2069,2019,2102,2090,1383,1116,887,763,1024,2073,2076,2110,2103,1333,1035,1022,2063,2080,2095,2101,2150,2154,1106,1161,2043,2071,2091,2100,2162,2161,1892,1129,2043,2108,2129,2104,2117,2066,1925,1105,2029,2068,2117,2118,2112,1955,2012,1081,2087,2133,2122,2145,2049,2004,2038,255,5,255,5,5,5,5,5,5,5,255,5,10,255,5,5,5,255,5,5,5,255,5,5,5,255,5,5,5,5,255,10,5,5,5,5,5,255,5,255,5,10,5,10,5,5,5,255,5,5,5,5,5,5,5,255,5,255,5,5,5,255,255,255
1780853186.878284,788,81583017,2080,2042,2079,2095,1595,1152,924,754,2083,2069,2050,2034,2090,1383,1130,891,774,1161,2099,2120,2128,2137,1353,1051,904,1351,2071,2100,2137,2119,2083,1106,1174,2097,2085,2097,2105,2162,2105,1892,1118,2121,2124,2129,2144,2080,2066,1925,1136,2060,2068,2141,2146,2071,1981,1950,1085,2087,2148,2120,2126,2007,2004,2038,255,5,10,255,5,5,5,5,4,255,10,5,255,255,5,5,5,10,5,5,5,10,5,5,5,10,5,5,5,5,10,255,5,3,5,5,5,255,5,255,9,5,5,255,5,5,255,255,5,4,255,5,5,5,5,10,5,255,5,5,5,10,255,255
1780853186.977255,789,81683017,2080,2023,2062,2095,1412,1140,917,765,2103,2069,2118,2063,2090,1305,1118,899,766,1161,2042,2094,2101,2123,1349,1064,1085,1351,2073,2091,2101,2123,2069,1135,1138,2056,2062,2084,2121,2162,2149,1894,1125,2007,2107,2139,2124,2161,2036,1871,1120,2058,2100,2099,2128,2121,2002,1950,1115,2087,2100,2136,2090,1962,2004,2038,255,5,5,255,5,5,5,5,5,255,5,5,255,10,5,5,5,255,5,5,5,5,9,5,5,255,5,5,5,5,5,10,9,5,5,5,5,255,5,10,5,5,5,10,5,5,10,10,5,5,10,5,5,5,5,255,5,255,5,5,5,5,255,255
