host_ts,seq,esp_t_us,d00,d01,d02,d03,d04,d05,d06,d07,d08,d09,d10,d11,d12,d13,d14,d15,d16,d17,d18,d19,d20,d21,d22,d23,d24,d25,d26,d27,d28,d29,d30,d31,d32,d33,d34,d35,d36,d37,d38,d39,d40,d41,d42,d43,d44,d45,d46,d47,d48,d49,d50,d51,d52,d53,d54,d55,d56,d57,d58,d59,d60,d61,d62,d63,s00,s01,s02,s03,s04,s05,s06,s07,s08,s09,s10,s11,s12,s13,s14,s15,s16,s17,s18,s19,s20,s21,s22,s23,s24,s25,s26,s27,s28,s29,s30,s31,s32,s33,s34,s35,s36,s37,s38,s39,s40,s41,s42,s43,s44,s45,s46,s47,s48,s49,s50,s51,s52,s53,s54,s55,s56,s57,s58,s59,s60,s61,s62,s63
1780854778.222580,16643,1672943017,834,1113,2098,2086,2109,2071,1273,986,1092,1284,2070,2061,2068,2090,1528,1130,1206,2017,2054,2055,2085,2082,2042,1669,1167,2036,2089,2090,2076,2049,2084,1954,1173,2061,2113,2090,2088,2111,2051,1926,1179,2036,2099,2111,2127,2103,2001,1927,1098,2065,2085,2111,2126,1996,1949,1959,1108,1845,2044,2067,1955,1965,1983,1997,5,255,255,5,5,10,10,5,5,5,255,5,255,5,5,5,5,5,5,5,5,5,5,255,5,5,5,5,5,5,5,5,5,10,5,5,5,255,5,5,5,255,5,5,5,5,255,5,5,5,10,5,5,5,5,255,5,255,5,5,255,5,255,255
1780854778.321825,16644,1673043017,857,1113,2098,2088,2128,2071,1273,987,1093,1333,2070,2103,2068,2052,1449,1083,1214,1971,2082,2112,2085,2082,2092,1731,1181,2103,2115,2087,2071,2150,2050,1954,1225,2029,2070,2092,2101,2111,2051,1926,1207,2036,2103,2111,2127,2071,1968,1971,1147,2007,2107,2117,2117,2009,1958,1892,1138,1845,2050,2079,1955,1957,1983,1997,5,255,255,5,5,255,255,5,5,5,255,5,255,5,5,5,5,5,5,5,255,255,5,10,5,5,5,5,5,5,5,255,9,5,5,5,5,255,5,255,5,255,5,255,255,5,10,5,9,5,5,5,5,5,5,10,9,255,5,5,255,5,255,255
1780854778.423870,16645,1673143017,851,1082,2098,2085,2128,1988,1318,1019,1053,1272,2070,2073,2101,2106,1451,1151,1209,1971,2099,2075,2051,2079,2100,1619,1208,2065,2109,2095,2056,2103,2081,1954,1178,2061,2070,2088,2094,2046,2106,1926,1179,1605,2088,2111,2102,2071,1968,1906,1162,2007,2119,2103,2093,2010,1959,2002,1139,1845,2070,2026,2004,1957,1983,1997,5,10,255,5,255,10,10,5,9,5,255,5,10,5,5,5,5,255,5,5,10,10,5,5,5,5,5,5,5,5,5,255,5,5,255,5,5,10,5,255,5,10,5,255,10,255,255,5,5,255,5,5,5,5,5,5,5,255,5,5,10,255,255,255
1780854778.523451,16646,1673243017,840,1051,2062,2098,2110,2015,1317,985,1076,1320,2104,2082,2101,2106,1432,1089,1211,1997,2059,2132,2113,2087,2027,1707,1203,2037,2091,2093,2089,2097,2039,1877,1163,2061,2070,2084,2064,2089,2066,1926,1162,2005,2111,2111,2126,2113,1968,1906,1130,2038,2119,2137,2123,1946,1961,1979,1091,1845,2027,2086,1984,1908,1983,1997,5,5,10,5,10,5,5,5,5,9,10,5,255,255,5,5,5,10,5,5,5,5,5,5,5,5,5,5,5,5,5,10,5,255,255,5,5,5,5,255,5,4,5,255,5,10,255,255,5,10,255,255,5,5,5,5,9,255,5,5,5,10,255,255
1780854778.624424,16647,1673343017,840,2023,2062,2098,2022,2015,1274,989,1072,1246,2092,2073,2107,2134,1421,1106,1188,2022,2083,2058,2113,2052,2162,1707,1194,2067,2079,2088,2083,2126,2094,1911,1259,2061,2079,2093,2101,2096,2027,1926,1179,2005,2060,2147,2104,2113,1975,1961,1145,1987,2105,2098,2117,1912,1951,1979,1095,1845,2056,2052,1972,1962,1983,1997,5,4,255,255,5,255,5,5,5,5,5,5,10,10,9,5,5,5,5,5,255,5,5,255,5,5,5,5,5,5,5,5,5,255,10,5,5,5,5,255,5,255,5,10,5,255,10,10,5,5,10,5,5,5,5,255,5,255,5,5,5,5,255,255
1780854778.722913,16648,1673443017,833,2023,2083,2094,2031,2015,1285,977,1106,1327,2092,2076,2107,2134,1410,1081,1214,1960,2056,2096,2105,2088,2092,1707,1179,2067,2078,2088,2080,2084,2086,1818,1196,2061,2102,2087,2094,2096,2022,1926,1155,2005,2089,2148,2119,2095,1935,1915,1158,2016,2048,2071,2060,2028,1935,1959,1130,1845,2079,2122,1974,1962,1983,1997,5,255,10,10,5,255,5,5,5,5,255,5,255,255,5,5,5,5,5,5,10,5,5,255,5,255,5,5,5,5,5,9,5,255,5,5,5,255,5,255,5,255,5,5,5,10,5,5,5,5,5,5,5,5,5,10,5,255,5,5,5,255,255,255
1780854778.823848,16649,1673543017,835,1024,2099,2102,2073,2058,1312,1004,1081,1321,2083,2097,2107,2134,1476,1113,1192,1976,2085,2114,2041,2075,2019,1707,1181,2003,2101,2100,2083,2103,2084,1818,1163,2002,2102,2108,2127,2096,2035,1926,1207,2005,2084,2071,2119,2089,1946,1944,1164,2016,2098,2107,2097,1984,1957,1943,1116,1682,2013,2006,1972,1999,1983,1997,5,10,5,5,5,10,5,5,5,5,10,5,255,255,9,5,5,5,5,5,5,5,5,255,5,10,5,5,5,5,5,255,5,10,255,5,5,255,5,255,5,255,5,5,255,5,5,5,5,255,5,5,5,5,5,5,5,10,5,5,5,10,255,255
1780854778.922542,16650,1673643017,847,1026,2087,2085,2063,2058,1312,982,1078,1220,2083,2079,2095,2134,1448,1102,1182,2042,2075,2054,2120,2086,2089,1726,1190,2003,2097,2079,2090,2118,2097,1817,1209,1963,2145,2069,2109,2096,2023,1926,1201,2005,2088,2080,2116,2076,1946,1972,1138,1591,2086,2094,2106,1984,1926,1948,1188,1682,2050,2006,2007,1999,1983,1997,5,5,5,5,5,255,255,5,5,5,255,5,10,255,5,5,5,5,5,5,5,5,5,10,5,255,5,5,5,5,5,10,5,5,10,5,5,255,5,255,5,255,5,5,10,5,255,5,5,10,5,5,5,255,5,5,5,255,5,255,5,255,255,255
1780854779.022928,16651,1673743017,840,2070,2057,2059,2098,2058,1343,1005,1047,1320,2083,2079,2095,2134,1463,1107,1179,1755,2067,2096,2135,2119,2116,1689,1154,2062,2073,2087,2090,2131,2103,1817,1159,1963,2145,2102,2114,2096,2067,1926,1175,2005,2099,2080,2059,2076,1946,1917,1143,2101,2092,2119,2110,2008,1955,2001,1116,1682,1988,2051,2016,1999,1983,1997,5,5,5,5,5,255,10,5,9,5,10,255,255,255,5,5,5,9,5,5,5,5,5,5,5,10,5,5,5,5,5,255,5,255,255,5,5,255,5,255,5,255,5,255,5,255,255,5,5,5,5,5,5,10,5,5,5,255,5,10,5,255,255,255
1780854779.124753,16652,1673843017,838,2083,2057,2072,2100,2058,1244,997,1103,1296,2083,2067,2095,2134,1428,1117,1201,1512,2075,2086,2088,2098,2104,1689,1199,2080,2095,2071,2089,2084,2120,1902,1228,2075,2072,2130,2085,2096,2051,1926,1172,2104,2095,2124,2127,2058,1894,1974,1126,2101,2105,2117,2113,2009,1963,1970,1087,1682,1971,2032,2028,1955,1983,1997,5,5,255,5,5,255,5,5,5,5,255,10,255,255,5,5,5,4,5,5,5,5,5,255,5,5,5,5,5,5,5,10,5,10,10,5,5,255,5,255,9,10,5,10,5,10,10,5,5,255,5,5,5,5,5,5,5,255,5,5,5,10,255,255
1780854779.222406,16653,1673943017,832,2117,2057,2085,2063,2058,1313,997,1058,1175,2117,2073,1982,2066,1428,1141,1218,1874,2044,2095,2088,2123,2066,1692,1228,2050,2076,2079,2085,2120,2057,1943,1170,2019,2109,2083,2136,2106,2084,1926,1134,2089,2091,2124,2105,2135,1979,1974,1140,2033,2107,2090,2109,2009,1967,1966,1090,1682,2034,2092,1895,1955,1983,1997,5,5,255,5,5,255,5,5,5,255,10,5,10,10,255,5,5,4,5,5,255,5,5,10,9,5,5,5,5,5,5,5,5,5,5,5,5,10,5,255,5,5,5,255,5,5,5,255,9,10,5,5,5,255,5,5,9,255,5,5,5,255,255,255
1780854779.322067,16654,1674043017,868,2067,2057,2098,2090,2058,1217,987,1090,1270,2037,2068,2058,2066,1396,1133,1185,1874,2075,2129,2088,2105,2046,1703,1166,1975,2074,2087,2086,2120,2051,1915,1184,2019,2098,2116,2100,2106,2025,1955,1183,2089,2092,2124,2105,2118,1961,1914,1184,2084,2102,2115,2100,2030,1933,1929,1168,1643,2028,2079,1985,1955,1983,1997,5,5,255,5,5,255,5,5,5,5,5,5,5,255,10,5,5,255,5,5,255,5,5,5,5,5,5,5,5,5,5,5,5,255,5,5,5,255,5,10,5,255,5,255,255,5,5,10,5,5,5,5,5,10,5,5,5,10,5,5,5,255,255,255
1780854779.422596,16655,1674143017,833,2067,2077,2099,2150,2058,1289,990,1102,1208,2037,2052,2058,2066,1416,1109,1175,1874,2130,2055,2065,2060,2095,1722,1184,1997,2107,2097,2078,2074,2102,1915,1208,2113,2100,2060,2088,2065,2050,1955,1183,2089,2161,2063,2097,2089,1926,1923,1144,2085,2118,2091,2092,1996,1946,1932,1099,1643,2077,2035,1985,1962,1983,1997,5,255,10,5,5,255,5,5,5,5,255,5,255,255,9,5,5,255,5,5,10,5,5,9,5,5,5,5,5,5,5,255,5,10,5,5,5,10,5,255,5,255,5,10,10,5,5,5,5,5,5,5,5,5,5,5,5,255,5,5,255,10,255,255
1780854779.522491,16656,1674243017,840,2096,2077,2095,2072,2020,1273,991,1048,1203,2037,2085,2058,2066,1385,1145,1175,1732,2050,2086,2083,2072,1999,1722,1167,1997,2083,2099,2094,2094,2080,1915,1168,2015,2125,2083,2080,2065,2066,1887,1134,2089,2091,2104,2084,2089,1926,1975,1135,2085,2173,2072,2102,1982,1947,1932,1093,1643,2037,2016,2020,1973,2003,1997,5,10,255,5,5,10,5,5,5,5,255,5,255,255,5,5,5,10,5,5,5,5,5,255,5,255,5,5,5,5,5,255,5,5,5,5,5,255,5,10,5,255,5,5,5,255,255,5,5,255,5,5,5,5,5,255,5,255,5,5,10,5,10,255
1780854779.622560,16657,1674343017,838,1017,2081,2069,2112,2062,1273,1003,1077,1187,2068,2079,2070,2066,1406,1082,1175,1949,2034,2114,2065,2094,2068,1655,1171,1997,2062,2092,2098,2091,2088,1913,1177,2015,2102,2109,2105,2065,2065,1927,1179,2089,2133,2103,2110,2089,1987,1918,1165,2057,2105,2112,2115,2016,1933,1929,1090,1777,2023,2053,2020,1973,2003,1997,5,4,10,5,5,5,255,5,5,9,10,5,10,255,9,5,5,4,5,5,5,5,5,10,5,255,5,5,5,5,5,10,9,255,5,5,5,255,5,5,9,255,5,5,5,255,10,5,5,10,5,5,5,5,5,10,5,10,5,5,255,255,255,255
1780854779.733717,16658,1674453017,834,1087,2081,2073,2087,2035,1307,1003,1084,1239,2154,2083,2070,2061,1406,1119,1243,1949,2118,2107,2018,2094,2043,1655,1168,2056,2074,2091,2079,2084,2068,1913,1215,2027,2090,2090,2129,2065,2049,1927,1192,2089,2095,2084,2170,2132,1962,1923,1149,1468,2117,2081,2078,2016,1919,1929,1103,1777,2070,2039,2009,1973,2000,1997,5,5,255,5,5,5,10,5,5,5,5,5,255,10,255,5,5,255,5,5,5,255,5,255,5,10,5,5,5,5,5,255,5,10,5,5,5,255,5,255,5,255,5,5,5,10,5,5,5,4,5,5,5,255,5,255,5,255,5,5,10,255,10,255
1780854779.824572,16659,1674543017,849,1088,2081,2064,2074,2035,1282,995,1081,1217,2154,2061,2028,2061,1475,1173,1193,1908,2098,2072,2018,2095,2082,1655,1211,2056,2071,2083,2095,2071,2072,1881,1229,2095,2090,2101,2100,2054,2093,1927,1163,2089,2112,2084,2157,2076,1932,1923,1187,2072,2078,2127,2069,2009,1958,1907,1142,1777,2086,2088,2073,1973,2000,1997,5,5,255,5,5,255,5,5,5,5,255,5,10,255,10,5,5,10,5,5,255,10,5,255,5,255,5,5,5,5,5,10,5,5,255,5,5,10,5,255,5,255,5,255,5,5,5,255,5,4,5,5,5,10,5,10,5,255,5,5,5,255,255,255
1780854779.932493,16660,1674653017,847,1088,2081,2100,2082,2035,1527,993,1100,1308,2154,2061,2028,1960,1400,1062,1168,1738,2076,2077,2079,2104,2080,1655,1178,2042,2099,2095,2092,2131,2109,1961,1171,2095,2090,2100,2066,2106,2071,1951,1186,2089,2130,2084,2112,2045,1951,1953,1157,2072,2098,2133,2053,2000,1958,1957,1108,1777,2040,2085,2008,1957,2000,1997,5,255,255,5,5,255,4,5,5,5,255,255,255,10,9,5,5,5,5,5,10,5,5,255,5,10,5,5,5,5,5,5,5,255,255,5,5,5,5,10,5,255,5,255,5,5,5,10,5,255,5,5,5,5,255,5,5,255,5,5,5,10,255,255
1780854780.034238,16661,1674753017,848,1088,2081,2100,2079,2035,1234,1000,1062,1260,2154,2068,2030,1960,1400,1091,1190,1671,2105,2058,2049,2121,2003,1669,1186,2036,2106,2083,2111,2096,2080,1853,1196,2095,2079,2120,2067,2053,2072,1951,1191,2018,2100,2064,2059,2072,1948,1953,1175,2048,2098,2069,2115,1964,1951,1982,1094,1777,2009,2040,2008,1954,2000,1997,5,255,255,5,5,255,4,5,5,5,255,10,10,255,255,5,5,5,5,5,5,5,5,10,5,5,5,5,5,5,5,5,5,255,10,5,5,5,5,255,5,10,5,10,5,5,5,255,5,10,255,5,5,5,10,5,5,255,5,5,255,5,255,255
1780854780.134145,16662,1674853017,847,1088,2081,2093,2079,2030,1263,1022,1079,1350,2115,2088,2092,1960,1444,1115,1194,2054,2064,2097,2067,2136,2003,1669,1197,2026,2076,2085,2083,2103,2101,1853,1166,2052,2059,2093,2094,2053,2091,1951,1176,2057,2142,2064,2125,2105,1934,1895,1163,2048,2098,2110,2100,1999,1979,1977,1093,1777,2022,2036,2044,1978,2000,1997,5,255,255,5,255,10,5,5,5,5,10,5,5,255,10,5,5,5,5,5,5,5,255,255,5,5,5,5,5,5,5,255,5,10,5,5,5,255,5,255,5,5,5,255,5,5,5,10,5,255,10,5,5,5,5,5,5,255,5,5,10,5,255,255
1780854780.233976,16663,1674953016,828,1088,2096,2036,2040,2079,1266,993,1067,1215,2115,2092,2092,2099,1392,1151,1187,2077,2098,2117,2112,2076,2060,1606,1214,2026,2128,2097,2089,2118,2081,1830,1196,1962,2087,2123,2095,2068,2073,1951,1156,2057,2096,2127,2102,2026,1969,1932,1117,1988,2051,2113,2098,1940,1927,1961,1109,1419,2052,2038,2022,1978,2000,1997,5,255,10,5,10,5,5,5,5,5,255,5,255,10,5,5,5,5,5,5,5,5,10,10,5,255,5,5,5,5,5,10,5,5,5,5,5,10,5,255,5,255,5,10,5,5,5,5,5,10,5,5,5,5,5,5,5,10,5,5,5,255,255,255
1780854780.333881,16664,1675053017,833,1014,2096,2059,2077,2058,1265,986,1101,1298,2115,2068,2124,2099,1485,1110,1173,2083,2121,2102,2082,2083,2092,1698,1182,2032,2104,2072,2066,2123,2093,1939,1195,1962,2130,2094,2063,2114,2107,1929,1195,2057,2108,2109,2082,2081,1969,1905,1100,2098,2105,2087,2104,2003,1914,1925,1122,1419,1976,2019,2022,1978,2000,1997,5,10,255,5,5,5,5,5,5,5,255,5,10,255,5,5,5,5,5,5,5,5,5,5,5,10,5,5,5,5,5,5,5,255,5,5,5,5,5,10,5,255,5,5,5,5,255,5,5,5,5,5,5,5,5,5,5,255,5,5,255,255,255,255
1780854780.433134,16665,1675153017,843,1069,2096,2096,2058,2058,1265,1003,1059,1293,2056,2102,2124,2052,1428,1092,1210,2050,2097,2093,2081,2109,1998,1698,1196,2032,2080,2097,2098,2076,2114,1848,1229,2047,2075,2073,2111,2169,2062,1929,1207,2057,2103,2077,2075,2066,1960,1981,1173,2088,2120,2101,2069,1983,1943,1961,1120,1419,2060,2019,1940,1980,2000,1997,5,5,255,5,5,255,255,5,5,5,10,5,255,10,5,5,5,5,5,5,5,5,5,255,5,255,5,5,5,5,5,5,5,10,5,5,5,5,5,255,5,255,5,5,5,5,10,5,5,5,5,5,5,5,5,5,5,255,5,255,10,10,255,255
1780854780.534320,16666,1675253017,847,1069,2096,2096,2109,2058,1343,975,1079,1295,2068,2090,2124,2052,1350,1116,1200,1724,2062,2070,2111,2072,2105,1670,1160,2032,2095,2086,2107,2126,2069,1848,1161,2047,2106,2085,2075,2169,2069,1929,1122,2057,2105,2026,2075,2042,1936,1987,1136,2028,2108,2085,2097,2037,1961,2006,1137,1419,2063,2019,1940,1986,2000,1997,5,255,255,255,5,255,10,5,5,5,5,5,255,255,5,5,9,4,5,5,5,5,5,10,5,255,5,5,5,5,5,255,5,255,5,5,5,255,5,255,5,255,5,5,255,5,5,5,5,5,5,5,5,5,5,5,5,255,5,255,255,5,255,255
1780854780.634896,16667,1675353017,836,1028,2071,2078,2085,2058,1356,974,1077,1317,2068,2090,2124,2052,1480,1124,1166,1724,2037,2068,2111,2059,2033,1719,1184,2053,2090,2083,2069,2095,2063,1848,1220,2047,2106,2087,2109,2107,2001,1929,1176,2039,2080,2026,2111,2105,1916,1969,1147,2047,2074,2142,2097,1996,1954,2002,1102,1419,2042,2061,1974,1986,2000,1975,5,10,10,10,5,255,9,5,5,5,255,255,255,255,5,5,5,255,5,5,255,5,5,5,5,10,5,5,5,5,5,255,5,255,255,5,5,10,5,255,5,10,5,255,10,5,5,5,5,5,5,5,5,5,5,5,5,255,5,10,10,255,255,10
1780854780.734036,16668,1675453017,834,2021,2071,2115,2071,2058,1326,997,1070,1241,2062,2081,2094,2052,1480,1160,1212,2022,2077,2089,2111,2116,2090,1740,1196,2008,2084,2093,2095,2114,2088,1891,1161,2047,2121,2129,2102,2029,2067,1916,1187,2039,2121,2026,2114,2105,2001,1945,1138,1988,2113,2134,2106,2086,2000,2002,1113,1975,1975,2032,1974,1986,2000,1975,5,5,255,5,5,255,9,5,5,5,10,10,10,255,255,5,9,10,5,5,255,5,5,5,5,5,5,5,5,5,5,10,5,255,10,5,5,5,5,10,5,255,5,255,5,255,5,5,5,4,5,5,5,5,5,255,5,10,5,5,255,255,255,255
1780854780.832446,16669,1675553017,841,1011,2009,2115,2050,2058,1305,998,1083,1228,2062,2067,2089,2080,1408,1125,1201,1999,2048,2070,2084,2080,2062,1740,1176,2067,2097,2085,2094,2077,2113,1874,1211,2022,2078,2093,2100,2029,2072,1916,1221,2039,2098,2109,2086,2039,2001,1945,1144,2044,2089,2097,2164,1940,1957,2020,1145,1975,2078,2022,1998,1964,2000,1975,5,4,10,255,5,255,5,5,5,5,255,5,5,10,10,5,5,5,5,5,10,5,5,255,5,5,5,5,5,5,5,5,5,10,5,5,5,255,5,255,5,255,5,10,5,10,255,255,5,4,5,5,5,5,5,10,5,255,5,5,10,10,255,255
1780854780.932910,16670,1675653017,841,1011,2009,2036,2089,2058,1262,984,1071,1308,2074,2097,2089,2080,1408,1083,1161,1548,2082,2110,2117,2093,2050,1740,1167,2067,2087,2080,2075,2105,2054,1874,1214,2007,2078,2114,2107,2112,2043,1919,1201,2039,2082,2089,2097,2080,2001,1929,1143,2096,2110,2133,2069,1940,1927,1913,1103,1975,2078,1997,1998,1892,2000,1975,5,255,255,10,5,255,5,5,5,5,10,5,255,255,255,5,5,4,5,5,5,5,5,255,5,255,5,5,5,5,5,255,5,5,255,5,5,10,5,10,5,255,5,5,5,5,255,10,5,5,5,5,5,255,5,5,9,255,5,5,255,5,255,255
1780854781.034495,16671,1675753017,840,1011,2009,2059,2093,2058,1294,991,1084,1377,1957,2097,2084,2080,1365,1171,1198,1630,2079,2138,2067,2057,2042,1740,1184,2067,2074,2086,2082,2144,2101,1874,1167,2007,2141,2104,2132,2112,2025,1919,1161,2039,2067,2089,2149,2053,2001,1943,1147,1928,2112,2116,2100,2006,1927,1957,1109,1975,2071,2088,1995,2002,2000,1975,5,255,255,5,5,255,4,5,5,5,9,5,10,255,10,9,9,5,5,5,5,5,5,255,5,255,5,5,5,5,5,255,5,255,10,5,5,255,5,255,5,255,5,255,5,5,255,5,5,5,5,5,5,10,255,5,5,255,5,5,10,5,255,255
1780854781.132892,16672,1675853018,839,1011,2076,2081,2093,2058,1294,994,1092,1298,2003,2053,2084,2080,1390,1109,1164,1630,2079,2074,2073,2057,2101,1739,1194,2067,2085,2087,2090,2071,2101,1782,1175,2040,2052,2142,2077,2112,2057,1919,1167,2034,2073,2089,2098,2107,1980,1936,1154,1988,2072,2065,2098,1974,1898,1957,1110,1975,1988,2096,1959,2002,2000,1975,5,255,10,5,255,255,255,5,5,5,5,5,255,255,5,5,5,255,255,5,5,255,5,10,5,255,5,5,5,5,255,10,5,10,5,5,5,255,5,255,5,10,5,255,5,5,10,5,5,5,5,5,5,5,10,255,5,255,5,5,5,255,255,255
1780854781.235129,16673,1675953017,830,1010,1994,2081,2090,1950,1294,1021,1073,1286,2003,2097,2056,2080,1504,1115,1181,1630,2078,2078,2093,2069,2046,1668,1191,2013,2099,2100,2101,2150,2079,1876,1171,2040,2075,2103,2102,2071,2057,1890,1177,2068,2086,2089,2098,2107,1976,1972,1170,2028,2077,2105,2075,1993,1946,1979,1116,1975,2014,2032,1989,2002,2000,1975,5,10,5,255,10,10,255,5,5,5,255,5,10,255,5,5,5,255,10,5,5,10,5,5,5,10,5,5,5,5,10,5,5,255,5,5,5,10,255,10,9,5,5,255,255,255,5,5,5,5,5,5,5,5,5,10,5,255,5,5,5,255,255,255
1780854781.334208,16674,1676053017,834,2036,1994,2046,2090,2073,1281,984,1083,1336,2063,2091,2056,2080,1504,1101,1171,1630,2080,2097,2088,2069,2046,1668,1186,1977,2071,2097,2109,2096,2091,1876,1189,2082,2087,2080,2067,2071,2058,1890,1153,2068,2052,2147,2120,2099,1987,1906,1146,2010,2132,2125,2027,1993,1955,1979,1123,1975,2032,2092,2013,2002,2000,1975,5,5,255,10,5,5,10,5,5,5,10,5,255,255,255,5,5,255,5,5,5,255,255,255,5,5,5,5,5,5,5,255,5,10,5,5,5,255,10,255,5,255,5,10,10,10,5,5,5,5,5,5,5,255,5,255,9,255,5,5,5,255,255,255
1780854781.435698,16675,1676153017,837,2036,2062,2036,2084,2073,1287,959,1090,1336,2063,2056,2081,2080,1446,1121,1151,1747,2028,2101,2088,2079,2057,1662,1196,2048,2109,2092,2074,2077,2058,1876,1183,2082,2154,2070,2095,2071,2063,1851,1172,2068,2109,2065,2114,2071,1933,1906,1124,1542,2123,2097,2082,2044,1977,1980,1120,1975,2055,1983,1937,1932,1919,1975,5,255,10,5,5,255,5,5,5,255,255,5,10,255,10,5,5,10,5,5,255,10,10,10,5,4,5,5,5,5,5,255,5,255,5,5,5,255,5,10,5,255,5,5,5,5,5,255,5,5,5,5,5,10,5,10,5,255,5,5,5,10,10,255
1780854781.536604,16676,1676253018,854,2036,2062,2084,2084,2073,1287,997,1087,1278,2063,2075,2102,2080,1425,1138,1202,1747,2060,2098,2088,2085,2082,1718,1210,2029,2106,2080,2084,2103,2041,1876,1175,1994,2071,2077,2126,2071,2054,1851,1197,2068,2081,2065,2094,2191,1933,1906,1173,2091,2113,2107,2097,2044,1932,1916,1118,1975,2019,1963,2011,1955,1919,1975,5,255,255,5,255,255,255,5,5,10,255,5,5,255,5,5,5,255,5,5,255,5,5,5,5,5,5,5,5,5,5,255,5,10,5,5,5,255,5,255,5,255,5,255,5,5,255,255,5,5,5,5,5,255,5,5,5,255,5,5,9,5,255,255
1780854781.633568,16677,1676353017,824,1085,2062,2054,2084,2073,1318,1011,1093,1228,2041,2089,2053,2138,1365,1120,1195,1747,2078,2087,2126,2087,2055,1718,1169,2083,2102,2085,2088,2072,2103,1927,1192,1994,2110,2087,2080,2153,2016,1919,1178,2068,2095,2113,2081,2078,1933,1948,1177,2056,2092,2133,2107,2015,1925,1976,1113,1975,2040,2034,1995,2015,1919,1975,5,10,255,5,10,255,10,5,5,5,10,5,5,10,9,5,5,255,5,5,10,5,5,255,5,5,5,5,5,5,5,10,5,255,5,5,5,10,5,10,5,255,5,10,5,5,255,10,5,5,5,5,5,10,5,5,5,255,5,5,5,5,255,255
1780854781.733100,16678,1676453017,843,2080,2062,2094,2090,2026,1271,977,1095,1380,2041,2021,2053,2138,1478,1125,1180,1971,2080,2100,2112,2125,2039,1718,1166,2100,2115,2091,2099,2076,2110,1927,1178,2054,2105,2114,2087,2088,2033,1919,1166,2068,2052,2127,2113,2107,1996,1982,1118,2128,2149,2144,2147,1984,1925,1961,1099,1975,2037,2030,1959,1977,1919,1975,5,4,255,5,5,10,5,5,5,5,255,5,255,255,5,5,5,10,5,5,5,5,5,255,5,5,5,5,5,5,5,255,5,10,5,5,5,5,5,255,5,255,5,5,5,5,10,5,5,5,5,5,5,5,255,5,5,255,5,5,5,5,255,255
1780854781.834347,16679,1676553017,856,2083,2054,2094,2090,2026,1314,1002,1096,1217,2041,2092,2053,2138,1354,1118,1148,1971,2090,2117,2108,2132,2081,1718,1169,2043,2068,2089,2077,2132,2047,1927,1224,2071,2112,2105,2122,2134,2075,1897,1193,2168,2111,2127,2102,2107,1996,1918,1164,2086,2124,2123,2092,1950,1952,1942,1112,1975,2053,1987,1969,1977,1919,1975,5,5,10,255,255,255,5,5,5,5,255,5,255,255,5,9,5,255,5,5,5,5,5,255,5,5,5,5,5,5,5,255,5,5,5,5,5,5,5,10,5,10,5,255,5,255,255,255,5,5,5,5,5,5,10,5,5,255,5,5,5,255,255,255
1780854781.933078,16680,1676653017,860,1003,2054,2011,2062,2026,1314,1021,1067,1201,2018,2131,2053,2138,1337,1142,1162,1938,2074,2104,2082,2132,2042,1718,1182,2047,2092,2100,2091,2094,2093,1927,1172,2092,2104,2079,2104,2134,2044,1896,1221,2168,2084,2127,2102,2091,1900,1952,1172,2010,2126,2108,2103,1986,1923,1986,1112,1975,2063,2044,2053,1977,1906,1975,5,5,255,10,10,255,255,5,5,5,10,5,255,255,5,5,5,10,5,5,5,255,5,255,9,5,5,5,5,5,5,255,5,5,5,5,5,255,5,5,5,255,5,255,255,10,10,5,5,5,5,5,5,5,255,5,5,255,5,5,5,255,10,255
1780854782.034397,16681,1676753016,837,1023,2100,2062,2093,2044,1283,1004,1062,1305,2068,2065,2053,2138,1453,1104,1170,1999,2101,2110,2178,2100,2072,1678,1195,2070,2100,2089,2072,2110,2103,1885,1203,2092,2075,2085,2113,2134,2050,1896,1171,2168,2096,2091,2095,2055,1969,1973,1162,2005,2082,2138,2087,1978,2024,1946,1145,1975,2014,2007,1953,1969,1906,1975,5,5,10,5,5,10,10,5,5,5,5,5,255,255,4,4,5,5,5,5,9,10,5,10,5,5,5,5,5,5,5,10,5,255,5,5,5,255,5,255,5,255,5,10,10,5,5,5,5,5,5,5,5,5,5,5,5,255,5,5,5,10,255,255
1780854782.132709,16682,1676853017,834,1023,2100,2115,2050,2049,1266,984,1094,1379,2068,2056,2053,2138,1429,1147,1171,1863,2124,2076,2178,2106,2057,1678,1190,2071,2071,2084,2084,2099,2131,1885,1160,2092,2075,2086,2109,2134,2050,1970,1226,2168,2083,2038,2061,2046,1969,1954,1156,2073,2053,2106,2096,1946,1921,1946,1069,1975,2046,2097,1997,1957,1906,1975,5,255,255,5,5,5,5,5,5,5,255,5,255,255,5,4,5,9,5,5,255,5,5,255,5,5,5,5,5,5,5,255,5,255,255,5,5,255,255,10,5,255,5,5,5,5,255,5,5,5,5,5,5,5,5,5,5,255,5,5,5,5,255,255
1780854782.235009,16683,1676953016,846,2036,2100,2089,2092,1995,1285,964,1087,1275,2105,2043,2091,1989,1400,1149,1175,2152,2105,2121,2053,2108,2035,1695,1256,2098,2095,2077,2111,2095,2046,1895,1145,2092,2086,2100,2087,2115,2063,1970,1168,2168,2115,2112,2114,2106,2020,1934,1119,1892,2091,2085,2093,1987,1947,1977,1069,1975,1941,2003,2041,1965,1906,1975,5,10,255,5,5,5,5,5,5,5,10,5,10,10,5,5,5,4,5,5,10,5,5,10,5,5,5,5,5,5,5,10,5,255,10,5,5,10,10,255,5,255,5,5,5,5,10,5,5,9,5,5,5,5,5,5,5,255,5,5,5,5,255,255
1780854782.331100,16684,1677053017,841,1024,2100,2086,2075,1995,1313,1019,1058,1304,2055,2095,2070,2022,1517,1121,1177,2152,2088,2109,2053,2090,2055,1688,1232,2068,2084,2095,2079,2113,2028,1931,1167,2038,2072,2092,2103,2115,2054,1970,1195,2168,2140,2163,2096,2089,2020,1889,1134,2024,2069,2127,2056,2018,1961,1909,1131,1975,1997,2003,1959,1968,1906,1975,5,5,255,5,5,255,5,5,5,5,5,5,5,5,5,5,5,255,5,5,255,5,5,5,5,5,5,5,5,5,5,5,9,10,5,5,5,255,5,255,5,255,5,5,5,5,255,5,5,5,5,5,5,5,5,5,5,255,5,255,5,5,255,255
1780854782.433169,16685,1677153016,838,2062,2100,2057,2075,1980,1176,1014,1071,1380,2074,2075,2060,2041,1443,1109,1201,2055,2048,2081,2073,2057,2094,1656,1193,2023,2084,2086,2085,2108,2121,1909,1229,2063,2114,2091,2088,2041,2127,1970,1152,2107,2080,2163,2116,2056,1964,1952,1130,2002,2091,2113,2084,1975,1934,1909,1095,1975,2028,2031,1959,1968,1975,1975,5,5,255,5,255,10,5,5,5,5,5,5,5,5,5,5,5,10,5,5,10,5,5,5,5,5,5,5,5,5,5,5,5,5,5,5,5,10,5,255,5,10,5,255,5,5,10,5,5,5,5,5,5,5,5,255,5,255,5,10,255,255,10,255
1780854782.544065,16686,1677263017,824,2102,2061,2063,2066,1980,1208,980,1035,1216,2074,2069,2060,2108,1432,1105,1168,1981,2089,2066,2056,2058,2054,1698,1184,1749,2110,2076,2086,2088,2070,1909,1212,2063,2114,2097,2121,2041,2063,1970,1200,2107,2080,2104,2164,2056,1957,1887,1128,1993,2109,2096,2093,1975,1934,1998,1110,1975,2013,2068,1985,1952,1975,1975,5,5,10,5,10,255,5,5,5,5,255,5,255,5,9,5,5,5,5,5,5,5,5,5,5,4,5,5,5,5,5,255,5,255,255,5,5,255,5,255,5,255,5,10,5,255,5,5,5,5,5,5,5,255,255,10,5,255,5,5,10,10,255,255
1780854782.643021,16687,1677363017,843,1033,2025,2109,2106,1980,1311,1017,1071,1267,2036,2073,2088,2108,1414,1105,1183,1982,2109,2096,2097,2088,2068,1698,1165,2072,2102,2095,2105,2086,2080,1909,1183,2031,2126,2141,2106,2041,2047,1967,1210,2107,2081,2087,2079,2072,1957,1996,1162,2061,2053,2104,2072,1973,1946,1983,1106,1975,2037,1945,1984,1938,1975,1975,5,5,5,5,5,255,5,5,5,5,10,5,10,255,9,5,5,5,5,5,5,5,5,255,5,4,5,5,5,5,5,255,5,10,10,5,5,255,5,10,5,255,5,5,5,10,255,5,5,5,5,5,5,10,10,5,5,255,5,5,5,5,255,255
1780854782.742382,16688,1677463017,839,1018,2084,2042,2100,1980,1299,990,1062,1406,2040,2073,2088,2108,1408,1106,1188,1769,2085,2086,2097,2041,2068,1698,1216,2085,2111,2098,2079,2130,2090,1932,1182,2031,2138,2128,2114,2058,2046,1967,1193,2049,2088,2087,2079,2059,1943,1941,1138,2040,2133,2110,2072,1970,1950,2012,1098,1876,2090,2079,1961,1906,1975,2037,5,5,5,5,5,255,5,5,5,5,5,255,255,255,5,5,5,4,5,5,255,5,5,255,5,5,5,5,5,5,5,10,9,255,5,5,5,10,5,255,5,10,5,255,5,5,10,5,5,5,5,5,255,5,5,5,5,10,5,5,5,5,255,10
1780854782.844146,16689,1677563017,838,1058,2084,2054,2090,1991,1204,1013,1097,1343,2040,2115,2088,2108,1377,1119,1195,1769,2082,2096,2076,2108,2062,1724,1187,2085,2072,2076,2073,2112,2093,1932,1186,2048,2138,2108,2081,2109,2059,1967,1186,2049,2104,2087,2110,2081,1972,1901,1147,1845,2114,2125,2120,2039,1989,1976,1115,1876,2063,1999,1961,1883,1975,2037,5,5,255,5,5,10,5,5,5,5,255,10,255,255,5,5,5,255,5,5,10,5,5,10,5,255,5,5,5,5,5,255,5,10,255,5,5,5,5,255,9,255,5,255,5,5,5,5,5,4,5,5,10,5,5,5,5,255,5,5,255,5,255,255
1780854782.943352,16690,1677663017,836,1074,2084,2067,2050,1991,1246,1000,1062,1349,2040,2079,2088,2108,1437,1056,1189,1769,2074,2082,2073,2097,1969,1724,1194,1998,2095,2085,2107,2070,2095,1932,1175,2093,2138,2092,2118,2109,2087,1919,1148,2049,2098,2187,2110,2113,1972,1922,1151,1845,2097,2095,2083,1959,1982,1981,1111,1624,1971,1939,1995,1883,1975,2037,5,5,255,5,5,255,5,5,5,5,255,5,255,255,5,5,5,255,5,5,5,5,5,255,5,10,5,5,5,5,5,255,9,5,255,5,5,255,5,10,5,255,5,10,255,5,255,5,5,255,5,5,5,5,5,5,5,3,9,5,10,255,255,255
1780854783.044418,16691,1677763017,839,1084,2058,2062,2080,2081,1272,968,1119,1312,2077,2092,2074,2108,1422,1099,1212,1914,2077,2091,2073,2095,2089,1708,1161,1971,2066,2082,2080,2106,2059,1932,1189,2052,2087,2071,2100,2060,2038,1919,1170,2049,2098,2101,2078,2118,1972,1992,1174,2101,2084,2109,2097,2013,2006,1984,1156,1624,2018,2052,2002,1883,1975,2037,5,5,10,5,5,10,5,5,5,5,10,5,10,255,5,5,5,10,5,5,255,5,5,10,5,5,5,5,5,5,5,255,5,5,10,5,5,10,5,255,5,255,5,5,10,5,255,5,5,255,5,5,5,5,5,5,9,255,5,5,5,255,255,255
1780854783.143446,16692,1677863017,840,1105,2058,2066,2069,2081,1293,977,1077,1308,2077,2012,2113,2108,1453,1097,1151,1914,2112,2076,2092,2083,2078,1708,1216,2050,2128,2096,2095,2099,2085,1919,1179,2004,2149,2091,2080,2087,2038,1919,1178,2049,2116,2101,2096,2076,1941,1970,1148,1946,2095,2136,2123,2013,1934,1950,1092,1624,2018,2019,1893,1993,1975,2037,5,5,255,5,5,255,5,5,5,5,255,5,5,255,5,5,5,255,5,5,10,5,5,255,9,5,5,5,5,5,5,10,5,5,5,5,5,5,255,255,9,255,5,255,5,5,10,5,5,5,5,5,5,255,5,5,5,255,255,5,5,10,10,255
1780854783.243487,16693,1677963017,843,1047,2096,2062,2109,2081,1270,1002,1103,1264,2077,2072,2073,2108,1429,1090,1189,1914,2090,2122,2074,2056,2118,1708,1214,1956,2099,2090,2092,2081,2083,1919,1234,2004,2112,2080,2099,2087,2037,1889,1161,2049,2110,2115,2114,2104,1946,1958,1167,2098,2082,2108,2141,1951,1933,1921,1118,1624,2051,2161,1893,1993,1975,2037,5,5,10,5,5,255,9,5,5,5,255,5,5,255,5,5,5,255,5,5,5,5,5,255,5,5,5,5,5,5,5,255,5,255,5,5,5,255,10,10,5,255,5,10,5,5,5,5,5,5,5,5,5,10,5,5,5,255,10,5,255,255,255,255
1780854783.341089,16694,1678063017,847,1016,2102,2116,2068,2079,1325,1010,1079,1184,2065,2073,2115,2108,1402,1129,1187,2052,2057,2061,2113,2062,2072,1708,1155,2051,2104,2103,2088,2118,2107,1919,1183,2142,2112,2074,2095,2087,2090,1959,1191,2049,2110,2115,2104,2043,1946,1981,1168,2041,2090,2100,2050,1988,1956,1921,1119,1624,2084,2043,1981,1979,1975,2037,5,255,5,5,5,10,5,5,5,255,10,5,5,255,5,5,5,10,5,5,5,5,5,255,5,5,5,5,5,5,5,255,5,10,5,5,5,255,5,5,5,255,5,255,5,5,255,5,5,5,5,5,5,5,5,255,5,255,5,5,10,10,255,255
1780854783.444046,16695,1678163016,847,1061,2102,2104,2069,2014,1299,980,1079,1341,2065,2055,2033,2061,1439,1131,1205,1784,2080,2082,2066,2072,2080,1715,1169,2036,2090,2088,2085,2140,2074,1899,1171,2031,2096,2081,2084,2087,2076,2000,1189,2049,2084,2067,2114,2043,1943,1966,1140,2061,2078,2154,2123,2017,1923,1968,1117,1624,2097,2085,1930,1965,1975,2037,5,5,255,5,5,5,5,5,5,5,255,5,5,10,9,5,9,4,5,5,5,5,5,10,5,5,5,5,5,5,5,10,5,5,5,5,5,255,5,5,5,255,5,10,5,255,10,5,5,5,5,5,5,5,5,10,5,255,5,5,5,5,255,255
1780854783.542764,16696,1678263017,843,1046,2102,2000,2048,2014,1250,989,1068,1314,2065,2058,2049,2061,1397,1130,1168,2007,2070,2110,2081,2115,2111,1715,1225,2058,2100,2093,2073,2075,2092,1831,1200,2031,2053,2081,2089,2087,2018,1971,1166,2058,2064,2067,2156,2058,1954,1895,1127,2028,2078,2088,2123,2017,1960,2022,1135,1624,2055,2085,1930,1965,1975,2037,5,5,255,5,5,255,5,5,5,5,255,5,5,255,5,5,5,4,5,5,5,5,5,255,5,5,5,5,5,5,5,5,5,255,5,5,5,255,5,5,5,10,5,255,5,10,5,5,5,5,255,5,255,255,5,5,5,255,5,255,255,255,255,255
1780854783.643799,16697,1678363017,844,1071,2102,2111,2058,2028,1214,991,1079,1348,2065,2054,2111,2055,1446,1142,1168,1879,2058,2089,2048,2115,2053,1715,1149,2058,2110,2095,2083,2081,2080,1881,1151,2031,2119,2088,2092,2087,2044,1971,1142,2058,2094,2087,2109,2109,1946,1973,1154,2084,2113,2113,2077,1931,1967,1983,1109,1624,2043,2014,2015,1966,1975,2037,5,5,255,5,5,10,5,5,9,5,255,5,5,10,5,5,5,5,5,5,5,255,5,255,5,255,5,5,5,5,5,5,5,255,5,5,5,255,5,255,5,255,5,10,5,5,5,5,5,5,10,5,10,10,5,5,5,255,5,10,10,10,255,255
1780854783.743953,16698,1678463017,835,1092,2102,2121,2109,2028,1349,995,1057,1262,2065,2064,2056,2055,1467,1109,1216,1946,2055,2061,2048,2119,2032,1715,1175,1986,2085,2096,2096,2108,2059,1949,1245,2027,2145,2094,2075,2087,2162,1971,1118,2058,2077,2087,2139,2109,1946,1973,1103,2015,2097,2091,2131,2014,1922,1966,1136,1705,2042,2050,1996,1966,1975,2037,5,5,255,5,5,255,5,5,5,5,255,5,5,255,5,5,5,5,5,5,255,10,5,255,5,10,5,5,5,5,5,5,5,10,5,5,5,255,5,255,5,255,5,255,5,255,255,255,5,5,5,5,5,5,5,5,5,10,5,5,5,255,255,255
1780854783.843519,16699,1678563017,842,1042,2060,2052,2126,2079,1260,1000,1063,1175,2134,2064,2107,2055,1457,1096,1223,1511,2075,2095,2051,2131,2067,1713,1200,2063,2067,2083,2100,2117,2099,1949,1202,2027,2116,2065,2087,2111,2077,1892,1174,2058,2109,2117,2110,2131,1946,1973,1189,2002,2071,2140,2114,2003,1925,1966,1109,1705,2096,2024,1996,1944,1975,2037,5,5,10,5,5,10,5,5,5,5,10,255,5,255,5,5,5,5,5,5,10,5,5,10,5,5,5,5,5,5,5,255,9,255,5,5,5,10,5,10,5,255,5,10,5,10,255,255,5,5,5,5,5,5,5,5,5,255,5,5,255,10,255,255
1780854783.943647,16700,1678663017,841,1042,2060,2040,1978,2110,1266,974,1034,1291,2047,2084,2107,2055,1457,1112,1170,1976,2061,2074,2051,2094,2070,1713,1199,2028,2091,2089,2121,2118,2101,1949,1183,2043,2116,2095,2065,2111,2041,1902,1155,2058,2144,2084,2093,2079,1946,1960,1155,2031,2072,2099,2115,2018,1977,1966,1114,1533,2023,2061,2029,1944,1975,2037,5,255,255,9,5,5,5,5,5,5,5,10,255,255,255,5,5,5,5,5,255,5,5,255,5,5,5,5,5,5,5,255,5,10,255,5,5,255,5,5,5,255,5,5,5,5,255,10,5,5,5,5,5,5,5,255,5,10,5,5,10,255,255,255
1780854784.045117,16701,1678763017,840,1047,2092,2040,2080,2110,1253,987,1058,1537,2074,2095,2102,2055,1448,1137,1217,1976,2109,2100,2051,2128,1991,1713,1161,2048,2092,2074,2098,2101,2063,1949,1173,2020,2090,2096,2101,2111,2069,1921,1173,2058,2103,2084,2110,2106,1999,1966,1119,1945,2095,2121,2075,1998,1963,1971,1132,1533,2006,2022,2022,1865,1975,2016,5,255,10,255,5,255,5,5,5,5,5,5,10,255,10,5,5,255,5,5,255,5,5,255,5,5,5,5,5,5,5,255,5,5,10,5,5,255,5,5,9,255,5,255,5,5,10,5,5,5,5,5,5,5,5,10,5,255,5,5,5,10,255,10
1780854784.142923,16702,1678863017,862,1008,2058,2040,2053,2110,1299,993,1079,1352,2074,2054,2102,2055,1406,1102,1251,1655,2063,2102,2074,2089,2062,1661,1139,2048,2114,2094,2065,2094,2094,1875,1198,2020,2089,2116,2113,2111,2084,2012,1196,2032,2136,2067,2136,2106,1999,1949,1130,1706,2078,2141,2136,2030,1928,1896,1117,1533,2044,2007,1983,1865,1975,2016,5,5,5,255,5,255,5,5,9,5,255,5,255,255,5,9,5,10,5,5,10,5,5,10,5,255,5,5,5,5,5,10,5,255,5,5,5,255,5,5,9,10,5,10,5,255,255,5,5,5,5,5,5,5,5,5,5,255,5,5,5,255,255,255
1780854784.243871,16703,1678963017,849,1054,2082,2040,2073,2053,1299,980,1085,1335,2078,2056,2065,2018,1394,1121,1186,1655,2079,2130,2093,2071,2065,1661,1246,2048,2115,2094,2100,2098,2118,1875,1176,1995,2112,2104,2107,2121,2034,2012,1162,2032,2120,2067,2065,2138,1935,1950,1142,2088,2113,2099,2071,2029,1933,1896,1131,1533,1988,2079,1990,1865,1975,2016,5,5,5,255,5,10,255,5,5,5,10,5,10,10,5,5,5,255,5,5,5,5,5,255,9,255,5,5,5,5,5,255,5,10,5,5,5,10,5,255,5,255,5,255,5,10,10,5,5,4,5,5,5,5,5,255,5,255,5,5,5,255,255,255
1780854784.343184,16704,1679063017,843,2117,2082,2040,2100,2049,1243,1008,1072,1207,2041,2077,2065,2018,1394,1147,1197,2043,2060,2058,2089,2141,2064,1661,1200,2018,2082,2092,2100,2086,2129,1875,1242,1995,2085,2107,2125,2121,2035,2012,1222,1982,2105,2121,2065,2136,1935,1954,1133,2052,2111,2109,2098,2076,1949,1956,1087,1699,2008,2005,1990,1865,1975,2016,5,4,255,255,5,5,10,5,5,5,5,5,255,255,255,5,5,10,5,5,5,5,5,255,5,10,5,5,5,5,5,255,9,255,5,5,5,255,5,255,9,10,5,10,255,5,255,5,5,5,5,5,5,255,5,10,5,10,5,5,255,255,255,255
1780854784.442989,16705,1679163017,852,1018,988,902,856,1032,1274,1008,1102,1303,1986,2089,2065,2018,1466,1113,1182,1404,2064,2103,2038,2081,2070,1661,1220,2033,2102,2095,2109,2113,2106,1875,1210,2072,2112,2074,2085,2111,2083,2012,1153,2021,2095,2121,2107,2084,1986,1947,1152,2015,2124,2081,2131,1964,1965,1961,1081,1699,2037,2071,1996,1865,1975,2016,5,5,10,10,5,4,5,5,5,5,5,5,255,255,10,5,5,5,5,5,5,5,5,255,5,5,5,5,5,5,5,255,5,10,5,5,5,10,5,255,5,5,5,255,10,5,10,5,5,9,5,5,5,5,5,5,5,255,5,5,10,255,255,255
1780854784.543436,16706,1679263017,839,1058,643,695,712,741,949,1002,1048,1297,884,762,752,706,1485,1025,1195,2007,2080,2070,2141,2083,2092,1676,1150,2005,2096,2075,2080,2087,2090,1875,1191,2072,2115,2107,2109,2111,2068,2012,1156,2021,2130,2121,2099,2068,1977,1998,1179,2044,2108,2102,2090,1932,1936,1950,1090,1699,2092,2018,1974,1865,1975,2016,5,5,4,4,5,4,4,5,5,5,4,4,10,10,5,5,5,5,5,5,5,5,5,10,5,5,5,5,5,5,5,255,5,255,5,5,5,255,5,255,5,255,5,255,5,5,5,5,5,5,5,5,5,5,5,5,5,255,5,5,5,255,255,255
1780854784.643409,16707,1679363016,833,1075,2069,601,591,376,362,363,1065,1301,661,625,641,549,413,369,1184,1890,2108,674,664,706,2062,1693,1181,2072,2089,2107,2088,2098,2119,1864,1212,2072,2098,2085,2102,2123,2018,2012,1140,2021,2086,2121,2143,2068,1991,1985,1146,2067,2090,2105,2111,1932,1949,1958,1124,1699,2072,2093,2039,1943,1975,2016,5,5,4,5,5,4,4,4,5,5,4,5,5,5,4,4,5,9,5,5,4,4,5,5,5,5,5,5,5,5,5,10,5,255,5,5,5,10,5,255,5,255,5,255,5,255,5,5,5,5,5,5,5,255,5,5,5,255,5,5,5,10,255,255
1780854784.743129,16708,1679463017,839,1075,2069,2067,591,376,1268,987,1099,1296,661,625,641,549,537,624,1204,1890,2104,2073,676,636,617,404,1195,2072,2086,2091,679,656,575,433,1174,2079,2087,785,711,810,686,466,1223,2021,2081,934,2099,942,1991,1975,1138,2067,2107,2111,2103,1902,1944,1950,1120,1717,2015,2109,1972,1978,1975,2016,5,255,255,4,255,255,4,4,5,5,255,255,255,255,5,4,5,255,5,4,5,5,5,4,5,255,5,5,5,5,5,4,5,10,5,4,5,4,4,10,5,255,5,10,5,10,255,5,5,255,5,5,5,10,5,5,5,10,5,5,5,5,255,255
1780854784.843441,16709,1679563016,832,2019,2059,2072,2077,2072,1325,1009,1074,1336,2045,2049,2078,549,1384,1117,1221,1676,2061,2076,676,2053,2087,688,1222,1988,2099,2078,2094,656,661,646,1198,2079,2087,2097,2104,663,621,586,1166,2117,2093,714,698,632,606,559,1134,1993,2137,790,669,630,592,1950,1121,1717,2001,1984,1954,1965,1975,2016,5,10,10,5,10,10,5,5,5,5,10,10,10,255,5,5,9,10,5,5,255,4,4,4,5,10,5,5,4,255,5,4,9,255,255,4,4,5,5,5,5,10,5,4,4,4,10,4,5,255,5,4,4,4,4,5,5,255,5,5,5,5,255,255
1780854784.942927,16710,1679663017,842,2085,2074,2057,2068,2119,1372,1000,1089,1320,2045,2077,2078,2005,1425,1109,1200,1627,2076,2087,2093,2094,2003,688,1169,2070,2085,2089,2093,2110,2112,646,1181,1996,2101,2098,2138,663,621,753,1179,2117,2086,2122,2129,632,761,699,1182,2037,2124,2111,2064,611,690,573,1086,1717,2040,1956,600,590,547,546,5,5,5,5,5,5,5,5,5,5,255,5,255,10,5,5,5,9,5,5,10,5,5,255,5,5,5,5,5,10,4,255,9,10,10,5,5,255,255,255,5,255,5,4,4,255,255,5,5,5,5,4,4,255,5,4,5,255,5,5,4,5,10,10
1780854785.043395,16711,1679763017,830,2121,2074,2069,2068,2017,1281,974,1060,1256,2045,2058,2078,2005,1365,1139,1138,2045,2072,2101,2142,2064,2080,688,1205,2041,2104,2076,2090,2134,2126,1812,1183,1996,2101,2117,2091,2125,2111,753,1233,2117,2093,2122,2166,632,761,999,1143,2087,2091,2085,2075,611,690,863,1122,1717,2064,2077,1970,590,547,794,5,5,255,5,255,5,9,5,5,5,255,5,255,255,5,5,9,4,5,5,5,5,5,255,5,5,5,5,5,5,5,10,5,255,255,5,5,10,10,255,5,255,5,255,5,255,255,4,5,5,5,5,5,255,255,4,5,255,5,5,4,255,255,4
1780854785.152889,16712,1679873017,844,2098,2074,2102,2134,2017,1248,982,1086,1297,2126,2048,2078,2125,1450,1110,1192,2045,2033,2086,2142,2062,2060,688,1176,1995,2093,2092,2082,2133,2059,1812,1194,1996,2141,2107,2090,2105,2032,753,1109,2117,2076,2104,2104,2027,761,1943,1156,2052,2103,2119,2104,1947,1595,957,1108,1717,2072,2009,2039,1971,547,794,5,5,255,5,10,255,5,5,5,9,10,5,255,10,5,5,5,255,5,5,255,5,5,255,5,5,5,5,5,5,5,255,5,255,10,5,5,5,5,255,5,255,5,10,5,10,255,4,5,4,5,5,5,10,10,5,5,255,5,5,5,10,255,255
1780854785.243150,16713,1679963017,836,2114,2077,2096,2007,2030,1281,992,1076,1308,2126,2068,2127,2125,1448,1121,1192,2068,2053,2090,2142,2073,2083,1684,1192,2058,2114,2103,2063,2129,2069,1812,1180,2092,2098,2109,2114,2115,2099,753,1147,2117,2116,2104,2097,2027,1908,1885,1177,1993,2098,2106,2086,1993,1921,957,1150,1717,2066,2061,1996,1971,547,794,5,5,10,5,5,10,5,5,5,3,255,5,10,255,5,5,5,10,5,5,255,5,5,10,5,5,5,5,5,5,5,255,5,10,5,5,5,5,5,255,5,255,5,255,5,255,10,5,5,4,5,5,5,5,4,255,5,255,5,5,5,255,255,255
1780854785.353250,16714,1680073017,841,2103,2101,2084,2071,2030,1263,1001,1077,1267,2126,2068,2127,2125,1431,1104,1152,2068,2048,2074,2104,2078,2003,1684,1136,2058,2088,2083,2071,2116,2071,1812,1219,2102,2083,2115,2095,2115,2091,753,1154,2122,2069,2071,2123,2086,1977,1885,1147,2028,2117,2121,2079,2020,1996,957,1117,1717,2051,2016,1991,1934,547,794,5,5,5,5,5,255,5,5,5,5,255,255,255,255,5,5,5,255,5,5,10,5,5,255,5,255,5,5,5,5,5,255,5,5,5,5,5,255,5,255,5,10,5,10,5,10,5,255,5,5,5,5,5,5,5,255,5,255,5,5,5,10,255,255
1780854785.452582,16715,1680173017,853,2112,2031,2059,2027,2030,1263,1013,1053,1317,2077,2107,2044,2125,1431,1150,1161,2017,2041,2057,2110,2078,2060,1666,1158,2057,2088,2079,2100,2082,2094,1812,1241,2087,2147,2082,2110,2115,2079,1908,1145,2122,2076,2071,2108,2000,1882,1885,1126,1986,2106,2131,2103,1931,1930,1950,1114,1821,1992,2031,1991,1975,547,794,5,5,5,5,5,255,255,5,5,5,10,10,10,255,255,5,5,10,5,5,5,5,5,10,9,10,5,5,5,5,5,255,5,5,5,5,5,255,5,10,5,255,5,255,5,5,5,255,5,9,5,5,5,5,5,10,9,10,5,5,255,5,255,255
1780854785.552584,16716,1680273017,845,2112,2031,2072,2082,2030,1324,1013,1069,1279,2092,2097,2044,2125,1538,1166,1211,1770,2055,2118,2075,2084,2065,1641,1210,2057,2071,2084,2109,2096,2113,1869,1203,2087,2072,2116,2123,2105,2041,1959,1172,2122,2102,2081,2126,2000,1934,1918,1155,1672,2097,2097,2110,1992,1888,1919,1113,1821,2034,2016,1969,1975,547,794,5,255,255,5,5,255,10,5,9,5,5,5,255,255,10,5,9,4,5,5,5,5,5,5,5,255,5,5,5,5,5,10,5,255,5,5,5,10,5,5,5,255,5,10,5,255,5,10,5,4,5,5,5,5,5,5,5,255,5,5,10,255,255,255
1780854785.653705,16717,1680373017,819,1123,2059,2101,2038,2028,1324,1036,1061,1268,2092,2084,2044,2125,1489,1080,1165,2114,2067,2107,2140,2091,2048,1676,1177,2086,2094,2079,2079,2059,2080,1906,1174,2074,2072,2121,2086,2088,2068,1959,1177,2122,2086,2067,2066,2082,2030,1889,1117,2063,2084,2093,2085,2005,1918,1919,1107,1821,2085,2057,2052,1975,547,794,5,255,10,5,5,10,255,5,5,5,255,5,255,255,4,4,5,4,5,5,5,5,5,5,5,10,5,5,5,5,5,5,5,10,255,5,5,5,5,255,5,255,5,5,5,10,5,5,5,4,5,5,5,5,5,255,5,255,5,5,5,255,255,255
1780854785.754068,16718,1680473017,826,1123,2045,2101,2117,2028,1324,983,1053,1266,2092,2014,2044,2125,1489,1089,1167,2114,2097,2077,2125,2091,2006,1676,1154,2049,2098,2079,2087,2129,2079,1930,1146,2083,2105,2103,2120,2141,2054,1959,1150,2122,2067,2097,2068,2080,2030,1934,1162,2004,2064,2099,2065,2030,2023,1990,1115,1821,1992,2022,1946,1975,2017,794,5,255,5,255,5,255,255,5,5,5,255,5,255,255,255,5,5,255,5,5,5,255,5,255,9,5,5,5,5,5,5,5,5,5,10,5,5,5,5,255,5,255,5,5,5,5,255,5,5,5,5,5,5,9,5,10,5,255,5,5,5,255,10,255
1780854785.853247,16719,1680573017,836,1123,2071,2088,2080,2028,1273,1013,1087,1256,2092,2082,2044,2036,1402,1120,1193,2114,2049,2069,2102,2112,2056,1593,1189,2049,2094,2106,2080,2101,2087,1930,1211,2057,2082,2086,2104,2119,2049,1959,1180,2122,2105,2107,2095,2111,2030,1946,1136,2004,2124,2111,2078,2027,1968,1922,1113,1821,2040,2010,2016,1956,1978,794,5,255,5,10,5,255,10,5,5,5,255,5,255,10,10,5,5,255,5,5,5,10,5,10,5,255,5,5,5,5,5,255,5,5,5,5,5,5,5,255,5,255,5,5,5,5,255,5,5,255,5,5,5,5,5,5,5,255,5,5,5,10,5,255
1780854785.954218,16720,1680673017,860,1074,2071,2064,2090,2028,1354,998,1072,1358,2092,2056,2044,2039,1402,1096,1230,1991,2097,2107,2113,2091,2018,1663,1194,2079,2074,2100,2114,2127,2069,1845,1215,2075,2097,2087,2096,2119,2049,1975,1145,2122,2119,2114,2095,2048,2030,1923,1144,2047,2124,2090,2095,2041,1936,1974,1101,1821,2046,2010,2015,1956,1978,794,5,10,255,5,5,255,5,5,5,5,255,5,255,5,255,5,5,10,5,5,5,5,5,5,5,10,5,5,5,5,5,10,5,5,5,5,5,255,255,10,5,255,5,5,255,5,255,5,5,10,255,5,5,5,5,5,5,255,5,255,5,255,255,255
1780854786.054873,16721,1680773017,849,1074,2114,2066,2067,2028,1261,1019,1071,1284,2092,2086,2114,2039,1512,1077,1177,1989,2083,2084,2096,2091,2132,1633,1150,2079,2087,2079,2090,2082,2105,1852,1197,2075,2075,2096,2076,2119,2071,1889,1223,2122,2077,2114,2087,2079,2030,1917,1155,2056,2112,2110,2111,2041,1953,2004,1129,1821,2039,2052,2015,1956,1978,794,5,255,10,5,5,255,5,5,5,5,255,5,10,255,10,5,5,5,5,5,5,255,5,5,5,255,5,5,5,5,5,9,5,255,5,5,5,255,10,5,9,255,5,255,10,5,255,5,5,5,10,5,5,255,5,5,9,255,5,10,255,255,255,255
1780854786.153437,16722,1680873017,851,1067,2053,2044,2122,2028,1340,996,1063,1302,2104,2111,2114,2039,1419,1096,1181,1934,2095,2064,2109,2091,2063,1683,1143,2000,2082,2074,2080,2110,2091,1852,1191,1979,2040,2105,2090,2113,2098,1889,1181,2122,2089,2085,2141,2135,1916,1952,1140,2077,2110,2102,2150,1976,1943,1963,1131,1821,2061,2019,2015,1947,1978,794,5,10,5,5,5,255,5,5,5,5,10,5,255,255,4,5,5,5,5,5,5,255,5,5,5,10,5,5,5,5,5,255,5,10,5,5,5,10,5,255,5,255,5,10,5,5,10,5,5,5,5,5,5,10,5,5,5,255,5,5,255,10,255,255
1780854786.253447,16723,1680973017,838,1067,2053,2042,2095,2054,1287,953,1079,1321,2104,2069,2089,2039,1591,1120,1175,2073,2075,2092,2138,2069,2057,1694,1219,2000,2091,2084,2098,2100,2072,1852,1196,2122,2082,2090,2106,2056,2028,1931,1178,1912,2139,2085,2102,2071,1924,1911,1128,1945,2092,2113,2110,2029,1934,1969,1039,1821,1950,2059,1960,1967,1978,794,5,255,255,5,5,10,5,5,5,5,255,5,10,255,5,5,5,5,5,5,5,10,5,5,5,255,5,5,5,5,5,255,5,5,5,5,5,5,5,10,5,10,5,255,5,5,5,5,5,9,5,5,5,5,5,5,5,255,5,5,10,5,255,255
1780854786.353665,16724,1681073017,823,1067,2053,2042,2047,1998,1250,1013,1095,1439,2086,2095,2089,2027,1490,1112,1171,1883,2098,2086,2132,2137,2068,1649,1179,2028,2118,2083,2102,2094,2137,1852,1230,2072,2082,2088,2145,2102,2083,1931,1160,1912,2093,2057,2092,2071,2010,1929,1152,1945,2100,2117,2109,2029,1958,1969,1077,1821,2037,2060,1966,1926,1956,794,5,255,255,255,5,9,9,5,5,5,10,5,255,10,9,5,9,5,5,5,5,5,5,5,5,10,5,5,5,5,5,255,5,5,255,5,9,5,5,255,5,255,5,10,5,255,5,5,5,255,5,5,5,255,5,255,5,255,5,5,5,5,10,255
1780854786.452363,16725,1681173017,837,2033,2044,2042,2067,1998,1227,980,1065,1439,2046,2122,2057,2027,1334,1126,1153,1931,2104,2098,2132,2092,2053,1720,1187,2028,2095,2098,2108,2065,2093,1921,1198,2072,2118,2071,2119,2102,2068,1890,1176,1912,2110,2111,2142,2085,2009,1956,1138,2072,2115,2089,2070,2022,1934,1966,1137,1821,2023,2032,1966,1891,1956,794,5,10,10,255,5,255,5,5,5,255,5,5,10,255,5,9,5,5,5,5,255,5,5,5,5,255,5,5,5,5,5,10,5,255,10,5,5,255,5,10,5,255,5,5,5,10,5,5,5,10,5,5,5,10,5,10,5,255,5,5,255,5,255,255
1780854786.553001,16726,1681273017,847,2122,2044,2034,2084,1998,1319,1031,1082,1289,2108,2093,2088,2027,1530,1154,1177,1931,2094,2052,2132,2107,2025,1666,1205,2033,2093,2096,2074,2120,2085,1921,1175,2027,2109,2119,2137,2071,2068,1921,1199,1912,2142,2112,2142,2085,1946,1956,1163,2041,2044,2121,2132,2013,1984,1993,1113,1821,2013,2035,2002,1891,1956,794,5,5,255,10,5,255,5,5,5,10,5,5,5,255,5,5,5,255,5,5,10,5,3,5,5,10,5,5,5,5,5,255,5,10,5,5,5,10,255,5,9,255,5,5,255,255,5,255,5,5,5,5,5,5,5,5,5,255,5,5,10,255,255,255
1780854786.652461,16727,1681373017,859,2122,2044,2067,2107,1998,1253,1003,1062,1271,2108,2097,2088,2027,1410,1088,1174,1860,2106,2069,2053,2061,2052,1712,1162,2024,2058,2093,2085,2140,2080,1921,1129,2049,2109,2067,2081,2085,2035,1921,1200,1912,2112,2098,2125,2086,1919,1898,1149,1987,2120,2080,2079,2053,1932,1942,1116,1821,2062,2012,2002,1891,1956,794,5,255,255,5,5,255,5,5,5,5,255,5,255,255,5,5,5,10,5,5,5,5,5,5,5,5,5,5,5,5,5,255,5,5,255,5,5,5,10,255,5,255,5,5,10,10,5,10,5,5,5,5,5,5,5,5,5,255,5,5,255,255,255,255
1780854786.753793,16728,1681473017,837,1006,2044,2117,2081,1998,1281,1008,1077,1247,2108,2091,2087,2027,1390,1124,1171,1860,2088,2114,2121,2126,2051,1712,1169,2024,2109,2075,2074,2160,2079,1921,1162,2089,2119,2075,2077,2085,2077,1921,1159,1912,2100,2099,2122,2058,1919,1901,1157,2154,2038,2100,2056,1938,1962,1950,1123,1801,2045,2038,1991,1891,1956,794,5,10,255,5,5,255,5,5,5,9,255,5,10,255,5,5,5,255,5,5,5,5,5,255,5,255,5,5,5,5,5,255,5,5,10,5,5,255,5,255,9,255,5,5,5,5,255,5,5,5,5,5,5,5,5,5,5,10,5,5,10,255,255,255
1780854786.853740,16729,1681573017,836,1082,2076,2081,2076,1927,1281,995,1088,1261,2098,2103,2087,2045,1424,1084,1147,2093,2081,2083,2100,2085,2056,1616,1191,2021,2105,2087,2072,2075,2077,1893,1164,2068,2080,2101,2121,2087,2075,1921,1148,1912,2112,2101,2142,2058,1919,1901,1144,2037,2103,2120,2109,2040,1919,1898,1089,1801,2110,2038,1991,1891,1956,794,5,5,10,5,5,10,255,5,5,5,10,5,255,10,9,5,5,10,5,5,5,5,5,10,5,10,5,5,5,5,5,10,9,5,5,5,5,10,5,255,5,255,5,5,5,255,255,255,5,5,5,5,5,5,5,5,5,255,5,255,255,255,255,255
1780854786.952812,16730,1681673017,829,2111,2076,2062,2066,1962,1265,989,1114,1272,2098,2058,2097,2045,1412,1107,1194,1940,2117,2073,2068,2063,2072,1668,1169,2097,2081,2088,2078,2119,2088,1893,1145,2068,2104,2119,2060,2110,2075,1921,1185,2083,2115,2064,2107,2103,1954,1973,1160,2071,2132,2137,2119,2034,1921,2004,1130,1801,2013,2083,2025,1983,1956,794,5,5,255,5,5,5,10,5,5,5,255,5,10,255,5,5,5,9,5,5,5,5,5,5,9,5,5,5,5,5,5,255,5,255,5,5,5,5,255,255,5,10,5,5,5,10,10,10,5,5,5,5,5,9,5,5,5,255,5,10,10,10,255,255
1780854787.054308,16731,1681773016,844,1022,2048,2058,2092,2026,1265,1001,1092,1243,2137,2043,2069,2045,1412,1127,1178,1940,2109,2095,2059,2086,2062,1669,1161,2073,2062,2094,2107,2127,2089,1893,1195,2065,2071,2058,2105,2121,2105,1921,1254,2083,2096,2081,2107,2074,1949,1920,1146,2031,2143,2112,2151,2031,1964,1994,1135,1801,2019,2008,2057,1988,1956,794,5,4,10,5,5,5,255,5,5,5,10,5,5,255,9,5,5,255,5,5,5,5,5,5,5,5,5,5,5,5,5,255,5,10,5,5,5,5,10,255,5,255,5,5,5,5,5,5,5,5,5,5,5,5,5,5,5,255,5,5,5,5,255,255
1780854787.152970,16732,1681873017,836,1022,2088,2025,2031,2026,1223,1003,1066,1230,2066,2079,2069,2045,1520,1089,1187,2019,2094,2074,2060,2152,2071,1708,1174,2073,2086,2084,2100,2118,2062,1893,1141,2065,2142,2096,2129,2100,1990,1921,1185,2083,2076,2057,2109,2057,1949,1920,1148,2110,2046,2087,2093,2048,1894,1952,1163,1801,2017,2008,1953,1936,1956,794,5,255,5,5,5,255,10,5,5,5,5,5,255,255,4,5,5,10,5,5,5,5,5,5,5,5,5,5,5,5,5,255,5,255,5,5,5,5,5,255,5,255,5,5,5,5,255,255,5,3,5,5,5,5,5,5,5,255,5,5,5,5,255,255
1780854787.253681,16733,1681973017,856,1063,2052,2093,2083,2035,1269,1017,1087,1315,2112,2097,2014,2045,1438,1124,1198,2019,2058,2078,2112,2126,2071,1708,1166,2038,2087,2093,2090,2088,2094,1839,1191,2065,2104,2091,2125,2140,2097,1921,1183,2083,2100,2078,2052,2087,1949,1920,1160,1971,2120,2079,2098,1911,1975,1944,1132,1801,2043,2057,1953,1970,1956,794,5,10,5,5,5,10,5,5,5,5,5,5,10,255,9,5,5,255,5,5,5,5,255,255,5,5,5,5,5,5,5,10,5,255,5,5,5,5,5,255,5,255,5,5,5,5,255,255,5,9,5,5,5,5,5,5,5,255,5,5,255,5,255,255
1780854787.352677,16734,1682073017,848,979,2040,2072,2083,2035,1291,976,1063,1315,2109,2080,2014,2045,1458,1106,1178,2000,2069,2111,2078,2051,2045,1708,1233,2065,2092,2079,2079,2094,2070,1894,1186,2118,2055,2072,2105,2140,2041,1921,1170,2083,2117,2111,2074,2123,1996,1983,1144,1971,2077,2076,2069,2004,1917,1931,1144,1801,2068,2025,2025,1947,1956,794,5,5,5,5,255,255,5,5,5,255,5,5,255,255,5,5,5,10,5,5,5,5,10,255,5,5,5,5,5,5,5,5,9,10,5,5,5,255,5,255,5,255,5,5,5,5,10,10,5,255,5,5,5,5,5,5,5,255,5,5,10,5,255,255
1780854787.454897,16735,1682173017,831,1071,2040,2072,2058,2117,1291,982,1080,1336,2109,2101,2014,1998,1413,1113,1217,2062,2050,2093,2134,2108,2068,1721,1189,1880,2076,2090,2063,2112,2100,1874,1176,2002,2055,2080,2087,2088,2043,1921,1109,2035,2070,2105,2136,2069,1942,1920,1156,1975,2118,2089,2076,2000,1934,1931,1123,1801,1985,2088,1966,1969,1956,794,5,5,255,255,10,10,255,5,5,10,255,5,255,10,4,5,5,5,5,5,5,5,5,10,5,9,5,5,5,5,5,5,5,5,255,5,5,10,5,255,5,10,5,5,5,5,5,5,5,10,5,5,5,5,5,255,5,255,5,5,5,5,255,255
1780854787.553906,16736,1682273017,829,1071,2035,2081,2099,2092,1313,996,1062,1226,2004,2097,2105,2078,1430,1132,1164,1986,2044,2106,2101,2108,2124,1706,1180,2058,2098,2080,2085,2099,2119,1803,1187,2002,2096,2113,2119,2088,2056,1964,1213,2035,2135,2143,2091,2069,1942,1956,1156,2019,2088,2096,2089,1938,1945,1931,1100,1801,2052,1994,1966,1969,1956,2030,5,255,10,10,5,5,10,5,5,5,10,5,10,5,5,5,5,5,5,5,5,255,5,5,5,5,5,5,5,5,5,5,5,255,10,5,5,255,5,10,5,255,5,5,5,255,255,5,5,5,5,5,5,5,5,255,5,255,5,5,255,255,255,10
1780854787.652783,16737,1682373017,819,1030,2068,2094,2045,2049,1278,1009,1083,1305,2004,2094,2105,2078,1456,1145,1201,2017,2072,2090,2048,2093,2035,1706,1217,2048,2077,2084,2073,2089,2131,1934,1138,2076,2096,2062,2115,2144,2050,1822,1171,2035,2072,2101,2107,2112,1942,1979,1148,1990,2091,2099,2101,1976,1959,1957,1090,1801,1993,2079,1966,1901,1956,2030,5,10,5,5,5,5,5,5,5,9,255,5,255,255,5,5,5,5,5,5,5,10,5,255,5,5,5,5,5,5,5,5,9,10,5,5,5,10,5,5,5,255,5,5,5,10,255,5,5,5,5,5,5,5,5,10,5,255,5,5,255,10,255,255
1780854787.754210,16738,1682473017,841,1030,2068,2057,2149,2049,1315,1001,1070,1312,2086,2046,2105,2078,1463,1171,1160,1949,2103,2097,2086,2156,2038,1706,1281,2063,2095,2077,2086,2098,2108,1965,1167,2076,2082,2071,2114,2149,2031,1999,1201,2035,2091,2114,2079,2082,1955,1939,1138,2039,2131,2117,2080,1976,1960,1899,1151,1801,2035,2089,1966,1901,1956,2030,5,255,255,5,5,255,5,5,5,5,10,5,255,255,9,5,9,5,5,5,5,5,9,255,5,5,5,5,5,5,5,5,5,255,5,5,5,5,5,5,9,255,5,5,5,5,10,5,5,5,5,5,5,255,255,5,5,255,5,5,255,255,255,255
1780854787.852585,16739,1682573017,839,1015,2057,2079,2031,2049,1324,980,1074,1223,2086,2062,2101,2076,1493,1120,1211,2059,2084,2098,2162,2156,2088,1729,1272,2018,2103,2091,2078,2116,2071,1965,1215,2014,2082,2090,2102,2149,2057,1875,1149,2035,2077,2114,2140,2082,1983,1917,1173,2018,2089,2072,2100,1986,1967,1976,1126,1801,2094,2013,1964,1901,1956,2030,5,10,10,5,5,255,5,5,5,5,255,5,10,10,5,5,5,5,5,5,5,255,5,10,5,5,5,5,5,5,5,255,5,10,5,5,5,255,5,5,5,255,5,255,5,255,5,5,5,5,5,5,5,10,5,5,5,255,5,5,10,255,255,255
1780854787.962357,16740,1682683017,837,1063,2098,2079,2128,2079,1284,1007,1108,1294,2086,2133,2081,2076,1430,1084,1134,1874,2111,2134,2040,2046,2037,1729,1186,2003,2087,2102,2085,2100,2071,1954,1202,1966,2136,2092,2111,2149,2044,1875,1188,2035,2102,2114,2140,2092,1983,1934,1129,2085,2079,2112,2092,2084,1955,1976,1116,1801,2094,2004,2001,2013,1956,2030,5,5,5,255,5,10,5,5,5,5,255,5,5,255,5,5,5,9,5,5,5,10,5,255,5,5,5,5,5,5,255,10,5,5,5,5,5,255,5,255,5,255,5,255,255,10,255,5,5,4,5,5,5,5,255,255,5,255,255,5,5,10,255,255
1780854788.063343,16741,1682783017,845,1026,2098,2080,2054,2089,1302,999,1089,1364,2086,2080,2099,2076,1438,1127,1195,2003,2064,2073,2107,2104,2112,1731,1175,2037,2100,2091,2075,2128,2093,1831,1157,1966,2132,2075,2128,2122,2045,1875,1179,2035,2076,2090,2128,2111,1975,1920,1132,2004,2126,2105,2103,2034,1924,2004,1135,1801,2028,1963,2001,2013,1956,2030,5,5,255,10,5,5,5,5,5,5,255,5,5,255,5,5,5,5,5,5,5,5,5,10,5,5,5,5,5,5,10,5,5,255,5,5,5,10,5,255,9,255,5,10,10,5,10,5,5,4,5,5,5,5,5,10,9,255,10,5,255,255,255,255
1780854788.163698,16742,1682883017,845,1083,2054,2080,2086,2134,1248,1003,1077,1263,2065,2112,2099,1988,1599,1088,1211,1942,2092,2086,2107,2063,2043,1599,1198,2157,2114,2092,2103,2105,2097,1770,1223,1910,2135,2079,2154,2120,2105,1875,1123,2035,2108,2082,2081,2111,1975,1924,1150,2051,2070,2116,2072,2034,1962,1953,1129,1801,1998,2044,1945,2013,1956,2030,5,5,10,255,5,5,5,5,5,5,10,5,255,10,5,5,5,5,5,5,255,5,5,5,5,5,5,5,5,5,5,9,9,10,5,5,5,5,5,255,5,255,5,5,5,255,255,5,5,5,5,5,5,255,5,5,5,255,5,5,10,255,255,255
1780854788.263423,16743,1682983017,841,2017,2077,2073,2085,2063,1250,989,1064,1228,2065,2084,2049,1988,1424,1123,1174,2021,2004,2129,2091,2108,2043,1599,1187,2193,2070,2095,2113,2110,2059,1852,1184,2050,2110,2058,2086,2100,2075,1932,1194,2035,2060,2072,2099,2092,1960,1953,1134,2062,2094,2116,2112,2034,1967,1953,1131,1801,1999,1955,1945,1929,1956,2030,5,5,5,10,5,5,5,5,5,5,255,5,10,255,5,5,5,5,5,5,10,5,255,255,5,5,5,5,5,5,5,5,5,5,5,5,5,5,5,10,5,255,5,5,5,10,10,5,5,5,5,5,5,255,5,255,5,255,5,5,255,10,255,255
1780854788.361186,16744,1683083017,829,2017,2077,2070,2094,2063,1250,991,1082,1289,2065,2070,2049,1988,1400,1134,1195,2021,2004,2079,2075,2071,2063,1685,1217,2064,2088,2097,2099,2144,2104,1852,1214,1942,2083,2110,2138,2100,2077,1932,1222,2035,2097,2072,2119,2040,1948,1956,1141,2090,2087,2110,2099,1947,2017,1964,1143,1801,2056,2055,1994,1987,1956,2030,5,255,255,5,5,255,255,5,5,5,255,5,255,255,5,5,5,255,255,5,5,5,10,10,5,5,5,5,5,5,5,255,5,5,5,5,5,255,5,255,5,255,5,255,5,5,5,5,5,5,5,5,5,10,5,10,5,255,5,5,10,5,255,255
1780854788.463746,16745,1683183017,839,1029,2077,2058,2088,2063,1250,1002,1082,1294,2022,2114,2095,1988,1437,1105,1184,2038,2103,2074,2075,2125,2109,1685,1119,2001,2108,2093,2095,2109,2113,1852,1153,1942,2115,2118,2092,2099,2020,1932,1172,2035,2091,2072,2120,2109,1948,1952,1150,2026,2133,2095,2118,2037,1964,1964,1135,1801,1968,2047,1994,1987,1956,2030,5,10,255,5,5,255,255,5,5,5,10,5,10,255,9,5,5,10,10,5,255,5,5,255,5,5,5,5,5,5,5,255,5,255,5,5,5,10,5,255,5,255,5,255,5,5,255,5,5,5,5,5,5,5,5,255,5,255,5,5,255,255,255,255
1780854788.562842,16746,1683283017,853,2072,2057,2103,2116,2063,1279,1034,1055,1287,2051,2133,2104,1988,1437,1146,1185,2038,2103,2084,2098,2123,2098,1685,1194,2001,2087,2097,2078,2152,2100,1801,1143,2085,2119,2080,2112,2099,2105,1955,1164,2035,2086,2141,2139,2064,1948,1952,1113,2012,2107,2119,996,2037,1964,1964,1115,1801,2054,1994,1994,898,1956,761,5,5,10,5,5,255,10,5,5,5,5,5,5,255,255,5,5,255,255,5,10,5,5,255,5,255,5,5,5,5,5,10,5,10,5,5,5,255,5,10,5,255,5,10,5,5,255,255,5,5,5,5,4,255,255,255,5,255,5,5,255,10,255,10
1780854788.662848,16747,1683383017,841,1087,2088,2091,2116,2063,1234,1007,1108,1301,2051,2058,2104,1988,1437,1107,1166,2036,2075,2114,2058,2069,2080,1717,1205,2033,2101,2096,2089,2115,2100,1801,1218,2085,2119,2130,2118,2099,2105,1955,1171,2045,2083,2094,962,2064,1948,666,1159,2098,2095,2090,801,776,669,641,1093,1520,2024,2057,1998,623,628,540,5,4,5,5,255,255,5,5,5,5,255,5,255,255,255,5,5,10,10,5,5,5,5,10,5,10,5,5,5,5,255,255,5,255,255,5,5,255,255,255,5,10,5,5,4,255,255,10,5,5,5,5,5,10,10,10,5,10,5,5,10,4,10,4
1780854788.764579,16748,1683483017,851,1093,2084,2091,2086,2063,1274,988,1084,1301,2034,2086,2073,1988,1386,344,1185,2060,2080,2114,2058,2106,2000,345,1169,2033,2125,1010,2127,585,2100,351,1202,2074,2119,2130,644,587,553,374,1158,2045,2117,2113,919,566,546,540,1171,2098,2096,2073,2139,551,2012,523,1101,1520,2060,2060,1920,1936,1995,540,5,5,5,255,10,255,5,5,5,255,10,5,10,255,10,4,5,5,5,255,255,5,5,4,5,255,5,5,5,4,255,10,5,10,255,255,4,10,10,10,5,255,5,5,5,10,10,5,5,255,5,5,5,4,4,5,5,255,5,5,5,4,4,255
1780854788.864394,16749,1683583017,852,1088,2141,2070,2061,429,398,365,1082,1226,2034,664,623,610,431,594,1206,2060,2097,673,656,609,624,613,1150,2117,2093,2096,660,700,619,1883,1134,2059,2086,2132,644,587,2054,1925,1201,2045,2115,2133,919,2152,546,540,1144,1978,2099,2121,2087,1964,1915,1964,1109,1520,2057,2122,1920,1936,1979,540,5,5,5,10,5,10,4,4,5,10,255,4,4,10,4,4,5,255,5,10,10,4,4,4,5,10,5,5,4,255,10,4,5,5,10,10,255,255,4,4,5,255,5,5,255,4,255,255,5,10,5,5,5,4,5,5,5,255,5,5,255,255,5,255
1780854788.963609,16750,1683683017,852,1091,676,650,662,657,680,675,1095,1344,710,740,704,610,694,738,1168,2060,2104,964,656,609,2049,613,1217,2097,2054,2091,2064,2129,2033,1883,1161,2059,2093,2073,2090,587,2068,1925,1156,2045,2089,2127,2098,2098,546,540,1176,2032,2099,2113,2112,2007,1970,1892,1117,1520,2056,2057,1996,1928,1979,540,5,5,4,4,4,4,4,4,9,5,10,5,5,255,4,5,5,255,5,4,255,255,4,255,5,5,5,5,4,4,4,255,5,255,5,5,10,255,5,255,5,255,5,5,10,5,255,255,5,5,255,5,5,5,5,5,5,255,5,5,10,10,255,255
1780854789.062942,16751,1683783017,852,947,937,963,1041,657,774,971,1103,1249,710,2057,704,610,1514,1081,1159,2079,2098,2089,2087,2113,2088,1008,1189,2014,2070,2077,2074,2119,2094,1887,1185,2030,2119,2099,2125,2111,2066,1866,1139,2045,2100,2127,2079,2098,1942,1937,1159,2024,2094,2096,2099,1959,1949,1942,1115,1879,2069,2044,1996,1928,1979,540,5,9,4,4,4,255,5,4,5,5,255,4,255,255,5,4,5,10,5,5,10,10,5,10,5,5,5,5,5,5,5,10,5,10,5,5,5,10,5,10,5,255,5,255,5,255,10,10,5,5,10,5,5,5,5,5,5,10,5,5,255,255,255,255
1780854789.163897,16752,1683883017,831,1069,937,963,2037,1122,1294,999,1088,1224,2056,2076,704,610,1365,1097,1197,2051,2096,2086,2113,2077,2088,1720,1199,2045,2097,2088,2064,2068,2081,1931,1203,2030,2077,2062,2132,2111,2036,1943,1176,2045,2107,2127,2079,2155,1961,1946,1140,1466,2083,2084,2129,2017,1949,1960,1143,1879,2098,2060,1996,1928,1979,540,5,5,255,255,4,255,4,5,5,5,10,5,255,255,5,5,5,5,5,5,5,5,255,4,5,5,5,5,5,5,5,5,5,255,5,5,5,255,5,5,5,255,5,255,255,10,5,5,5,4,5,5,5,5,255,5,5,255,5,5,255,255,255,255
1780854789.263474,16753,1683983017,840,1064,937,2061,2090,2055,1304,998,1058,1313,2056,2058,704,610,1425,1115,1217,2046,2055,2083,2082,2117,2071,1741,1217,2027,2065,2101,2094,2052,2069,1862,1184,2024,2077,2083,2090,2108,2098,1935,1150,2045,2096,2060,2098,2040,1961,1958,1129,1479,2154,2147,2044,2023,1964,1950,1132,1879,2023,2031,2029,1945,1979,540,5,5,255,10,5,4,5,5,5,5,255,5,255,255,5,5,5,5,5,5,5,5,10,5,5,5,5,5,5,5,5,5,5,10,255,5,5,10,5,5,5,255,5,10,10,5,255,5,5,5,5,5,5,5,10,5,5,255,5,5,10,10,255,255
1780854789.364990,16754,1684083017,847,2090,2092,2059,2122,2055,1205,973,1083,1313,2056,2111,704,610,1393,1104,1227,1699,2094,2067,2079,2129,2015,1741,1205,2081,2091,2082,2081,2088,2085,1896,1217,2084,2132,2096,2105,2108,2057,1935,1175,2045,2068,2060,2089,2177,1960,1925,1133,2112,2100,2119,2119,2023,1915,1950,1129,1879,1996,2031,2063,1945,1979,540,5,5,10,5,5,255,5,5,5,255,255,5,255,255,5,5,5,4,5,5,5,5,5,255,5,5,5,5,5,5,5,5,5,5,10,5,5,255,5,255,5,255,5,255,5,5,10,5,5,5,5,5,5,255,5,255,5,255,5,255,5,255,255,255
1780854789.463635,16755,1684183017,836,1078,2092,2064,2106,2055,1289,1009,1047,1228,2056,2095,704,2084,1358,1143,1136,1748,2075,2085,2120,2088,2021,1749,1183,2029,2074,2094,2100,2124,2038,1762,1178,2076,2101,2113,2134,2108,2057,1935,1198,2059,2074,2090,2111,2083,1976,1968,1167,2057,2117,2112,2090,2001,1942,1950,1127,1879,2040,2003,1992,1945,1979,540,5,4,255,5,5,255,5,5,5,10,255,5,255,10,5,5,5,9,5,5,5,5,5,10,9,5,5,5,5,5,5,5,5,5,5,5,5,255,255,255,5,10,5,10,5,5,5,5,5,5,5,5,5,10,5,255,5,255,5,10,5,255,255,255
1780854789.562539,16756,1684283017,836,1066,2092,2077,2106,2038,1289,962,1049,1311,2053,2095,2067,2041,1465,1148,1234,1748,2094,2056,2118,2058,2054,1709,1201,2029,2095,2103,2083,2088,2078,1762,1198,2076,2096,2068,2117,2108,2073,1935,1167,2059,2089,2098,2097,2102,1976,1915,1147,2126,2117,2133,2100,1987,1954,1985,1110,1879,2054,2024,2040,2032,1979,540,5,5,255,5,255,10,255,5,5,5,10,255,10,5,5,9,5,255,5,5,5,5,5,5,5,255,5,5,5,5,5,255,5,255,5,5,5,255,10,255,5,255,5,5,5,5,255,5,5,5,255,5,5,5,5,10,5,255,5,5,5,10,255,255
1780854789.662292,16757,1684383017,845,1076,2092,2087,2106,2069,1249,993,1085,1248,2053,2080,2114,2041,1440,1064,1204,2001,2076,2070,2137,2076,2060,1707,1149,2029,2128,2094,2094,2147,2075,1824,1163,2076,2053,2108,2139,2099,2119,1935,1134,2059,2081,2068,2121,2105,1976,1970,1147,2109,2091,2115,2080,2017,1946,1916,1106,1879,2043,2053,2047,1965,1979,540,5,5,255,5,10,5,10,5,5,5,255,10,5,255,9,5,5,10,5,5,5,5,5,5,5,255,5,5,5,5,5,10,5,255,5,5,5,10,5,255,5,255,5,5,9,5,255,5,5,5,10,5,5,5,5,5,5,255,5,5,5,5,255,255
1780854789.764423,16758,1684483017,844,1076,2084,2067,2054,2097,1297,970,1074,1248,2053,2080,2119,2063,1443,1125,1208,2013,2114,2079,2092,2145,2062,1707,1181,1982,2081,2104,2080,2129,2088,1824,1181,2070,2060,2089,2114,2114,2051,1935,1186,2059,2075,2068,2088,2140,1976,1946,1126,2003,2063,2113,2119,2009,1934,1916,1117,1879,2123,2102,2047,2019,1979,540,5,255,10,5,5,5,5,5,5,255,255,255,5,10,5,5,5,5,5,5,5,5,5,255,5,10,5,5,5,5,5,255,5,10,5,5,5,5,5,255,5,255,5,255,5,5,255,5,5,5,5,5,5,5,5,255,5,255,5,5,255,5,255,255
1780854789.865127,16759,1684583017,839,1076,2072,2044,2080,2097,1235,989,1075,1285,2053,2041,2119,2063,1480,1087,1171,2013,2079,2083,2070,2115,2065,1707,1162,1982,2092,2085,2088,2094,2104,1824,1140,2070,2120,2090,2103,2140,2015,1935,1151,2059,2106,2068,2134,2105,1964,1937,1190,2028,2127,2096,2125,2009,1940,1944,1159,1879,2027,2043,2000,1962,1979,540,5,255,5,5,5,255,5,5,5,10,255,10,255,255,5,9,5,255,5,5,5,5,5,255,5,255,5,5,5,5,5,255,5,255,5,5,5,5,5,255,5,255,5,255,5,5,10,5,5,5,5,5,5,5,5,10,5,255,5,5,10,5,255,255
1780854789.964628,16760,1684683017,831,998,2072,2065,2092,2077,1235,1009,1077,1315,2053,2121,2074,2031,1482,1096,1184,2058,2091,2104,2066,2097,2072,1701,1229,2067,2082,2068,2109,2095,2110,1587,1197,2046,2120,2085,2084,2140,2037,1792,1191,2059,2081,2112,2115,2059,1953,1915,1129,2013,2112,2168,2104,2060,1957,1966,1089,1879,2074,2089,1993,1958,1979,540,5,255,255,5,5,10,255,5,5,5,255,5,10,10,9,5,5,10,5,5,5,5,5,10,5,10,5,5,5,5,5,10,5,10,255,5,5,255,5,10,5,255,5,10,5,5,5,5,5,5,5,5,5,5,5,5,5,255,5,5,5,5,255,255
1780854790.063917,16761,1684783017,840,1053,2070,2084,2071,2077,1249,994,1077,1351,2053,2092,2083,2031,1421,1085,1198,2058,2081,2079,2093,2052,2106,1664,1179,2067,2125,2088,2094,2075,2061,1587,1190,2000,2092,2084,2149,2125,2081,1792,1180,2059,2102,2141,2112,2149,1933,1933,1120,2073,2114,2049,2103,2012,1952,1953,1108,1879,2003,1971,2019,1962,1979,540,5,5,10,5,5,255,10,5,5,5,255,5,5,255,5,5,5,255,9,5,5,5,5,5,5,255,5,5,5,5,5,255,5,5,10,5,5,10,5,255,5,255,5,5,5,5,5,5,5,5,5,5,5,5,5,5,5,255,5,5,5,5,255,255
1780854790.162662,16762,1684883017,850,1010,2070,2079,2128,2077,1275,1001,1052,1278,2053,2088,2118,2048,1425,1146,1180,2020,2057,2109,2112,2035,2051,1781,1185,2084,2069,2083,2110,2137,2096,1823,1173,2000,2092,2079,2106,2125,2032,1792,1192,2059,2050,2141,2149,2149,1933,1931,1159,1957,2095,2112,2113,2008,1949,1932,1090,1879,2003,2029,2002,1922,1979,540,5,5,255,5,5,255,5,5,5,9,255,5,5,10,5,5,9,10,5,5,5,5,5,5,5,10,5,5,5,5,5,10,5,255,255,5,5,255,5,255,5,255,5,255,5,255,255,5,5,4,5,5,5,5,5,5,5,255,255,5,5,5,255,255
1780854790.262702,16763,1684983017,831,1082,2070,2043,2058,2077,1263,997,1080,1336,2053,2124,2121,2048,1536,1105,1175,1981,2091,2074,2080,2065,2110,1781,1222,2031,2080,2079,2068,2108,2079,1823,1213,2143,2092,2111,2091,2132,2105,1792,1188,2059,2104,2073,2088,2132,1928,1929,1147,2013,2095,2127,2061,1973,1943,1932,1103,1879,2063,2051,2002,1922,1979,540,5,5,255,5,5,255,5,5,9,5,255,5,5,255,5,5,5,5,5,5,5,5,5,255,5,5,5,5,5,5,5,255,5,10,10,5,5,10,5,255,5,255,5,10,5,10,10,5,5,5,255,5,5,5,5,255,5,255,10,5,255,255,255,255
1780854790.363702,16764,1685083017,859,2021,2070,2076,2058,2077,1255,1012,1052,1343,2093,2030,2097,2048,1488,1167,1186,2043,2096,2096,2107,2065,2068,1781,1156,1997,2100,2075,2084,2120,2045,1823,1161,2084,2096,2087,2115,2132,2067,1910,1154,2059,2094,2073,2104,2113,1927,1929,1151,1955,2072,2111,2103,2015,1953,1954,1116,1879,2029,2079,1991,1993,1979,540,5,5,255,5,255,255,9,5,5,9,10,5,5,255,5,5,5,5,5,5,5,5,5,255,9,5,5,5,5,5,5,255,5,5,5,5,5,255,5,10,5,255,5,255,5,5,5,255,5,5,10,5,5,5,5,10,5,255,5,5,10,10,255,255
1780854790.464551,16765,1685183017,839,1089,2070,2113,2066,2077,1241,1040,1103,1302,2093,2094,2097,2048,1499,1106,1183,1512,2087,2068,2064,2069,2101,1781,1244,2031,2087,2092,2058,2082,2099,1823,1180,2007,2108,2106,2095,2066,2018,1910,1203,2059,2101,2111,2103,2049,1931,1948,1162,1935,2095,2095,2074,1966,1944,1914,1121,1879,2037,1967,1991,1950,1979,540,5,255,255,5,10,255,5,5,5,5,255,5,255,255,9,5,5,4,5,5,5,5,5,255,5,5,5,5,5,5,5,255,5,5,5,5,5,10,5,255,5,255,5,10,5,5,5,10,5,9,5,5,5,5,5,5,5,255,5,5,255,5,255,255
1780854790.562485,16766,1685283017,833,1089,2116,2113,2066,2077,1350,978,1075,1315,2093,2040,2118,2048,1357,1095,1149,1833,2106,2089,2072,2087,2059,1655,1169,2031,2107,2079,2108,2145,2099,1823,1191,2007,2108,2096,2121,2100,1996,1910,1169,1491,2047,2079,2078,2049,1931,2011,1111,2118,2104,2095,2110,1958,1959,1970,1117,1879,1904,2038,1991,1950,1979,540,5,255,10,255,255,255,5,5,5,5,255,5,10,255,5,5,5,4,5,5,5,5,5,10,5,255,5,5,5,5,255,255,5,255,255,5,5,5,5,255,5,10,5,5,5,255,5,5,9,5,5,5,5,5,5,5,5,255,5,5,255,255,255,255
1780854790.675876,16767,1685393017,834,1052,2116,2097,2089,2074,1323,1013,1067,1344,2093,2040,2118,2048,1426,1114,1201,2040,2089,2095,2072,2079,2059,1655,1155,2050,2085,2102,2085,2069,2063,1854,1153,2091,2144,2094,2076,2100,1972,1933,1193,1491,2084,2119,2084,2074,1903,1928,1132,2083,2116,2079,2095,1958,1961,1968,1105,1879,2019,2085,1973,1980,1979,540,5,10,255,10,10,10,5,5,5,5,255,255,255,255,5,5,5,4,5,5,255,5,255,255,5,10,5,5,5,5,10,10,5,10,10,5,5,255,5,10,5,255,5,5,5,10,5,5,5,5,5,5,5,255,5,5,5,255,5,5,10,10,255,255
1780854790.773633,16768,1685493017,850,1052,2121,2050,2058,2074,1323,1020,1076,1220,2091,2052,2099,2048,1426,1154,1160,1986,2100,2046,2064,2065,2018,1645,1178,2050,2072,2100,2087,2125,2072,1854,1192,2079,2082,2114,2102,2121,2061,1838,1192,1491,2104,2048,2140,2052,1939,1955,1138,2069,2103,2078,2092,1954,1901,1977,1109,1879,1982,2071,2004,1980,1979,540,5,255,10,5,5,255,255,5,5,5,3,10,10,255,255,5,5,9,5,5,10,5,10,10,5,255,5,5,5,5,5,255,5,5,5,5,5,10,5,5,5,255,5,5,5,5,5,5,5,5,5,5,5,10,5,5,5,255,5,5,5,255,255,255
1780854790.873373,16769,1685593017,846,2031,2071,2050,2105,2074,1211,1027,1075,1220,2091,2097,2099,2042,1416,1092,1176,1940,2077,2099,2055,2065,2066,1659,1163,2008,2096,2082,2099,2145,2053,1854,1198,2079,2095,2113,2056,2121,2021,1838,1185,1923,2117,2103,2111,2052,1926,1719,1165,1526,2058,2112,2123,1947,1955,1949,1122,1879,2040,2000,2040,1980,1979,1961,5,10,5,255,5,255,10,5,5,255,255,5,255,10,10,5,5,5,5,5,5,255,5,5,5,10,5,5,5,5,5,255,5,255,5,5,5,255,5,255,5,10,5,5,5,255,5,4,5,4,5,5,5,5,5,5,5,255,5,5,5,255,255,10
1780854790.973860,16770,1685693017,864,1120,2071,2067,2086,2074,1282,1006,1051,1282,2091,2097,2099,2047,1467,1129,1145,1829,2072,2065,2115,2110,2067,1659,1192,2086,2109,2090,2104,2112,2085,1940,1177,2080,2095,2106,2084,2168,2078,1791,1204,1923,2119,2120,2096,2067,2008,1738,1155,2052,2120,2088,2106,1947,1923,1937,1081,1879,2070,1987,1975,1980,2044,1961,5,5,255,10,5,255,5,5,5,10,255,255,255,5,5,5,5,5,5,5,5,10,5,255,5,5,5,5,5,5,5,10,5,10,255,5,5,10,5,10,5,255,5,5,5,10,5,5,5,4,5,5,5,255,5,5,5,255,5,5,5,255,10,255
1780854791.072689,16771,1685793017,836,1050,2071,2026,2056,1979,1212,987,1071,1302,2074,2061,2099,2047,1438,1112,1180,1997,2084,2055,2115,2069,2044,1770,1167,2022,2091,2081,2077,2110,2078,1780,1132,2080,2077,2109,2131,2168,2044,1754,1200,1923,2127,2094,2107,2067,1930,1724,1126,2045,2076,2091,2093,1997,1927,1937,1080,1879,2032,2082,2046,1954,2044,1961,5,5,255,5,5,10,5,5,5,5,10,10,255,255,5,5,5,5,5,5,255,5,5,10,9,5,5,5,5,5,5,5,5,255,10,5,5,255,5,5,9,255,5,5,5,255,5,5,5,5,5,5,5,10,5,255,5,255,5,5,5,10,255,255
1780854791.174513,16772,1685893017,832,1050,2108,2078,2099,1979,1339,997,1044,1292,2074,2061,2099,1995,1408,1126,1156,1997,2109,2117,2071,2069,2049,1667,1172,2004,2071,2105,2079,2104,2072,1837,1215,2113,2112,2075,2093,2168,2111,1754,1183,1923,2075,2094,2088,2067,1930,1687,1125,2015,2090,2085,2082,2014,1916,1989,1136,1879,2057,2082,2031,1954,2044,1961,5,255,10,5,5,255,5,5,5,5,255,255,255,10,5,5,9,255,5,5,10,255,5,5,5,5,5,5,5,5,5,5,9,10,5,5,5,255,5,255,5,255,5,255,5,255,255,5,5,5,5,5,5,5,5,10,5,255,5,255,5,255,255,255
1780854791.272332,16773,1685993017,841,2033,2059,2036,2074,2057,1406,1037,1061,1251,2103,2092,2101,2075,1458,1076,1183,2088,2097,2074,2036,2129,2055,1667,1194,2011,2110,2081,2102,2082,2095,1846,1186,2059,2087,2100,2097,2102,2079,1754,1167,1923,2104,2094,2116,2089,1930,1611,1171,2015,2090,2091,2076,2006,1945,1944,1131,1879,2102,2082,2031,1954,2044,1961,5,10,5,5,5,10,5,5,5,5,10,10,10,5,5,5,5,10,5,5,5,10,5,255,5,5,5,5,5,5,5,5,5,5,5,5,5,10,5,255,5,255,5,255,5,10,255,5,5,255,5,5,5,5,5,5,5,255,5,10,255,255,255,255
1780854791.372370,16774,1686093017,847,2033,2075,2107,2079,1895,1406,1026,1085,1279,2103,2098,2079,2075,1409,1136,1198,2067,2087,2132,2116,2094,2084,1761,1196,2073,2090,2081,2089,2110,2129,1862,1199,1994,2139,2102,2111,2103,2044,1754,1170,2041,2098,2094,2116,2061,2009,1612,1147,2082,2090,2098,2134,1960,1921,1964,1112,1763,2009,2082,1997,1926,2044,1961,5,255,5,5,5,9,255,5,5,5,255,5,5,255,5,9,9,4,5,5,5,5,5,10,5,5,5,5,5,5,5,5,5,5,5,5,5,5,5,255,5,10,5,255,255,5,10,5,5,10,255,5,5,5,5,5,5,10,5,255,10,10,255,255
1780854791.474826,16775,1686193017,839,2033,2075,2086,2084,1991,1207,1008,1084,1239,2085,2097,2079,2075,1387,1137,1188,2067,2089,2076,2135,2043,2062,1761,1221,2045,2068,2090,2070,2123,2084,1917,1164,2036,2103,2089,2087,2103,2031,1903,1172,2041,2119,2094,2105,2102,1998,1643,1130,2060,2113,2054,2110,2025,1935,1972,1111,1763,2009,2025,1962,1948,2044,1961,5,255,255,5,5,5,10,5,5,5,10,5,255,255,5,5,5,255,5,5,5,5,5,255,5,5,5,5,5,5,5,5,5,5,5,5,5,255,5,10,5,255,5,255,10,5,5,5,5,5,10,5,5,5,5,5,5,255,255,10,5,5,255,255
1780854791.573839,16776,1686293017,851,2086,2091,2075,2039,1991,1252,980,1091,1435,2085,2090,2079,2075,1425,1092,1201,1682,2102,2118,2113,2100,2062,1646,1187,1998,2093,2090,2086,2074,2094,1916,1201,2130,2096,2102,2107,2093,2072,1932,1191,2041,2109,2093,2118,2091,1978,1665,1124,2047,2077,2095,2099,2039,1963,1972,1149,1763,2022,2057,1962,1949,2044,1961,5,10,10,5,5,255,5,5,5,5,255,5,255,255,5,5,5,10,5,5,5,5,255,10,5,5,5,5,5,5,5,5,5,5,5,5,5,10,5,5,5,255,5,10,5,5,5,5,5,5,5,5,5,5,5,255,5,255,10,5,255,5,255,255
1780854791.673558,16777,1686393017,842,1065,2079,2043,2110,1991,1252,994,1079,1232,2085,2069,2079,2075,1479,1108,1234,1682,2103,2090,2102,2057,2079,1671,1220,2050,2076,2083,2094,2105,2143,1916,1145,2075,2106,2091,2091,2099,2103,1932,1161,2035,2088,2093,2156,2068,1926,1638,1146,2153,2077,2116,2096,1974,1922,1972,1127,1763,2054,2067,1962,1961,2044,1961,5,5,5,5,5,255,255,5,5,4,255,5,255,255,5,5,5,255,5,5,5,5,10,5,5,5,5,5,5,5,5,255,5,5,5,5,5,5,5,255,5,10,5,255,5,5,5,5,5,5,255,5,5,5,5,255,5,255,5,5,255,5,255,255
1780854791.773994,16778,1686493017,855,1065,2079,2074,2110,2004,1282,1003,1079,1226,2096,2077,2063,2125,1546,1087,1181,1682,2085,2048,2100,2057,2034,1721,1159,1994,2081,2099,2101,2093,2108,1863,1186,2033,2098,2072,2095,2087,2049,1932,1130,2035,2079,2098,2089,2104,1926,1643,1178,1953,2077,2112,2105,1939,1935,1979,1127,1763,2040,2042,1962,1961,2044,1961,5,255,5,5,255,10,10,5,5,5,10,5,10,10,5,5,5,255,5,5,5,255,5,5,5,5,5,5,5,5,5,10,5,5,5,5,5,5,5,255,5,255,5,10,5,5,255,5,5,5,255,5,5,5,5,10,5,255,5,5,255,255,255,255
1780854791.875380,16779,1686593017,826,2025,2079,2032,2069,2095,1283,986,1067,1261,1984,2063,2120,2032,1439,1095,1206,1811,2064,2052,2130,2090,2028,1721,1195,1994,2072,2091,2084,2057,2084,1825,1173,2057,2098,2110,2109,2087,2057,1885,1217,2035,2131,2113,2120,2101,1906,1640,1198,1513,2097,2115,2078,1939,1945,1979,1111,1763,2077,2034,1996,1964,2044,1961,5,10,5,5,10,5,5,5,5,5,5,5,5,5,5,5,5,10,5,5,5,10,5,255,5,255,5,5,5,5,5,5,5,5,255,5,5,255,5,10,5,255,5,5,5,5,10,5,5,4,10,5,5,255,5,255,5,255,5,5,10,10,255,255
1780854791.973381,16780,1686693017,840,2025,2060,2009,2081,2095,1268,993,1078,1179,1984,2077,2136,2032,1444,1113,1195,1811,2075,2109,2054,2099,2056,1678,1254,2060,2092,2097,2104,2142,2142,1919,1158,2057,2098,2100,2103,2087,2067,1885,1180,2035,2090,2084,2125,2116,1984,1664,1144,1599,2078,2130,2101,2002,1992,1933,1118,1763,2076,2042,1996,1996,2044,1961,5,255,5,5,5,255,9,5,5,5,255,5,5,255,9,5,9,255,5,5,5,5,5,10,5,10,5,5,5,5,5,5,5,255,255,5,5,255,5,255,5,255,5,5,5,5,5,5,5,5,5,5,5,10,5,10,5,255,5,5,255,5,255,255
1780854792.073662,16781,1686793016,825,2025,2049,1997,2052,2116,1281,995,1071,1328,2047,2094,2136,2053,1346,1117,1154,1985,2066,2094,2091,2116,2135,1695,1148,2014,2106,2080,2071,2094,2120,1919,1219,2059,2089,2102,2121,2094,2033,1657,1162,2030,2105,2155,2145,2149,1984,1652,1148,2024,2075,2110,2109,2015,1906,1957,1144,1763,2036,1995,2006,1965,2044,1945,5,255,5,5,5,10,5,5,5,5,10,5,255,10,5,5,9,10,5,5,5,5,5,5,5,5,5,5,5,5,5,255,5,10,10,5,5,10,5,10,9,10,5,5,5,5,255,5,5,4,5,5,5,5,5,5,9,255,5,5,10,5,255,10
1780854792.174331,16782,1686893017,851,2025,2049,1117,2008,2116,1270,997,1074,1320,2072,2059,2131,2053,1480,1119,1199,2034,2081,2051,2091,2085,2058,1663,1242,2072,2122,2092,2077,2156,2075,1919,1180,2042,2092,2080,2120,2094,2048,1657,1196,2030,2107,2093,2143,2053,1891,1622,1121,1525,2076,2124,2100,2037,1935,1968,1128,1763,2061,1990,1988,1960,2044,1945,5,255,255,4,5,255,5,5,5,5,5,5,10,255,5,5,5,5,5,5,5,5,5,5,5,5,5,5,5,5,5,255,5,5,5,5,5,255,5,255,5,255,5,5,5,5,10,5,5,4,5,5,5,5,5,5,5,255,5,5,5,5,255,255
1780854792.273154,16783,1686993017,846,1025,989,1019,2099,1050,1233,978,1098,1275,2069,1043,2131,1101,1354,1129,1179,2034,2048,2105,2091,2106,2036,1663,1196,2043,2102,2089,2072,2102,2075,1905,1177,1967,2062,2084,2109,2082,2051,1657,1206,2030,2094,2148,2039,2135,1891,1623,1180,1525,2103,2121,2089,1986,1916,1956,1127,1763,1992,2034,1988,1918,2044,1945,5,10,10,5,5,10,5,5,5,5,5,4,255,10,5,5,5,255,5,5,255,5,5,255,5,5,5,5,5,5,5,10,5,5,5,5,5,10,5,255,5,255,5,5,5,5,255,5,9,255,5,5,5,5,5,5,5,255,5,5,255,5,255,255
1780854792.374676,16784,1687093017,852,1047,650,673,411,404,386,995,1082,1263,2069,770,938,425,1095,1063,1185,1606,2060,2088,2091,2000,2056,1638,1204,2043,2057,2086,2092,2126,2094,1905,1176,1967,2124,2101,2071,2125,2053,1657,1157,2030,2089,2148,2103,2090,1891,1744,1140,1525,2077,2107,2074,1976,1898,1925,1118,1763,2077,2087,1982,1918,2044,1945,5,5,4,4,4,4,4,5,5,9,5,4,10,4,4,5,9,10,5,5,255,5,5,10,5,255,5,5,5,5,5,255,5,255,5,5,5,5,5,255,5,255,5,255,5,5,255,9,5,255,5,5,5,5,5,5,5,255,5,5,10,255,255,255
1780854792.474053,16785,1687193017,838,1030,650,606,411,382,405,938,1067,1266,674,671,390,396,363,382,1240,775,676,690,468,377,368,372,1208,2018,2097,765,857,414,399,380,1150,2046,2092,2106,853,2111,430,406,1215,2030,2091,2087,2085,2091,1891,1690,1141,2045,2118,2083,2128,1976,1911,1963,1099,1388,2069,2087,1962,1918,2044,1945,5,5,255,255,255,5,5,5,5,9,4,5,4,5,4,4,5,4,4,5,10,4,4,4,5,10,5,4,4,4,4,10,5,10,5,5,4,5,4,255,5,255,5,10,5,5,255,5,5,10,5,5,5,255,5,5,5,10,5,255,5,255,255,255
1780854792.574143,16786,1687293017,850,1028,650,2031,2110,382,405,986,1080,1292,2066,2061,390,396,685,1073,1200,775,2062,2094,696,691,664,646,1200,1995,2133,2097,686,675,437,598,1204,2046,2092,2117,699,626,436,409,1182,2064,2099,2139,927,736,411,413,1141,2112,2118,2152,937,942,443,431,1103,1388,2032,2124,2062,1918,2044,1945,5,5,255,4,10,255,255,5,5,5,4,4,255,255,4,4,5,255,4,4,4,4,4,4,5,5,5,4,5,4,5,4,5,255,255,5,5,4,5,5,5,10,5,5,4,4,10,4,5,5,255,5,4,10,4,4,5,255,5,10,5,255,255,255
1780854792.673864,16787,1687393016,849,1020,2097,2031,2073,2030,1329,1009,1091,1264,2066,2106,2107,396,1444,1091,1202,1772,2097,2121,2089,2110,2134,719,1206,1995,2101,2101,2090,2127,685,645,1170,2029,2092,2107,2123,698,666,607,1176,2064,2104,2127,726,675,610,579,1106,2007,2125,2127,2123,653,591,524,1115,1388,2079,2052,2062,656,819,759,5,5,10,255,5,10,10,5,5,5,255,5,10,255,4,5,5,10,5,5,4,4,4,5,5,255,5,5,4,4,4,5,9,10,255,5,4,255,4,5,9,255,5,5,4,5,5,5,5,5,10,5,4,4,5,5,5,255,5,5,255,10,10,10
1780854792.773869,16788,1687493017,842,1020,2029,2108,2109,2026,1312,1002,1092,1293,2066,2065,2107,396,1370,1143,1146,2011,2085,2098,2075,2110,2056,1721,1234,1995,2090,2078,2089,2105,2091,645,1169,2078,2125,2081,2123,698,2067,693,1221,2048,2127,2100,2134,675,820,711,1169,2041,2125,2103,2145,653,714,612,1117,1388,2094,2095,2000,2026,606,585,5,255,5,10,5,5,5,5,5,5,255,5,255,255,5,5,9,4,5,5,5,255,5,4,5,255,5,5,5,5,4,255,5,5,10,5,255,255,4,255,5,10,5,5,5,255,4,5,5,5,255,5,5,255,5,5,5,255,5,5,10,4,4,5
1780854792.873750,16789,1687593017,842,1041,2029,2058,2088,2009,1340,1012,1054,1293,2066,2131,2107,2090,1574,1118,1182,1530,2087,2062,2083,2113,2103,1693,1187,1995,2101,2097,2097,2116,2097,645,1147,2078,2065,2088,2101,2095,2033,693,1162,2048,2102,2100,2090,2079,820,711,1165,1976,2124,2119,2103,653,1059,936,1122,1388,1975,2092,2038,1957,606,776,5,10,255,5,5,5,5,5,5,255,255,5,255,10,4,5,9,4,5,5,5,10,5,5,9,255,5,5,5,5,5,255,5,255,5,5,10,10,5,255,5,255,5,255,5,10,255,255,5,5,10,5,5,255,4,4,5,255,5,5,5,5,255,5
1780854792.974660,16790,1687693017,826,1041,2029,2101,2069,2009,1255,986,1065,1305,2081,2088,2107,2090,1574,1125,1194,2033,2074,2073,2083,2101,2030,1717,1218,2048,2093,2078,2060,2105,2081,1831,1217,2078,2104,2083,2122,2101,2042,1869,1207,2048,2070,2102,2110,2079,820,711,1137,1970,2107,2096,2105,653,1748,936,1114,1388,1998,2066,2026,1941,606,776,5,255,255,5,5,255,5,5,5,10,10,5,255,255,255,5,5,4,5,5,255,5,5,5,5,10,5,5,5,5,5,10,5,255,5,5,5,5,5,10,5,255,5,10,5,255,255,255,5,5,5,5,5,255,4,255,5,255,5,5,5,5,255,255
1780854793.073565,16791,1687793017,839,1041,2029,2049,2023,2122,1342,979,1088,1246,2081,2077,2107,2090,1458,1117,1212,1623,2134,2086,2110,2084,2086,1717,1196,1975,2097,2087,2083,2094,2100,1856,1162,2033,2066,2089,2084,2108,2017,1869,1213,2128,2094,2109,2133,2063,1958,1849,1146,1723,2086,2092,2071,1952,1992,936,1097,1388,2052,2017,2026,1963,606,776,5,255,255,5,5,10,5,5,5,5,255,5,255,255,10,5,5,4,5,5,10,5,5,255,5,5,5,5,5,5,5,5,9,10,5,5,5,5,5,255,5,10,5,5,5,10,10,10,5,4,5,5,5,10,4,255,5,255,5,5,255,5,255,255
1780854793.173477,16792,1687893017,843,1041,2088,2070,2091,2056,1256,984,1072,1288,2081,2061,2099,1987,1493,1115,1188,2114,2087,2088,2068,2107,2054,1676,1169,2043,2086,2099,2059,2103,2072,1807,1199,2033,2120,2104,2071,2126,2022,1923,1200,2128,2121,2109,2104,2063,1958,1941,1096,2056,2092,2141,2094,2015,1992,936,1129,1388,1995,2001,2026,2008,606,776,5,255,10,5,5,5,9,5,5,5,255,5,10,10,5,5,5,4,5,5,5,5,5,10,5,5,5,5,5,5,5,5,5,255,5,5,5,5,5,10,5,255,5,5,5,255,255,5,5,4,5,5,5,5,255,255,5,255,5,5,255,5,255,255
1780854793.275678,16793,1687993017,839,1041,2088,2050,2088,2056,1271,1008,1046,1412,2081,2091,2099,1987,1475,1101,1197,1563,2078,2095,2068,2107,1998,1736,1211,2075,2063,2086,2079,2116,2088,1807,1215,2062,2110,2099,2115,2129,2091,1923,1216,2128,2095,2048,2107,2026,1976,1940,1137,2056,2091,2123,2109,1996,1929,936,1102,1388,2025,2014,2011,1999,606,776,5,255,255,5,5,255,5,5,5,5,255,5,255,255,5,5,5,4,5,5,255,255,5,5,5,5,5,5,5,5,5,255,9,10,5,5,5,5,5,255,9,255,5,5,5,10,10,5,5,255,5,5,5,5,10,255,5,255,5,5,10,5,255,255
1780854793.382859,16794,1688103017,853,1067,2088,2121,2045,1936,1307,1010,1051,1268,2022,2086,2122,1987,1268,1088,1192,1613,2046,2070,2068,2102,2144,1729,1213,2075,2101,2084,2083,2070,2045,1884,1181,2062,2102,2089,2079,2129,2091,1923,1123,2128,2078,2099,2128,2086,1983,1940,1121,2058,2081,2106,2107,1945,1956,1912,1125,1388,2006,2028,1996,2029,606,776,5,10,255,5,5,10,9,5,5,5,10,5,10,255,4,5,9,5,5,5,255,10,5,5,5,255,5,5,5,5,5,10,5,255,5,5,5,255,255,255,5,255,5,5,5,5,5,255,5,10,5,5,5,5,5,10,5,255,5,5,9,5,255,255
1780854793.483707,16795,1688203017,858,2078,2088,2074,2090,1987,1155,973,1071,1270,2058,2068,2122,2094,1495,1135,1135,1613,2070,2057,2073,2081,2037,1654,1189,2061,2109,2081,2104,2108,2098,1884,1173,2062,2079,2069,2066,2129,2039,1923,1195,2128,2113,2121,2127,2099,1967,1936,1098,1873,2094,2097,2137,1945,1966,1961,1104,1388,1946,2031,1981,2029,606,776,5,4,255,5,5,9,5,5,5,9,5,5,255,10,4,5,5,255,5,5,10,5,5,5,5,10,5,5,5,5,5,255,9,255,5,5,5,255,10,255,5,255,5,5,5,5,5,10,5,5,5,5,5,255,5,5,5,255,5,5,5,255,255,255
1780854793.584534,16796,1688303017,845,1070,2088,2056,2114,1987,1340,1006,1081,1314,2058,2137,2122,2094,1494,1104,1158,2016,2079,2071,2095,2075,2049,1677,1168,2140,2090,2108,2085,2072,2056,1884,1231,2033,2056,2091,2109,2131,2051,1903,1131,2128,2108,2121,2116,2099,1967,1963,1136,1628,2094,2099,2060,2024,1971,1942,1101,1388,1984,2031,1975,1965,2013,776,5,4,255,5,5,255,5,5,5,5,255,5,255,255,5,5,5,10,5,5,5,5,5,5,5,5,5,5,5,5,5,255,5,10,5,5,5,10,5,10,5,255,5,255,5,255,255,5,5,5,255,5,5,10,5,5,5,255,5,255,5,10,10,255
1780854793.682883,16797,1688403017,843,1095,2088,2083,2098,1987,1282,986,1064,1301,2056,2073,2122,2094,1494,1086,1206,1955,2025,2086,2016,2097,2068,1636,1193,2020,2073,2084,2076,2076,2129,1943,1164,2033,2056,2075,2108,2084,2069,1903,1190,2128,2110,2121,2128,2142,1952,1963,1166,2078,2078,2090,2119,2004,1985,1942,1101,1388,2030,2031,2010,1965,1961,776,5,5,255,5,5,255,5,5,5,9,10,5,255,255,255,5,9,5,5,5,5,5,5,5,5,5,5,5,5,5,5,10,5,255,255,5,5,5,5,255,5,255,5,255,5,10,10,255,5,4,10,5,5,5,5,255,5,255,5,255,5,255,5,255
1780854793.783154,16798,1688503017,849,1057,2088,2051,2094,1987,1282,979,1105,1286,2064,2081,2122,2094,1407,1123,1194,2063,2087,2095,2058,2071,2068,1636,1163,2020,2067,2077,2081,2113,2102,1947,1186,2033,2120,2085,2094,2117,2046,2023,1183,2128,2092,2121,2140,2122,2009,1906,1159,2004,2071,2147,2106,2050,1964,1945,1115,1388,1932,2041,2023,1968,1961,776,5,5,255,5,5,255,255,5,5,9,5,5,255,255,10,5,5,9,5,5,5,5,5,255,9,255,5,5,5,5,5,5,5,255,10,5,5,5,5,10,9,255,5,255,5,5,5,10,5,5,5,5,5,5,5,255,5,255,5,10,5,10,255,255
1780854793.882787,16799,1688603017,847,1076,2088,2035,2054,1987,1365,978,1073,1317,2073,2042,2122,2094,1390,1100,1225,1962,2061,2113,2053,2118,2054,1733,1222,2020,2096,2101,2120,2082,2123,1947,1196,2061,2063,2088,2091,2117,2061,2023,1200,2128,2128,2102,2140,2057,1979,1973,1123,2011,2106,2100,2075,1965,1964,1938,1129,1388,2011,2037,2000,1999,1961,776,5,5,255,5,5,255,10,5,5,5,5,5,255,255,5,5,5,5,5,5,5,5,5,10,5,255,5,5,5,5,5,255,5,10,5,5,5,255,5,255,5,255,5,10,255,5,5,5,9,5,5,5,5,5,255,5,5,255,5,5,5,5,255,255
1780854793.985631,16800,1688703017,830,1076,2106,2032,2051,1987,1277,1002,1087,1365,2078,2042,2122,2094,1475,1112,1152,1962,2078,2061,2053,2056,2041,1712,1234,2020,2079,2081,2086,2075,2044,1947,1165,1933,2106,2115,2099,2145,2062,1846,1132,2061,2136,2089,2079,2057,1980,1968,1129,2011,2091,2090,2110,1985,1952,1976,1129,1388,2103,2022,2000,1962,1961,776,5,255,10,5,5,255,9,5,5,5,5,255,255,255,5,5,5,255,5,5,255,5,5,5,5,255,5,5,5,5,5,255,5,5,5,5,5,10,5,10,5,10,5,5,10,255,5,5,5,255,5,5,5,5,10,5,5,255,5,5,255,5,255,255
1780854794.084641,16801,1688803017,831,1028,2106,2090,2091,2003,1235,1002,1058,1271,2034,2078,2122,2094,1437,1099,1179,1975,2052,2078,2070,2099,2024,1786,1202,2063,2112,2080,2072,2106,2100,1914,1200,2085,2081,2083,2100,2064,2096,1894,1161,2061,2071,2089,2090,2138,1980,1904,1154,2011,2087,2094,2163,1973,1969,1976,1111,1388,1964,2054,2000,1962,1961,776,5,10,255,5,5,10,5,5,5,5,5,10,255,255,5,5,9,10,5,5,10,5,5,5,5,10,5,5,5,5,5,10,5,5,5,5,5,5,5,5,5,255,5,255,5,10,255,5,5,10,5,5,5,5,5,255,5,255,5,5,255,255,255,255
1780854794.183795,16802,1688903017,816,1055,2072,2059,2097,2144,1273,1019,1113,1271,2095,2058,2122,2094,1470,1087,1198,1975,2099,2097,2070,2075,2088,1661,1221,2063,2102,2089,2081,2127,2049,1829,1203,2085,2081,2078,2082,2064,2036,1894,1177,2061,2104,2160,2090,2138,2084,1922,1114,1937,2042,2088,2131,1973,1949,1984,1124,1969,2099,2025,2000,1975,1924,776,5,5,10,5,5,5,5,5,5,255,5,5,255,255,5,5,5,255,5,5,255,5,5,5,5,255,5,5,5,5,5,5,5,255,255,5,5,255,5,255,9,255,5,10,5,255,10,5,5,5,5,5,5,255,5,10,5,10,255,5,255,10,10,255
1780854794.284473,16803,1689003017,852,1071,2072,2059,2088,2144,1316,997,1072,1335,2090,2058,2122,2094,1394,1100,1178,1585,2088,2099,2117,2132,2103,1625,1204,2071,2080,2092,2086,2122,2066,1806,1209,1999,2088,2073,2108,2140,2070,1894,1160,2061,2066,2107,2121,2055,1925,1952,1128,2071,2092,2118,2089,1998,1941,1986,1105,1969,2045,2027,1942,1983,1924,776,5,5,255,255,5,255,5,5,5,10,5,255,255,255,5,5,5,10,5,5,10,5,5,5,5,10,5,5,5,5,5,5,5,10,10,5,5,10,5,255,5,255,5,5,5,10,5,5,5,5,5,5,5,10,5,5,5,255,5,5,10,5,255,255
1780854794.384990,16804,1689103017,843,2127,2056,2075,2090,2144,1315,998,1077,1253,2063,2122,2056,2035,1408,1100,1185,1585,2051,2020,2072,2107,2052,1625,1201,2019,2094,2094,2095,2071,2048,1806,1220,1999,2089,2116,2085,2145,2042,1894,1159,2061,2102,2107,2110,2097,1932,1960,1139,2092,2155,2083,2131,2053,1961,1907,1090,1969,2040,2088,1910,1977,1936,776,5,4,10,10,5,255,5,5,5,5,5,10,10,10,5,5,5,255,255,5,5,5,5,255,5,5,5,5,5,5,5,255,5,255,5,5,5,5,5,255,5,255,5,255,5,5,5,5,5,5,5,5,5,5,5,5,5,255,5,5,5,5,10,255
1780854794.483752,16805,1689203017,847,2073,2056,2024,2098,2105,1315,962,1062,1263,2090,2100,2056,2035,1442,1142,1242,1504,2036,2095,2107,2103,2041,1746,1189,2101,2108,2065,2097,2089,2079,1806,1163,2069,2084,2076,2126,2097,2087,1894,1219,2061,2112,2107,2101,2097,1901,1977,1143,2026,2110,2127,2119,1997,1931,1972,1134,1969,2054,2000,2003,1977,1936,776,5,5,255,5,5,10,255,5,5,5,5,5,255,255,5,5,5,10,5,5,5,5,5,10,5,5,5,5,5,5,5,255,5,10,5,5,5,5,5,255,5,255,5,255,5,255,5,5,5,5,5,5,5,5,5,5,5,255,5,5,5,255,255,255
1780854794.583881,16806,1689303018,846,2073,2056,2035,2090,2105,1282,1014,1083,1298,2090,2091,2041,2035,1392,1114,1198,1875,2099,2088,2040,2111,2087,1746,1189,2050,2082,2079,2093,2131,2060,1806,1159,1913,2084,2064,2147,2097,2076,1894,1160,2061,2105,2095,2106,2108,1901,1937,1163,2026,2121,2092,2051,1990,1999,1977,1110,1969,2034,2009,2003,1977,1936,776,5,255,255,5,5,255,10,5,5,5,255,5,10,255,5,5,5,5,5,5,5,5,5,255,5,5,5,5,5,5,255,255,5,5,255,5,5,255,5,255,5,255,5,10,5,10,255,5,5,255,5,5,5,5,5,5,5,255,5,5,255,255,255,255
1780854794.682661,16807,1689403017,819,1182,2056,2075,2090,1999,1239,985,1073,1235,2090,2035,2043,2035,1459,1083,1248,1875,2082,2125,2097,2111,2081,1746,1143,2050,2065,2064,2088,2098,2067,1806,1166,2013,2124,2064,2092,2097,2074,1770,1180,2061,2103,2174,2119,2088,1910,1915,1173,2046,2085,2129,2094,1954,1948,1940,1102,1969,2010,2055,1962,1977,1945,776,5,10,255,5,255,10,5,5,5,255,255,5,5,255,5,5,5,255,5,5,5,255,5,255,5,255,5,5,5,5,5,255,5,5,10,5,5,255,5,10,5,255,5,5,5,5,10,5,5,10,5,5,5,5,5,5,5,255,5,5,10,255,10,255
1780854794.783880,16808,1689503017,845,1182,2054,2075,2057,2052,1239,988,1089,1298,2090,2070,2062,2035,1421,1067,1194,1516,2066,2072,2065,2119,2135,1695,1226,2100,2103,2095,2089,2108,2060,1806,1161,2013,2054,2087,2106,2097,2088,1770,1164,2061,2122,2080,2078,2016,1967,1968,1151,2082,2140,2112,2115,2070,1952,1957,1103,1969,2037,2084,1962,1968,1945,776,5,255,10,255,10,5,255,5,5,5,255,5,5,255,5,5,5,10,5,5,5,10,5,10,5,10,5,5,5,5,5,255,5,255,5,5,5,255,5,255,5,255,5,5,5,5,5,5,5,5,5,5,5,5,5,5,5,255,5,5,255,10,255,255
1780854794.882317,16809,1689603018,849,1059,2054,2067,2082,2052,1289,997,1099,1298,2090,2079,2062,2035,1445,1125,1172,1516,2077,2073,2076,2119,2028,1721,1185,1960,2094,2087,2086,2082,2096,1888,1225,2013,2054,2103,2084,2097,2063,1770,1150,2061,2107,2080,2105,2020,1967,1972,1182,2082,2062,2129,2035,2015,1924,1959,1107,1969,2009,1983,1967,1968,1945,776,5,10,255,10,5,255,10,5,5,255,255,5,255,255,5,5,5,255,5,5,5,255,5,5,5,5,5,5,5,5,5,10,5,255,255,5,5,255,5,255,5,255,5,255,5,5,255,5,5,255,5,5,5,5,5,5,5,255,5,5,10,5,255,255
1780854794.983816,16810,1689703017,837,1059,2054,2069,2078,2052,1334,1020,1104,1249,2062,2082,2059,2036,1408,1123,1196,1865,2078,2095,2103,2133,2066,1721,1193,2101,2093,2091,2090,2099,2090,1888,1177,2039,2088,2048,2085,2097,2077,1770,1213,2086,2102,2080,2081,2135,1967,1986,1137,1998,2096,2083,2119,1884,1925,1962,1107,1969,2055,2040,1958,1928,1945,776,5,255,255,5,5,255,5,5,5,10,10,5,10,10,5,5,5,10,5,5,5,10,5,255,5,5,5,5,5,5,5,255,5,10,10,5,5,255,5,255,5,10,5,255,5,5,255,5,5,10,5,5,5,5,5,5,5,255,5,5,5,5,255,255
1780854795.084841,16811,1689803017,839,2074,2054,2073,2043,2023,1260,988,1086,1265,2062,2088,2059,2036,1422,1127,1148,2093,2111,2093,2079,2049,2045,1686,1205,2101,2076,2069,2112,2115,2116,1788,1212,2039,2122,2058,2098,2069,2018,1770,1162,2086,2122,2080,2131,2135,1876,1943,1180,2050,2091,2077,2123,2006,1924,1962,1148,1969,2004,2001,1978,1928,1945,776,5,10,255,5,5,10,5,5,5,5,255,5,255,255,5,5,5,4,5,5,5,5,5,10,5,255,5,5,5,5,5,10,5,255,5,5,5,10,5,255,9,255,5,10,5,255,10,5,5,5,5,5,5,5,5,255,5,255,5,5,5,255,255,255
1780854795.184009,16812,1689903017,834,2046,2054,2100,2052,2023,1320,1001,1095,1234,2062,2088,2097,1991,1422,1099,1162,2091,2102,2102,2079,2069,2045,1686,1196,2101,2061,2068,2084,2100,2113,1788,1236,2055,2110,2100,2145,2087,2078,1827,1225,2014,2126,2080,2141,2124,1876,1942,1155,1950,2105,2115,2065,2006,1928,1915,1089,1969,2078,2061,1978,1958,1994,776,5,5,255,5,5,255,5,5,5,5,255,255,10,10,255,5,5,5,5,5,255,5,255,255,5,255,5,5,5,5,5,255,9,10,5,5,5,5,5,10,5,10,5,255,5,10,255,5,5,5,5,5,5,5,5,10,5,255,5,5,255,10,10,255
1780854795.283495,16813,1690003017,851,1037,2030,2116,2034,2023,1301,1001,1078,1246,2075,2088,2101,1991,1438,1117,1155,1916,2069,2052,2071,2070,2055,1686,1203,2101,2081,2081,2115,2111,2098,1913,1173,2055,2030,2060,2092,2118,2051,1827,1169,2082,2099,2080,2090,2052,1876,1941,1134,1950,2078,2071,2096,1924,1981,1961,1089,1969,2075,2108,2013,1958,1994,776,5,5,10,5,5,255,9,5,5,5,10,255,5,255,10,5,5,5,5,5,10,5,10,255,5,255,5,5,5,5,5,10,5,255,5,5,5,5,5,255,9,5,5,255,5,5,255,5,9,255,5,5,5,5,5,5,5,255,5,5,10,255,255,255
1780854795.385301,16814,1690103017,851,1037,2030,2092,2106,2023,1207,980,1063,1368,2085,2078,2101,2014,1464,1085,1174,1916,2081,2088,2139,2094,2121,1686,1179,2011,2081,2087,2096,2100,2110,1913,1193,2055,2072,2116,2089,2113,2035,1827,1159,2082,2102,2129,2066,2048,1945,1970,1178,2026,2089,2088,2102,1978,1938,1961,1080,1434,2075,2140,2013,1958,1994,776,5,255,255,5,5,255,5,5,5,5,5,10,255,10,5,5,5,255,5,5,5,5,5,255,5,10,5,5,5,5,5,255,5,255,5,5,5,5,5,255,5,255,5,10,5,5,10,5,5,10,5,5,5,5,5,255,5,10,255,5,255,255,255,255
1780854795.483355,16815,1690203016,838,1149,2021,2084,2122,2027,1275,974,1069,1244,2015,2068,2151,2014,1468,1133,1153,1976,2085,2086,2077,2057,2049,1686,1182,2022,2081,2094,2088,2132,2088,1913,1202,2094,2083,2094,2138,2128,2049,1879,1160,2082,2094,2088,2054,2072,1994,1970,1149,1986,2131,2117,2122,1997,1911,1961,1141,1434,2073,2030,1952,1917,1994,776,5,10,10,5,5,10,5,5,5,5,5,5,10,255,9,5,5,10,5,5,5,5,5,255,5,5,5,5,5,5,5,255,5,10,5,5,5,5,5,10,5,255,5,5,5,5,5,5,9,5,5,5,5,5,5,255,5,255,10,5,10,10,255,255
1780854795.583541,16816,1690303017,835,2054,2084,2105,2055,2027,1298,975,1081,1357,2051,2101,2151,2014,1517,1097,1164,1920,2128,2098,2080,2092,2030,1664,1204,2022,2087,2073,2095,2113,2080,1842,1136,1977,2129,2075,2083,2090,2027,1879,1168,2082,2080,2088,2112,2112,2005,1970,1178,2104,2046,2106,2104,2017,1907,1869,1094,1434,2006,2111,1988,1905,1994,776,5,5,5,5,5,255,5,5,5,5,5,5,255,255,5,5,5,5,5,5,5,5,5,10,5,255,5,5,5,5,5,10,9,5,5,5,5,5,5,255,5,255,5,255,5,5,5,5,9,5,5,5,5,5,5,10,5,255,5,5,5,5,255,255
1780854795.682405,16817,1690403017,824,2007,2084,2086,2130,2027,1318,998,1071,1337,2051,2101,2079,2014,1501,1104,1181,1983,2040,2103,2127,2088,2079,1664,1158,2022,2097,2081,2065,2113,2116,1831,1198,2018,2084,2100,2086,2128,2051,1879,1169,2082,2102,2106,2073,2080,1940,1883,1138,2034,2117,2097,2117,1995,1907,1869,1114,1434,2034,2040,1996,1905,1994,776,5,5,255,5,5,255,5,5,5,5,255,255,10,255,5,5,5,5,5,5,5,5,5,255,5,255,5,5,5,5,5,5,5,5,5,5,5,5,5,255,5,255,5,10,5,5,5,5,5,5,5,5,5,3,255,255,5,255,5,5,5,255,255,255
1780854795.782407,16818,1690503017,872,2007,2064,2145,2071,2027,1195,1013,1095,1204,2083,2114,2046,2014,1457,1111,1183,1960,2076,2063,2127,2157,2118,1676,1189,2004,2143,2106,2081,2128,2080,1964,1214,2018,2124,2074,2077,2109,915,938,1169,2082,2076,2110,2073,2080,1940,1883,1157,1972,2139,2085,2126,1995,1907,976,1100,1434,2052,2045,1986,1905,1062,680,5,255,10,5,5,255,5,5,9,5,10,10,5,255,5,5,5,5,5,5,255,5,5,10,5,10,5,5,5,5,5,5,5,255,5,5,5,5,4,10,5,255,5,5,255,255,255,255,5,4,5,5,5,255,255,255,5,255,5,5,5,255,10,10
1780854795.883575,16819,1690603017,832,2007,2108,2067,2090,2027,1325,990,1079,1287,2083,2114,2112,2014,1457,1117,1210,1969,2058,2061,2127,2067,2041,1696,1166,2004,2083,2079,2104,2150,2073,771,1210,2049,2124,2086,2075,2039,915,456,1186,1974,2119,2083,2112,2080,1940,335,1112,1766,2125,2136,2108,1995,524,353,1103,1648,2042,2072,1993,576,599,329,5,255,5,5,5,255,9,5,5,5,255,255,5,255,255,5,5,5,5,5,255,5,5,5,9,255,5,5,5,5,5,4,5,10,255,5,5,5,255,4,5,10,5,5,10,255,255,10,5,4,5,5,5,255,10,4,5,10,5,5,5,10,4,4
1780854795.993201,16820,1690713016,835,2030,2056,2070,2078,2027,1295,1018,1107,1233,2028,2114,2112,403,1382,1018,1184,1942,2099,2088,417,387,365,355,1178,2053,2115,2096,2093,389,356,362,1193,2060,2071,2083,562,397,347,337,1154,1974,2078,665,651,605,345,401,1164,1766,2125,2079,643,607,561,1693,1143,1648,1889,2037,643,1961,599,329,5,10,5,5,5,10,5,5,5,5,10,255,255,10,10,5,5,5,5,5,10,4,4,4,5,10,5,5,5,4,4,4,5,5,10,5,4,4,10,5,5,255,5,4,4,10,10,255,5,255,255,5,4,10,5,4,5,255,5,5,4,4,255,255
1780854796.093554,16821,1690813017,848,1008,2056,440,395,379,385,963,1099,1242,2028,1119,411,395,383,501,1175,1942,2062,659,607,409,481,606,1189,2035,2076,701,667,667,586,740,1222,2060,2071,715,700,678,2027,337,1183,1974,2107,2118,651,2065,345,1887,1109,2066,2109,2090,2106,2012,1688,1753,1114,1648,2015,2050,2014,1973,599,329,5,4,255,4,4,4,4,5,5,5,255,10,10,5,5,5,5,255,5,4,5,5,5,4,5,5,5,4,4,4,4,4,5,255,255,4,5,4,4,255,9,255,5,4,255,4,255,4,5,10,10,5,4,4,5,5,5,255,5,5,4,5,255,255
1780854796.192436,16822,1690913017,853,1067,641,621,590,580,627,951,1086,1298,667,647,625,666,634,685,1167,1500,2081,2112,738,705,758,764,1199,2035,2069,2081,2126,2110,2057,740,1160,2060,2104,2076,2077,678,2074,337,1210,1974,2108,2118,651,2043,2074,1892,1116,2066,2080,2115,2081,1994,1714,1721,1079,1648,2074,2048,2012,1943,599,329,5,5,10,5,5,4,4,5,5,4,10,4,4,4,4,5,5,10,5,4,255,4,4,5,5,255,5,4,4,4,4,255,5,255,10,4,5,255,5,255,5,255,5,5,255,5,10,5,5,255,5,5,5,5,5,5,5,255,5,5,5,5,255,255
1780854796.292633,16823,1691013017,842,1062,722,787,590,814,818,986,1074,1292,667,647,625,666,875,1090,1189,1733,2073,2048,738,2113,2117,1715,1237,2031,2078,2094,2084,2105,2071,740,1180,2060,2075,2102,2118,2095,2111,337,1167,1974,2107,2089,2111,2079,1908,1982,1199,2066,2080,2138,2103,1987,1666,1724,1123,1648,2046,2034,1970,1934,1964,329,5,5,5,5,255,4,5,5,5,5,255,255,255,255,4,4,5,4,5,5,255,4,5,4,5,10,5,5,5,5,5,255,5,255,5,5,5,10,5,255,5,255,5,5,10,5,5,5,5,255,5,5,5,5,5,5,5,255,5,5,5,5,10,255
1780854796.392572,16824,1691113017,845,1062,722,787,2075,814,1271,995,1113,1257,667,2032,625,666,1470,1098,1165,1618,2050,2033,2119,2078,2100,1695,1276,2063,2113,2098,2080,2114,2056,740,1167,2087,2080,2058,2100,2095,2051,337,1180,1974,2087,2147,2093,2115,1736,1925,1174,1580,2101,2110,2087,2006,1694,1701,1083,1648,2037,2014,1970,1934,1964,329,5,255,255,255,10,255,4,5,5,5,255,10,255,255,4,5,5,5,5,5,10,5,5,5,5,5,5,5,5,5,5,255,5,10,5,5,5,255,5,255,5,255,5,5,5,5,5,5,5,10,5,5,5,5,5,5,5,255,5,5,255,255,255,255
1780854796.492556,16825,1691213017,833,988,722,1975,2089,2047,1255,975,1075,1319,667,2095,625,666,1470,1115,1189,2052,2077,2092,2061,2035,2066,1695,1181,2065,2100,2096,2088,2109,2129,1887,1206,2077,2110,2080,2098,2092,2057,1931,1150,1953,2066,2135,2126,2097,1736,1925,1121,1580,2122,2134,2052,1940,1658,1679,1113,1648,2048,2036,1970,1994,1964,329,5,10,255,10,5,10,5,5,5,5,255,5,255,255,255,5,5,5,5,5,5,5,5,255,5,5,5,5,5,5,5,10,5,5,5,5,5,10,5,10,5,10,5,5,5,5,255,255,5,255,5,5,5,5,5,5,5,255,5,5,255,10,255,255
1780854796.593385,16826,1691313017,836,988,722,2131,2097,2039,1484,1019,1062,1318,667,2084,625,2088,1494,1114,1144,1949,2057,2088,2097,2086,2067,1597,1189,2059,2091,2090,2076,2082,2065,1849,1196,2077,2126,2084,2100,2133,2057,1909,1170,1953,2075,2091,2104,2097,1903,2033,1117,1734,2099,2095,2125,1985,1667,1692,1108,1648,2025,2036,1970,1994,1964,329,5,255,255,5,5,5,4,5,5,9,255,5,255,10,10,5,5,9,5,5,5,5,5,10,5,5,5,5,5,5,5,5,5,255,5,5,5,5,255,5,5,255,5,5,5,255,10,10,5,10,5,5,5,5,5,5,5,255,5,255,255,255,255,255
1780854796.693108,16827,1691413017,835,1039,722,2021,2064,2039,1293,1023,1075,1200,667,2082,2138,2124,1458,1122,1194,1878,2052,2077,2100,2088,2048,1597,1177,2088,2090,2089,2102,2103,2059,1877,1182,2025,2085,2106,2091,2071,2041,1884,1180,2102,2101,2091,2121,2082,1633,1979,1141,1985,2093,2131,2112,1997,1728,1688,1099,1648,2067,2038,1957,1899,1964,329,5,255,255,5,5,255,5,5,5,5,255,5,10,5,5,5,5,5,5,5,5,5,5,255,5,5,5,5,5,5,5,5,5,10,5,5,5,5,10,5,5,10,5,255,5,10,4,5,5,4,5,5,5,5,5,5,5,255,255,10,10,10,255,255
1780854796.792976,16828,1691513017,849,1084,2061,2053,2029,2039,1293,974,1110,1189,667,2100,2138,2055,1414,1110,1169,1878,2125,2072,2100,2088,2024,1692,1222,2133,2079,2082,2087,2100,2050,1877,1161,1972,2154,2115,2095,2071,2023,1884,1173,2086,2081,2135,2143,2051,1847,1926,1110,2022,2056,2131,2099,1985,1651,1700,1111,1648,2067,2047,2023,1972,1964,329,5,255,10,5,5,255,255,5,5,5,255,5,255,5,9,5,5,255,5,5,255,255,5,10,5,5,5,5,5,5,5,255,5,5,5,5,5,255,5,255,5,5,5,10,5,5,4,5,5,5,5,5,5,5,5,5,5,255,5,5,5,5,255,255
1780854796.893466,16829,1691613017,837,1084,2046,2050,2092,2047,1209,985,1079,1305,2075,2091,2138,2055,1420,1150,1155,1885,2072,2085,2075,2121,2132,1773,1175,1971,2073,2082,2075,2126,2050,1877,1169,2012,2083,2107,2116,2086,2056,1894,1194,2086,2068,2085,2105,2027,1847,1937,1140,2022,2121,2107,2123,1961,1687,1676,1079,1648,2078,2062,2023,1923,1964,329,5,255,5,5,5,10,10,5,5,5,10,5,255,255,5,5,5,10,5,5,10,10,5,5,5,5,5,5,5,5,255,255,5,5,5,5,5,10,5,10,5,255,5,5,5,5,255,5,5,255,5,5,5,255,5,5,5,255,5,5,255,5,255,255
1780854796.993184,16830,1691713017,842,1084,2046,2116,2126,2047,1213,973,1076,1229,2075,2105,2062,2080,1422,1109,1203,1885,2072,2076,2075,2101,2096,1631,1174,2067,2100,2101,2096,2104,2083,1877,1181,2052,2066,2108,2107,2082,2038,1855,1162,2086,2055,2112,2105,2027,1847,1937,1140,2013,2097,2095,2116,1915,1740,1656,1119,1648,2078,2010,2023,1976,1964,329,5,255,255,3,5,255,5,5,5,5,255,5,10,10,5,5,9,255,5,5,255,5,5,5,5,5,5,5,5,5,10,255,5,5,5,5,5,5,5,5,5,255,5,5,255,255,255,255,5,3,5,5,5,5,5,5,5,255,255,5,255,5,255,255
1780854797.093852,16831,1691813017,842,1047,2046,2081,2042,2009,1329,997,1077,1216,2080,2050,2079,2080,1422,1121,1173,1945,2110,2094,2107,2098,2090,1624,1190,1992,2074,2079,2096,2098,2087,1903,1159,1982,2066,2095,2114,2082,2063,1855,1228,2086,2133,2070,2137,2027,1847,1928,1130,1544,2091,2098,2101,2019,1687,1644,1106,1648,1981,2060,1996,1957,1964,329,5,255,255,5,5,10,5,5,5,5,10,5,5,255,255,5,5,10,5,5,10,5,5,5,5,5,5,5,5,5,5,10,5,5,255,5,5,255,5,255,5,255,5,5,10,255,255,10,5,4,5,5,5,5,5,5,5,255,10,5,10,5,255,255
1780854797.194504,16832,1691913017,842,1057,2046,2105,2057,2009,1288,971,1081,1359,2080,2050,2079,2082,1422,1085,1189,1945,2101,2105,2073,2098,2079,1651,1202,2057,2095,2070,2115,2066,2129,1885,1183,2029,2106,2086,2114,2135,1997,1855,1200,2086,2087,2115,2095,2091,1616,1959,1155,2114,2095,2082,2064,1993,1677,1656,1075,1648,2075,2106,1996,1957,1964,329,5,255,255,5,5,255,5,5,5,9,255,255,255,10,255,5,9,255,5,5,5,255,5,5,9,5,5,5,5,5,5,5,5,5,10,5,5,10,5,255,5,255,5,5,5,10,10,5,5,4,5,5,5,5,5,5,5,255,5,5,255,255,255,255
1780854797.293338,16833,1692013016,831,1057,2045,2092,2059,2137,1217,1008,1075,1239,2080,2056,2095,2082,1422,1161,1173,1984,2090,2078,2091,2077,2059,1651,1185,2048,2090,2093,2079,2094,2088,1984,1190,2063,2117,2097,2101,2187,2015,1855,1177,2002,2120,2114,2105,2062,1616,1933,1174,1528,2059,2150,2087,2055,1662,1698,1105,1620,2053,2076,1995,1958,1964,329,5,255,10,5,5,10,9,5,9,5,255,10,10,255,255,5,5,10,5,5,5,10,5,255,9,5,5,5,5,5,5,5,5,5,5,5,5,5,5,255,5,10,5,5,5,5,255,5,5,4,5,5,5,5,5,5,5,10,5,5,10,10,255,255
1780854797.394113,16834,1692113017,833,1060,2117,2008,2073,2137,1273,984,1072,1315,2076,2089,2130,2025,1373,1137,1130,1984,2090,2077,2073,2106,2004,1778,1172,2037,2099,2085,2100,2097,2082,1917,1201,2063,2083,2072,2098,2187,2061,1855,1167,2002,2116,2114,2099,2087,1616,1918,1151,1666,2064,2092,2103,1997,1691,1659,1108,1620,2062,2047,1995,1926,1964,329,5,10,5,5,5,255,5,5,5,5,10,5,5,10,10,5,5,255,255,5,5,5,5,10,5,5,5,5,5,5,5,5,5,255,5,5,5,255,5,255,5,255,5,255,5,5,255,5,5,5,5,5,5,5,5,5,5,255,5,5,255,5,255,255
1780854797.492280,16835,1692213017,851,1047,2056,2045,2088,2103,1327,966,1065,1310,2076,2067,2130,2025,1532,1084,1188,1962,2105,2083,2101,2079,2045,1662,1216,1998,2097,2087,2072,2100,2093,1917,1207,2063,2089,2094,2121,2094,2093,1855,1189,2002,2077,2106,2110,2083,1722,1973,1145,2063,2080,2139,2113,2009,1678,1666,1104,1620,2062,2067,2035,2002,1964,2014,5,5,5,5,5,10,5,5,5,5,255,5,255,255,5,5,5,10,10,5,5,5,5,5,5,5,5,5,5,5,5,255,5,255,5,5,5,10,5,255,5,255,5,10,5,5,10,5,5,5,5,5,5,5,5,5,5,255,255,5,10,5,255,10
1780854797.593494,16836,1692313017,834,1003,2056,2045,2133,2103,1282,986,1094,1253,2045,2051,2130,2025,1418,1110,1197,1962,2078,2089,2086,2083,2035,1662,1190,1998,2072,2101,2110,2050,2053,1917,1146,2063,2131,2106,2109,2155,2062,1855,1223,2002,2083,2106,2110,2072,1722,1914,1191,1995,2150,2099,2101,1912,1685,1678,1121,1620,2064,2044,1987,1995,1964,2014,5,5,255,255,5,255,5,5,5,5,10,5,255,255,5,5,5,255,5,5,5,5,5,255,5,255,5,5,5,5,5,255,5,255,5,5,5,5,5,255,5,255,5,255,255,5,255,5,5,5,5,5,5,5,5,5,5,255,10,5,5,5,255,255
1780854797.693897,16837,1692413017,831,1003,2092,2076,2098,2103,1218,978,1095,1244,2045,2061,2123,2025,1475,1154,1165,1652,2111,2062,2082,2048,2098,1662,1218,1998,2056,2081,2091,2131,2153,1917,1198,2063,2079,2094,2118,2113,2037,1939,1168,2059,2079,2106,2127,2072,1837,1964,1150,1995,2072,2089,2109,2028,1687,1651,1106,1655,2029,2003,1960,1968,1964,2014,5,255,10,10,255,255,5,5,5,5,255,5,10,255,5,5,5,10,5,5,5,5,5,255,5,255,5,5,5,5,5,255,5,255,5,5,5,5,5,10,9,10,5,255,10,255,10,5,5,255,5,5,5,5,5,5,5,10,5,5,5,5,255,255
1780854797.792539,16838,1692513017,844,2012,2114,2110,2098,2061,1260,1022,1089,1327,2045,2086,2117,2025,1402,1126,1208,1652,2083,2081,2148,2135,2056,1662,1132,2034,2099,2121,2080,2049,2119,1930,1204,2074,2103,2100,2126,2113,2062,1941,1189,2059,2093,2106,2115,2056,1835,1899,1140,1995,2066,2104,2109,2049,1810,1615,1068,1357,2023,2028,2015,1968,1964,2014,5,10,5,5,255,10,5,9,9,5,255,5,5,255,5,5,5,255,5,5,5,5,5,255,5,10,5,5,5,5,5,10,5,10,5,5,5,255,5,5,5,255,5,10,5,10,5,5,5,255,5,5,5,5,5,5,5,4,5,5,5,255,255,255
1780854797.892921,16839,1692613017,845,2042,2053,2080,2102,2019,1259,1012,1077,1327,2058,2073,2104,2025,1386,1094,1203,1652,2125,2047,2103,2084,2086,1704,1201,2023,2106,2088,2117,2124,2047,1865,1160,2074,2069,2098,2116,2091,2034,1941,1145,2059,2073,2106,2106,2104,1835,1899,1145,2053,2074,2087,2100,2028,1779,1672,1112,1357,2071,2025,1989,1974,1964,2014,5,5,5,5,10,5,5,5,5,255,10,5,5,255,5,5,5,255,5,5,5,5,5,10,5,5,5,5,5,5,5,5,5,255,5,5,5,10,5,255,5,255,5,255,5,5,255,255,5,10,5,5,5,5,5,5,5,255,5,5,5,10,255,255
1780854797.993863,16840,1692713017,838,2049,2025,2092,2107,2116,1277,1005,1084,1301,2058,2059,2084,2025,1523,1109,1218,1802,2087,2094,2134,2143,2111,1704,1155,2023,2066,2075,2088,2098,2131,1865,1179,2074,2097,2093,2108,2091,2034,1931,1156,2059,2122,2106,2156,2135,1999,1937,1126,2019,2067,2091,2112,1936,1773,1668,1107,1732,2091,2022,1989,1964,1964,2014,5,5,5,5,5,5,5,5,5,10,255,5,5,255,5,5,5,10,5,5,5,5,5,255,5,255,5,5,5,5,5,255,5,255,5,5,5,255,255,10,5,255,5,255,5,5,10,10,5,5,5,5,5,5,5,5,5,10,5,5,255,5,255,255
1780854798.095271,16841,1692813017,841,2066,2025,2039,2055,2116,1255,983,1055,1257,2058,2097,2084,2025,1423,1158,1196,2040,2065,2056,2086,2083,2005,1603,1189,2023,2116,2087,2094,2079,2075,1865,1212,2014,2097,2104,2097,2139,2026,1931,1136,2059,2097,2118,2156,2135,1625,1912,1159,2039,2114,2090,2107,2001,1779,1704,1117,1732,2036,2054,1989,1976,1964,2014,5,5,255,5,5,255,5,5,5,5,255,5,255,255,5,5,5,4,5,5,5,5,5,10,5,255,5,5,5,5,5,255,5,10,255,5,5,10,10,255,5,255,5,10,255,255,4,5,5,5,5,5,5,5,5,5,5,255,5,5,255,5,255,255
1780854798.193132,16842,1692913017,834,2070,2025,2072,2050,2116,1244,971,1077,1337,2046,2088,2081,2025,1431,1129,1204,1451,2085,2100,2064,2097,2073,1706,1195,1972,2085,2077,2078,2105,2066,1908,1223,2014,2108,2098,2118,2065,2070,1881,1160,2059,2117,2066,2099,2135,1625,1912,1133,2039,2118,2082,2107,1951,1653,1690,1102,1649,1993,2015,2021,1975,1964,2014,5,5,255,5,5,255,5,5,5,9,10,5,10,255,5,5,5,4,5,5,5,5,5,5,5,10,5,5,5,5,5,10,5,255,10,5,5,5,5,10,5,255,5,5,10,255,255,255,5,255,5,5,5,5,5,5,5,10,5,5,10,5,255,255
1780854798.293230,16843,1693013017,825,2070,2084,2084,2084,1996,1259,967,1085,1328,2046,2070,2081,2025,1408,1101,1157,1921,2075,2040,2083,2121,2101,1614,1153,1972,2096,2094,2090,2083,2114,1908,1201,1950,2128,2081,2084,2112,2064,1959,1181,2059,2120,2106,2099,2089,1625,1897,1154,1972,2059,2088,2090,1951,1689,1685,1102,1649,2027,1990,2084,1975,1964,2014,5,255,10,5,5,10,5,5,5,5,255,5,255,255,5,5,5,4,5,5,5,5,5,5,5,255,5,5,5,5,5,255,5,10,5,5,5,5,5,5,5,255,5,5,255,10,255,10,5,10,5,5,5,255,5,5,5,255,5,5,5,255,255,255
1780854798.391174,16844,1693113017,845,1044,2084,2084,2123,1996,1525,1032,1102,1278,2046,2076,2116,2025,1481,1073,1213,1580,2042,2031,2128,2121,2067,1614,1198,2087,2096,2087,2084,2092,2077,1937,1187,1950,2128,2079,2120,2112,2047,1959,1092,2059,2074,2062,2099,2090,1761,1975,1149,1849,2132,2124,2073,2047,1689,1648,1143,1649,2030,2033,1985,1975,1964,2014,5,10,255,255,5,255,4,5,9,5,255,5,10,255,5,5,5,4,5,5,5,255,5,255,9,10,5,5,5,5,5,10,5,255,255,5,5,255,5,255,5,255,5,5,255,5,10,3,5,9,5,5,5,10,5,5,5,255,5,5,5,255,255,255
1780854798.494081,16845,1693213016,839,2073,2084,2046,2045,1996,1253,1022,1066,1283,2084,2082,2092,2025,1415,1109,1191,1580,2108,2069,2115,2110,2095,1661,1191,2033,2113,2077,2073,2073,2106,1852,1175,1950,2051,2091,2097,2143,2039,1901,1195,2059,2081,2102,2080,2130,1630,1954,1166,1797,2146,2117,2100,2007,1656,1652,1106,1649,2089,2056,2025,1981,1964,2014,5,4,255,10,5,255,4,5,9,5,10,5,5,255,5,5,5,255,5,5,5,10,5,10,5,5,5,5,5,5,5,5,5,255,10,5,5,10,5,10,5,255,5,5,10,5,5,5,5,9,5,5,5,5,5,5,5,255,5,5,5,10,255,255
1780854798.592318,16846,1693313017,837,1110,2084,2079,2061,1996,1263,983,1104,1251,2074,2048,2048,2025,1410,1118,1213,1943,2105,2097,2119,2112,2027,1662,1236,2076,2075,2085,2090,2098,2093,1852,1168,2012,2087,2084,2109,2108,2120,1978,1188,1911,2095,2117,2102,2076,1630,1954,1161,2080,2103,2103,2101,1948,1706,1634,1122,1649,2068,2043,2012,1981,1964,2014,5,255,255,5,5,255,5,5,5,5,5,5,5,255,5,5,5,10,5,5,5,5,5,5,5,5,5,5,5,5,5,255,5,10,5,5,5,5,5,9,5,10,5,5,5,5,255,255,5,4,5,5,5,5,5,5,5,255,5,5,5,255,255,255
1780854798.692595,16847,1693413017,847,1094,2141,2026,2096,1996,1289,972,1062,1316,2074,2049,2048,2025,1411,1109,1179,1869,2098,2111,2086,2090,2078,1658,1175,2076,2085,2064,2081,2082,2099,1852,1211,2012,2094,2094,2106,2073,2101,1948,1167,1911,2087,2119,2142,2076,1630,1830,1148,2063,2046,2082,2074,2065,1710,1667,1116,1649,2088,2098,2000,1992,1964,2014,5,10,10,5,5,255,5,5,5,5,255,5,255,255,9,5,5,5,5,5,5,5,5,5,5,255,5,5,5,5,5,255,5,255,5,5,5,5,5,5,5,255,5,5,5,255,255,10,5,5,5,5,5,5,5,5,5,255,5,5,5,10,255,255
1780854798.802462,16848,1693523017,851,1002,2141,2102,2117,1990,1289,991,1096,1312,2074,2081,2083,2025,1415,1090,1178,1869,2095,2045,2086,2103,2034,1658,1204,2076,2079,2080,2096,2108,2083,1852,1181,2005,2094,2094,2124,2073,2019,1948,1150,1911,2084,2119,2116,2115,1864,1830,1164,2119,2076,2116,2113,2009,1705,1695,1125,1649,2023,2022,2045,1915,1964,2014,5,5,255,5,5,10,255,5,5,5,255,5,10,255,5,5,5,255,5,5,255,5,5,255,5,255,5,5,5,5,5,255,5,10,255,5,5,255,5,255,5,255,5,255,5,10,10,255,5,5,5,5,5,5,5,5,5,255,5,5,5,5,255,255
1780854798.904314,16849,1693623017,828,2122,2049,2048,2160,1990,1265,1001,1095,1340,2074,2057,2083,2077,1422,1093,1199,1869,2082,2094,2068,2098,2080,1666,1161,2124,2093,2091,2091,2059,2090,1783,1197,2005,2112,2084,2088,2073,2009,1974,1168,1911,2086,2100,2138,2083,1709,1913,1159,1978,2111,2072,2090,1998,1655,1680,1122,1649,2047,2044,2084,1915,1972,2014,5,4,10,5,5,255,10,5,5,5,255,5,255,10,5,5,5,255,5,5,10,5,5,10,5,10,5,5,5,5,5,10,5,255,10,5,5,255,5,10,5,255,5,10,5,5,5,10,5,5,5,5,5,5,5,5,5,255,5,5,5,255,10,255
1780854799.003584,16850,1693723017,841,2122,2049,2057,2081,1990,1253,990,1104,1233,2057,2105,2083,2077,1431,1128,1154,1674,2097,2072,2068,2081,2022,1666,1195,2124,2103,2094,2087,2130,2108,1929,1164,2055,2098,2100,2122,2107,2040,1974,1128,1911,2127,2100,2088,2041,2000,1902,1130,2041,2106,2139,2132,2017,1662,1664,1108,1649,1913,2081,1972,1985,1974,2014,5,255,255,5,5,255,5,5,5,5,10,5,255,255,5,5,5,10,5,5,255,5,5,255,5,255,5,5,5,5,5,5,5,10,5,5,5,10,5,255,5,255,5,255,5,5,4,5,5,5,5,5,5,5,5,5,5,255,5,5,5,10,5,255
1780854799.103592,16851,1693823016,855,1115,2049,2093,2010,1990,1248,997,1103,1304,1990,2082,2104,2073,1507,1107,1240,1615,2070,2098,2103,2086,2126,1608,1228,2084,2089,2104,2086,2086,2063,1929,1163,2057,2106,2105,2100,2078,2093,1974,1146,1911,2086,2088,2088,2063,1990,1997,1141,1994,2067,2105,2064,2015,1758,1703,1049,1649,1970,2074,1936,2014,1974,2014,5,10,255,5,5,255,5,5,5,9,5,5,10,10,5,5,9,9,5,5,10,5,5,10,5,10,5,5,5,5,5,255,9,5,5,5,5,5,5,255,5,255,5,10,255,5,5,5,5,5,5,5,5,5,5,5,5,255,5,5,5,5,255,255
1780854799.202413,16852,1693923017,841,1045,2049,2089,2079,1990,1268,988,1084,1301,1990,2089,2092,2073,1454,1119,1171,1974,2079,2083,2060,2119,2047,1695,1195,2033,2083,2081,2098,2098,2099,1929,1229,2057,2088,2091,2111,2092,2093,1906,1247,1911,2072,2088,2086,2127,2007,1929,1144,2081,2112,2141,2090,2003,1815,1675,1102,1649,1953,2011,1936,1982,1974,2014,5,5,255,5,5,255,5,5,5,5,255,5,5,255,5,5,5,9,5,5,5,5,5,5,5,5,5,5,5,5,5,255,5,255,5,5,5,5,255,10,5,255,5,255,10,5,5,5,9,5,5,5,5,5,5,5,5,255,5,5,255,5,255,255
1780854799.304513,16853,1694023016,837,1019,2049,2093,2070,1990,1237,970,1062,1315,2097,2103,2092,2049,1426,1120,1188,2075,2076,2073,2101,2095,2076,1641,1231,2056,2068,2085,2088,2088,2119,1923,1166,2132,2084,2114,2141,2092,2048,1906,1161,1911,2083,2088,2045,2120,1944,1889,1148,2035,2089,2141,2062,1970,1933,1721,1087,1649,2044,2041,2003,1957,1974,1984,5,5,255,5,5,255,5,5,5,5,10,5,255,10,5,5,5,5,5,5,5,5,5,5,5,5,5,5,5,5,5,10,5,10,5,5,5,255,10,255,5,255,5,255,5,5,5,5,5,5,5,5,5,5,5,5,5,255,5,5,10,5,255,10
1780854799.403411,16854,1694123017,857,1019,998,957,1151,1990,1342,1007,1081,1285,2097,974,2092,2049,1403,1131,1165,1551,2076,2113,2040,2098,2046,1653,1192,2056,2065,2080,2079,2114,2090,1859,1212,2132,2084,2090,2107,2121,2043,1938,1148,1983,2104,2088,2076,2057,1952,1929,1157,2035,2120,2157,2085,1921,1971,1752,1104,1649,2037,2041,2003,1963,1974,1984,5,255,10,4,4,255,5,5,5,5,255,4,255,255,5,5,5,5,5,5,5,5,5,5,5,255,5,5,5,5,5,5,5,255,255,5,5,10,5,10,9,10,5,255,5,5,5,5,5,255,5,5,5,5,5,5,5,255,5,255,255,5,255,255
1780854799.501923,16855,1694223016,851,910,731,763,544,482,468,983,1085,1221,957,956,2092,512,1483,1108,1171,1990,2040,975,994,2073,2061,1699,1205,2057,2064,2105,2075,2113,2057,1859,1245,2024,2094,2071,2114,2094,2093,1881,1167,1967,2079,2088,2067,2060,1922,1902,1164,2035,2107,2100,2111,1992,1984,1817,1123,1649,2110,2037,1988,1963,1929,1984,5,10,4,5,4,10,4,5,5,5,10,5,255,10,5,5,5,5,5,4,4,5,5,5,5,10,5,5,5,5,5,255,5,10,10,5,5,5,5,5,5,5,5,255,5,5,5,5,5,255,5,5,5,5,5,5,5,255,5,10,10,255,10,255
1780854799.602968,16856,1694323017,838,910,731,668,654,514,431,429,1079,1309,705,702,700,589,436,420,1201,2057,2103,923,759,507,447,445,1155,2057,2103,1052,1066,1153,2018,457,1219,2024,2094,2079,2085,2094,2070,1881,1168,1967,2084,2088,2067,2094,1922,1934,1168,2035,2078,2127,2111,2000,1942,1901,1100,1649,1996,2034,1988,2026,1929,1984,5,255,255,5,5,9,5,4,5,5,4,4,10,4,4,4,5,5,5,5,4,4,4,4,5,255,5,5,4,4,5,10,5,255,255,5,5,255,5,255,5,255,5,255,255,5,255,5,5,255,5,5,255,5,5,5,5,255,5,5,255,10,255,255
1780854799.703408,16857,1694423017,843,1077,731,2075,2073,2006,1265,1009,1071,1280,705,2082,685,671,662,1125,1170,1715,801,703,660,626,614,454,1157,2032,2089,674,679,606,492,417,1254,2063,2094,711,651,2094,523,414,1161,1967,2066,2088,2067,2094,1922,415,1148,2013,2090,2079,2051,2010,1925,2004,1127,1649,2066,2034,1988,2026,1929,1984,5,10,255,4,4,4,4,4,5,5,255,4,5,255,4,4,5,4,5,5,5,5,5,5,5,10,5,4,4,4,5,5,5,10,255,4,4,255,4,10,5,255,5,255,255,255,255,4,5,10,5,5,10,5,5,5,5,255,5,255,255,255,255,255
1780854799.801907,16858,1694523017,832,1077,731,2065,2106,2026,1230,981,1092,1243,705,2082,2054,2063,1487,1113,1195,2118,2087,2123,660,626,2023,559,1160,2051,2107,2080,2074,643,565,561,1164,2063,671,603,605,558,531,517,1185,1967,2104,587,562,543,517,483,1148,2009,2095,2099,540,537,508,456,1105,1525,2015,2009,1988,527,1929,1984,5,255,255,5,5,5,5,5,5,5,255,255,4,4,4,5,5,4,4,4,255,255,4,255,5,5,5,4,4,255,5,5,5,255,10,5,5,10,5,5,5,255,5,10,10,10,10,5,5,5,5,5,4,4,4,4,5,10,5,10,255,10,255,255
1780854799.903667,16859,1694623017,851,1077,731,2102,2064,2026,1295,1017,1079,1317,705,2082,2055,2063,1500,1143,1168,2031,2097,2097,2034,2098,2094,1733,1216,2089,2097,2091,2054,2111,2079,561,1171,2020,671,2122,2135,558,2041,584,1150,1967,2116,587,562,543,589,590,1147,2055,2091,642,2105,588,568,511,1118,1525,2051,641,560,578,504,499,5,255,255,5,5,255,5,5,5,255,255,255,5,255,9,5,5,5,5,5,10,10,5,4,9,5,5,5,5,4,4,255,9,10,255,5,4,255,4,255,5,255,5,255,255,255,5,5,5,5,5,5,4,5,5,5,5,255,5,4,10,5,10,10
1780854800.004280,16860,1694723017,841,2049,2067,2071,2064,2026,1241,999,1077,1371,2047,2110,2055,2063,1452,1107,1175,2019,2053,2076,2104,2132,2060,1689,1223,2089,2060,2097,2088,2083,2092,561,1130,2029,2128,2099,2119,558,2048,584,1227,1967,2072,587,2131,543,589,590,1098,2029,2086,2069,2121,2094,968,653,1136,1525,1976,1992,560,967,646,604,5,10,10,5,255,255,5,5,5,5,10,10,255,255,5,5,5,5,5,5,5,5,5,5,5,255,5,5,5,5,5,255,5,5,10,5,5,255,5,255,5,255,5,255,10,255,255,255,5,4,5,5,5,4,4,5,5,255,5,4,255,4,5,5
1780854800.103422,16861,1694823017,826,2083,2067,2079,2118,2026,1328,987,1065,1316,2047,2080,2055,2063,1515,1140,1173,1988,2063,2149,2084,2048,2102,1689,1205,2096,2070,2096,2086,2105,2093,1881,1184,2047,2090,2098,2126,2061,2087,584,1190,1967,2075,587,2096,2024,589,590,1177,2048,2105,2094,2104,2094,968,877,1118,1525,2007,1999,1964,967,952,724,5,5,255,5,10,255,5,5,5,5,255,5,255,255,5,5,5,5,5,5,5,5,5,255,5,10,5,5,5,5,5,10,5,5,5,5,5,10,5,255,5,255,5,255,5,10,255,255,9,4,5,5,5,255,255,4,5,255,5,5,10,255,4,5
1780854800.203495,16862,1694923017,848,1019,2067,2079,2071,2098,1251,1007,1080,1333,2047,2064,2055,2063,1461,1084,1201,1657,2080,2050,2094,2048,2080,1716,1219,2049,2080,2078,2087,2108,2079,1912,1173,2058,2122,2136,2112,2114,2043,584,1189,2070,2112,2098,2087,2024,1993,590,1139,2048,2103,2075,2114,2094,1966,1942,1117,1525,1961,2050,1964,967,952,892,5,4,255,255,5,10,5,5,5,5,255,5,255,255,5,5,5,4,5,5,5,255,9,10,5,5,5,5,5,5,5,5,5,5,5,5,5,5,5,255,5,10,5,10,5,255,10,255,5,255,5,5,5,255,255,4,5,255,5,5,255,255,255,5
1780854800.305116,16863,1695023017,836,2081,2067,2058,2071,2098,1244,1021,1083,1354,2047,2061,2055,2063,1446,1101,1184,1617,2091,2073,2094,2052,2067,1684,1160,2000,2114,2093,2094,2119,2088,1912,1209,2019,2063,2126,2128,2114,2087,1943,1200,2070,2086,2104,2087,2089,1977,1931,1145,1951,2050,2094,2103,2016,1966,1942,1116,1525,2064,2038,1960,967,952,892,5,4,255,10,255,255,5,5,5,5,255,5,255,255,5,5,5,5,5,5,255,10,5,5,5,5,5,5,5,5,5,255,5,5,5,5,5,255,5,10,5,255,5,5,255,10,5,10,5,3,5,5,5,10,255,255,5,255,5,5,10,255,255,255
1780854800.403653,16864,1695123017,848,2057,2132,2019,2129,2098,1283,978,1086,1225,2014,2061,2055,2063,1446,1095,1171,1619,2073,2113,2103,2103,2010,1684,1187,2082,2081,2077,2086,2106,2085,1801,1178,2019,2063,2086,2078,2118,2049,1943,1160,2070,2094,2077,2132,2104,1984,1967,1143,2069,2112,2073,2117,2002,1961,1962,1157,1525,1929,1994,1929,967,952,892,5,5,10,5,10,255,5,5,5,5,10,255,255,255,255,5,5,5,5,5,10,5,5,255,5,5,5,5,5,5,5,10,5,255,255,5,5,10,5,255,9,255,5,5,10,5,5,5,5,5,5,5,5,5,10,10,5,255,5,5,5,255,255,255
1780854800.504325,16865,1695223017,848,2044,2132,2069,2096,2098,1283,977,1065,1285,2014,2090,2122,2063,1422,1124,1183,2028,2034,2085,2098,2103,2085,1680,1191,2064,2107,2082,2077,2106,2134,1801,1179,2089,2149,2055,2131,2066,2000,1943,1168,2070,2122,2107,2107,2030,1948,1967,1152,2075,2142,2145,2086,2002,1939,1931,1141,1525,2022,2028,2042,967,952,892,5,5,255,5,5,255,255,5,5,9,255,10,10,255,10,5,5,5,5,5,5,255,5,10,5,5,5,5,5,5,5,255,5,10,10,5,5,5,5,255,9,255,255,5,5,5,5,255,5,5,5,5,5,255,5,5,5,255,5,5,5,255,255,255
1780854800.603712,16866,1695323017,844,2062,2086,2069,2096,2098,1289,999,1088,1250,2047,2090,2122,2127,1510,1126,1123,2028,2077,2057,2098,2095,2139,1671,1206,2064,2063,2087,2089,2104,2106,1863,1194,2055,2083,2099,2020,2066,2000,1943,1194,2070,2128,2107,2131,2063,2043,1945,1157,1868,2132,2095,2083,2058,1967,1931,1110,1525,2113,2030,2042,1909,952,892,5,5,10,255,5,255,10,5,5,5,10,5,255,10,5,5,5,255,5,5,255,10,5,5,5,255,5,5,5,5,5,10,5,5,5,5,5,255,255,255,5,255,5,255,5,5,5,10,5,4,5,5,5,10,5,255,5,255,5,5,255,10,255,255
1780854800.703343,16867,1695423017,832,2062,2044,2096,2068,2098,1289,985,1088,1277,2047,2064,2122,2127,1504,1106,1164,1982,2091,2076,2112,2103,2075,1716,1184,2064,2080,2082,2083,2147,2055,1863,1166,2055,2083,2089,2097,2080,2044,1943,1137,2070,2081,2133,2091,2101,1992,1936,1162,1700,2070,2114,2110,1987,1950,1915,1092,1525,2099,2068,2017,1957,952,892,5,255,5,10,5,255,5,5,5,5,255,5,255,255,9,9,9,10,5,5,10,5,5,5,5,255,5,5,5,5,5,255,5,255,255,5,5,10,10,255,5,255,5,10,5,5,5,5,5,5,5,5,5,5,5,10,5,255,5,5,10,5,255,255
1780854800.802749,16868,1695523017,836,2060,2081,2096,2107,2098,1236,990,1086,1269,2023,2092,2122,2127,1465,1096,1205,2047,2082,2082,2112,2103,2060,1716,1143,2041,2090,2087,2085,2090,2090,1863,1191,1980,2119,2083,2068,2110,2025,1943,1197,2070,2070,2077,2117,2102,1987,1947,1142,1946,2112,2111,2110,1954,1966,1915,1107,1525,2099,2080,2017,1957,952,892,5,10,5,5,5,255,5,5,5,5,10,5,255,255,5,5,5,5,5,5,255,5,5,255,5,10,5,5,5,5,5,255,5,10,10,5,5,5,5,255,5,255,5,5,5,5,5,5,5,5,5,5,255,5,5,255,5,255,255,5,255,255,255,255
1780854800.903265,16869,1695623016,833,2043,2070,2094,2088,2061,1254,1003,1079,1255,2023,2088,2122,2127,1385,1119,1200,1998,2060,2067,2105,2116,2063,1719,1208,2062,2096,2081,2086,2063,2087,1887,1208,1980,2073,2102,2089,2063,2045,1892,1151,2070,2123,2095,2156,2104,2018,1960,1164,2069,2118,2140,2082,2023,1961,1988,1094,1525,2057,2087,2004,1925,952,892,5,5,5,5,5,10,5,5,5,5,255,5,255,255,5,5,5,5,5,5,10,5,5,10,5,5,5,5,5,5,5,10,5,255,5,5,5,5,5,10,5,255,5,5,5,5,5,5,5,5,5,5,10,5,5,10,5,255,10,5,10,10,255,255
1780854801.003376,16870,1695723017,846,2043,2054,2062,2048,1979,1254,1007,1089,1355,2073,2087,2124,2127,1395,1142,1179,1998,2060,2109,2105,2100,2029,1719,1187,2110,2084,2100,2106,2097,2073,1792,1194,2091,2132,2067,2092,2097,2039,1892,1151,2059,2109,2095,2065,2088,2018,1964,1133,2045,2098,2065,2128,1958,1959,1988,1080,1525,2015,2047,1998,1981,952,892,5,255,5,5,5,5,255,5,5,9,10,5,10,255,5,5,5,255,5,5,255,5,9,255,5,5,5,5,5,5,5,5,9,10,5,5,5,5,5,255,5,10,5,255,5,5,255,5,5,5,5,5,5,5,5,255,5,255,5,5,5,5,255,255
1780854801.102687,16871,1695823017,853,1072,2058,2071,2090,2006,1341,1042,1061,1355,2073,2066,2112,2127,1504,1097,1176,2015,2127,2098,2061,2074,2070,1719,1185,2041,2056,2094,2088,2091,2071,1792,1220,2091,2089,2111,2117,2119,2037,1864,1191,2115,2093,2123,2104,2130,2018,1926,1134,2057,2134,2100,2111,2014,1949,1988,1087,1525,2024,1976,1993,1981,952,892,5,10,5,5,5,5,10,5,5,255,255,5,5,255,9,5,5,10,5,5,10,5,5,255,5,5,5,5,5,5,5,255,5,255,5,5,5,5,5,10,5,5,5,10,5,5,255,5,5,5,5,5,5,5,5,255,5,255,5,5,5,255,255,255
1780854801.203425,16872,1695923017,838,1072,2058,2040,2102,2084,1231,974,1059,1236,2073,2104,2112,2127,1404,1102,1174,2015,2041,2082,2061,2106,2061,1648,1213,2047,2100,2092,2082,2089,2062,1899,1203,1979,2113,2073,2072,2095,2086,1864,1181,2049,2086,2099,2078,2130,1997,1911,1149,1984,2092,2135,2117,1995,1919,1988,1131,1525,2024,2097,1992,1981,1964,892,5,255,255,5,5,5,5,5,5,10,255,5,255,255,5,9,5,255,5,5,255,5,5,10,5,5,5,5,5,5,5,10,5,10,5,5,5,5,5,255,5,5,5,5,5,255,10,5,5,5,5,5,5,5,5,255,5,255,255,5,5,255,10,255
1780854801.302655,16873,1696023017,843,1057,2058,2075,2080,2084,1245,997,1058,1448,2073,2102,1998,2127,1399,1119,1215,1967,2066,2056,2066,2071,2057,1599,1192,2047,2072,2091,2090,2099,2074,1899,1190,1979,2065,2107,2104,2082,2015,1864,1185,2049,2067,2099,2107,2084,1963,1923,1144,2046,2141,2088,2108,1995,1939,1963,1104,1525,2016,2098,1980,1981,1964,892,5,255,255,5,5,255,5,5,5,4,255,5,10,255,5,5,5,10,5,5,10,5,5,5,5,255,5,5,5,5,5,255,5,255,5,5,5,5,5,255,5,255,5,255,5,10,5,5,9,5,5,5,5,255,5,10,5,255,10,5,5,255,255,255
1780854801.412809,16874,1696133017,826,1057,2058,2044,2108,2084,1330,1009,1076,1288,2073,2027,1998,2127,1432,1071,1191,1967,2135,2113,2146,2077,2079,1599,1213,1907,2099,2099,2098,2144,2116,1881,1225,2097,2065,2083,2120,2075,2063,1864,1173,2049,2109,2069,2079,2084,1962,1952,1160,2014,2094,2140,2103,2000,1938,1911,1131,1467,2012,2016,1980,1965,1964,892,5,255,255,5,5,255,9,5,5,5,255,5,255,255,9,5,9,255,5,5,5,5,5,255,5,10,5,5,5,5,5,10,5,10,255,5,5,5,5,255,5,255,5,10,5,255,5,5,5,5,5,5,5,10,5,5,5,10,5,5,255,10,255,255
1780854801.513207,16875,1696233017,850,2050,2079,2080,2063,2093,1271,979,1078,1228,2073,2068,1998,2127,1447,1086,1172,1967,2075,2119,2091,2077,2057,1716,1172,1907,2071,2076,2074,2094,2086,1881,1176,2005,2060,2114,2100,2165,2041,1864,1178,2049,2078,2092,2064,2092,1962,1910,1155,1987,2127,2085,2102,1977,1938,1911,1121,1459,2090,2025,2018,1954,1964,892,5,10,10,5,5,10,5,5,5,9,255,5,255,255,5,5,5,255,5,5,5,5,5,10,5,255,5,5,5,5,5,255,5,5,10,5,5,5,5,255,5,255,5,5,5,10,255,5,5,5,5,5,5,5,255,255,5,5,5,5,10,5,255,255
1780854801.613771,16876,1696333017,834,985,2079,2081,2063,2093,1271,989,1075,1346,2071,2084,1998,2127,1501,1141,1188,1980,2066,2081,2141,2122,2058,1686,1199,1983,2102,2103,2074,2120,2106,1851,1174,2043,2103,2108,2077,2120,2025,1864,1187,2049,2139,2092,2143,2060,1962,1943,1115,2024,2087,2098,2100,2051,1939,1955,1145,1639,2086,1992,2018,1963,1969,892,5,4,255,5,255,255,255,5,5,5,10,5,255,255,5,5,5,10,5,5,5,5,5,5,5,10,5,5,5,5,5,10,5,5,5,5,5,5,5,255,5,255,5,255,5,5,255,5,5,5,5,5,5,5,10,10,5,5,5,5,5,5,10,255
1780854801.714173,16877,1696433017,843,985,2079,2070,2102,2093,1247,984,1059,1368,2071,2056,2105,2127,1350,1117,1171,2079,2070,2073,2135,2057,2054,1748,1194,2013,2089,2088,2089,2130,2077,1851,1219,2043,2103,2079,2099,2106,2041,1836,1156,2049,2086,2136,2169,2099,1966,1944,1139,1953,2094,2117,2063,2002,1949,1973,1101,1639,2055,2074,2063,2015,1969,892,5,255,255,5,10,255,10,5,5,5,255,5,10,255,5,5,5,4,5,5,5,5,5,5,5,5,5,5,5,5,5,255,9,255,255,5,5,5,5,10,5,255,5,10,5,5,10,5,5,5,5,5,5,5,5,5,5,255,5,5,5,5,255,255
1780854801.814779,16878,1696533017,831,2097,2072,2089,2055,2122,1247,982,1079,1279,2103,2100,2100,2092,1550,1095,1201,2079,2083,2072,2130,2077,2089,1748,1185,1918,2087,2091,2093,2131,2079,1773,1265,2043,2076,2094,2077,2049,2015,1916,1175,2038,2086,2163,2174,2134,1944,1940,1168,2093,2056,2102,2077,1982,1924,1956,1096,1639,2053,2074,2006,2015,1969,892,5,10,10,5,5,10,255,5,9,5,10,5,5,10,5,5,5,255,5,5,5,5,5,255,5,5,5,5,5,5,5,10,5,255,10,5,5,5,5,5,5,10,255,5,5,5,5,5,5,5,5,5,5,5,5,5,5,255,5,255,255,255,255,255
1780854801.913411,16879,1696633017,846,1091,2072,2043,2095,2122,1273,984,1065,1346,2114,2050,2100,2092,1564,1078,1159,2079,2037,2082,2064,2079,2096,1748,1205,2084,2118,2100,2093,2095,2087,1773,1186,2012,2016,2131,2114,2030,2078,1916,1141,2038,2059,2163,2098,2096,1965,1965,1103,2093,2084,2152,2121,1978,1956,2006,1101,1639,2069,1995,2061,2015,1969,892,5,5,255,5,5,255,10,5,5,5,5,5,255,255,5,5,5,255,5,5,5,5,5,255,5,5,5,5,5,5,5,255,5,10,5,5,5,5,5,255,5,255,10,255,5,5,5,5,5,255,5,5,5,5,5,5,5,255,5,10,5,255,255,255
1780854802.014410,16880,1696733017,846,1043,2072,2134,2090,2122,1292,1025,1060,1227,2114,2056,2100,2092,1454,1151,1161,1560,2090,2111,2084,2094,2077,1748,1175,2046,2088,2084,2072,2071,2087,1964,1196,2012,2064,2095,2085,2119,2110,1904,1208,2038,2074,2076,2128,2072,1965,1965,1152,2093,2116,2103,2057,2026,1940,1926,1123,1639,2009,2129,1907,2015,1969,892,5,5,255,5,5,255,5,5,5,5,255,5,255,255,9,5,5,10,5,5,5,5,5,255,5,5,5,5,5,5,5,10,5,255,5,5,5,5,5,10,5,255,5,10,3,5,255,255,5,255,5,5,5,5,5,5,5,255,5,5,5,255,255,255
1780854802.113755,16881,1696833017,851,1043,2086,2044,2109,2040,1292,980,1087,1273,2000,2040,2085,2092,1525,1115,1177,2022,2043,2080,2054,2100,2083,1695,1198,2046,2069,2089,2080,2086,2114,1964,1199,2012,2099,2107,2085,2098,2079,1916,1184,2038,2127,2076,2107,2037,1965,1975,1190,2010,2094,2098,2081,1990,1894,1977,1136,1491,2003,2073,2023,1930,1969,892,5,255,10,5,5,10,255,5,5,5,10,5,10,255,5,5,5,4,5,5,5,5,5,10,5,255,5,5,5,5,5,255,5,255,5,5,5,5,5,5,5,255,5,255,5,5,255,10,5,10,5,5,5,5,5,5,5,10,5,5,5,255,255,255
1780854802.215335,16882,1696933016,855,1147,2102,2064,2079,2040,1292,981,1053,1273,2075,2124,2085,2092,1363,1148,1166,2016,2048,2105,2054,2049,2072,1601,1147,1940,2086,2094,2085,2124,2105,1964,1195,2032,2082,2068,2075,2136,2119,1837,1159,2079,2084,2057,2099,2034,1907,1954,1142,2038,2119,2121,2081,2013,1968,1954,1089,1491,2073,1987,2006,1957,1969,2023,5,10,5,5,5,255,255,5,5,255,5,5,255,255,5,5,5,5,5,5,255,5,5,5,5,10,5,5,5,5,5,255,5,10,5,5,5,5,5,5,9,10,5,10,5,5,10,5,5,5,5,5,5,5,5,5,5,255,5,5,5,5,255,10
1780854802.313501,16883,1697033017,838,1147,2102,2025,2088,2040,1292,967,1070,1273,2075,2055,2085,2058,1363,1118,1166,2007,2049,2079,2076,2116,1965,1681,1135,1959,2064,2080,2093,2069,2052,1964,1178,2076,2056,2096,2099,2119,2027,1837,1179,2080,2115,2065,2073,2088,1907,1963,1140,2042,2098,2106,2123,2012,1929,1973,1132,1491,2095,2051,2020,1971,1969,2023,5,255,255,5,5,255,255,5,5,255,255,5,255,10,255,5,5,5,5,5,10,5,5,5,5,5,5,5,5,5,5,255,5,5,5,5,5,5,5,255,5,5,5,5,5,5,255,5,5,5,5,5,5,5,5,5,5,255,5,5,5,5,255,255
1780854802.413434,16884,1697133017,841,1025,2102,2055,2060,2040,1347,1024,1102,1298,2075,2071,2085,2058,1480,1121,1164,1990,2072,2092,2065,2090,2073,1681,1223,2016,2102,2094,2073,2116,2073,1964,1175,2034,2041,2085,2107,2117,2079,1892,1179,2080,2074,2065,2073,2096,1907,1917,1137,2032,2089,2102,2138,1978,1966,1962,1099,1491,2044,2051,2005,1971,1969,2023,5,10,255,5,5,255,10,5,9,10,255,5,255,255,10,5,5,5,5,5,5,5,5,255,5,5,5,5,5,5,5,255,5,5,5,5,5,5,5,10,5,255,5,255,255,5,255,5,5,5,5,5,5,5,5,5,5,255,5,255,5,255,255,255
1780854802.513150,16885,1697233017,826,2101,2102,2055,2060,2040,1347,1033,1082,1277,2075,2092,2096,1985,1422,1115,1205,1977,2075,2076,2065,2041,2073,1672,1247,2016,2091,2083,2065,2077,2099,1964,1186,2034,2041,2090,2129,2108,2051,1894,1208,2057,2103,2055,2088,2096,1944,1917,1123,2032,2048,2085,2058,1950,1942,1927,1120,1491,1974,2081,2049,1971,1969,2023,5,4,255,5,255,255,255,5,9,5,255,5,10,10,5,5,5,5,5,5,255,5,5,10,5,255,5,5,5,5,5,255,5,255,255,5,5,5,5,5,5,10,5,10,10,255,10,5,5,255,5,5,5,5,5,5,5,255,5,10,5,255,255,255
1780854802.614467,16886,1697333018,854,2080,2102,2027,2097,2028,1253,977,1064,1274,2075,2116,2096,1985,1486,1167,1144,1977,2113,2096,2065,2089,2075,1727,1213,2016,2094,2100,2091,2090,2094,1783,1142,2154,2142,2080,2126,2108,2051,1894,1172,2079,2120,2126,2080,2096,1944,1917,1145,2032,2076,2091,2117,2017,1942,1968,1125,1491,2077,1987,2049,1937,1969,2023,5,5,255,5,10,10,10,5,5,5,255,5,255,255,9,5,5,255,5,5,255,5,5,5,5,255,5,5,5,5,5,10,5,10,10,5,5,255,255,255,5,5,5,5,5,255,255,255,5,255,5,5,5,5,255,5,5,255,5,5,255,10,255,255
1780854802.714231,16887,1697433017,861,1033,2102,2095,2108,1958,1247,1043,1058,1285,2017,2079,2096,2130,1454,1102,1187,1977,2074,2060,2060,2082,2038,1727,1182,2065,2093,2084,2075,2107,2085,1783,1167,2088,2095,2093,2101,2108,2051,1906,1169,2079,2114,2094,2118,2016,1990,1917,1155,1918,2087,2116,2116,2065,1990,1965,1119,1491,2084,2057,2049,1977,1969,2023,5,4,255,5,5,5,5,5,5,5,10,5,255,10,5,5,5,255,5,5,10,5,5,255,5,10,5,5,5,5,5,255,5,5,5,5,5,255,255,10,5,255,5,5,5,10,10,255,5,10,5,5,5,5,10,5,5,255,5,5,255,5,255,255
1780854802.814635,16888,1697533017,836,1083,2102,2066,2104,1958,1251,968,1071,1302,2096,2085,2062,2130,1405,1108,1163,2043,2090,2060,2128,2079,2068,1727,1170,2090,2110,2083,2080,2102,2075,1772,1179,2082,2088,2097,2106,2053,2109,1914,1129,2079,2095,2094,2151,2016,1957,1917,1106,1918,2031,2137,2076,2016,1952,1965,1140,1362,1971,2031,2010,1977,1969,2023,9,5,255,5,5,255,5,5,5,5,5,5,10,255,5,5,5,10,5,5,5,5,5,255,5,5,5,5,5,5,5,10,5,5,5,5,5,10,10,9,5,255,5,255,5,255,5,255,5,255,5,5,5,5,5,255,5,10,5,5,10,255,255,255
1780854802.912242,16889,1697633017,836,2035,2102,2075,2075,1958,1342,995,1068,1313,2044,2094,2149,2130,1518,1154,1187,1787,2101,2081,2076,2069,2050,1727,1172,2065,2096,2087,2090,2104,2119,1857,1174,2082,2114,2104,2110,2053,2068,1914,1141,2079,2071,2129,2073,2113,1934,1938,1135,1918,2107,2091,2115,1969,1970,1965,1129,1362,2010,2094,1995,1942,1969,2023,5,4,255,5,5,255,5,5,5,9,5,5,5,255,5,5,5,4,5,5,5,5,5,255,9,5,5,5,5,5,5,5,9,255,5,5,5,255,5,255,5,255,5,10,5,10,5,10,5,255,5,5,5,5,5,255,5,255,5,5,5,10,255,255
1780854803.014094,16890,1697733017,867,1130,2102,2054,2086,1958,1342,1009,1067,1118,2072,1996,2149,2110,1466,1078,1182,1696,2047,2047,2132,2083,2086,1695,1202,2065,2116,2077,2083,2129,2085,1980,1155,2082,2128,2116,2134,2053,2067,1914,1166,2076,2099,2129,2091,2123,1992,1936,1120,1918,2099,2125,2138,1958,998,1965,1117,1362,2045,2044,1942,1942,1969,2023,5,4,255,5,5,255,255,5,5,5,5,5,255,10,5,5,9,5,5,5,5,4,5,10,5,255,5,5,5,5,5,5,5,255,5,5,5,255,5,255,5,10,5,255,5,5,5,5,5,255,5,5,5,5,4,255,5,255,5,5,5,255,255,255
1780854803.112776,16891,1697833016,851,1068,2111,2075,2069,1966,1235,1017,1067,1302,2081,2054,2149,2117,1402,1085,1166,1696,2090,2088,2034,2110,2059,1752,1210,2002,2107,2082,2074,2107,2082,1785,1196,1976,2059,2105,2109,2073,2039,1890,1175,2087,2114,2129,2137,2068,1941,1936,1179,1976,2079,2131,2088,1001,998,1965,1136,1362,1997,2062,2016,943,960,2023,5,5,10,5,5,10,10,5,5,5,5,5,255,5,5,5,5,255,5,5,5,5,5,5,5,10,5,5,5,5,5,5,5,10,5,5,5,10,5,10,5,5,5,255,5,5,5,255,5,10,5,5,5,4,255,255,5,255,5,5,5,10,10,255
1780854803.213668,16892,1697933017,846,1037,2052,2081,2055,1966,1235,1012,1053,1400,2091,2114,2065,2117,1402,1068,1228,1696,2069,2114,2045,2109,2084,1752,1231,2114,2104,2080,2046,2088,2075,1785,1158,1976,2083,2079,2085,2121,2086,1890,1167,2071,2097,2125,2084,2127,1941,1936,1150,1891,2114,2122,2080,1001,998,816,1098,1362,2048,2038,2016,842,948,584,5,5,5,5,5,255,255,5,5,5,5,5,10,255,255,5,5,255,5,5,5,5,5,255,5,5,5,5,5,5,5,255,5,255,5,5,5,5,5,255,5,5,5,10,5,5,255,255,5,5,5,5,5,255,255,10,5,255,5,5,255,5,5,10
1780854803.314015,16893,1698033017,856,1037,2052,2042,2074,2089,1271,992,1070,1296,2052,2114,2090,2117,1379,1131,1269,2029,2066,2048,2103,2072,2069,1678,1181,2009,2082,2087,2090,2134,2066,1858,1174,2041,2050,2138,2085,2121,2062,654,1157,2071,2125,2125,2084,606,664,558,1134,1891,2093,2111,2095,651,558,544,1179,1362,2082,2001,789,608,560,519,5,255,255,5,5,10,10,5,5,5,5,255,5,255,10,5,5,10,5,5,5,5,5,10,5,5,5,5,5,5,5,10,5,10,5,5,255,255,5,255,5,255,5,255,255,4,255,10,5,255,5,5,5,255,10,4,5,255,5,5,10,4,4,5
1780854803.414123,16894,1698133017,840,984,2052,2039,2033,2079,389,1026,1085,1318,2052,2100,2090,415,1379,309,1145,1964,2089,2084,2103,2073,399,332,1219,2009,2063,2085,2093,553,567,332,1188,2032,2050,2138,583,556,529,419,1171,2071,2044,641,593,563,539,1917,1191,1535,2057,2069,610,2005,1901,1964,1113,1362,2053,2069,789,1945,1923,519,5,10,255,5,5,5,4,5,5,5,255,10,255,255,255,4,5,9,5,5,255,5,4,4,5,255,5,5,5,4,4,4,5,5,255,255,10,10,5,4,5,255,5,10,10,5,5,4,5,10,5,5,4,4,4,4,5,255,5,5,255,4,4,255
1780854803.513514,16895,1698233017,847,984,2097,2039,432,376,391,373,1079,1353,2052,665,562,616,369,645,1184,1964,703,654,646,631,655,650,1196,2052,2124,2088,654,763,673,1850,1168,2032,2119,2081,2096,2084,1997,419,1153,2071,2105,2088,2102,2043,1902,1902,1145,2022,2096,2102,2097,2012,1946,1932,1114,1362,2053,2092,2037,1931,1923,519,5,255,10,255,4,4,5,4,5,5,255,4,10,4,10,4,5,255,4,4,10,5,4,4,5,10,5,5,5,4,5,4,5,255,10,10,4,4,4,255,5,255,5,4,4,4,4,5,5,5,5,5,4,5,5,5,5,255,255,5,3,5,255,255
1780854803.613410,16896,1698333017,841,804,699,668,686,661,704,732,1025,1164,737,769,751,616,738,757,1198,1876,2076,2087,646,631,2021,843,1171,2052,2098,2105,2081,2098,2084,1870,1219,2032,2124,2096,2107,2027,2035,419,1171,2098,2086,2132,2088,2043,1902,1908,1178,2006,2095,2145,2112,1998,1914,1937,1103,1362,2016,2043,2037,1932,1923,519,5,255,4,10,4,4,4,4,5,5,10,5,5,255,4,5,5,10,4,4,255,255,4,5,5,255,5,5,4,4,5,5,5,255,5,5,5,5,5,255,5,10,5,5,5,255,255,5,5,5,5,5,5,5,5,5,5,255,10,5,255,5,255,255
1780854803.712906,16897,1698433017,844,1051,699,1054,686,661,788,977,1057,1307,2077,769,751,616,1110,1132,1178,1876,2095,2085,646,2113,2062,1754,1211,2052,2063,2098,2096,2092,2020,1870,1174,2060,2062,2113,2104,2134,2095,1927,1177,2017,2049,2117,2144,2075,1984,1908,1136,1966,2117,2136,2083,2013,1957,1935,1156,1657,1958,2053,2004,1968,1923,519,5,4,255,4,255,255,4,5,5,5,4,255,255,255,4,4,5,255,5,5,255,10,5,4,5,255,5,5,5,5,5,255,5,10,5,5,5,5,5,10,5,5,5,5,5,10,10,255,5,5,5,5,5,5,5,5,5,10,5,5,10,5,255,255
1780854803.813938,16898,1698533017,845,2023,699,1054,2119,2063,1289,986,1095,1285,2122,1898,751,1891,1449,1115,1177,2033,2104,2063,2142,2071,2080,1666,1194,2039,2082,2078,2090,2132,2102,1900,1223,2060,2094,2101,2085,2080,2095,1857,1183,2017,2084,2076,2077,2152,1984,1960,1176,1966,2135,2114,2083,2013,1928,1983,1096,1657,2099,2067,2004,1968,1923,519,5,4,255,255,10,10,9,5,5,5,5,10,255,10,9,9,5,10,5,5,10,5,5,5,5,10,5,5,5,5,5,10,5,255,5,5,5,5,255,5,5,255,5,5,5,5,255,10,5,255,5,5,255,255,5,5,5,255,5,5,255,255,255,255
1780854803.912394,16899,1698633017,847,2023,699,2027,2099,2063,1276,980,1055,1394,2122,2097,2047,2054,1402,1116,1195,1979,2051,2091,2052,2066,2067,1692,1207,1984,2070,2096,2083,2084,2100,1900,1175,2053,2057,2099,2089,2105,2051,1857,1200,2017,2083,2101,2141,2152,1984,2003,1177,2061,2086,2066,2064,1977,1908,1983,1080,1657,2099,2008,1990,1968,1923,519,5,255,255,10,5,255,5,5,5,5,255,5,10,5,5,5,9,5,5,5,5,5,5,9,5,5,5,5,5,5,5,255,9,10,5,5,5,5,10,255,9,255,5,5,5,255,255,5,5,10,5,5,10,10,5,255,5,255,255,5,10,255,255,255
1780854804.012566,16900,1698733017,853,1035,699,2042,2071,2063,1237,1025,1069,1248,2122,2143,2104,2054,1397,1087,1184,1966,2068,2084,2093,2126,2138,1692,1183,2034,2097,2097,2096,2118,2083,1900,1212,2053,2117,2083,2076,2074,2030,1857,1170,2116,2118,2101,2175,2152,1990,1941,1150,2174,2112,2129,2064,1978,1991,1938,1097,1657,2116,2003,2004,1977,1923,519,5,10,255,5,5,255,5,5,5,255,255,3,5,255,5,5,5,5,5,5,5,5,5,255,5,5,5,5,5,5,5,255,5,255,5,5,5,5,5,255,5,10,5,255,5,255,10,5,5,5,5,5,255,5,5,10,5,255,10,5,5,10,255,255
1780854804.115443,16901,1698833017,843,1035,2056,2080,2067,2038,1237,995,1105,1411,2067,2118,2104,2054,1412,1143,1158,1854,2075,2109,2093,2107,2037,1704,1178,2034,2111,2079,2069,2116,2060,1837,1196,2053,2073,2095,2119,2081,2071,1888,1170,2116,2127,2132,2175,2094,1963,1945,1169,2030,2084,2151,2078,1959,1933,2063,1087,1657,2093,2064,2073,1909,1923,519,5,255,10,5,5,10,255,5,5,5,10,5,255,255,5,5,5,9,5,5,255,5,5,10,5,255,5,5,5,5,5,10,5,255,5,5,5,5,5,10,5,255,5,10,255,10,5,5,5,5,5,5,10,5,5,5,5,255,5,5,5,5,255,255
1780854804.223746,16902,1698943017,836,1019,2058,2096,2067,1987,1285,992,1059,1334,2110,2106,2104,2086,1376,1117,1159,1967,2102,2087,2093,2063,1974,1626,1175,2060,2071,2085,2095,2113,2075,1783,1185,2053,2092,2082,2131,2081,2044,2005,1155,2116,2071,2132,2073,2113,1948,1936,1165,2125,2094,2151,2108,1959,1972,1953,1092,1657,2000,2074,2024,1968,1923,519,5,10,5,5,255,5,10,5,5,5,5,5,255,10,5,5,5,5,5,5,255,5,5,5,5,10,5,5,5,5,5,5,5,255,5,5,5,255,5,5,5,255,5,255,10,5,5,5,5,3,5,5,5,255,5,5,5,255,5,5,5,5,255,255
1780854804.324226,16903,1699043017,846,1019,2113,2041,2077,1958,1315,1013,1090,1297,2110,2071,2104,2086,1463,1114,1174,2061,2033,2075,2119,2136,2028,1626,1178,2060,2098,2089,2104,2125,2095,1917,1160,2105,2092,2093,2125,2081,2040,2005,1105,2116,2094,2070,2096,2094,1974,1945,1142,2044,2075,2112,2066,1935,1923,1953,1130,1657,2013,2048,2003,1968,1923,519,5,5,5,5,10,5,5,5,5,5,255,5,255,255,5,5,5,5,5,5,10,5,5,255,5,255,5,5,5,5,5,5,5,10,255,5,5,255,5,255,9,255,5,10,5,5,5,5,5,5,5,5,5,10,5,255,5,255,5,5,5,255,255,255
1780854804.424132,16904,1699143017,838,1019,2113,2082,2072,1947,1244,966,1076,1223,2049,2083,2104,2055,1384,1074,1168,1759,2053,2068,2115,2076,2043,1626,1151,2009,2101,2090,2106,2086,2100,1832,1125,2105,2051,2098,2131,2081,2053,1943,1248,2116,2101,2100,2091,2094,1955,1945,1152,1919,2106,2091,2074,1974,1944,1970,1120,1657,1918,2002,2027,1968,1923,519,5,255,255,5,5,5,5,5,5,5,10,5,255,10,5,5,5,3,5,5,5,5,5,255,5,10,5,5,5,5,5,5,5,255,10,5,5,255,5,10,9,255,5,5,5,255,5,255,5,5,5,5,5,5,5,10,5,255,5,5,5,255,255,255
1780854804.523566,16905,1699243017,836,1019,2076,2049,2092,1947,1277,1008,1106,1325,2049,2106,2104,2055,1454,1091,1148,1985,2064,2084,2102,2121,2053,1626,1231,2086,2115,2088,2079,2121,2095,1832,1186,2050,2051,2084,2109,2091,2053,1943,1175,2116,2097,2118,2091,2043,1954,1952,1173,1919,2113,2124,2097,1965,1981,1995,1117,1523,2016,2041,2027,1968,1923,519,5,255,10,5,5,255,5,5,5,5,255,5,255,255,5,5,5,4,5,5,5,5,5,255,9,5,5,5,5,5,5,255,5,10,255,5,5,10,255,255,5,255,5,5,255,10,5,10,5,255,5,5,5,5,5,5,5,10,5,5,255,255,255,255
1780854804.622502,16906,1699343017,838,2087,2133,2026,2032,1947,1235,1015,1077,1314,2049,2106,2104,2055,1475,1131,1151,1985,2047,2093,2097,2116,1979,1659,1208,2037,2087,2092,2078,2130,2141,1832,1200,2015,2130,2115,2097,2108,2087,1943,1169,2116,2089,2118,2132,2099,1960,1942,1148,1510,2078,2140,2097,2030,1962,1970,1122,1523,2019,1968,1955,1937,1923,519,5,10,5,5,5,255,5,5,9,5,255,255,255,255,5,5,5,255,5,5,5,5,5,10,5,5,5,5,5,5,5,255,9,5,10,5,5,5,10,255,5,255,5,255,10,5,5,5,5,10,5,5,255,5,5,5,5,255,5,5,10,10,255,255
1780854804.724485,16907,1699443016,821,2042,2043,2067,2091,1947,1276,997,1071,1419,2050,2063,2104,2055,1436,1137,1203,1985,2060,2091,2102,2110,2069,1663,1193,2030,2096,2087,2121,2087,2118,1876,1208,2148,2111,2103,2133,2108,2078,1958,1204,1999,2067,2118,2096,2101,1974,1967,1149,2093,2126,2110,2065,1986,1917,1937,1135,1523,2033,2071,1975,1963,1923,519,5,5,5,5,5,255,5,5,5,3,10,10,255,255,9,5,5,255,5,5,5,5,5,5,5,5,5,5,5,5,5,10,5,5,5,5,5,255,5,10,5,10,5,255,5,5,5,5,5,4,5,5,10,5,5,5,5,255,5,5,5,5,255,255
1780854804.824452,16908,1699543017,838,1061,2043,2101,2101,1947,1298,978,1098,1189,2050,2079,2104,2055,1372,1091,1196,2004,2045,2074,2049,2099,2017,1663,1200,2034,2060,2086,2097,2074,2132,1849,1217,2148,2093,2088,2125,2104,2038,1916,1208,2089,2134,2118,2094,2132,1946,1922,1159,2133,2115,2107,2083,2003,1941,1953,1149,1523,2100,2071,2062,1963,1923,519,5,4,255,5,5,255,5,5,5,4,255,5,255,255,5,5,5,10,5,5,5,5,5,255,5,5,5,5,5,5,5,5,5,255,5,5,5,10,5,5,5,5,5,255,5,5,5,5,5,5,5,5,5,5,5,5,5,255,5,255,5,255,255,255
1780854804.923774,16909,1699643017,842,2062,2084,2078,2140,1947,1251,994,1052,1313,2050,2053,2081,2090,1426,1100,1171,2004,2041,2055,2086,2084,2039,1689,1157,2067,2095,2093,2094,2116,2048,1911,1291,2008,2112,2102,2101,2137,2060,1916,1165,2018,2095,2118,2104,2047,1946,1922,1141,2011,2103,2119,2083,1933,1954,1980,1127,1523,1961,1991,2001,1962,1923,519,5,4,10,5,5,255,5,5,5,5,255,5,10,10,5,5,5,255,5,5,5,5,5,10,5,5,5,5,5,5,5,5,5,10,5,5,5,5,5,255,5,5,5,255,5,5,255,255,5,5,5,5,5,5,5,5,5,255,5,10,5,10,255,255
1780854805.022240,16910,1699743017,841,2078,2084,2064,2084,2005,1286,979,1065,1313,2050,2053,2044,2090,1372,1101,1190,2004,2092,2089,2115,2099,2084,1689,1167,2028,2107,2092,2090,2132,2109,1911,1204,2008,2066,2087,2064,2066,1997,1944,1213,2018,2111,2118,2127,2070,1946,1915,1157,2003,2094,2091,2075,1933,1977,1979,1110,1523,2055,2087,2009,1962,1923,519,5,5,255,5,5,10,5,5,5,5,255,255,5,255,5,5,5,255,5,5,5,5,5,255,5,5,5,5,5,5,5,255,5,255,5,5,5,5,5,10,5,255,5,255,5,5,255,10,5,5,5,5,5,255,5,5,5,255,5,5,5,255,255,255
1780854805.123615,16911,1699843017,842,1069,2084,2080,2072,2005,1339,991,1088,1325,2050,2075,2036,2090,1422,1086,1163,1994,2054,2087,2143,2082,2023,1745,1238,2056,2083,2079,2096,2084,2127,1911,1187,2030,2068,2106,2095,2093,2074,1937,1203,2018,2095,2095,2122,2066,1957,1915,1130,2051,2065,2118,2082,1933,1939,1971,1102,1523,2088,1990,2009,2010,1923,519,5,4,255,5,5,255,5,5,5,5,255,10,5,255,5,5,5,10,5,5,5,5,5,10,5,5,5,5,5,5,5,255,5,10,5,5,5,5,5,5,5,255,5,10,5,5,10,255,5,5,5,5,5,255,5,5,5,255,5,5,255,10,255,255
1780854805.223639,16912,1699943017,819,1069,2084,2129,2087,2005,1377,974,1063,1270,2050,2075,2058,2090,1307,1113,1167,1951,2039,2084,2083,2111,2048,1665,1230,2017,2085,2097,2078,2106,2081,1890,1171,2040,2072,2113,2111,2120,1972,1937,1159,2018,2079,2110,2101,2066,1915,1932,1176,1985,2071,2093,2106,2035,1978,1971,1133,1555,2071,2053,2012,2118,1923,519,5,255,255,5,5,255,5,5,5,5,255,255,5,255,5,5,5,4,5,5,5,5,5,5,5,5,5,5,5,5,5,10,5,5,5,5,5,5,5,255,5,255,5,5,5,255,5,10,5,5,5,5,5,10,5,5,5,10,5,5,10,5,255,255
1780854805.324980,16913,1700043017,847,993,2084,2129,2083,2006,1323,986,1096,1273,2031,2083,2106,2090,1307,1136,1173,1924,2070,2082,2083,2102,2002,1677,1191,1961,2090,2086,2100,2115,2124,1838,1165,2099,2096,2054,2097,2084,2055,1937,1211,2018,2083,2110,2101,2057,1915,1938,1153,2040,2097,2074,2085,1977,1938,1962,1105,1555,2042,2051,2045,1951,1923,519,5,10,255,255,5,10,5,5,5,5,10,10,5,255,255,5,5,5,5,5,5,5,5,5,5,5,5,5,5,5,5,5,5,5,5,5,5,5,5,255,5,255,5,255,255,10,255,5,5,5,5,5,5,5,5,5,5,255,5,5,5,5,255,255
1780854805.424799,16914,1700143017,838,993,2084,2101,2074,2006,1323,987,1091,1288,2015,2133,2106,2090,1409,1138,1180,2057,2062,2045,2067,2102,2085,1677,1197,1961,2090,2075,2080,2101,2083,1891,1201,1961,2090,2107,2075,2089,2074,1926,1217,2018,2071,2069,2101,2106,2005,1903,1137,1559,2092,2089,2094,1977,1940,1950,1129,1555,2021,2083,1993,1951,1954,519,5,255,255,10,5,255,255,5,5,5,5,5,255,255,10,5,5,5,5,5,5,255,5,255,5,255,5,5,5,5,5,5,5,5,5,5,5,5,5,10,5,255,5,10,255,5,10,5,5,4,5,5,5,255,5,5,5,255,5,5,5,255,10,255
1780854805.524629,16915,1700243017,855,1164,2070,2048,2068,2037,1394,981,1111,1214,2015,2042,2044,1972,1432,1161,1171,1912,2078,2097,2057,2104,2006,1677,1145,1961,2094,2102,2085,2095,2078,1879,1153,1961,2104,2120,2100,2150,2037,1926,1170,2018,2129,2128,2084,2113,2005,1971,1116,2052,2115,2080,2058,1977,1943,1973,1122,1555,2022,2061,2003,1997,1954,519,5,10,10,5,5,10,10,5,5,5,255,5,10,10,5,5,5,5,5,5,5,10,5,255,5,255,5,5,5,5,5,5,5,255,5,5,5,5,5,255,5,255,5,5,10,5,255,5,5,4,5,5,5,255,5,5,5,255,5,5,5,10,255,255
1780854805.624269,16916,1700343017,852,2080,2070,2088,2076,2037,1316,1012,1081,1292,2015,2040,2046,1972,1564,1084,1157,1991,2096,2115,2115,2148,2102,1677,1178,2035,2098,2098,2083,2115,2063,1879,1206,1961,2104,2093,2100,2150,2106,1926,1179,2018,2128,2052,2121,2096,1971,1954,1161,2149,2098,2122,2058,1977,1956,1973,1122,1555,1976,2079,2003,1997,1954,519,5,5,255,5,5,255,5,5,5,5,255,5,5,255,5,5,5,5,5,5,5,5,5,255,5,10,5,5,5,5,5,255,5,255,5,5,255,255,5,255,5,255,5,5,5,5,10,5,5,5,5,5,5,255,5,255,5,255,5,5,255,255,255,255
1780854805.724540,16917,1700443017,855,2097,2079,2013,2056,2037,1255,992,1054,1375,2015,2072,2046,1972,1459,1150,1157,2107,2064,2061,2105,2131,2045,1677,1204,2035,2098,2103,2082,2114,2063,1879,1240,1961,2124,2083,2105,2150,2084,1926,1209,1543,2099,2052,2121,2096,1941,1979,1198,2039,2073,2133,2058,1984,1954,1973,1107,1555,2040,2106,1987,1949,1954,519,5,5,10,5,5,255,5,5,5,4,255,5,255,255,5,5,5,5,5,5,5,5,5,255,5,255,5,5,5,5,5,255,5,255,5,5,10,255,5,255,5,10,5,255,255,255,5,5,5,5,5,5,255,10,5,255,5,255,5,5,10,10,255,255
1780854805.824481,16918,1700543017,838,2097,2079,2042,2079,2012,1289,1034,1040,1263,2015,2097,2055,1972,1459,1090,1201,2107,2080,2107,2059,2118,2099,1668,1188,2051,2116,2085,2101,2114,2064,1849,1172,1961,2044,2096,2134,2150,2084,1926,1155,1543,2079,2096,2138,2096,1928,1938,1165,1953,2139,2077,2126,2006,1974,1966,1153,1555,2111,2042,2029,1886,1918,519,5,255,255,5,5,10,5,5,5,4,255,5,10,255,255,5,9,255,5,5,5,5,5,10,5,10,5,5,5,255,5,10,5,255,5,5,5,255,255,255,5,255,5,10,10,255,5,5,5,5,5,5,10,5,5,10,5,255,5,5,5,5,10,255
1780854805.925076,16919,1700643017,849,2097,2079,2035,2031,2032,1343,972,1051,1343,2015,2066,2055,2058,1457,1122,1186,2118,2075,2081,2113,2065,2053,1668,1195,2051,2075,2091,2073,2084,2084,1897,1134,2066,2004,2081,2069,2150,2051,1926,1166,1543,2106,2149,2102,2030,1928,1995,1150,1752,2091,2148,2087,1985,1950,1945,1118,1555,2072,2040,1998,1886,1918,519,5,255,255,5,5,5,5,5,5,5,255,5,255,10,10,5,5,10,5,5,5,5,5,255,5,255,5,5,5,10,5,5,5,10,5,5,5,255,10,255,5,255,5,5,5,10,255,5,5,4,5,5,5,5,5,5,5,255,5,5,5,255,255,255
1780854806.024673,16920,1700743017,845,2070,2079,2058,2103,2032,1449,1008,1086,1293,2061,2061,2055,2067,1481,1087,1208,2118,2072,2068,2080,2108,2071,1693,1172,2078,2094,2079,2099,2099,2123,1897,1250,2050,2004,2077,2140,2074,2096,1926,1189,1543,2085,2089,2089,2117,1928,1995,1133,2070,2102,2114,2114,1981,1953,1920,1131,1555,2096,2040,1985,1990,1918,519,5,10,255,5,5,255,5,5,5,5,10,5,255,5,5,5,5,255,5,5,5,5,5,10,5,10,5,5,5,5,5,255,5,5,255,5,5,10,5,255,5,255,5,5,5,5,255,255,5,4,5,5,5,5,5,5,5,255,5,255,5,10,255,255
1780854806.122433,16921,1700843017,834,2070,2066,2043,2069,2067,1271,970,1086,1243,2061,2084,2055,2021,1619,1136,1168,2011,2036,2100,2080,2108,2042,1693,1200,2170,2080,2084,2103,2134,2121,1807,1213,2031,2147,2075,2099,2063,2047,1942,1159,2052,2094,2097,2083,2117,1928,1879,1122,2102,2092,2126,2082,2053,1950,1920,1118,1555,1999,1987,1978,1937,1918,519,5,255,10,5,5,10,5,5,5,5,255,5,255,5,5,5,5,10,5,5,255,255,5,255,9,5,5,5,5,5,5,10,5,5,10,5,5,5,5,10,5,10,5,5,5,255,255,10,5,5,5,5,5,5,5,255,5,255,5,10,5,5,255,255
1780854806.224898,16922,1700943017,867,1040,2049,2052,2111,2067,1326,1000,1066,1266,2061,2099,2079,2021,1369,1149,1204,2011,2084,2120,2053,2094,2113,1693,1202,2009,2081,2095,2080,2125,2098,1807,1203,2052,2147,2098,2108,2137,2088,1915,1181,2052,2135,2085,2073,2117,1928,1976,1141,1985,2085,2089,2021,1961,1991,1976,1090,1555,2037,1987,1978,1937,1918,519,5,10,5,5,5,255,5,5,5,5,255,5,10,255,4,5,5,255,5,5,10,10,5,255,5,5,5,5,5,5,5,255,5,5,255,5,5,5,5,5,5,255,5,5,5,255,255,5,5,4,5,5,5,5,5,10,5,255,5,255,255,255,255,255
1780854806.324602,16923,1701043016,840,2008,2033,2052,2111,1990,1357,982,1089,1370,2173,2069,2079,2021,1384,1117,1165,1979,2082,2094,2096,2103,2090,2084,1175,2066,2109,2090,2098,2090,2093,1807,1196,2052,2137,2064,2134,2083,2037,1938,1174,2052,2120,2091,2114,2047,1924,1947,1162,1862,2057,2090,2042,2030,1940,1947,1106,1555,2030,2037,1959,1961,1918,519,5,5,5,255,5,10,5,5,5,5,10,5,255,255,5,5,5,10,5,5,5,5,5,10,5,5,5,5,5,5,5,255,5,255,10,5,5,5,5,5,5,255,5,5,5,10,10,5,5,9,5,5,5,5,5,5,5,255,5,10,10,10,255,255
1780854806.423939,16924,1701143017,849,1089,2073,2073,2055,2055,1287,1005,1096,1314,2173,2041,2108,2021,1365,1095,1174,1979,2146,2079,2104,2106,2013,2084,1192,1981,2113,2081,2073,2111,2100,1807,1198,2052,2081,2083,2103,2083,2040,1938,1144,2052,2081,2098,2121,2109,1924,1897,1150,2149,2129,2128,2042,1958,1939,1960,1111,1555,2049,2063,2000,1952,1918,519,5,5,5,10,5,5,5,5,5,5,255,5,10,255,5,5,5,255,5,5,5,5,5,255,5,5,5,5,5,5,5,255,5,255,5,5,5,255,5,255,5,255,5,5,5,5,255,5,5,4,5,5,255,5,5,5,5,255,5,5,5,5,255,255
1780854806.524139,16925,1701243016,853,1063,1030,2073,2059,2012,1278,1034,1061,1223,2067,2047,2075,2021,1432,1120,1153,1863,2040,2096,2099,2126,2049,1742,1223,1981,2101,2090,2084,2103,2114,1946,1190,2048,2112,2079,2125,2083,2076,1938,1202,2052,2051,2125,2115,2049,1966,1906,1129,2089,2107,2077,2079,1980,1940,1916,1111,1555,2004,2072,2041,1965,1918,519,5,5,4,255,5,5,9,5,5,5,10,5,5,255,5,5,5,10,5,5,5,5,5,10,5,255,5,5,5,5,5,10,5,10,5,5,5,255,5,255,9,255,5,5,5,5,10,5,5,5,5,5,10,5,5,5,5,255,5,5,5,5,255,255
1780854806.623240,16926,1701343017,837,1058,1031,1082,988,2012,1246,971,1089,1307,2040,1086,2075,2021,1535,1132,1193,2066,2107,2053,2099,2074,2081,1774,1214,1981,2094,2096,2073,2078,2117,1946,1221,2048,2096,2122,2143,2150,2095,1938,1165,2052,2119,2125,2059,2091,1941,1906,1149,1983,2061,2109,2104,1977,1952,1911,1094,1555,2032,2004,2000,1965,1918,519,5,255,5,10,4,255,5,5,5,5,5,4,255,255,5,5,9,4,5,5,255,5,5,5,5,255,5,5,5,5,5,255,5,255,5,5,5,10,5,255,5,255,5,255,5,5,5,255,5,5,5,5,5,5,5,5,5,255,5,5,5,255,255,255
1780854806.725363,16927,1701443016,846,699,660,624,405,386,379,942,1085,1262,934,676,2075,403,1416,398,1182,1584,2093,1063,2099,2116,2026,1639,1185,2017,2092,2083,2092,2097,2095,1865,1198,2004,2072,2085,2094,2094,2069,1938,1162,2052,2109,2116,2138,2073,1912,1927,1154,1652,2113,2115,2085,1998,1924,1947,1103,1852,2133,2056,1990,1960,1967,519,5,4,4,4,4,10,4,5,5,5,4,4,255,10,5,4,5,5,5,4,255,5,5,5,5,10,5,5,5,5,5,10,5,10,5,5,5,5,5,255,5,255,5,10,5,5,5,10,5,4,5,5,5,5,5,5,5,10,5,5,5,10,10,255
1780854806.824061,16928,1701543017,840,1053,660,2042,2098,656,670,986,1060,1238,934,676,620,654,402,523,1182,1959,2089,715,675,409,411,401,1225,2017,2100,732,774,422,409,408,1172,2004,2116,2067,1035,482,435,432,1168,2052,2069,2100,2094,2073,1912,1955,1143,1652,2068,2093,2101,1986,1941,1983,1133,1852,2014,2048,1990,1877,1967,519,5,4,255,4,4,4,4,5,5,9,255,255,10,4,5,5,9,4,5,4,10,4,5,4,5,255,5,4,4,4,4,4,5,255,5,5,4,4,4,10,5,255,5,5,5,255,255,5,5,255,5,5,5,5,5,5,5,255,5,5,255,5,255,255
1780854806.924520,16929,1701643017,840,1026,2081,2034,2049,656,1298,1002,1089,1320,2087,2032,620,654,708,693,1247,1963,2085,2070,675,727,672,661,1212,2017,2068,2072,718,713,623,615,1182,2004,2106,2092,706,677,621,422,1177,2052,2073,2100,739,661,452,447,1154,2103,2098,2105,2075,905,1929,450,1161,1852,1979,2057,1988,1877,1967,519,5,5,10,5,5,255,5,5,5,5,10,10,255,255,4,5,5,5,5,4,255,4,4,4,5,255,5,4,5,4,4,4,5,255,5,5,4,5,5,5,5,255,5,255,4,10,10,5,5,10,5,5,5,4,5,4,5,255,5,5,10,255,255,255
1780854807.031978,16930,1701753017,875,1038,2081,2077,2075,2070,1407,985,1082,1319,2007,2066,620,654,1497,1079,1182,1963,2046,2085,2060,2106,2044,683,1175,2015,2097,2089,2079,2105,671,651,1153,1973,2060,2105,2072,809,691,600,1218,2052,2085,2100,2119,788,618,597,1143,2050,2101,2107,2078,656,600,560,1154,1612,2030,1969,1984,712,615,558,5,255,255,5,5,10,5,5,5,5,5,5,255,255,9,5,5,255,5,5,10,4,4,5,5,10,5,5,5,4,5,5,5,10,5,5,4,255,5,5,5,255,5,255,4,255,5,5,5,5,5,5,5,4,4,5,5,10,5,5,5,255,10,10
1780854807.132500,16931,1701853016,836,2027,2072,2080,2073,2100,1407,1019,1057,1304,2079,2054,620,2088,1427,1144,1172,1986,2060,2090,2113,2116,2080,1663,1218,2039,2079,2083,2088,2117,2138,651,1228,2069,2094,2111,2091,2094,2076,1955,1271,2013,2093,2100,2093,788,952,776,1140,1997,2082,2099,2142,656,880,639,1101,1612,2018,2037,1942,1991,646,627,5,4,10,5,5,5,255,5,5,5,5,5,255,10,5,5,5,10,5,5,5,5,5,4,5,5,5,5,5,5,4,255,5,5,5,5,5,4,4,4,5,10,5,255,5,255,4,5,5,5,5,5,5,255,4,5,5,255,5,5,5,4,255,5
1780854807.234469,16932,1701953017,857,2050,2072,2063,2091,2066,1243,1007,1069,1283,2079,2036,620,2030,1427,1112,1180,1995,2047,2095,2113,2063,2069,1691,1158,2039,2090,2084,2091,2104,2080,1936,1236,2036,2064,2110,2090,2076,2037,728,1209,2013,2061,2100,2089,2048,952,776,1125,1865,2097,2088,2051,656,880,912,1113,1612,1995,2053,1971,1991,646,860,5,5,255,5,5,5,10,5,5,9,255,5,255,5,255,5,5,5,5,5,255,5,5,5,5,255,5,5,5,5,5,10,5,5,5,5,5,5,5,255,9,255,5,255,5,10,255,255,5,9,5,5,5,255,255,4,5,255,5,5,5,255,255,4
1780854807.333776,16933,1702053017,856,1103,2072,2083,2089,2066,1286,1001,1106,1400,2078,2061,620,2030,1541,1108,1171,1629,2080,2067,2083,2075,2072,1691,1193,2006,2114,2086,2093,2126,2086,1893,1213,2053,2112,2095,2131,2133,2065,728,1186,2013,2069,2081,2121,2046,952,1921,1144,2016,2118,2135,2087,656,880,912,1102,1612,2036,2068,1947,1991,1932,940,5,5,255,5,5,255,5,5,5,5,10,5,255,255,10,5,5,5,5,5,10,5,5,255,5,10,5,5,5,5,5,5,9,5,5,5,5,5,5,255,5,255,5,10,5,5,255,10,5,5,5,5,5,255,255,255,5,255,5,5,5,255,10,5
1780854807.432802,16934,1702153017,811,2098,2109,2088,2048,2109,1278,969,1091,1218,2045,2078,620,2030,1541,1090,1238,1629,2055,2077,2075,2110,2089,1655,1139,2104,2076,2076,2073,2119,2114,1893,1196,2022,2057,2087,2062,2174,2072,728,1174,2039,2090,2018,2062,2037,952,2019,1146,2016,2122,2127,2087,2026,1934,912,1108,1612,2020,2015,1947,1991,1932,940,5,4,10,5,5,10,5,5,5,5,5,5,255,255,255,5,5,255,5,5,5,5,5,10,5,5,5,5,5,5,5,255,5,5,5,5,5,5,5,255,5,10,5,5,5,5,255,5,5,255,5,5,255,10,10,255,9,255,5,5,255,255,255,255
1780854807.534965,16935,1702253017,836,2075,2074,2090,2127,2109,1262,1038,1104,1242,2119,2094,2084,2030,1426,1107,1150,1708,2055,2072,2108,2089,2042,1664,1184,2104,2116,2088,2110,2113,2077,1893,1152,1908,2102,2073,2114,2174,2058,728,1177,2015,2075,2108,2123,2088,952,1963,1164,2016,2085,2106,2114,1974,1954,912,1118,1612,2027,2022,1950,1955,1932,940,5,5,5,5,5,255,9,5,5,5,5,5,10,255,10,5,5,10,255,5,5,5,5,5,5,255,5,5,5,5,5,255,5,5,5,5,5,255,5,255,5,5,5,5,5,5,255,5,5,255,5,5,10,5,5,255,5,255,5,5,10,10,255,255
1780854807.632858,16936,1702353017,828,2075,2097,2114,2100,2027,1286,978,1087,1343,2119,2057,2023,2030,1491,1147,1207,1708,2055,2109,2087,2070,2105,1807,1197,2020,2065,2081,2088,2111,2146,1893,1168,1908,2105,2097,2134,2174,2053,728,1175,2015,2076,2108,2067,2076,1971,1960,1148,1586,2087,2102,2091,2066,1954,912,1129,1612,1981,2041,1963,1979,1932,940,5,255,5,5,5,10,5,5,5,5,255,5,5,255,5,5,5,255,255,5,5,5,5,5,5,10,5,5,5,5,5,255,5,255,5,5,5,255,5,255,5,255,5,255,5,5,10,5,5,10,5,5,5,5,255,255,5,255,5,5,5,5,255,255
1780854807.735741,16937,1702453017,823,1035,2084,2078,2085,2065,1286,957,1071,1278,2077,2064,2090,2010,1482,1134,1177,2017,2092,2072,2099,2120,2088,1807,1196,2101,2096,2096,2094,2071,2141,1931,1190,2096,2075,2091,2095,2137,2038,1954,1171,2015,2125,2108,2119,2076,1971,1960,1176,1501,2099,2094,2093,2045,1904,2031,1136,1612,2033,2054,2036,1979,1932,940,5,10,5,5,5,5,255,5,5,5,10,5,5,10,5,5,5,10,10,5,5,5,5,255,5,5,5,5,5,5,5,10,5,10,5,5,5,10,5,10,5,255,5,255,5,255,255,255,5,5,5,5,5,5,10,255,5,255,5,5,5,255,255,255
1780854807.833799,16938,1702553017,846,1003,2084,2075,2059,2065,1277,988,1064,1230,2069,2117,2090,2070,1494,1125,1192,1546,2084,2040,2112,2068,2064,1807,1223,2024,2055,2094,2106,2127,2077,1931,1181,2096,2130,2084,2097,2128,2056,1954,1156,2015,2086,2089,2119,2092,1971,1960,1171,1933,2085,2062,2096,2002,1905,1981,1090,1612,2102,2049,2036,1979,1998,940,5,5,255,5,5,255,10,5,5,5,5,5,255,5,5,5,9,5,5,5,5,5,5,255,5,5,5,5,5,5,5,255,5,255,5,5,5,5,5,255,5,255,5,10,255,10,255,255,5,5,5,5,5,5,5,5,9,255,5,5,255,255,10,255
1780854807.932601,16939,1702653017,845,979,2084,2119,2059,2065,1219,984,1050,1292,2012,2047,2084,1991,1444,1165,1164,1516,2076,2070,2104,2081,2094,1807,1182,2024,2089,2076,2107,2113,2074,1861,1158,2047,2131,2078,2113,2128,2054,1887,1108,2015,2081,2093,2155,2100,2022,1927,1135,1916,2074,2092,2095,1986,1964,1972,1079,1612,2045,2055,1992,1979,1998,940,5,5,255,5,255,255,5,5,5,5,5,5,10,5,5,5,5,5,5,5,5,5,5,255,5,255,5,5,5,5,5,10,5,10,5,5,5,255,5,10,5,255,5,5,10,5,10,10,5,5,5,5,5,5,5,5,5,255,5,5,10,255,255,255
1780854808.032224,16940,1702753017,838,2112,2084,2095,2059,1919,1274,1003,1070,1233,2012,2047,2084,2080,1419,1085,1194,1975,2082,2110,2098,2030,2018,1715,1147,1510,2097,2084,2096,2083,2068,1806,1170,2047,2137,2107,2117,2142,1968,1887,1180,2027,2117,2093,2107,2101,1917,1927,1165,1998,2113,2153,2074,1937,1946,1939,1082,1612,2051,2062,1998,1979,1998,940,5,4,255,5,255,10,5,5,5,5,255,255,255,5,5,5,5,5,5,5,5,5,5,10,5,10,5,5,5,5,5,5,5,255,5,5,5,10,5,255,5,10,5,255,5,5,5,255,5,5,5,5,5,5,5,5,5,255,5,5,5,255,255,255
1780854808.133744,16941,1702853017,841,1054,2102,2037,2075,1919,1274,980,1100,1260,2012,2073,2084,2080,1542,1124,1205,1982,2050,2081,2018,2092,2048,1660,1193,1997,2086,2083,2110,2078,2070,1799,1201,2047,2123,2098,2087,2142,2015,1887,1195,2027,2091,2095,2097,2111,1969,1927,1135,2112,2113,2083,2090,2009,1935,1990,1136,1612,2046,2058,2025,1924,1998,940,5,4,10,5,10,255,255,5,5,5,255,10,255,255,5,5,5,5,5,5,5,5,5,5,5,5,5,5,5,5,5,9,5,255,5,5,5,255,5,255,5,255,5,10,5,5,5,255,5,5,5,5,5,5,5,5,5,255,5,5,5,10,255,255
1780854808.232538,16942,1702953017,864,1078,2099,2096,2100,1919,1249,986,1055,1269,2012,2104,2084,2080,1341,1143,1176,1982,2079,2049,2018,2098,2050,1607,1170,2042,2083,2085,2094,2078,2085,1963,1202,2047,2123,2090,2107,2283,2045,1887,1162,1825,2096,2088,2111,2082,1972,1927,1134,2005,2111,2130,2090,2011,1947,1960,1101,1612,1992,2009,2020,1924,1998,940,5,255,5,5,5,255,10,5,5,5,255,5,255,255,4,5,5,255,5,5,255,5,5,5,5,5,5,5,5,5,5,5,5,255,255,5,5,10,5,255,5,10,5,5,5,5,5,255,9,9,5,5,255,5,5,5,5,255,5,5,5,255,255,255
1780854808.335082,16943,1703053017,831,1078,2099,2096,2108,2081,1253,968,1089,1269,2012,2047,2084,2080,1403,1114,1235,1623,2095,2106,2060,2056,2076,1651,1182,1975,2091,2089,2076,2134,2116,1823,1214,2047,2123,2107,2104,2079,2042,1887,1171,2016,2075,2088,2111,2056,1905,1890,1159,1982,2086,2103,2116,2026,1944,1955,1158,1612,1950,2092,2020,1924,1998,940,5,255,255,255,5,10,9,5,5,255,255,5,255,255,4,5,5,10,5,5,10,5,5,5,5,5,5,5,5,5,5,5,5,255,255,5,5,4,5,255,5,5,5,255,255,5,5,10,5,5,5,5,10,5,5,5,5,255,5,5,255,255,255,255
1780854808.433513,16944,1703153017,852,1078,2061,2057,2104,2081,1253,995,1068,1281,2012,2047,2084,2080,1400,1147,1163,1623,2077,2113,2083,2112,2126,1651,1155,2030,2081,2082,2086,2154,2121,1944,1182,2047,2037,2096,2113,2079,2020,1887,1200,2016,2074,2129,2094,2112,1909,1925,1174,1980,2111,2072,2102,1996,1925,1949,1118,1612,2037,1984,2013,2000,1998,940,5,255,10,10,5,255,255,5,5,10,255,255,255,255,4,5,5,255,5,5,5,5,5,255,5,5,5,5,5,5,5,5,5,255,10,5,5,255,5,255,5,255,5,10,10,5,5,5,5,5,5,5,5,5,5,5,5,255,5,5,10,10,255,255
1780854808.534688,16945,1703253017,832,1013,2061,2092,2090,2081,1261,967,1067,1298,2012,2078,2084,2038,1436,1138,1190,1623,2043,2088,2094,2097,2108,1663,1176,2030,2081,2096,2067,2096,2063,1923,1278,2047,2035,2116,2109,2050,2042,1941,1147,2016,2126,2118,2129,2053,1926,1942,1116,2172,2107,2095,2105,1960,1925,1982,1118,1612,1962,2057,1946,1935,1998,940,5,10,255,5,5,255,10,5,5,9,255,10,255,10,5,5,5,255,5,5,5,5,5,10,5,255,5,5,5,5,255,5,5,255,5,5,5,10,5,10,5,255,5,5,5,5,5,5,5,5,5,5,5,5,5,5,5,255,5,5,5,5,255,255
1780854808.634753,16946,1703353017,838,1063,2061,2093,2096,2081,1339,976,1079,1350,2077,2068,2087,2089,1344,1111,1191,2022,2031,2125,2094,2119,2108,1672,1187,2080,2085,2095,2088,2098,2076,1924,1247,2048,2035,2081,2100,2163,2033,1920,1176,2016,2089,2106,2129,2146,1926,1942,1155,2072,2095,2110,2088,1960,1919,1960,1114,1612,1962,2031,1961,1955,1998,940,5,5,255,5,5,255,5,5,5,5,10,5,10,5,5,5,5,10,5,5,255,5,255,5,5,10,5,5,5,5,5,5,5,10,255,5,5,5,5,5,9,255,5,5,255,5,255,255,5,5,5,5,5,255,5,5,5,255,255,5,5,5,255,255
1780854808.732832,16947,1703453017,859,1090,2088,2050,2100,2081,1308,979,1098,1273,2083,2068,2087,2074,1492,1106,1178,2056,2105,2074,2106,2067,2083,1672,1187,2080,2103,2081,2056,2108,2085,1924,1187,2102,2035,2101,2104,2163,2083,1920,1162,2016,2093,2106,2136,2103,1926,1959,1163,1928,2107,2085,2032,1960,1959,1950,1156,1612,2040,2025,2089,1978,1998,940,5,255,10,5,5,255,5,5,5,5,5,255,255,5,5,5,9,5,5,5,10,5,10,255,9,255,5,5,5,5,5,255,5,5,255,5,5,255,5,255,5,255,5,255,10,5,255,10,5,5,5,5,5,255,5,5,5,255,10,5,5,5,255,255
1780854808.834370,16948,1703553017,851,1003,2077,2113,2117,1997,1308,984,1102,1236,2083,2089,2087,2074,1430,1125,1162,1569,2085,2092,2063,2129,2042,1672,1220,2080,2081,2080,2087,2103,2075,2030,1170,2097,2113,2097,2138,2163,2087,1920,1147,2016,2089,2147,2101,2103,1963,1996,1137,1968,2130,2049,2032,1960,1937,1953,1111,1612,2034,1996,2130,1978,1998,940,5,5,5,5,5,10,255,5,5,9,255,10,255,255,5,5,5,4,5,5,5,5,5,255,5,255,5,5,5,5,5,10,5,5,10,5,5,255,5,255,5,255,5,10,5,255,10,5,5,5,5,5,255,255,5,5,5,255,5,5,5,255,255,255
1780854808.934516,16949,1703653017,834,1088,2077,2086,2069,2017,1201,1001,1113,1218,2083,2038,2087,2059,1317,1125,1172,1991,2085,2085,2209,2039,2099,1613,1193,2080,2064,2086,2095,2071,2071,2030,1252,2097,2085,2073,2085,2128,2038,1873,1150,2016,2108,2096,2156,2080,1963,1958,1155,2077,2109,2111,2066,1960,1927,1977,1090,1612,1985,2047,2130,1978,1998,940,5,255,255,5,5,9,10,5,5,5,255,5,255,10,5,5,5,4,255,5,5,5,5,10,5,255,5,5,5,5,5,255,5,255,5,5,5,10,5,10,5,255,5,5,5,10,255,5,5,5,5,5,10,255,5,5,5,255,5,5,255,255,255,255
1780854809.033377,16950,1703753017,845,1088,2103,2047,2069,2006,1270,990,1087,1266,2083,2123,2067,2059,1437,1099,1161,1973,2085,2097,2059,2122,2078,1613,1182,1998,2058,2099,2096,2103,2083,1887,1208,2078,2080,2117,2088,2125,2091,1873,1193,2082,2057,2113,2156,2090,1954,1920,1125,2077,2093,2118,2095,1960,1970,1983,1116,1612,1979,2056,1986,1978,1998,940,5,255,10,5,255,5,5,5,5,5,255,5,10,255,5,5,5,5,255,5,5,5,5,255,5,10,5,5,5,5,5,10,5,10,5,5,5,5,5,255,5,10,5,5,255,5,10,5,5,255,5,5,5,255,5,5,5,255,5,5,10,255,255,255
1780854809.132372,16951,1703853017,844,1088,2020,2089,2039,2006,1256,1028,1047,1253,2037,2083,2056,2059,1429,1113,1198,1994,2101,2096,2110,2142,2045,1622,1195,1998,2064,2081,2090,2106,2104,1887,1181,2042,2080,2088,2107,2125,2077,1957,1171,2082,2072,2071,2110,2073,1944,1968,1141,2077,2116,2126,2079,1986,1923,1944,1103,1612,2024,2055,1928,1945,1998,940,5,255,5,5,10,255,5,9,5,5,10,5,5,255,9,5,5,5,10,5,5,5,5,10,5,255,5,5,5,5,5,255,5,5,255,5,5,255,5,10,5,255,5,5,10,5,5,5,9,255,5,5,5,10,5,5,5,255,5,5,5,10,255,255
1780854809.232801,16952,1703953017,854,1067,2073,2080,2091,2006,1256,1017,1082,1257,2037,2034,2070,2059,1429,1118,1173,1959,2053,2073,2071,2140,2045,1732,1167,1998,2108,2075,2099,2089,2099,1818,1184,2035,2124,2101,2078,2065,2061,1957,1169,2082,2102,2078,2105,2091,1960,1927,1143,2024,2091,2141,2084,1990,1930,1996,1141,1612,2047,2025,1951,1968,1998,940,5,10,5,5,5,255,255,5,5,5,255,5,5,255,255,5,5,5,5,5,5,5,255,5,5,255,5,5,5,5,5,10,5,5,10,5,5,10,5,255,5,255,5,5,5,5,5,5,5,10,5,5,5,5,5,5,5,255,5,5,5,5,255,255
1780854809.334552,16953,1704053016,855,2057,2073,2085,2059,2006,1197,998,1084,1340,2056,2063,2054,2059,1483,1123,1179,2153,2025,2095,2065,2106,2067,1661,1226,2026,2077,2079,2084,2091,2109,1831,1196,2035,2086,2081,2117,2120,2051,1897,1160,2082,2077,2101,2119,2091,2001,1942,1128,1918,2112,2081,2067,1987,1902,1950,1141,1612,2023,2035,2000,1982,1998,940,5,5,255,5,5,255,10,5,5,5,10,5,5,255,10,5,5,5,5,5,5,5,10,5,5,10,5,5,5,5,5,5,5,255,5,5,5,5,5,10,5,255,5,5,5,255,5,5,5,5,5,5,5,5,5,5,5,255,5,5,5,5,255,255
1780854809.432645,16954,1704153017,833,1110,2027,2034,2120,2006,1272,958,1066,1374,2056,2085,2054,1940,1351,1122,1187,2069,2112,2083,2126,2083,2027,1626,1160,2053,2088,2079,2084,2090,2057,1831,1191,2035,2086,2085,2120,2052,2026,1897,1183,2082,2091,2104,2119,2065,1940,1942,1126,2053,2104,2108,2114,1987,1949,1972,1098,1612,2089,2035,2000,1948,1998,940,5,4,10,5,5,10,5,5,5,5,255,5,255,3,5,5,5,5,5,5,5,5,5,5,5,5,5,5,5,5,5,255,5,255,255,5,5,5,5,255,5,255,5,5,255,10,5,255,5,5,5,5,5,255,255,5,5,255,5,255,255,5,255,255
1780854809.534181,16955,1704253017,837,1116,2058,2065,2120,2006,1272,992,1073,1268,2052,2056,2054,1940,1532,1113,1168,1984,2029,2055,2131,2055,2083,1720,1164,2068,2104,2093,2092,2093,2077,1839,1192,2035,2086,2107,2082,2099,2008,1897,1160,1958,2103,2104,2091,2062,1940,1949,1150,1984,2124,2100,2108,2001,1935,1945,1122,1612,2085,2108,2020,1987,1998,940,5,5,5,5,255,255,255,5,5,5,10,5,255,255,5,5,5,5,5,5,5,5,5,9,9,5,5,5,5,5,5,10,5,255,255,5,5,5,5,255,5,10,5,255,10,5,255,10,5,5,5,5,5,10,5,5,5,255,5,10,10,5,255,255
1780854809.642890,16956,1704363017,833,1019,2058,2077,2036,2006,1293,1016,1099,1283,2123,2092,2054,1940,1483,1117,1174,1984,2087,2061,2131,2114,2027,1720,1174,2068,2088,2100,2100,2128,2049,1799,1202,2046,2090,2090,2094,2100,2076,1897,1166,1958,2148,2096,2091,2075,1940,2003,1150,1998,2065,2091,2119,1954,1948,1932,1111,1612,2074,2051,1949,1923,2042,940,5,5,255,5,10,255,10,5,9,5,5,5,255,255,9,5,5,255,5,5,255,5,5,255,5,255,5,5,5,5,5,5,5,10,10,5,5,5,5,255,5,255,5,10,255,5,255,5,5,5,5,5,5,5,5,5,5,255,5,5,5,5,10,255
1780854809.743312,16957,1704463017,827,978,2065,2035,2053,2006,1234,997,1074,1356,2047,2092,2054,2125,1356,1059,1117,1877,2091,2072,2100,2106,2052,1741,1220,2088,2094,2094,2079,2127,2085,1833,1196,2048,2066,2097,2111,2124,2019,1897,1136,1958,2071,2100,2091,2056,1940,1952,1174,1998,2106,2075,2125,2014,1963,1939,1145,1612,1999,2029,1980,1923,2042,2027,5,5,10,5,5,255,5,5,5,5,5,255,255,10,5,5,5,10,5,5,10,5,5,10,5,10,5,5,5,5,5,5,5,5,5,5,5,5,5,255,5,255,5,5,255,5,255,5,5,255,5,5,5,5,5,5,5,255,5,5,5,255,255,10
1780854809.843185,16958,1704563017,850,1040,2065,2049,2053,2064,1336,968,1073,1345,2047,2076,2101,2125,1471,1089,1179,2058,2090,2077,2121,2077,2065,1741,1171,2021,2085,2083,2076,2115,2069,1833,1232,2048,2104,2081,2104,2125,2010,1897,1148,1958,2107,2100,2076,2100,1940,1910,1135,1859,2107,2156,2083,2014,1908,1974,1108,1612,2036,2029,1980,1923,2042,2027,5,5,255,5,255,10,5,5,5,5,255,10,10,255,5,5,5,9,5,5,5,5,5,255,9,5,5,5,5,5,5,255,5,255,5,5,5,5,5,255,5,255,5,255,10,5,255,5,5,10,5,5,5,255,5,5,5,255,5,255,255,255,255,255
1780854809.942474,16959,1704663017,853,1116,2061,2089,2077,2064,1357,971,1102,1391,2047,2082,2101,2125,1471,1096,1206,1918,2084,2048,2078,2133,2076,1679,1165,2067,2090,2105,2108,2126,2072,1756,1208,2031,2147,2108,2115,2136,2073,1894,1190,1958,2078,2092,2064,2116,1880,1935,1146,2007,2107,2118,2094,2014,1967,1958,1123,1612,2087,2044,1980,1949,2042,2027,5,5,10,5,10,255,5,5,5,5,255,5,255,255,255,5,5,5,5,5,5,5,5,10,5,5,5,5,5,5,5,10,5,10,9,5,5,5,5,10,5,255,5,10,5,5,10,5,5,5,255,5,5,255,5,5,5,255,5,10,255,10,255,255
1780854810.043776,16960,1704763017,820,1116,2030,2045,2085,2064,1301,956,1046,1290,2047,2085,2099,2125,1465,1111,1191,2025,2072,2087,2078,2089,2034,1696,1199,2067,2068,2084,2079,2073,2098,1795,1182,1978,2147,2076,2057,2116,2081,1894,1160,1958,2078,2102,2064,2103,1880,1935,1144,2030,2107,2097,2133,2014,1990,1939,1129,1612,1991,2050,1983,1949,2042,2027,5,255,5,5,5,255,5,5,5,5,255,5,10,255,10,5,5,5,5,5,255,5,5,5,9,255,5,5,5,5,5,5,5,5,255,5,5,5,5,255,5,255,255,5,255,5,255,255,5,5,10,5,5,255,5,5,5,255,5,5,10,255,255,255
1780854810.143894,16961,1704863017,847,1116,2110,2028,2077,2064,1264,999,1058,1290,2033,2104,2099,2125,1465,1095,1195,1966,2101,2102,2078,2097,2090,1696,1205,2119,2084,2080,2091,2093,2108,1833,1188,2063,2123,2110,2082,2087,2055,1894,1172,1958,2073,2098,2107,2103,1968,1937,1132,2023,2085,2100,2125,2061,1934,1964,1113,1612,2071,2052,1983,1936,2042,2027,5,255,5,5,9,255,5,5,5,255,10,5,255,255,255,5,9,5,5,5,255,5,5,255,5,10,5,5,5,5,5,5,5,5,10,5,5,5,5,255,5,255,10,5,10,255,10,10,5,5,5,5,5,10,5,5,5,255,5,5,255,10,255,255
1780854810.244954,16962,1704963017,858,1048,2110,2028,2118,2064,1278,1001,1062,1203,2037,2106,2121,2023,1465,1130,1161,1966,2090,2104,2091,2133,2110,1696,1196,2051,2093,2071,2066,2125,2086,1805,1187,1993,2123,2073,2104,2087,2080,1867,1194,1958,2113,2098,2137,2125,2005,1937,1130,2130,2095,2088,2106,2061,1972,1924,1139,1612,2003,2026,2000,2026,2042,2027,5,10,255,255,5,255,5,5,5,10,5,5,10,10,255,9,5,255,5,5,10,255,5,255,5,5,5,5,5,5,5,5,5,5,255,5,5,255,5,10,5,255,5,255,5,10,5,255,5,5,5,5,5,255,5,5,5,255,5,5,10,5,255,255
1780854810.343475,16963,1705063017,860,1996,2088,2018,2104,2070,1278,998,1072,1252,2037,2068,2121,2023,1501,1078,1199,2047,2028,2141,2083,2096,2075,1735,1222,2027,2113,2075,2103,2085,2062,1900,1189,1993,2075,2065,2096,2110,2058,1867,1243,1958,2081,2042,2137,2057,1960,1929,1143,2018,2095,2132,2106,1967,1972,1960,1134,1612,2061,2127,2005,2026,1959,2027,5,4,10,10,5,10,255,5,5,5,255,5,255,255,3,5,5,10,5,5,5,5,5,10,5,5,5,5,5,5,5,5,9,255,10,5,5,10,5,255,5,255,5,10,5,5,5,10,5,5,255,5,5,10,5,5,5,255,5,5,5,255,10,255
1780854810.442718,16964,1705163018,848,1996,2047,2097,2104,2070,1278,987,1070,1245,2037,2068,2091,2036,1373,1108,1171,2047,2080,2105,2083,2097,2050,1735,1192,2027,2085,2096,2095,2102,2091,1900,1183,1993,2077,2081,2115,2130,2045,1867,1217,1958,2127,2103,2167,2065,1964,1929,1159,1964,2101,2102,2111,1980,1958,1960,1138,1612,2061,2127,1949,1974,1959,2027,5,255,5,5,255,255,255,5,5,5,255,255,10,10,5,5,5,255,5,5,255,5,5,255,5,255,5,5,5,5,5,255,5,255,5,5,5,5,5,255,9,255,5,5,5,5,5,255,5,5,10,5,5,5,5,255,5,255,255,255,5,10,255,255
1780854810.543872,16965,1705263017,834,1055,2047,2095,2057,2084,1253,978,1079,1319,2037,2068,2091,2036,1365,1088,1215,2047,2073,2117,2083,2108,2039,1735,1217,2034,2077,2099,2066,2118,2052,1900,1185,2049,2087,2073,2070,2115,2090,1867,1183,1958,2134,2102,2156,2065,1964,1929,1131,2085,2095,2080,2060,2001,1997,1960,1066,1612,2054,2108,1963,1977,1959,2027,5,10,255,5,10,10,10,5,5,5,255,255,255,255,5,9,5,255,5,5,255,5,5,255,5,10,5,5,5,5,5,255,5,10,5,5,5,5,5,255,5,255,5,5,5,255,255,255,5,5,5,5,5,5,5,255,5,255,10,10,5,5,255,255
1780854810.642278,16966,1705363017,844,1029,2047,2077,2073,2005,1266,977,1084,1273,2114,2055,2091,2036,1365,1114,1161,1599,2063,2102,2080,2096,2104,1690,1180,2032,2091,2079,2085,2131,2110,1818,1172,2046,2087,2089,2124,2083,2090,1867,1181,1958,2083,2107,2124,2139,1893,1929,1170,2085,2115,2127,2073,2000,1997,1960,1125,1612,2059,2108,2036,1977,1109,2027,5,255,255,5,5,5,5,5,5,5,10,10,255,255,255,5,9,10,5,5,10,5,5,10,5,5,5,5,5,5,5,10,5,5,255,5,5,5,255,255,5,255,5,5,5,10,10,255,5,255,5,5,5,5,255,255,5,255,5,255,5,255,10,255
1780854810.742660,16967,1705463017,827,1088,2091,2106,2021,2005,1388,972,1083,1281,2114,2101,2091,2036,1332,1119,1211,1599,2065,2093,2106,2143,2071,1662,1163,2101,2091,2094,2108,2080,2035,1818,1199,2018,2097,2067,2107,2083,2035,1867,1151,1958,2122,2107,2080,2139,1893,923,1153,2085,2112,2098,2106,2029,1997,872,1111,1715,2068,2022,2040,953,1109,668,5,255,10,5,5,255,9,5,5,5,255,5,255,255,10,9,5,255,5,5,5,5,5,5,5,5,5,5,5,5,5,255,5,5,10,5,5,255,10,255,9,255,5,255,5,255,255,10,5,255,5,5,5,5,255,10,5,10,5,10,5,10,255,10
1780854810.843513,16968,1705563017,840,1025,2053,2019,2071,2086,1302,1016,1118,1367,2114,2109,2091,2036,1348,1142,1180,2030,2079,2109,2106,2122,2112,1662,1140,2003,2114,2086,2082,2094,2107,1818,1222,2018,2101,2108,2084,2083,756,753,1166,1958,2086,2107,2059,2139,898,599,1146,2028,2052,2085,2106,927,622,580,1119,1793,2047,2134,2026,725,610,534,5,5,5,5,5,10,5,5,5,5,255,5,255,255,5,5,5,10,5,5,255,5,5,255,5,5,5,5,5,5,5,255,5,255,5,5,5,255,4,10,9,255,5,255,5,255,10,4,5,10,5,5,255,5,10,4,9,5,5,5,5,4,10,5
1780854810.942600,16969,1705663016,833,1025,2030,2075,2106,2085,1286,350,1095,1266,2057,2060,2091,2032,1434,306,1201,1997,2052,2066,2096,2121,344,324,1226,1983,2097,2076,2065,598,486,314,1181,2018,2093,2070,2163,607,548,362,1176,1958,2100,2107,909,595,553,546,1162,2028,2149,2089,733,592,557,545,1133,1793,2063,2057,2035,1952,610,534,5,255,5,5,5,5,5,4,5,5,10,5,255,10,5,4,5,5,5,5,10,5,4,10,5,5,5,5,5,4,4,10,5,255,5,5,5,10,4,4,5,255,5,255,4,10,4,5,5,255,5,5,10,4,5,5,5,255,5,5,5,4,255,255
1780854811.042495,16970,1705763017,835,1025,2059,2053,433,379,383,373,1092,1255,2057,2066,488,586,371,592,1184,1997,2076,659,643,602,626,602,1180,1888,2065,2082,645,685,613,1939,1171,2018,2093,768,2179,607,2009,362,1174,2025,2088,2107,2045,2075,553,1905,1151,1615,2088,2113,2093,2031,1975,545,1093,1793,2061,2081,2035,1952,610,534,5,255,5,5,4,4,5,5,5,5,5,5,255,5,4,4,5,255,5,4,4,4,4,4,5,5,5,5,4,5,5,4,5,255,255,4,5,255,4,255,9,10,5,255,4,4,255,4,5,10,5,5,5,4,5,255,5,255,5,5,255,255,255,255
1780854811.143747,16971,1705863017,840,1102,668,640,624,620,625,642,1097,1263,722,695,668,716,664,708,1200,1997,2085,2033,643,659,2039,745,1194,2071,2060,2082,2058,2080,2093,1879,1173,2012,2099,2084,2101,2110,2070,362,1160,1939,2117,2107,2113,2083,553,1905,1123,2056,2102,2090,2087,1972,1974,1995,1084,1793,2044,2098,2028,1936,610,534,5,10,4,4,5,4,4,4,5,5,4,5,5,5,4,5,5,255,5,4,255,255,4,5,5,5,5,5,4,4,4,5,5,10,10,4,5,10,5,255,5,5,5,255,5,5,255,255,5,4,5,5,5,5,5,10,5,255,5,5,10,10,255,255
1780854811.245399,16972,1705963017,842,979,858,783,919,679,747,989,1111,1174,722,695,668,716,807,1097,1221,1975,2090,2105,2076,2089,2083,934,1175,2071,2076,2103,2101,2083,2097,1879,1213,2063,2112,2079,2094,2045,2015,362,1162,1939,2114,2107,2063,2095,553,1981,1129,2056,2108,2085,2076,1977,1911,1995,1188,1627,2097,2076,1990,1936,610,534,5,5,5,5,4,5,5,4,5,5,255,255,255,255,5,4,5,10,5,5,10,4,5,5,5,255,5,5,5,5,5,255,5,5,5,5,5,5,5,255,5,255,5,255,5,5,255,10,5,255,5,5,5,5,5,255,5,10,5,5,5,255,255,255
1780854811.343542,16973,1706063017,835,1088,858,783,2075,983,1277,965,1055,1295,722,695,2090,716,1408,1123,1212,2038,2054,2085,2095,2099,2065,1643,1202,2071,2099,2084,2062,2067,2081,1832,1181,2061,2153,2096,2106,2128,2061,362,1133,2063,2086,2107,2097,2053,1925,1978,1165,2012,2079,2092,2115,1977,1985,1995,1116,1627,2016,2013,2025,1977,610,534,5,5,255,255,4,4,4,5,5,5,255,255,10,255,4,5,5,5,5,5,5,5,5,4,5,255,5,5,5,5,5,10,5,5,5,5,5,5,5,255,5,10,5,255,5,5,10,5,9,10,5,5,5,255,5,255,5,255,5,5,5,10,255,255
1780854811.442778,16974,1706163017,839,1135,858,2057,2092,2154,1232,1020,1100,1273,2048,2064,2090,716,1393,1077,1203,1589,2075,2110,2095,2106,2065,1643,1176,2079,2088,2074,2087,2057,2116,1832,1219,2061,2079,2089,2096,2134,2048,362,1177,2041,2103,2177,2115,2096,1844,1954,1120,1975,2113,2085,2072,1957,1952,2006,1106,1876,2066,2029,1983,1924,610,534,5,9,255,10,5,5,5,5,5,5,10,10,255,255,5,5,5,4,5,5,255,5,5,255,5,10,5,5,5,5,5,255,5,255,5,5,5,5,5,255,5,5,5,10,5,5,5,5,5,5,5,5,5,10,5,10,5,10,5,5,5,5,255,255
1780854811.542747,16975,1706263017,853,1135,2073,2061,2129,2154,1296,994,1071,1304,2048,2057,2088,716,1534,1131,1203,1688,2072,2085,2099,2119,2105,1690,1214,2090,2083,2076,2088,2049,2104,1832,1146,2061,2086,2086,2131,2134,2153,362,1230,2041,2094,2177,2123,2096,1935,1983,1142,1923,2121,2105,2079,2000,1926,1992,1101,1876,2034,2082,1958,1971,610,534,5,255,10,5,5,255,5,5,5,5,255,5,10,255,5,5,5,5,5,5,10,5,5,10,5,5,5,5,5,5,5,255,9,255,5,5,5,255,5,255,5,255,5,255,5,255,5,5,5,5,5,5,5,5,5,5,5,255,5,5,5,5,255,255
1780854811.644107,16976,1706363017,833,1005,2073,2064,2090,2035,1276,992,1074,1357,2055,2058,2088,2069,1440,1130,1179,1688,2077,2094,2075,2093,2108,1690,1198,2076,2078,2089,2098,2108,2091,1912,1186,2039,2101,2077,2055,2102,2032,362,1147,2041,2128,2110,2109,2056,1955,1926,1131,2024,2069,2157,2083,2007,1960,1987,1102,1876,2083,2047,2016,1971,610,534,5,10,255,5,5,10,5,5,5,5,10,5,255,10,5,9,5,255,5,5,5,5,5,255,5,5,5,5,5,5,5,10,5,10,5,5,5,10,5,255,5,255,5,10,5,10,5,5,5,5,5,5,5,5,255,5,5,255,5,5,5,255,255,255
1780854811.743473,16977,1706463016,822,1069,2041,2079,2089,2035,1258,991,1080,1250,2049,2077,2088,2069,1490,1127,1213,1905,2084,2064,2093,2084,2110,1690,1204,2021,2078,2085,2079,2087,2135,1773,1207,2088,2092,2091,2103,2045,2087,362,1166,2041,2104,2095,2123,2074,1941,1928,1171,1530,2092,2143,2131,1936,1945,1907,1092,1943,2040,2059,1988,1971,610,534,5,5,10,5,5,255,5,5,5,5,5,5,255,255,5,5,5,10,5,5,5,5,5,255,5,5,5,5,5,5,5,5,5,5,5,5,5,5,5,255,5,255,5,5,5,5,5,5,5,5,5,5,5,5,5,5,5,10,5,5,5,255,255,255
1780854811.844231,16978,1706563017,846,1039,2108,2057,2115,2009,1289,966,1053,1214,2049,2117,2088,2069,1351,1112,1212,1999,2069,2085,2076,2080,2117,1710,1183,2043,2053,2079,2077,2130,2112,1773,1193,2040,2114,2094,2138,2045,2065,1926,1196,2041,2132,2121,2112,2151,1990,1817,1140,1985,2103,2065,2087,1975,1979,1917,1101,1943,2014,2071,2003,1902,610,534,5,255,5,5,5,10,5,5,5,5,255,5,255,255,5,5,5,5,5,5,5,5,5,10,5,5,5,5,5,5,5,255,5,5,5,5,5,255,5,10,5,255,5,5,5,5,5,5,9,5,5,5,5,5,5,5,5,255,5,5,5,10,255,255
1780854811.942769,16979,1706663017,830,916,2066,2047,2088,2009,1310,985,1073,1278,2049,2093,2035,2069,1404,1139,1159,2060,2120,2059,2086,2065,2049,1639,1184,2043,2082,2099,2090,2093,2108,1773,1196,2024,2134,2095,2088,2114,2051,1926,1161,2041,2092,2077,2141,2085,1990,1734,1113,2003,2080,2116,2091,2026,1949,1954,1133,1943,2087,2015,2000,1902,610,534,5,255,5,5,5,255,5,5,5,5,255,5,10,255,5,5,5,5,5,5,5,5,5,5,5,255,5,5,5,5,5,255,5,5,5,5,5,10,5,255,5,255,5,5,5,5,255,5,5,9,5,5,5,5,5,5,5,255,5,5,5,255,255,255
1780854812.043352,16980,1706763017,820,1030,2066,2086,2080,2009,1259,999,1052,1151,2049,2093,2035,1969,1440,1089,1193,2062,2098,2070,2114,2123,2141,1709,1174,1871,2095,2094,2103,2106,2079,1773,1177,2037,2064,2090,2134,2114,1970,1901,1175,2041,2084,2077,2099,2068,1967,1669,1155,2075,2091,2097,2121,2110,1951,2055,1139,1943,2087,2081,2050,1961,610,534,5,5,255,5,5,255,5,5,5,255,255,255,255,10,5,5,5,5,5,5,5,5,5,5,5,10,5,5,5,5,5,255,5,5,5,5,5,255,5,10,5,255,5,255,5,5,10,5,5,5,5,5,5,5,5,5,5,255,255,5,5,10,255,255
1780854812.142126,16981,1706863016,831,1062,2066,2065,2044,1972,1322,1021,1082,1301,2049,2126,2103,2062,1370,1103,1187,1997,2090,2094,2098,2073,2002,1774,1223,1773,2055,2105,2098,2063,2076,1773,1203,2085,2124,2108,2108,2103,2028,1828,1211,2041,2086,2106,2062,2060,1986,1628,1133,2075,2087,2070,2067,2006,1912,1957,1101,1943,2053,2089,2062,1983,610,534,5,5,255,5,5,10,5,5,5,5,255,10,10,5,5,5,5,5,5,5,5,5,5,5,5,5,5,5,5,5,5,255,5,5,5,5,5,10,5,3,5,255,5,10,5,5,5,5,5,255,5,5,5,5,5,5,5,255,10,5,5,5,255,255
1780854812.244074,16982,1706963016,846,1073,2071,2064,2104,2088,1254,968,1103,1308,2007,2086,2111,2062,1436,1097,1170,2077,2069,2118,2056,2101,2112,1675,1146,1969,2097,2082,2113,2063,2081,1781,1172,1835,2116,2090,2083,2103,2028,1566,1179,2041,2075,2086,2090,2060,1954,1601,1126,2158,2103,2109,2129,1982,1934,1943,1137,1943,1990,2017,1995,1963,610,534,5,255,10,5,5,5,5,5,5,5,10,5,5,255,5,5,5,5,5,5,5,5,5,5,5,5,5,5,5,255,5,10,5,4,5,5,5,255,5,4,5,255,5,5,5,255,5,5,5,10,5,5,5,5,5,5,5,255,5,5,5,5,255,255
1780854812.342679,16983,1707063016,853,1125,2071,2053,2071,2009,1295,1000,1052,1262,2007,2041,2111,2041,1509,1050,1150,2063,2078,2088,2043,2076,2092,1732,1190,2064,2086,2078,2074,2118,2071,1814,1220,2057,2102,2110,2092,2112,2060,1638,1150,2041,2104,2086,2070,2146,1945,1641,1128,2009,2107,2089,2070,1969,1955,1951,1087,1943,2013,2017,1964,1888,610,534,5,5,255,5,5,5,5,5,5,5,255,5,255,10,5,5,5,5,5,5,5,5,5,5,5,5,5,5,5,10,5,5,5,4,5,5,5,10,5,5,5,255,5,255,5,10,5,5,5,5,5,5,5,5,5,5,5,255,5,255,5,5,255,255
1780854812.453356,16984,1707173017,833,2037,2070,2053,2100,2009,1338,994,1051,1211,2007,2069,2111,2039,1463,1107,1145,2048,2039,2091,2111,2079,2070,1648,1222,2034,2095,2083,2070,2067,2143,1913,1142,2054,2099,2126,2101,2079,2101,1638,1193,2041,2133,2093,2085,2088,1987,1658,1190,2046,2138,2090,2029,2001,1924,1947,1153,1943,1981,2008,1964,1888,610,534,5,5,10,255,5,255,5,5,5,255,255,5,255,5,5,5,5,5,5,5,5,5,5,5,5,5,5,5,5,5,5,5,5,5,5,5,5,5,5,255,5,255,5,10,5,5,5,5,9,5,5,5,5,5,5,5,5,255,5,10,255,255,255,255
1780854812.553111,16985,1707273016,839,1034,2070,2054,2064,2079,1320,946,1074,1273,2007,2106,2113,2039,1389,1129,1188,2065,2087,2040,2062,2096,2057,1648,1163,2016,2077,2078,2100,2080,2056,1801,1193,2050,2099,2099,2130,2056,2101,1617,1168,2041,2102,2110,2106,2083,1986,1625,1136,2088,2111,2139,2094,1993,1939,1954,1121,1900,2020,2025,1964,1949,610,534,5,5,255,10,5,10,5,5,5,5,255,5,10,255,5,5,5,5,5,5,5,5,5,255,5,5,5,5,5,5,5,5,5,5,255,5,5,5,255,10,5,255,5,5,5,5,5,5,5,5,5,5,5,5,5,5,5,10,5,5,10,10,255,255
1780854812.652694,16986,1707373017,862,2052,2054,2061,2073,2079,1320,974,1118,1285,2050,2093,2113,2044,1358,1153,1197,2014,2083,2053,2063,2012,2115,1684,1154,2013,2077,2080,2100,2091,2099,1843,1166,1901,2075,2094,2099,2066,2020,1617,1211,2041,2075,2105,2110,2083,1971,1621,1163,1812,2099,2076,2123,1957,1925,1937,1118,1900,2020,2025,1999,1949,610,534,5,4,10,5,5,255,255,5,5,5,10,5,255,10,5,5,9,4,5,5,5,5,5,10,5,5,5,5,5,5,5,5,5,9,10,5,5,5,10,255,5,255,5,5,5,255,5,5,5,4,5,5,5,5,5,5,5,255,255,5,5,255,255,255
1780854812.754458,16987,1707473016,828,2049,2093,2071,2093,2005,1291,995,1082,1290,2070,2044,2087,2044,1513,1100,1181,2013,2092,2087,2063,2115,2013,1679,1188,2068,2070,2095,2094,2123,2049,1812,1154,2061,2093,2096,2085,2143,2044,1733,1148,2041,2102,2082,2096,2076,1971,1641,1096,1935,2067,2078,2128,1987,1958,1981,1147,1900,1999,1962,1987,1959,610,1934,5,5,5,5,5,10,10,5,5,5,5,5,10,255,5,5,5,5,5,5,255,5,5,5,5,5,5,5,5,255,5,5,5,9,5,5,5,5,5,10,5,255,5,5,5,10,255,5,5,9,5,5,5,5,5,5,5,255,10,5,9,10,255,10
1780854812.853686,16988,1707573017,835,2049,2084,2040,2064,2093,1315,980,1079,1290,2070,2086,2087,2039,1449,1109,1163,2013,2071,2106,2082,2103,2054,1634,1245,2002,2084,2083,2085,2106,2080,1812,1120,2061,2111,2084,2078,2117,2109,1684,1148,2060,2156,2109,2096,2076,1971,1639,1142,1894,2116,2097,2128,1987,1978,1944,1127,1900,2024,1947,2010,1959,610,1934,5,255,5,5,5,5,5,5,5,5,255,5,255,10,5,5,9,255,5,5,10,5,5,5,5,5,5,5,5,5,5,255,9,255,5,5,5,5,5,5,5,10,5,5,255,255,255,5,5,5,5,5,255,5,5,5,5,255,3,5,5,255,255,255
1780854812.952168,16989,1707673016,844,2068,2084,2027,2097,2096,1232,989,1081,1343,2070,2099,2083,2039,1340,1142,1199,2041,2038,2094,2072,2098,2095,1634,1196,2002,2072,2093,2087,2114,2053,1817,1166,2031,2100,2097,2135,2104,2075,1960,1164,2007,2089,2073,2080,2026,1944,1696,1167,1721,2095,2105,2088,2012,1965,1966,1109,1931,2059,2084,2010,1970,610,1934,5,10,255,5,5,5,5,5,5,5,255,5,10,255,5,5,5,10,5,5,5,5,5,255,5,255,5,5,5,5,5,10,5,10,5,5,5,5,5,4,5,5,5,5,10,10,10,5,5,9,5,5,10,5,5,5,5,10,5,5,255,10,255,255
1780854813.053333,16990,1707773017,834,2068,2084,2055,2099,2050,1280,989,1075,1183,2070,2101,2083,2039,1437,1067,1174,1640,2080,2074,2118,2084,2071,1634,1186,2002,2091,2078,2084,2102,2096,1840,1192,2031,2058,2101,2101,2104,2124,1644,1175,2007,2067,2073,2080,2026,1874,1627,1158,2038,2122,2126,2116,2007,1986,1962,1100,1931,2049,1997,2028,1945,610,1934,5,255,255,5,5,5,5,5,5,5,255,5,255,255,5,5,5,4,5,5,5,5,5,255,9,255,5,5,5,5,5,5,5,255,5,5,5,255,5,4,5,255,5,255,255,255,5,5,5,4,5,5,5,5,5,5,5,255,5,5,10,5,255,255
1780854813.152174,16991,1707873016,842,2068,2067,2079,2100,2050,1258,966,1074,1301,2070,2083,2083,2066,1489,1130,1198,1640,2056,2068,2085,2051,2038,1683,1183,2002,2121,2093,2122,2095,2105,1888,1191,1965,2069,2101,2117,2123,2059,1576,1203,2047,2108,2155,2078,2093,1993,1653,1160,1789,2097,2114,2061,1961,1947,1927,1120,1931,2017,1956,1971,1945,610,1934,5,255,10,5,5,255,5,5,5,5,255,5,255,10,5,5,5,255,5,5,5,5,5,10,5,255,5,5,5,5,5,5,5,10,5,5,5,10,5,5,5,10,5,10,10,10,5,5,5,4,5,5,5,5,5,5,5,255,5,5,5,5,255,255
1780854813.253367,16992,1707973017,834,1138,2101,2031,2071,2050,1366,1006,1070,1335,2070,2069,2083,2066,1489,1107,1191,1838,2087,2112,2077,2091,2006,1683,1220,2001,2104,2096,2081,2136,2065,1888,1140,2078,2104,2079,2123,2156,2044,1631,1184,2047,2113,2155,2094,2076,1961,1669,1160,1789,2096,2108,2075,1961,1949,1924,1139,1931,2007,2034,1976,1960,610,1934,5,10,5,5,5,255,5,5,5,5,255,5,255,255,255,5,5,10,5,5,5,5,5,255,5,10,5,5,5,5,5,5,5,5,5,5,5,5,5,5,9,255,5,255,5,5,5,5,5,255,5,5,5,255,5,5,5,255,5,5,5,5,255,255
1780854813.352512,16993,1708073016,836,1058,2101,2070,2046,2046,1236,997,1087,1258,2064,2106,2119,2066,1330,1101,1178,1996,2121,2060,2021,2084,2066,1686,1222,2099,2083,2095,2070,2096,2108,1888,1219,2078,2080,2083,2110,2109,2009,1598,1166,2047,2112,2101,2088,2068,1957,1668,1143,2051,2093,2110,2084,1938,1949,2025,1119,1931,1958,2050,2006,1960,610,1934,5,5,255,5,5,10,5,5,5,5,10,5,10,255,10,5,5,5,5,5,5,5,5,10,5,5,5,5,5,5,5,255,5,255,5,5,5,5,5,5,5,255,5,10,5,5,5,5,5,10,5,5,5,10,5,5,5,255,5,5,5,255,255,255
1780854813.454481,16994,1708173017,855,2033,2031,2074,2049,2059,1287,987,1024,1211,2064,2063,2062,2099,1455,1129,1158,2036,2087,2069,2061,2129,1992,1670,1169,2035,2089,2085,2093,2116,2064,1889,1161,2058,2083,2120,2094,2109,2082,1693,1178,2047,2139,2107,2086,2068,1955,1643,1151,2124,2100,2100,2084,1985,1933,1957,1120,1931,2033,2058,2006,1960,610,1934,5,5,10,5,5,5,5,5,9,5,255,5,5,10,5,5,5,5,5,5,5,5,5,5,5,5,5,5,5,5,5,10,9,10,5,5,5,255,5,5,5,255,5,5,5,255,5,5,5,5,5,5,255,5,5,5,5,255,5,5,255,255,255,255
1780854813.553352,16995,1708273017,823,1072,2122,2058,2027,2059,1451,991,1107,1450,2064,2133,2061,2099,1442,1063,1167,1926,2064,2100,2079,2100,2097,1652,1193,2051,2099,2091,2083,2106,2071,1889,1228,2068,2157,2100,2080,2109,2027,1611,1211,2047,2108,2107,2102,2100,1955,1639,1171,2015,2049,2088,2084,1998,1940,1957,1119,1931,1995,2015,2006,1996,610,1934,5,4,5,5,5,255,5,5,5,4,255,5,5,255,5,5,5,5,5,5,5,5,5,9,9,5,5,5,5,5,5,255,9,5,5,5,5,255,5,5,5,255,5,255,5,10,255,5,5,5,5,5,255,5,5,255,5,255,5,5,255,10,255,255
1780854813.653814,16996,1708373017,837,1072,2065,2111,2027,2040,1236,1026,1067,1262,2063,2088,2061,2099,1410,1059,1185,1926,2092,2082,2107,2100,2071,1652,1163,2014,2109,2084,2074,2081,2186,1967,1181,2059,2063,2094,2112,2110,2021,1649,1182,2047,2097,2067,2097,2074,1935,1648,1138,2074,2091,2103,2106,2023,1933,1952,1110,1931,2037,2015,2006,1968,610,1934,5,255,5,5,255,10,4,5,5,5,10,5,255,255,5,5,5,255,5,5,5,5,5,255,9,5,5,5,5,5,5,10,5,5,5,5,5,10,5,5,9,255,5,10,5,5,10,5,5,4,5,5,10,5,5,10,5,255,5,255,255,5,255,255
1780854813.753844,16997,1708473016,843,1015,2085,2081,2054,2071,1263,996,1066,1186,2086,2101,2110,2084,1338,1098,1215,1902,2058,2075,2130,2093,2092,1722,1154,2014,2090,2107,2106,2110,2070,1897,1206,2078,2141,2087,2088,2110,2007,1736,1193,2047,2093,2102,2101,2052,1935,1653,1139,1925,2102,2094,2108,2049,1964,1947,1110,1931,2032,2077,1937,1953,610,1934,5,10,5,5,10,5,5,5,5,5,5,5,10,10,9,5,5,10,5,5,5,5,5,10,5,255,5,5,5,5,5,5,5,5,5,5,5,5,5,5,5,255,5,5,5,5,255,5,5,4,5,5,5,5,5,5,5,255,5,10,10,5,255,255
1780854813.852763,16998,1708573018,830,2018,2085,2026,2060,2071,1309,1008,1052,1276,2086,2119,2110,2084,1462,1095,1202,1710,2043,2063,2130,2093,2092,1722,1191,2014,2133,2094,2087,2110,2076,1889,1211,2057,2109,2100,2126,2110,2112,1736,1171,2047,2084,2102,2126,2119,1933,1680,1175,2010,2090,2101,2108,2049,1956,1944,1112,1931,1983,2083,1972,1948,610,1934,5,5,255,5,5,255,5,5,5,5,255,5,255,255,5,5,9,9,5,5,255,255,255,255,5,255,5,5,5,255,5,5,5,5,5,5,5,255,5,255,5,255,5,255,5,5,10,5,5,5,5,5,255,255,5,5,5,255,5,5,5,5,255,255
1780854813.953515,16999,1708673017,848,1068,2077,2061,2127,2071,1273,991,1089,1318,2086,2107,2068,2084,1430,1080,1161,2020,2094,2095,2056,2093,2082,1722,1141,2022,2077,2093,2099,2075,2113,1889,1174,2137,2096,2097,2105,2101,2066,1585,1174,2047,2086,2102,2125,2119,2012,1635,1146,1403,2081,2120,2108,1990,1930,1950,1107,1931,2036,2072,2023,1951,1995,1934,5,5,10,5,5,255,5,5,5,5,255,5,10,255,5,5,5,4,5,5,10,10,10,255,5,10,5,5,5,10,5,255,9,5,5,5,5,10,5,10,5,255,5,255,5,255,5,5,5,4,5,5,10,10,5,5,5,255,5,255,5,5,10,255
1780854814.052579,17000,1708773016,845,1067,2051,2080,2045,2071,1292,992,1063,1301,2086,2055,2016,2112,1440,1084,1195,1984,2057,2043,2082,2175,2060,1676,1204,2010,2112,2083,2103,2126,2034,1814,1180,2057,2075,2111,2104,2113,2057,1708,1171,2047,2117,2119,2111,1975,2012,1636,1126,2054,2117,2090,2154,1990,1886,1962,1133,1931,2055,2041,2073,1955,1995,1934,5,5,5,5,5,255,5,5,5,5,255,5,5,10,5,5,5,5,5,5,5,5,5,10,5,5,5,5,5,5,5,10,5,5,5,5,5,5,5,5,5,255,5,10,5,10,255,5,5,4,5,5,5,255,5,5,5,255,5,5,5,5,255,255
1780854814.151954,17001,1708873017,827,1067,2034,2091,2093,2071,1292,1075,1097,1292,2086,2058,2016,2112,1402,1162,1178,1984,2029,2073,2089,2120,2073,1712,1164,2109,2061,2097,2087,2080,2070,1753,1205,2043,2078,2101,2152,2140,2036,1676,1180,2047,2110,2078,2102,2128,1973,1655,1162,2021,2109,2117,2072,2028,1917,1960,1111,1931,1983,1990,1981,1959,1995,2030,5,255,5,5,5,255,255,5,5,5,255,5,255,255,5,5,5,255,5,5,5,5,5,5,5,5,5,5,5,5,5,5,5,5,5,5,5,5,5,5,5,255,5,5,5,5,10,5,5,5,5,5,5,10,5,5,5,255,5,5,5,5,255,10
1780854814.252928,17002,1708973017,835,2024,2080,2062,2078,2071,1377,986,1100,1282,2080,2094,2039,2044,1346,1151,1184,1984,2058,2085,2021,2120,2046,1712,1192,2055,2105,2091,2108,2077,2123,1753,1192,2027,2093,2098,2140,2157,2067,1676,1177,1933,2092,2095,2102,2082,1973,1653,1162,1958,2115,2091,2149,2028,1958,1960,1097,1931,1890,2022,1981,1949,1995,2030,5,10,5,5,5,255,10,5,5,9,10,5,10,10,5,5,5,255,5,5,5,255,5,255,5,5,5,5,5,5,5,255,5,5,5,5,5,5,5,255,5,10,5,5,255,5,255,5,5,3,5,5,5,255,5,255,5,255,5,5,255,5,255,255
1780854814.353358,17003,1709073017,844,1068,2080,2061,2062,2071,1377,1002,1073,1331,2081,2061,2075,2044,1440,1102,1205,1986,2046,2089,2083,2120,2103,1737,1161,2004,2093,2086,2089,2096,2067,1812,1190,2009,2120,2084,2111,2157,2053,1652,1142,1933,2115,2095,2083,2090,1901,1653,1131,2041,2115,2063,2094,1997,1911,1968,1129,1967,2047,2038,1981,1925,1995,2030,5,4,255,5,5,255,255,5,5,5,5,5,5,255,5,5,5,10,5,5,5,255,5,10,5,5,5,5,5,5,5,10,5,5,5,5,5,255,5,10,5,255,5,255,10,5,10,5,5,5,255,5,5,10,5,255,5,10,5,5,255,5,255,255
1780854814.453411,17004,1709173017,844,1050,2081,2057,2048,2071,1377,985,1076,1252,2081,2070,2067,2044,1440,1141,1194,1959,2044,2093,2083,2055,2074,1652,1200,2011,2079,2086,2101,2111,2066,1812,1199,2006,2061,2089,2094,2157,2100,1652,1136,2050,2098,2077,2072,2085,1969,1686,1143,2012,2084,2119,2135,2004,1965,1959,1117,1967,2066,2132,2018,1925,1994,2030,5,5,10,5,5,255,255,5,5,5,255,5,5,255,255,5,5,5,5,5,255,10,5,5,5,5,5,5,5,5,5,255,5,5,5,5,5,255,5,255,5,10,5,10,5,5,5,5,5,5,10,5,5,5,5,5,5,255,5,5,10,255,10,255
1780854814.553073,17005,1709273017,844,2050,2081,2057,2112,2071,1221,993,1073,1271,2081,2097,2067,2044,1438,1107,1209,1959,2097,2070,2126,2055,2074,1652,1222,2035,2085,2086,2081,2104,2127,1860,1198,2081,2127,2076,2092,2142,2072,1580,1145,2043,2086,2114,2103,2099,1961,1665,1147,2010,2090,2134,2079,1978,1955,1930,1096,1818,2006,2057,1972,1932,1994,2030,5,5,5,255,5,255,10,5,5,5,255,5,255,255,10,5,5,255,5,5,10,255,5,255,5,5,5,5,5,5,5,10,5,5,5,5,5,10,5,10,5,5,5,5,5,5,5,5,5,5,5,5,5,5,5,5,9,10,5,5,5,10,255,255
1780854814.653912,17006,1709373017,834,2118,2044,2100,2121,2072,1234,996,1074,1273,2081,2120,2067,2044,1486,1076,1190,1961,2061,2084,2100,2092,2093,1652,1191,2032,2053,2098,2085,2063,2129,1860,1168,2081,2127,2062,2110,2142,2087,1585,1172,2043,2110,2114,2103,2079,1961,1660,1134,2039,2104,2091,2130,1977,1925,1983,1138,1818,2031,2038,1990,1979,1994,2030,5,5,5,10,5,10,5,5,5,9,255,5,255,255,5,5,5,10,5,5,5,10,5,255,5,5,5,5,5,5,5,255,5,255,255,5,5,255,5,5,5,255,5,255,255,5,255,5,5,5,5,5,5,5,5,5,5,255,5,5,8,5,255,255
1780854814.753840,17007,1709473017,851,1085,2044,2069,2064,2072,1245,998,1105,1302,2076,2095,2056,2087,1477,1115,1177,1913,2086,2126,2100,2090,2073,1652,1209,2032,2098,2073,2072,2141,2089,1860,1163,2081,2108,2092,2074,2142,2051,1598,1176,2043,2093,2114,2104,2084,1979,1657,1132,2063,2036,2086,2121,1977,1952,1922,1120,1818,1997,2036,2035,1979,1994,2030,5,5,255,5,5,255,5,5,5,5,10,5,10,10,5,5,9,5,5,5,5,5,5,255,5,255,5,5,5,5,5,255,5,255,10,5,5,255,5,5,5,255,5,255,10,5,10,5,5,5,5,5,5,255,5,5,5,255,5,5,5,255,255,255
1780854814.853229,17008,1709573017,850,1050,2044,2080,2083,2072,1218,995,1061,1241,2076,2084,2056,2087,1486,1106,1139,1913,2053,2058,2098,2105,2064,1646,1181,2032,2088,2082,2088,2096,2140,1880,1192,2039,2108,2100,2080,2072,1986,1648,1146,2043,2104,2114,2113,2100,1972,1645,1122,2092,2141,2110,2111,1962,1973,1976,1098,1818,2040,2036,1976,1953,1994,2030,5,5,255,5,5,255,5,5,5,5,255,5,255,255,5,5,5,255,5,5,5,5,5,10,5,255,5,5,5,5,5,10,5,10,255,5,5,10,5,5,5,255,5,255,5,5,5,5,5,5,5,5,5,10,5,5,5,255,5,255,5,10,255,255
1780854814.953193,17009,1709673017,847,2060,2044,2034,2080,2072,1204,995,1070,1320,2072,2044,2056,2055,1459,1126,1178,2031,2073,2065,2088,2105,2064,1709,1161,2059,2062,2086,2094,2088,2086,1849,1201,2039,2070,2087,2097,2107,2062,1648,1189,2043,2062,2114,2059,2105,1972,1637,1156,1978,2117,2099,2118,2026,1960,1987,1119,1818,2069,2017,1946,1989,2009,2030,5,4,255,5,5,255,5,5,9,9,10,5,255,10,5,5,5,10,5,5,5,255,5,5,5,10,5,5,5,5,5,5,5,255,10,5,5,5,5,255,5,255,5,255,5,5,255,5,5,5,5,5,5,5,5,5,5,255,5,10,5,5,10,255
1780854815.053273,17010,1709773017,827,2060,2045,2102,2105,2072,1204,1018,1040,1354,2071,2037,2146,2055,1459,1127,1199,1960,2066,2082,2069,2075,2101,1790,1201,2059,2086,2090,2096,2104,2051,1974,1225,2039,2101,2112,2124,2098,2076,1615,1189,2043,2088,2114,2124,2069,1972,1650,1151,1978,2126,2084,2128,2026,1962,1972,1093,1818,2056,2036,1946,1989,2009,2030,5,255,10,5,5,255,255,5,5,5,5,5,10,255,255,5,5,5,5,5,5,10,5,5,5,255,5,5,5,5,5,5,5,255,5,5,5,5,5,10,5,255,5,255,5,5,255,5,5,255,5,5,5,255,5,5,5,255,5,5,255,255,255,255
1780854815.165340,17011,1709883017,827,985,2045,2099,2097,2072,1276,991,1052,1346,2071,2058,2146,2090,1508,1079,1191,2018,2063,2085,2069,2132,1983,1790,1142,2059,2069,2088,2070,2138,2062,1890,1163,2039,2092,2100,2072,2186,1982,1690,1160,2043,2078,2057,2131,2084,1972,1673,1159,2095,2083,2111,2063,1972,1942,1972,1137,1818,2051,2088,1946,1938,1986,2030,5,255,255,5,5,255,10,5,5,9,255,5,255,10,10,5,5,5,5,5,255,5,5,255,5,255,5,5,5,5,5,4,5,255,5,5,5,5,5,9,5,255,5,10,5,5,255,5,5,10,5,5,5,10,5,255,5,255,5,5,255,10,10,255
1780854815.262113,17012,1709983017,849,2039,2104,2066,2106,2072,1255,973,1103,1344,2071,2094,2146,2086,1334,1084,1207,1859,2061,2077,2122,2091,2060,1662,1178,2078,2090,2089,2090,2136,2074,1866,1191,1957,2092,2097,2122,2186,2110,1664,1199,2048,2088,2057,2130,2071,1957,1648,1153,2095,2093,2094,2075,2037,1916,1972,1087,1818,2047,2079,2012,2002,1986,2030,5,4,10,5,5,255,5,5,5,5,255,5,255,5,5,5,5,9,5,5,10,5,5,10,5,10,5,5,5,5,5,5,5,10,255,5,5,255,5,5,5,10,5,255,5,5,10,5,5,255,5,5,5,5,5,255,5,255,5,5,10,5,255,255
1780854815.363872,17013,1710083017,848,2039,2065,2066,2096,2072,1299,1009,1093,1328,2071,2091,2056,2086,1428,1131,1180,1601,2078,2107,2059,2089,2062,1727,1170,2044,2086,2078,2075,2059,2049,1852,1198,2019,2115,2096,2091,2139,2022,1626,1169,2048,2105,2057,2105,2152,1957,1682,1178,2011,2069,2116,2131,1980,1916,1879,1113,1818,1996,2038,1956,2002,1986,2030,5,255,5,255,5,255,5,5,5,5,255,5,10,255,5,5,5,4,5,5,5,5,5,5,5,5,5,5,5,5,5,5,5,5,10,5,5,10,5,5,9,255,5,255,5,5,255,5,5,10,5,5,5,5,255,10,5,255,5,5,5,255,255,255
1780854815.462955,17014,1710183017,845,2095,2067,2066,2096,2034,1187,1014,1085,1314,2076,2068,2056,2129,1383,1102,1163,2088,2060,2071,2099,2079,2101,1727,1298,2044,2105,2102,2085,2076,2086,1811,1180,2019,2052,2074,2107,2157,2042,1609,1140,2048,2112,2069,2111,2102,1957,1618,1138,1937,2132,2146,2162,1983,1932,1889,1127,1818,1906,2038,1956,1985,1986,2030,5,10,5,255,255,10,5,5,5,5,10,5,255,10,5,5,5,5,5,5,5,5,5,255,5,255,5,5,5,5,5,5,5,255,5,5,5,5,5,5,5,255,5,10,5,5,255,5,5,5,5,5,5,5,10,5,5,255,5,255,255,10,255,255
1780854815.562611,17015,1710283017,855,2095,1996,2066,2106,2034,1226,1001,1103,1357,2076,2100,2056,2045,1411,1113,1173,1964,2080,2087,2116,2120,2057,1694,1196,2011,2086,2081,2098,2115,2080,1853,1178,2019,2099,2115,2075,2157,2088,1609,1173,2048,2058,2083,2137,2053,1957,1659,1146,1937,2112,2115,2108,1977,1980,1957,1092,1818,2057,2048,1956,1985,1986,2030,5,255,5,255,10,255,5,5,5,5,255,5,255,5,5,5,5,5,5,5,5,5,5,10,5,10,5,5,5,5,5,5,5,255,5,5,5,255,5,255,5,255,5,5,5,5,255,5,5,255,5,5,5,5,5,5,9,255,5,10,255,255,255,255
