host_ts,seq,esp_t_us,d00,d01,d02,d03,d04,d05,d06,d07,d08,d09,d10,d11,d12,d13,d14,d15,d16,d17,d18,d19,d20,d21,d22,d23,d24,d25,d26,d27,d28,d29,d30,d31,d32,d33,d34,d35,d36,d37,d38,d39,d40,d41,d42,d43,d44,d45,d46,d47,d48,d49,d50,d51,d52,d53,d54,d55,d56,d57,d58,d59,d60,d61,d62,d63,s00,s01,s02,s03,s04,s05,s06,s07,s08,s09,s10,s11,s12,s13,s14,s15,s16,s17,s18,s19,s20,s21,s22,s23,s24,s25,s26,s27,s28,s29,s30,s31,s32,s33,s34,s35,s36,s37,s38,s39,s40,s41,s42,s43,s44,s45,s46,s47,s48,s49,s50,s51,s52,s53,s54,s55,s56,s57,s58,s59,s60,s61,s62,s63
1780854911.211616,17968,1805933017,840,1051,2104,2038,2062,2043,1323,1002,1090,1295,2082,2050,2074,2056,1394,1116,1172,2090,2100,2082,2066,2113,2121,1802,1192,2023,2093,2100,2082,2119,2067,1882,1139,2038,2132,2109,2097,2132,2005,1947,1202,2021,2075,2025,2107,2055,1884,1918,1167,2106,2072,2118,2098,2037,1934,2004,1097,1661,2036,2046,2002,2011,2062,1997,5,5,5,5,5,5,5,5,5,9,5,255,10,255,5,5,5,255,5,5,5,5,5,10,9,255,5,5,5,5,5,255,5,255,10,5,5,255,5,255,5,255,5,5,5,255,255,5,5,255,5,5,255,5,5,5,5,255,255,5,5,10,255,255
1780854911.312772,17969,1806033016,851,2054,2114,2105,2084,2079,1286,988,1068,1338,2054,2112,2074,2056,1393,1100,1169,1699,2076,2088,2066,2115,2046,1683,1160,2029,2087,2097,2077,2087,2102,1940,1166,2050,2044,2079,2083,2149,2005,1903,1158,2021,2106,2125,2093,2093,1946,1941,1129,2028,2137,2108,2142,2033,1969,2004,1102,1661,2016,2043,1960,1924,2062,1997,5,4,5,5,5,5,5,5,5,5,5,10,5,255,5,5,5,10,5,5,255,5,5,5,5,10,5,5,5,5,5,10,9,10,5,5,5,10,255,10,5,255,5,5,5,10,10,5,5,10,5,5,10,5,5,255,5,255,10,5,5,5,255,255
1780854911.413158,17970,1806133017,832,1069,2094,2105,2083,2058,1373,989,1063,2046,2054,2065,2074,2080,1390,1072,1192,1623,2103,2089,2085,2104,2000,1683,1188,1985,2079,2098,2101,2117,2114,1847,1188,2063,2094,2067,2075,2125,2075,1903,1178,2021,2103,2125,2126,2079,1946,1871,1126,2028,2139,2063,2087,2041,1940,1956,1110,1661,2022,1991,2064,1995,2062,1997,5,5,5,255,5,5,5,5,5,4,255,5,255,10,5,5,5,5,5,5,10,5,5,255,5,5,5,5,5,5,5,5,5,5,5,5,5,5,10,255,9,255,5,255,5,5,255,5,5,255,5,5,5,5,5,10,5,255,5,5,5,5,255,255
1780854911.512012,17971,1806233016,853,1019,2059,2097,2096,2075,1329,1021,1075,1284,2040,2073,2099,2036,1492,1118,1171,1729,2091,2107,2092,2090,2088,1714,1183,1995,2100,2084,2055,2127,2081,1917,1177,2097,2094,2072,2081,2153,2075,1903,1208,2021,2122,2092,2102,2101,1886,1943,1127,2028,2080,2085,2119,1987,1962,1967,1120,1820,1997,2019,2044,1968,1930,1997,5,255,5,10,5,5,5,5,5,5,10,5,10,5,5,5,5,5,5,5,5,5,5,10,5,5,5,5,5,5,5,5,9,5,255,5,5,5,255,255,5,255,5,10,5,5,10,5,5,255,5,5,5,5,5,5,5,10,5,5,5,5,10,255
1780854911.612919,17972,1806333018,845,2123,2059,2097,2054,2026,1304,994,1094,1279,2040,2078,2099,2036,1411,1116,1162,2007,2081,2068,2071,2135,2027,1714,1206,2033,2071,2093,2090,2101,2057,1917,1173,2098,2094,2086,2106,2100,2039,1903,1182,2018,2096,2092,2102,2054,1886,1943,1177,2028,2095,2120,2099,2040,1962,1942,1142,1820,1997,2057,1963,1952,1930,1997,5,4,255,255,5,5,5,5,5,5,255,5,255,255,5,5,5,5,5,5,5,5,5,255,5,5,5,5,5,5,5,255,5,3,255,5,5,5,10,255,5,10,5,255,255,5,255,255,5,255,5,5,5,5,255,5,5,255,255,5,5,5,255,255
1780854911.714374,17973,1806433016,855,2073,2049,2088,2076,2109,1260,1005,1092,1287,2094,2069,2099,2036,1557,1119,1202,2020,2087,2085,2116,2127,2127,1633,1204,2016,2089,2103,2079,2119,2090,1941,1119,2053,2065,2077,2102,2128,2039,1903,1185,1985,2106,2128,2122,2037,1886,1909,1150,1998,2097,2101,2099,1998,1938,1935,1131,1820,2002,2054,1999,1952,1972,1997,5,5,10,10,5,5,5,5,5,5,10,5,255,255,9,5,5,5,5,5,5,5,5,10,5,5,5,5,5,5,5,10,5,5,10,5,5,5,255,255,5,5,5,10,10,5,255,10,5,10,5,5,5,5,10,5,5,255,10,5,5,255,10,255
1780854911.811577,17974,1806533017,865,985,2080,2062,2045,2091,1308,1003,1047,1290,2092,2125,2065,2036,1422,1117,1182,2027,2084,2080,2116,2095,2041,1627,1192,2016,2083,2088,2106,2103,2080,1941,1207,2057,2135,2088,2080,2128,2039,1888,1180,1985,2060,2110,2107,2037,1985,1919,1122,1998,2075,2105,2067,2042,1978,1978,1076,1820,2012,2054,1965,1952,1972,1997,5,5,5,5,5,5,5,5,5,5,5,5,10,255,9,5,5,5,5,5,255,5,5,5,5,255,5,5,5,5,5,255,5,5,5,5,5,255,255,10,5,255,5,5,5,255,10,5,5,255,5,5,5,5,5,5,5,255,5,255,5,255,255,255
1780854911.911271,17975,1806633016,837,2037,2080,2094,2077,2051,1335,992,1084,1323,2072,2099,2076,2086,1386,1107,1212,1929,2070,2073,2065,2116,2061,1718,1189,2052,2096,2093,2098,2097,2096,1916,1171,2057,2135,2089,2104,2128,2031,1888,1176,1985,2073,2120,2102,2085,1988,1944,1133,1989,2074,2130,2096,2027,1955,1930,1124,1820,2015,2007,1983,1953,1972,1997,5,5,255,5,5,5,5,5,5,5,5,5,5,10,5,5,5,5,5,5,10,5,5,5,5,10,5,5,5,5,5,10,5,255,255,5,5,255,10,255,5,255,5,5,5,10,5,5,9,10,5,5,5,5,5,5,5,255,5,10,5,10,255,255
1780854912.011375,17976,1806733016,829,2043,2058,2094,2078,2049,1306,996,1089,1325,2064,2110,2073,2086,1452,1109,1213,1893,2073,2054,2096,2133,2096,1718,1149,2072,2117,2089,2084,2098,2088,1903,1149,2042,2149,2061,2084,2147,2084,1860,1139,1985,2094,2139,2113,2089,1869,1962,1156,2075,2110,2120,2091,1979,1989,1916,1115,1820,2025,2074,1973,1964,1958,1997,5,5,10,255,5,5,5,5,5,5,5,5,5,255,5,5,5,5,5,5,5,5,5,255,5,5,5,5,5,5,5,5,5,10,10,5,5,10,5,10,5,255,5,5,5,5,5,5,5,5,5,5,5,5,5,5,5,255,5,5,5,5,10,255
1780854912.114251,17977,1806833016,845,2086,2111,2073,2080,2051,1237,1000,1057,1360,2078,2085,2073,2086,1375,1102,1163,2027,2080,2062,2106,2073,2104,1742,1169,2006,2104,2087,2104,2092,2083,1788,1207,2043,2103,2096,2136,2080,2047,1947,1153,2014,2098,2139,2116,2089,1968,1957,1162,2075,2117,2075,2076,1998,1941,1974,1134,1820,2035,2001,1975,1964,1958,1997,5,5,5,10,5,5,5,5,5,5,5,5,255,255,5,5,5,5,5,5,5,5,5,10,5,5,5,5,5,5,5,5,5,5,5,5,5,5,5,5,5,10,5,255,5,5,5,5,5,255,5,5,5,5,5,5,5,255,5,5,5,255,255,255
1780854912.213348,17978,1806933017,835,2076,2111,2081,2079,2132,1301,987,1081,1316,2078,2085,2084,2086,1466,1109,1220,2027,2067,2096,2130,2087,2106,1742,1216,2082,2096,2093,2097,2104,2068,1993,1196,2023,2089,2062,2099,2080,2053,1886,1187,2014,2098,2078,2105,2074,1976,1957,1160,2075,2101,2127,2076,1997,1906,1941,1132,1820,2013,2001,1975,1964,1998,1997,5,5,255,5,5,5,5,5,5,5,255,255,10,255,5,5,5,255,5,5,5,5,5,255,5,5,5,5,5,5,5,4,5,5,5,5,5,255,5,3,5,255,5,10,5,5,5,255,5,255,5,5,255,9,5,5,5,255,5,255,255,255,10,255
1780854912.311415,17979,1807033017,848,1059,2092,2099,2071,2096,1225,991,1037,1291,2086,2073,2084,2086,1392,1136,1191,1982,2086,2094,2083,2099,2050,1713,1188,2040,2097,2098,2072,2070,2107,1850,1164,2023,2094,2129,2099,2080,2039,1886,1175,2014,2091,2078,2123,2091,1996,1986,1136,2026,2091,2151,2087,1966,1927,1983,1123,1820,2075,2049,2009,1930,1998,1997,5,255,10,5,5,5,5,5,5,9,10,10,255,255,5,5,9,10,5,5,5,5,5,10,5,5,5,5,5,5,5,5,5,255,5,5,5,255,5,255,9,255,5,255,5,5,5,10,5,10,5,5,10,5,5,5,5,255,5,10,10,10,255,255
1780854912.411933,17980,1807133017,855,1053,2092,2093,2120,2082,1289,1001,1069,1248,2086,2102,2060,2115,1430,1160,1148,2035,2058,2061,2087,2070,2066,1645,1163,2040,2081,2086,2120,2099,2094,1850,1211,2063,2115,2086,2089,2104,2027,1863,1171,2014,2111,2100,2135,2055,2004,1924,1172,2026,2105,2092,2126,1982,1981,1983,1110,1820,2014,2054,1990,1906,1998,1997,5,5,255,5,5,5,5,5,5,5,255,5,10,10,5,5,5,5,5,5,5,5,5,5,5,255,5,5,5,5,5,255,5,10,5,5,5,10,5,10,5,255,5,10,5,5,5,5,9,255,5,5,5,5,5,255,5,255,5,5,5,5,255,255
1780854912.511247,17981,1807233017,835,2061,2092,2061,2079,2082,1251,995,1059,1285,2093,2080,2060,2019,1458,1099,1197,2073,2081,2109,2093,2102,2018,1712,1178,2038,2086,2096,2093,2100,2118,1928,1186,2067,2085,2102,2071,2062,2062,1909,1159,2014,2105,2092,2127,2074,2004,1924,1142,1999,2106,2132,2087,1988,1943,1983,1119,1820,2069,2041,2017,1906,1998,1997,5,5,255,5,5,255,5,5,5,5,10,5,255,5,5,5,5,5,5,5,5,5,5,5,5,10,5,5,5,5,5,10,5,5,5,5,5,5,5,5,5,255,5,5,5,5,255,255,5,10,5,5,5,5,5,10,5,255,5,5,5,255,255,255
1780854912.611645,17982,1807333017,834,1064,2092,2069,2072,2082,1234,972,1092,1309,2093,2064,2097,2019,1418,1106,1187,1841,2128,2041,2106,2101,2114,1712,1199,2051,2100,2099,2095,2098,2095,1928,1214,2035,2091,2080,2112,2215,2062,1909,1190,2122,2101,2092,2147,2091,1969,1966,1144,1999,2091,2093,2101,2075,1964,1927,1110,1820,2040,2041,1995,1906,1998,1997,5,5,255,5,5,255,5,5,5,5,255,5,10,255,5,5,5,4,5,5,5,5,5,255,5,5,5,5,5,5,5,255,5,5,5,5,5,5,255,255,5,10,5,255,5,5,10,10,5,255,5,5,5,5,5,5,5,255,5,255,5,255,255,255
1780854912.714499,17983,1807433016,837,2081,2054,2060,2074,2082,1285,986,1071,1325,2083,2081,2053,2019,1394,1146,1146,1912,2085,2111,2106,2102,2062,1623,1184,2031,2116,2099,2101,2090,2064,1931,1155,2100,2096,2104,2117,2210,2062,1909,1160,2122,2099,2108,2123,2064,1939,1943,1136,2028,2106,2079,2054,2075,1951,1961,1135,1667,2040,2081,2022,1970,1998,1997,5,5,10,5,5,255,9,5,5,5,10,5,5,255,5,5,5,5,5,5,255,255,5,10,5,5,5,5,5,5,5,10,5,5,5,5,5,5,10,255,9,255,5,10,5,5,5,5,5,10,5,5,5,255,5,5,5,10,5,10,5,10,255,255
1780854912.813561,17984,1807533017,829,1084,2049,2081,2080,2030,1271,997,1075,1247,2083,2081,2053,2083,1324,1140,1163,1950,2067,2064,2106,2093,2060,1734,1189,2106,2073,2082,2102,2087,2132,1843,1193,2008,2140,2080,2106,2122,2062,1907,1148,2122,2117,2162,2133,2079,1939,1962,1175,2028,2088,2126,2054,1972,1937,1975,1119,1667,2058,2077,2022,1969,1998,1997,5,5,5,5,5,10,5,5,5,5,255,255,255,10,5,5,5,9,5,5,255,5,5,5,5,5,5,5,5,5,5,9,5,5,5,5,5,5,255,10,5,255,5,5,5,5,255,5,5,255,5,5,5,10,5,5,5,255,5,5,255,5,255,255
1780854912.911821,17985,1807633016,846,2067,2056,2084,2103,2030,1276,985,1102,1365,2083,2101,2078,2083,1401,1135,1191,2010,2085,2110,2083,2117,2098,1704,1185,2106,2079,2081,2089,2074,2079,1837,1185,2005,2085,2061,2116,2150,2053,1870,1172,2122,2115,2095,2082,2051,1957,1962,1135,2068,2133,2083,2081,1981,1950,1956,1123,1667,2070,2089,2022,2008,1938,1997,5,5,5,5,5,255,5,5,5,5,255,10,10,255,5,5,5,5,5,5,10,5,5,5,5,255,5,5,5,5,5,5,5,5,5,5,5,5,10,5,5,255,5,5,5,5,10,255,5,10,5,5,5,5,5,5,5,255,5,5,255,5,10,255
1780854913.021774,17986,1807743017,859,995,2056,2086,2116,2039,1282,986,1080,1264,2079,2086,2112,2073,1476,1133,1204,2036,2085,2077,2092,2117,2081,1641,1162,2009,2095,2105,2073,2082,2090,1851,1169,2018,2100,2095,2093,2109,2055,1870,1182,2122,2092,2045,2131,2103,1957,1960,1139,1997,2133,2121,2081,1995,1947,1956,1126,1667,2063,2089,2006,1947,1977,1997,5,255,255,5,5,10,5,5,5,5,10,5,5,10,5,5,5,5,5,5,5,5,5,5,5,10,5,5,5,5,5,5,5,5,5,5,5,5,5,255,5,255,5,5,5,5,255,10,5,5,5,5,255,5,5,255,5,255,5,255,10,5,5,255
1780854913.122199,17987,1807843016,841,1037,2084,2102,2077,2039,1181,1000,1112,1257,2043,2092,2047,2104,1487,1104,1155,1690,2083,2084,2097,2064,2085,1673,1220,2053,2095,2102,2086,2105,2087,1864,1204,2062,2103,2098,2110,2109,2045,1899,1194,2122,2108,2082,2131,2123,1945,1917,1151,2024,2118,2119,2081,2020,1945,1974,1143,1667,2052,2040,1995,1965,1977,1997,5,5,10,5,5,255,5,5,5,9,5,5,5,5,5,5,5,4,5,5,5,5,5,5,5,5,5,5,5,5,5,5,5,4,5,5,5,255,5,10,5,255,5,5,255,5,10,5,5,5,5,5,255,5,5,10,5,255,5,10,5,5,255,255
1780854913.221337,17988,1807943017,835,1039,2113,2074,2110,2001,1285,979,1068,1292,2082,2075,2152,1991,1435,1134,1190,1546,2109,2068,2097,2131,2071,1673,1198,2087,2095,2091,2073,2104,2082,1879,1182,2081,2137,2079,2103,2109,2075,1931,1170,2122,2101,2120,2072,2082,1959,1907,1164,2024,2089,2115,2093,2043,1963,1974,1137,1667,2052,2040,2009,1963,1977,1997,5,5,5,5,5,10,5,5,5,5,5,5,5,5,5,5,5,5,5,5,255,5,5,255,9,5,5,5,5,5,5,5,5,5,5,5,5,255,5,5,5,255,5,5,10,5,5,5,5,255,5,5,10,5,5,5,5,255,255,255,5,5,255,255
1780854913.323080,17989,1808043016,838,1039,2078,2104,2065,2001,1207,1010,1097,1258,2020,2090,2152,2086,1410,1121,1165,2057,2064,2110,2110,2062,2083,1724,1205,2087,2084,2085,2099,2096,2096,1869,1191,2022,2105,2085,2088,2111,2041,1931,1175,2122,2071,2074,2140,2077,1946,1925,1125,1918,2073,2124,2093,1984,1976,1950,1104,1667,2037,2054,1958,1957,1977,1997,5,255,5,5,5,255,5,5,5,5,5,5,255,5,9,5,5,5,5,5,10,5,5,10,5,255,5,5,5,5,5,5,5,5,5,5,5,10,5,5,5,255,5,5,5,5,5,5,5,10,5,5,255,5,5,5,5,255,10,10,5,5,255,255
1780854913.423268,17990,1808143016,858,1164,2073,2072,2066,2075,1416,985,1067,1381,2042,2085,2152,2005,1454,1109,1188,2007,2077,2077,2153,2066,2093,1674,1158,1964,2098,2089,2088,2127,2093,1869,1200,1991,2072,2069,2104,2176,2060,1931,1186,2122,2093,2074,2104,2062,1981,1944,1150,1918,2116,2070,2093,1998,1969,1931,1131,1667,2040,2002,2020,1933,1977,1997,5,10,5,5,5,10,4,5,5,5,5,5,255,5,5,5,5,5,5,5,5,5,5,5,5,10,5,5,5,5,5,255,5,5,5,5,5,5,5,5,5,255,5,255,5,5,5,5,5,255,5,5,255,5,5,5,5,255,5,5,5,5,255,255
1780854913.523475,17991,1808243017,839,1042,2047,2102,2089,1954,1321,966,1072,1331,2101,2084,2092,2071,1401,1126,1186,1935,2053,2114,2153,2060,2042,1674,1103,1564,2056,2079,2089,2086,2053,1937,1154,1991,2072,2103,2149,2113,2057,1872,1195,2122,2130,2113,2141,2072,1981,1919,1173,1918,2090,2090,2131,1961,1942,1931,1133,1663,2040,2037,1987,1955,1977,1997,5,5,5,5,5,5,5,5,5,5,5,5,10,5,5,5,5,5,5,5,255,5,5,255,5,4,5,5,5,5,5,10,5,255,255,5,5,5,5,5,5,255,5,10,5,5,255,5,5,255,5,5,10,5,5,255,5,10,255,5,5,5,255,255
1780854913.621848,17992,1808343017,848,1013,2062,2102,2065,2061,1298,1010,1077,1395,2101,2084,2092,2071,1355,1101,1153,1935,2068,2087,2153,2091,2061,1674,1200,2059,2076,2086,2065,2105,2054,1914,1184,1991,2117,2114,2116,2096,2057,1887,1193,2122,2105,2079,2095,2101,1981,1898,1120,1918,2105,2129,2131,1952,1924,1931,1146,1663,2066,2037,2030,1955,1977,1997,5,5,5,255,5,5,5,5,5,5,255,255,255,255,5,5,5,5,5,5,255,5,5,255,5,4,5,5,5,5,5,5,5,255,10,5,5,5,255,5,5,255,5,5,5,5,255,5,5,255,5,5,255,5,5,255,5,255,10,255,5,5,255,255
1780854913.723644,17993,1808443017,852,1053,2062,2101,2091,2065,1231,1022,1079,1215,2101,2078,2072,2071,1380,1110,1173,2012,2034,2081,2094,2074,2040,1721,1205,2013,2070,2103,2098,2092,2102,1816,1202,2049,2076,2088,2097,2107,2057,1887,1145,1930,2086,2079,2114,2088,1915,1898,1131,2077,2101,2105,2084,2013,1996,1916,1089,1663,1987,2022,2081,1955,1977,1997,5,5,255,10,5,5,5,5,5,5,255,10,10,255,5,5,5,5,5,5,10,5,5,10,5,5,5,5,5,5,5,5,5,10,5,5,5,5,255,255,5,10,5,255,5,5,10,255,5,255,5,5,10,5,5,10,5,255,5,10,5,255,255,255
1780854913.823056,17994,1808543017,859,1016,2069,2101,2079,2104,1225,1039,1066,1311,2101,2078,2072,2068,1389,1121,1174,2072,2065,2093,2123,2147,2052,1806,1216,2061,2069,2082,2073,2064,2087,1844,1149,2049,2085,2115,2095,2106,2057,1939,1152,1930,2088,2085,2122,2088,1947,1863,1103,2034,2081,2122,2084,1958,1934,1913,1127,1663,2042,2022,2041,1964,1977,1997,5,5,10,255,5,5,5,9,5,5,255,255,255,10,5,5,5,5,5,5,5,5,5,5,5,5,5,5,5,5,5,5,5,255,5,5,5,5,255,10,5,255,5,10,5,255,5,10,5,5,5,5,255,5,5,5,5,255,5,255,5,10,255,255
1780854913.921269,17995,1808643016,837,2089,2023,2097,2090,2117,1249,981,1082,1221,2027,2075,2024,2068,1457,1139,1151,1965,2077,2085,2096,2084,2122,1610,1167,2056,2096,2103,2096,2113,2048,1906,1182,2019,2064,2106,2099,2110,2023,1874,1197,1930,2107,2137,2120,2089,1931,1920,1142,2010,2081,2094,2082,2049,1947,1957,1139,1663,2042,2068,1975,1922,1977,1997,5,5,5,10,5,5,5,5,5,5,10,10,10,255,9,5,5,5,5,5,5,5,5,5,5,5,5,5,5,5,5,5,5,10,5,5,5,5,10,5,5,255,5,5,5,10,5,5,5,5,5,5,10,5,5,5,5,255,255,10,5,5,255,255
1780854914.022239,17996,1808743017,849,1077,2023,2058,2083,2048,1255,971,1052,1336,2048,2075,2009,2068,1377,1128,1186,1965,2085,2105,2057,2095,2070,1630,1188,1997,2105,2088,2085,2110,2105,1955,1164,2051,2064,2092,2098,2032,2023,1874,1199,2127,2078,2137,2119,2055,1950,1979,1145,2010,2100,2098,2083,1986,1961,1961,1083,1663,2052,2068,1967,1939,1977,1997,5,5,255,5,5,5,5,9,5,5,5,255,5,255,5,5,5,255,5,5,5,5,5,5,5,5,5,5,5,5,5,5,5,5,255,5,5,5,255,255,5,10,5,255,5,5,5,3,5,5,5,5,5,5,5,5,5,255,10,255,5,5,255,255
1780854914.122340,17997,1808843017,849,990,2023,2092,2074,2048,1231,1027,1069,1304,2049,2068,2095,2110,1462,1096,1148,1899,2082,2066,2097,2103,2037,1760,1154,2059,2074,2084,2097,2132,2085,1915,1196,2074,2080,2120,2076,2120,2046,1874,1223,2127,2072,2098,2109,2055,1968,1979,1146,2010,2077,2094,2099,2021,1910,1942,1141,1676,2010,2068,1967,1939,1977,1997,5,255,255,5,5,255,5,5,5,9,5,10,5,10,5,5,5,10,5,5,5,5,5,5,5,5,5,5,5,5,5,5,5,5,10,5,5,5,10,255,5,255,5,10,5,255,5,255,5,255,5,5,5,5,5,5,5,10,5,255,255,255,255,255
1780854914.222117,17998,1808943017,841,1079,2054,2108,2062,2015,1214,990,1063,1265,2049,2057,2104,2039,1356,1088,1195,1845,2060,2099,2101,2077,2051,1734,1161,1975,2096,2102,2099,2117,2077,1908,1185,1997,2080,2076,2111,2084,2046,1874,1154,2127,2072,2100,2109,2055,1968,2010,1150,2010,2049,2115,2094,2040,1938,1940,1135,1676,2010,2005,2000,1989,1977,1997,5,255,10,5,5,10,5,5,5,5,255,5,5,5,5,5,5,5,5,5,5,5,5,5,5,5,5,5,5,5,5,5,5,5,255,5,5,5,255,255,5,255,255,5,5,255,255,10,5,255,5,5,5,5,5,5,5,255,255,10,10,10,255,255
1780854914.322285,17999,1809043016,843,2065,2054,2063,2074,2173,1242,1007,1081,1231,2059,2102,2104,2039,1386,1121,1187,1931,2131,2086,2083,2073,2084,1734,1188,2061,2087,2093,2090,2093,2106,1908,1211,2080,2049,2082,2082,2107,2069,1911,1215,2027,2073,2100,2086,2079,2003,1916,1148,2052,2100,2114,2092,1952,1929,2003,1132,1638,2028,2046,1899,1989,1977,1948,5,4,255,5,5,5,5,5,5,5,10,5,255,255,5,5,5,5,5,5,5,5,5,255,9,5,5,5,5,5,5,255,5,5,10,5,5,5,10,10,5,10,10,255,5,10,10,5,5,10,5,5,5,5,5,5,5,10,10,5,5,255,255,10
1780854914.422156,18000,1809143017,840,1042,2083,2063,2068,2173,1241,1005,1083,1311,2059,2088,2104,2093,1481,1095,1194,2074,2085,2073,2070,2100,2042,1646,1198,1996,2085,2086,2104,2087,2090,1852,1206,2110,2049,2090,2092,2125,2064,1796,1187,2027,2088,2100,2089,2123,1963,1937,1104,1971,2089,2095,2086,2041,1975,1935,1117,1638,2028,2046,1899,1989,1977,1948,5,5,10,5,5,255,5,5,5,5,255,5,255,10,5,5,5,5,5,5,5,5,5,10,5,5,5,5,5,5,5,10,5,5,255,5,5,5,5,5,5,255,5,255,5,5,5,5,5,5,5,5,5,5,5,5,5,255,255,255,255,255,255,255
1780854914.521596,18001,1809243017,837,1034,2046,2082,2065,2173,1273,1002,1084,1279,2059,2102,2056,2071,1475,1121,1174,1943,2100,2057,2065,2112,2082,1629,1153,1965,2071,2092,2071,2128,2075,1894,1190,2110,2105,2086,2069,2125,2059,1796,1185,2010,2117,2104,2058,2086,1963,1939,1174,1971,2100,2104,2117,1997,1944,1956,1119,1638,1915,2046,1977,1948,1977,1948,5,5,5,5,5,255,5,5,5,5,255,5,10,5,5,5,9,5,5,5,5,5,5,5,5,5,5,5,5,5,5,5,5,255,10,5,5,255,5,255,5,10,5,10,5,5,255,5,5,255,5,5,5,5,5,5,5,255,10,255,10,10,255,255
1780854914.621888,18002,1809343016,853,1034,2070,2112,2089,2075,1342,992,1102,1291,2101,2102,2056,2026,1447,1147,1203,1965,2063,2093,2115,2113,2098,1629,1179,1988,2088,2096,2090,2113,2053,1925,1170,2052,2119,2109,2089,2129,2040,1959,1188,2010,2073,2067,2140,2027,1963,1949,1128,1979,2055,2106,2085,1963,1965,1950,1131,1638,1994,2057,1971,1989,1977,1948,5,255,5,5,5,10,5,5,5,5,10,255,5,5,5,5,5,5,5,5,5,5,5,255,5,5,5,5,5,5,5,5,5,10,5,5,5,10,5,10,5,255,5,5,5,5,255,5,5,10,5,5,5,5,5,5,5,255,5,10,5,5,255,255
1780854914.722176,18003,1809443017,844,1032,2054,2112,2084,2047,1250,1003,1085,1271,2046,2112,2126,2026,1446,1112,1210,1854,2095,2115,2070,2050,2054,1629,1192,2017,2101,2089,2092,2103,2107,1925,1193,2052,2087,2081,2059,2159,2091,1959,1163,2010,2104,2070,2097,2049,1962,1949,1149,2045,2082,2090,2086,1981,1965,1965,1117,2048,2053,2109,1971,1975,1977,1948,5,10,5,255,5,5,5,5,5,5,5,10,5,255,9,5,5,9,5,5,5,5,5,255,5,5,5,5,5,5,5,255,9,255,5,5,5,5,5,255,5,255,5,5,5,5,10,255,5,5,5,5,5,255,5,5,5,10,5,5,5,5,255,255
1780854914.821662,18004,1809543017,846,1037,2027,2081,2076,2041,1226,993,1065,1175,2046,2112,2126,2056,1429,1097,1206,1588,2075,2088,2071,2086,2059,1680,1166,1980,2093,2086,2086,2118,2075,1891,1181,2030,2087,2118,2095,2159,2091,1940,1188,2010,2097,2073,2063,2088,1884,1953,1156,2045,2116,2105,2146,1980,1925,1965,1110,2048,2065,2054,1971,1920,1977,1948,5,5,5,10,5,5,5,5,5,255,255,255,255,10,5,5,5,4,5,5,5,5,5,10,5,5,5,5,5,5,5,10,9,10,255,5,5,255,255,10,5,255,5,5,5,5,5,10,5,5,5,5,5,5,5,255,5,255,5,5,255,5,255,255
1780854914.921904,18005,1809643016,849,1004,2085,2062,2053,2065,1261,987,1067,1277,2046,2109,2138,1976,1466,1128,1195,1521,2077,2108,2064,2031,2094,1778,1154,2087,2081,2082,2100,2092,2088,1954,1180,2027,2090,2118,2101,2159,2091,1942,1163,2010,2098,2055,2059,2088,2029,1974,1168,2045,2119,2108,2097,1993,1957,1968,1125,2048,2077,2071,2063,1970,1977,1948,5,5,5,5,5,5,5,5,5,5,255,10,10,5,9,5,5,5,5,5,5,5,5,5,5,5,5,5,5,5,5,5,5,5,10,5,5,255,255,5,5,255,5,5,5,255,5,5,5,255,5,5,5,5,5,10,5,255,5,5,10,5,255,255
1780854915.021560,18006,1809743017,835,2046,1993,2062,2057,2067,1270,1006,1079,1285,2046,2098,2082,1976,1395,1131,1176,1798,2095,2070,2064,2126,2075,1778,1202,2101,2086,2094,2091,2111,2070,1736,1201,2014,2108,2096,2111,2061,2062,1942,1183,2010,2086,2055,2113,2045,1922,1918,1123,2034,2132,2097,2097,2018,1923,1919,1132,2048,2068,2007,2063,1940,1977,1948,5,5,5,255,5,5,5,5,5,5,255,5,5,255,5,5,5,5,5,5,255,5,5,255,5,5,5,5,5,5,5,4,5,5,5,5,5,10,10,255,5,255,5,255,5,10,5,5,5,10,5,5,255,5,5,5,5,255,5,5,255,5,255,255
1780854915.121611,18007,1809843016,836,1073,1993,2082,2093,2003,1256,1001,1074,1298,2010,2050,2082,2093,1418,1138,1173,1990,2061,2072,2082,2108,2065,1654,1177,2017,2112,2097,2087,2115,2102,1736,1181,2059,2118,2090,2116,2079,2050,1942,1174,2010,2091,2085,2095,2083,2002,1963,1148,1987,2064,2109,2107,1931,1958,1963,1104,2048,2004,2082,2045,1974,1977,1948,5,5,255,10,5,9,5,5,5,5,10,5,255,10,5,5,5,5,5,5,10,5,5,10,5,5,5,5,5,5,5,255,5,5,5,5,5,5,5,255,5,255,5,10,5,5,5,5,5,5,5,5,10,5,5,5,5,255,5,5,10,5,255,255
1780854915.223483,18008,1809943017,841,1060,2083,2112,2066,1771,1297,987,1081,1294,2010,2063,2082,2093,1380,1131,1205,1915,2083,2067,2130,2101,2087,1654,1177,2018,2097,2102,2087,2120,2084,1860,1182,2054,2088,2076,2139,2079,2069,1942,1188,2010,2125,2138,2129,2057,1915,1963,1154,1987,2085,2127,2107,1931,1953,1977,1065,2048,2049,2082,1987,2002,1977,1948,5,5,10,5,5,4,5,5,5,5,255,5,255,255,5,5,5,5,5,5,5,5,5,255,5,5,5,5,5,5,5,10,5,5,5,5,5,255,5,255,5,255,5,5,5,5,5,255,5,255,5,5,255,255,5,5,5,255,5,255,5,5,255,255
1780854915.324595,18009,1810043016,836,1036,2086,2067,2079,1982,1335,980,1070,1272,2076,2094,2084,2038,1445,1120,1178,2051,2059,2091,2073,2089,2141,1654,1213,2037,2110,2095,2093,2098,2085,1910,1172,1984,2067,2070,2125,2084,2089,1942,1172,2010,2074,2126,2021,2101,1978,1990,1135,2048,2101,2103,2110,2000,1952,1977,1133,2048,2045,2028,1993,2002,1972,1948,5,5,5,5,5,4,5,5,5,5,10,5,10,10,5,5,5,5,5,5,5,5,5,255,9,5,5,5,5,5,5,5,5,5,5,5,5,10,5,255,5,255,5,5,5,5,5,10,5,10,5,5,10,10,5,255,5,255,5,10,5,255,10,255
1780854915.422833,18010,1810143017,851,1044,2086,2031,2119,2007,1231,984,1091,1289,2057,2054,2100,2078,1454,1158,1208,2051,2053,2081,2086,2099,2027,1684,1172,2029,2101,2092,2083,2123,2081,1878,1186,2022,2061,2086,2114,2061,2034,1942,1175,2010,2086,2126,2083,2077,1915,1980,1148,2048,2126,2118,2105,2000,1936,1977,1120,2048,2045,2071,2011,2002,1972,1948,5,5,255,5,5,5,5,5,5,5,5,5,5,5,5,5,5,255,5,5,5,5,5,10,5,5,5,5,5,5,5,5,5,5,5,5,5,5,5,255,5,255,5,255,5,5,5,5,5,255,5,5,5,255,5,255,5,255,255,5,5,255,255,255
1780854915.522793,18011,1810243016,847,1097,2070,2088,2098,1979,1301,993,1080,1286,2077,2100,2011,2057,1487,1140,1151,1606,2085,2056,2098,2152,2064,1704,1193,2078,2057,2098,2083,2107,2088,1856,1174,2033,2063,2061,2087,2110,2056,1942,1136,2168,2108,2126,2091,2035,1896,1948,1151,1999,2148,2130,2073,2046,1929,1940,1116,2048,2044,2054,1999,1940,1972,1948,5,5,10,5,5,5,5,5,5,5,5,5,5,5,9,5,5,10,5,5,5,5,5,5,5,5,5,5,5,5,5,5,5,5,5,5,5,5,5,255,9,10,5,255,5,5,5,5,5,10,5,5,5,10,5,10,5,255,10,5,5,10,255,255
1780854915.621203,18012,1810343017,849,975,2044,2072,2066,2038,1264,982,1075,1333,2052,2100,2011,2102,1557,1118,1188,1933,2064,2084,2098,2107,2046,1640,1183,2048,2091,2091,2090,2092,2124,1930,1168,2033,2069,2088,2088,2077,2056,1942,1209,2168,2083,2071,2076,2083,1896,1949,1137,1999,2023,2102,2085,2054,1977,1940,1145,2048,2032,2068,2021,1940,1972,1948,5,5,5,5,5,5,5,5,5,5,5,255,255,5,5,5,5,3,5,5,255,5,5,5,5,5,5,5,5,5,5,5,5,255,5,5,5,5,255,255,5,255,5,10,5,5,255,5,5,255,5,5,5,5,5,255,5,255,5,5,5,5,255,255
1780854915.721389,18013,1810443016,840,1034,2101,2053,2102,2034,1292,974,1077,1258,2034,2074,2011,2052,1410,1166,1157,2036,2064,2107,2064,2107,2108,1642,1221,2095,2095,2079,2097,2111,2089,1930,1218,2033,2128,2092,2088,2072,2051,1858,1160,2168,2083,2080,2126,2081,1969,1934,1172,1999,2112,2104,2072,2001,1958,1946,1100,2048,2068,2081,1978,1955,1972,1948,5,5,5,5,5,5,5,5,5,5,5,10,255,5,5,5,5,5,5,5,10,5,5,5,5,5,5,5,5,5,5,255,5,255,5,5,5,5,10,10,9,255,255,5,5,5,10,5,5,255,5,5,5,5,5,10,5,255,5,5,5,5,255,255
1780854915.830171,18014,1810553017,849,1063,2094,2058,2076,2034,1242,984,1067,1293,2026,2074,2011,2052,1432,1106,1218,2010,2066,2086,2101,2103,2043,1642,1207,2065,2099,2095,2083,2083,2118,1900,1179,2103,2127,2106,2136,2127,2051,1858,1180,2168,2101,2080,2116,2085,1947,1924,1152,1999,2123,2098,2130,1966,1962,1946,1123,2048,2003,2025,1994,1953,1972,1948,5,5,5,5,5,255,5,5,9,5,5,255,255,255,5,5,5,5,5,5,5,5,5,255,5,5,5,5,5,5,5,10,5,10,5,5,5,5,255,255,5,255,10,255,5,5,5,5,5,255,5,5,5,5,5,255,5,255,5,5,9,5,255,255
1780854915.931359,18015,1810653016,832,1082,2090,2069,2090,2072,1269,980,1076,1295,2013,2123,2011,2077,1404,1128,1168,2043,2032,2060,2073,2088,2070,1924,1157,2032,2092,2103,2062,2079,2097,1900,1202,2103,2057,2078,2083,2112,2076,1904,1204,2168,2119,2111,2124,2080,1947,1927,1166,2049,2097,2096,2081,1996,1955,1945,1116,2048,2043,2025,1994,1961,1972,1948,5,5,5,5,5,10,9,5,5,5,5,10,255,10,5,5,5,5,5,5,5,5,5,10,5,5,5,5,5,5,5,255,5,255,5,5,5,5,10,10,5,255,5,10,5,5,5,5,5,10,5,5,5,5,5,10,5,255,5,255,255,5,255,255
1780854916.031185,18016,1810753017,825,2078,2034,2070,2080,2009,1278,952,1062,1211,2085,2115,2116,2033,1438,1104,1175,2043,2059,2080,2094,2104,2078,1638,1171,2081,2103,2082,2089,2112,2053,1800,1181,2103,2057,2097,2121,2105,2076,1904,1143,2083,2109,2121,2124,2112,2003,2006,1137,2049,2115,2093,2068,1981,1919,1997,1096,2048,2006,2025,2032,1934,1972,1948,5,5,5,5,5,5,9,5,5,5,5,5,10,5,5,5,5,255,5,5,5,5,5,4,5,5,5,5,5,5,5,10,9,255,255,5,5,5,255,255,5,10,5,5,255,5,5,5,5,255,5,5,5,5,5,5,5,255,5,255,10,5,255,255
1780854916.131359,18017,1810853017,859,2055,2093,2074,2079,2050,1291,981,1102,1321,2085,2067,2116,2146,1387,1138,1181,1965,2052,2132,2100,2097,2080,1702,1221,1954,2097,2098,2088,2063,2072,1800,1197,2103,2065,2101,2103,2105,2062,1904,1199,2083,2066,2069,2070,2119,1966,1926,1136,2000,2086,2130,2111,2019,1935,1950,1137,2048,2076,2051,2008,1953,1972,1948,5,5,5,5,5,5,9,5,5,5,255,5,255,5,5,5,5,10,5,5,5,5,5,5,9,5,5,5,5,5,5,255,5,255,10,5,5,255,10,255,5,255,5,5,10,5,5,5,5,10,5,5,5,5,5,5,5,255,5,10,5,5,255,255
1780854916.231423,18018,1810953017,849,2081,2081,2074,2082,2029,1283,982,1074,1255,2085,2067,2112,2146,1407,1095,1201,1923,2071,2080,2092,2105,2119,1678,1191,1954,2087,2097,2077,2167,2067,1800,1182,2052,2096,2113,2123,2061,2058,1904,1246,2083,2111,2056,2103,2073,1966,1932,1129,2000,2057,2124,2111,2011,1916,1934,1100,2048,2052,2051,2080,1962,1972,1948,5,5,5,255,5,5,5,5,5,5,255,255,10,255,5,5,5,5,5,5,5,5,5,5,5,255,5,5,5,5,5,255,5,10,5,5,5,10,5,255,5,255,5,5,5,5,255,5,5,255,5,5,255,5,5,5,5,255,5,255,5,5,255,255
1780854916.331255,18019,1811053016,835,2104,2081,2096,2074,2029,1311,1008,1076,1361,2087,2094,2127,2123,1424,1123,1159,1595,2080,2103,2119,2110,2046,1629,1179,2040,2104,2091,2087,2125,2115,1810,1203,2014,2080,2077,2107,2165,2030,1917,1199,2010,2084,2107,2088,2076,1968,1960,1137,2000,2082,2125,2105,2016,1944,1953,1102,2048,2069,2051,1987,1960,1972,1948,5,5,255,10,5,255,5,5,5,5,10,10,5,10,5,5,5,4,5,5,5,5,5,5,5,10,5,5,5,5,5,10,5,5,5,5,5,5,5,10,5,10,5,5,5,5,10,5,5,255,5,5,10,5,5,5,5,255,5,255,5,5,255,255
1780854916.431812,18020,1811153016,840,2073,2076,2038,2074,2040,1276,1019,1098,1273,2068,2094,2061,2140,1415,1135,1196,1595,2114,2091,2146,2108,2044,1629,1171,2083,2086,2095,2084,2101,2093,1897,1221,1982,2083,2075,2110,2165,2030,1881,1166,2086,2093,2097,2080,2100,1937,1954,1137,2098,2093,2148,2104,1947,1952,1924,1135,2048,2069,2057,1980,1982,1972,1948,5,5,10,5,5,10,5,5,5,5,5,255,5,5,5,5,5,255,5,5,5,5,5,255,5,5,5,5,5,5,5,5,5,5,5,5,5,255,255,5,5,5,5,5,5,5,5,5,5,10,5,5,5,5,5,5,5,255,255,10,5,5,255,255
1780854916.531282,18021,1811253016,836,2077,2066,2038,2063,2043,1253,985,1104,1330,1976,2103,2061,2022,1472,1105,1187,2007,2115,2100,2098,2117,2054,1632,1179,1947,2087,2082,2077,2088,2112,1897,1183,2123,2135,2070,2113,2108,2079,1874,1166,2075,2052,2097,2099,2070,1937,1988,1168,2033,2112,2119,2131,1993,1948,1929,1105,2048,1986,2057,1987,1973,1965,1948,5,5,5,255,5,5,5,5,5,5,5,10,255,5,5,5,5,10,5,5,5,5,5,10,5,5,5,5,5,5,5,255,5,3,5,5,5,10,10,5,5,5,5,255,5,5,255,5,5,5,5,5,5,5,255,5,5,255,10,255,5,5,10,255
1780854916.631346,18022,1811353017,846,2077,2063,2064,2048,2024,1252,986,1053,1226,2056,2103,2063,2079,1506,1133,1206,1994,2086,2072,2124,2089,2074,1632,1178,2126,2113,2099,2088,2112,2112,1800,1207,2046,2119,2088,2099,2108,2033,1874,1184,2075,2094,2110,2097,2116,1961,1926,1142,2033,2110,2117,2078,1993,1937,1976,1111,1406,1986,2057,1986,1973,1866,1948,5,255,5,10,5,5,5,5,5,5,5,255,10,5,5,5,5,5,5,5,5,5,5,255,5,5,5,5,5,5,5,10,5,5,5,5,5,5,5,255,5,255,5,10,5,5,10,5,5,255,5,5,5,255,5,5,5,10,255,255,5,255,5,255
1780854916.731150,18023,1811453016,825,2074,2078,2038,2126,2050,1282,994,1098,1256,2083,2091,2116,1995,1509,1114,1178,2047,2104,2092,2143,2168,2112,1658,1192,2009,2088,2091,2083,2101,2149,1911,1171,2099,2078,2101,2078,2140,2070,1874,1180,2075,2090,2103,2084,2085,1973,1908,1140,2033,2088,2106,2066,2014,1946,1976,1120,1406,2054,2043,2028,1977,1866,1948,5,10,5,5,5,5,5,5,5,5,5,10,5,5,5,5,5,5,5,5,5,5,5,10,5,5,5,5,5,5,5,9,5,9,5,5,5,5,5,255,5,255,5,5,5,5,5,5,5,255,5,5,5,10,5,255,5,255,10,10,5,10,255,255
1780854916.831206,18024,1811553016,837,1079,2062,2038,2102,2074,1294,1006,1068,1267,2037,2087,2091,2110,1447,1127,1195,1935,2078,2103,2120,2079,2021,1640,1214,1955,2085,2096,2084,2097,2094,1927,1205,1996,2137,2111,2095,2088,2065,1918,1192,2139,2098,2103,2123,2081,1959,1919,1154,2033,2116,2119,2083,1965,1916,1991,1142,1406,2071,2043,1977,1910,1866,1948,5,5,5,255,5,5,5,5,5,5,5,5,5,5,5,5,5,5,5,5,5,5,5,5,5,5,5,5,5,5,5,5,5,5,5,5,5,5,5,3,5,10,5,255,5,5,5,5,5,255,5,5,5,5,5,10,5,255,5,255,5,5,255,255
1780854916.930035,18025,1811653016,844,2035,2007,2067,2082,2071,1294,1011,1057,1237,2079,2067,2073,2008,1396,1126,1181,1839,2098,2090,2102,2113,2081,1721,1173,1955,2096,2100,2083,2148,2112,1840,1196,2046,2045,2082,2073,2117,2062,1957,1124,2139,2103,2062,2110,2117,1993,1917,1131,2033,2069,2095,2109,2026,1955,1922,1138,1442,2083,2046,2017,1955,1959,1948,5,5,5,10,5,255,5,5,9,5,5,5,5,5,4,5,5,5,5,5,5,5,5,5,5,255,5,5,5,5,5,5,5,5,5,5,5,5,5,5,5,255,5,10,5,5,5,5,5,255,5,5,5,5,5,5,5,10,5,10,5,5,10,255
1780854917.031181,18026,1811753016,835,1093,2084,2074,2124,1973,1224,1002,1077,1273,2079,2063,2105,2008,1332,1103,1179,2013,2073,2079,2073,2108,2127,1721,1266,2029,2092,2075,2088,2087,2141,1840,1129,2076,2129,2081,2141,2125,2062,1898,1198,2139,2100,2080,2113,2101,1954,1960,1143,2033,2076,2116,2124,2009,1928,1952,1110,1442,2097,2000,2028,1974,1932,1948,5,5,5,5,5,5,5,5,5,5,255,5,5,255,5,5,5,5,5,5,5,5,5,255,5,10,5,5,5,5,5,255,5,5,5,5,5,5,255,5,5,255,5,5,5,5,5,5,5,255,5,5,5,5,5,5,5,255,5,5,5,5,5,255
1780854917.131366,18027,1811853017,857,1039,2091,2091,2075,2040,1308,998,1073,1331,2069,2088,2102,2008,1475,1131,1176,2026,2057,2081,2066,2071,2059,1587,1169,2110,2099,2077,2109,2070,2079,1840,1201,2034,2071,2111,2121,2125,2053,1895,1173,2139,2108,2080,2109,2048,1954,1960,1133,2050,2079,2090,2101,2003,1925,1980,1119,1442,2097,2069,2008,1925,1932,1948,5,5,5,5,5,9,5,5,9,5,10,5,5,255,5,5,5,5,5,5,5,5,5,10,5,5,5,5,5,5,5,255,5,5,5,5,5,255,10,5,5,255,5,255,5,5,255,255,5,10,5,5,5,5,5,5,5,255,255,5,5,5,255,255
1780854917.231582,18028,1811953017,829,2088,2072,2082,2110,2050,1259,996,1083,1358,2069,2078,2102,2008,1461,1122,1167,1560,2105,2132,2086,2087,2045,1674,1222,2017,2096,2097,2081,2083,2105,1840,1191,2051,2100,2113,2095,2125,2053,1895,1174,2139,2106,2080,2080,2088,1981,1933,1163,2050,2103,2104,2130,1990,1993,1965,1121,1593,2040,2069,2008,1949,1932,1948,5,5,5,5,5,5,5,5,5,5,255,5,255,255,5,5,5,4,5,5,5,5,5,5,9,5,5,5,5,5,5,255,5,5,5,5,5,255,255,255,5,255,5,255,5,5,10,255,5,255,5,5,5,5,5,5,5,10,10,255,255,5,255,255
1780854917.332395,18029,1812053016,835,1091,2088,2083,2093,1984,1261,988,1074,1189,2045,2094,2102,2008,1429,1150,1156,1504,2065,2082,2080,2108,2056,1698,1177,1982,2079,2096,2079,2113,2075,1936,1152,2051,2070,2112,2100,2053,2070,1965,1173,2139,2112,2080,2074,2074,1975,1982,1131,2010,2079,2107,2081,1946,1946,1933,1091,1593,2058,2016,2030,1926,1932,1948,5,5,5,5,5,5,9,5,5,5,10,5,255,255,5,5,5,5,5,5,5,5,5,5,5,5,5,5,5,5,5,10,5,255,5,5,5,10,10,10,5,255,5,255,5,5,5,5,5,10,5,5,5,5,5,5,5,255,5,10,10,5,255,255
1780854917.431430,18030,1812153017,842,1043,2088,2090,2042,2063,1315,986,1089,1305,2009,2058,2102,2008,1415,1094,1158,2086,2069,2078,2101,2131,2025,1692,1213,2012,2096,2083,2097,2095,2064,1936,1184,1971,2127,2088,2103,2156,2076,1965,1181,2139,2109,2156,2105,2060,1975,1989,1147,2010,2063,2094,2081,1984,1958,1992,1123,1593,2058,2032,2039,1926,1932,1948,5,5,255,5,5,5,5,5,5,5,5,5,255,255,5,5,5,5,5,5,5,5,5,5,5,5,5,5,5,5,5,255,5,10,5,5,5,5,5,255,5,255,5,10,5,5,255,5,5,255,5,5,255,5,5,5,5,255,255,5,5,255,255,255
1780854917.532233,18031,1812253016,835,2083,2032,2090,2083,2071,1283,990,1069,1265,2085,2059,2034,2008,1450,1091,1174,1967,2058,2114,2074,2105,2065,1692,1200,2062,2090,2101,2084,2106,2110,1855,1183,2091,2088,2094,2090,2125,2043,1873,1176,1663,2082,2109,2112,2049,1947,1943,1157,2010,2090,2108,2119,2022,1970,1970,1094,1961,2057,2047,1989,1945,1997,1948,5,5,10,255,5,5,9,5,5,5,5,5,10,255,5,5,5,5,5,5,5,5,5,255,9,5,5,5,5,5,5,10,5,9,5,5,5,5,5,10,5,10,5,5,5,5,10,5,5,255,5,5,10,5,5,5,5,10,10,5,5,10,10,255
1780854917.632143,18032,1812353017,837,2031,2054,2090,2088,2158,1366,1024,1064,1287,2085,2059,2091,2008,1429,1112,1215,2079,2084,2103,2105,2101,2097,1740,1194,2041,2082,2096,2070,2105,2088,1855,1174,2070,2130,2081,2086,2068,2043,1873,1161,1663,2091,2111,2096,2063,1947,1982,1152,2036,2093,2108,2076,1955,1958,1938,1133,1917,2083,2047,1998,1982,1997,1948,5,5,5,10,5,5,5,5,5,5,255,255,5,255,5,5,5,5,5,5,5,5,5,10,9,5,5,5,5,5,5,5,5,5,5,5,5,5,255,255,5,255,5,5,5,5,255,5,5,10,5,255,5,5,5,5,5,5,5,255,5,5,255,255
1780854917.731842,18033,1812453016,839,2103,2081,2062,2053,2127,1262,973,1091,1306,2066,2077,2091,2008,1472,1122,1178,2021,2073,2091,2079,2078,2046,1682,1173,2063,2081,2094,2080,2095,2092,1785,1219,2050,2115,2081,2062,2156,2043,1857,1142,1899,2135,2130,2077,2074,1968,1898,1158,2112,2107,2116,2105,2001,1963,1996,1123,1917,2083,2028,1953,1982,1997,1948,5,5,5,5,5,5,5,5,5,5,10,10,255,255,5,5,5,5,5,5,5,5,5,5,5,5,5,5,5,5,5,5,5,5,5,5,5,5,255,10,5,10,5,5,5,5,10,5,5,5,5,10,5,5,5,5,5,255,255,10,5,255,255,255
1780854917.833117,18034,1812553017,836,1028,2094,2089,2090,2074,1295,977,1086,1397,2066,2102,2091,2008,1464,1107,1200,2008,2054,2057,2079,2116,2065,1738,1173,2024,2073,2087,2085,2129,2159,1785,1172,2018,2096,2097,2106,2099,2043,1857,1181,1899,2135,2101,2107,2092,1986,1924,1116,2075,2074,2072,2105,2065,1948,1988,1135,1917,2083,2051,1987,1982,1997,1948,5,5,5,5,5,5,5,5,5,5,255,5,255,255,5,5,5,5,5,5,255,5,5,5,5,5,5,5,5,5,5,255,5,5,5,5,5,5,255,255,5,255,255,5,5,5,5,5,5,5,5,5,255,5,5,5,5,255,255,5,5,255,255,255
1780854917.932218,18035,1812653016,847,1081,2071,2060,2102,2039,1235,1025,1077,1327,2066,2074,2096,2008,1369,1115,1175,2011,2050,2083,2097,2110,2076,1669,1224,2020,2088,2088,2092,2117,2056,1785,1218,2057,2119,2102,2097,2127,2070,1897,1128,1899,2105,2074,2124,2066,2001,1922,1107,2075,2093,2104,2093,1964,1978,1962,1105,1917,1985,2050,1987,1999,1997,1948,5,5,5,5,5,5,5,5,5,5,255,5,10,255,5,5,5,5,5,5,10,5,5,5,5,5,5,5,5,5,5,255,5,5,5,5,5,5,10,10,5,255,10,5,5,5,5,5,5,255,5,5,10,5,5,5,5,255,10,5,255,10,255,255
1780854918.031427,18036,1812753017,830,1072,2107,2096,2069,2029,1271,983,1077,1228,2088,2085,2096,1948,1439,1128,1208,1731,2064,2093,2110,2073,2105,1669,1177,2020,2097,2078,2066,2099,2097,1785,1163,2067,2061,2091,2111,2086,2057,1925,1170,1899,2112,2110,2124,2066,2001,1940,1126,2075,2057,2109,2123,1973,1949,1936,1132,1917,2037,2050,1987,1999,1997,1948,5,5,5,5,5,5,5,5,5,5,10,5,255,10,5,5,5,9,5,5,5,5,5,255,5,255,5,5,5,5,5,255,5,5,5,5,5,5,5,5,5,255,5,5,255,255,255,5,5,255,5,5,5,5,5,5,5,255,5,255,255,255,255,255
1780854918.131726,18037,1812853016,851,1056,2090,2070,2081,2029,1318,982,1073,1268,2097,2081,2112,2055,1453,1098,1178,1508,2078,2058,2093,2102,2065,1669,1219,2030,2093,2095,2067,2082,2060,1644,1206,2057,2143,2073,2083,2094,2076,2002,1191,2035,2126,2108,2073,2095,1967,1926,1136,2015,2081,2088,2108,1987,1975,1939,1092,1917,2025,2030,1988,1999,1975,1948,5,5,5,5,5,255,5,5,5,9,5,5,10,5,5,5,5,4,5,5,5,5,5,255,5,10,5,5,5,5,5,10,5,5,5,5,5,5,5,5,5,10,5,5,10,10,10,5,5,10,5,5,5,255,5,5,5,255,5,10,10,255,10,255
1780854918.231686,18038,1812953017,853,2067,2077,2057,2133,2028,1284,1002,1093,1277,2022,2094,2112,2055,1409,1089,1186,2069,2087,2036,2132,2157,2025,1669,1202,2030,2084,2087,2089,2082,2086,1644,1191,2057,2083,2097,2088,2121,2076,1857,1202,2035,2118,2139,2106,2072,1955,1881,1158,2015,2115,2088,2143,1996,1977,1939,1110,1917,2027,2030,1988,1928,1975,1948,5,5,5,5,5,10,5,5,5,5,5,5,255,255,5,9,5,5,5,5,5,5,5,255,5,255,5,5,5,5,5,255,5,255,5,5,5,5,255,5,5,255,5,5,5,5,5,5,5,255,5,255,5,5,5,255,5,255,5,255,255,10,255,255
1780854918.333946,18039,1813053016,834,1129,2054,2084,2086,1972,1239,986,1094,1241,2096,2087,2112,2044,1440,1129,1170,1912,2094,2118,2110,2101,2051,1675,1211,2155,2085,2085,2108,2137,2097,1944,1193,2133,2121,2102,2093,2128,2076,1857,1165,2035,2115,2071,2065,2015,1958,1957,1159,2056,2116,2121,2094,2007,1948,1962,1113,1511,2073,2030,1984,1928,1975,1948,5,5,5,5,5,5,5,5,5,5,5,5,255,10,5,5,5,5,5,5,5,5,5,10,5,10,5,5,5,5,5,10,5,10,5,5,5,5,255,255,5,255,5,5,5,5,5,5,5,10,5,10,5,5,5,10,5,10,5,255,10,255,255,255
1780854918.432971,18040,1813153017,851,1051,2054,2075,2115,2045,1231,976,1093,1293,2053,2087,2084,2044,1362,1131,1211,2065,2078,2123,2110,2092,2048,1677,1183,2050,2090,2080,2084,2112,2091,1944,1214,2040,2071,2088,2112,2136,2076,1857,1165,2035,2062,2081,2107,2137,2025,1917,1171,2056,2128,2106,2093,1994,1956,1917,1117,1511,2034,1972,2017,1928,1975,1948,5,5,255,5,5,5,5,5,5,5,5,255,10,255,5,5,5,5,5,5,255,5,5,5,5,5,5,5,5,5,5,255,5,5,5,5,5,5,255,255,5,255,5,5,5,5,5,5,5,255,5,5,5,5,5,5,5,255,5,10,5,255,255,255
1780854918.542273,18041,1813263016,845,1051,2067,2075,2048,2045,1311,984,1097,1261,2068,2074,2094,2115,1377,1131,1173,2065,2113,2075,2089,2089,2070,1616,1188,2005,2066,2091,2087,2090,2108,1786,1195,2037,2064,2084,2056,2091,2112,1916,1169,1979,2078,2093,2131,2074,1962,1897,1142,2056,2116,2111,2099,2026,1946,1990,1074,1511,2034,2073,2023,1993,1975,1948,5,5,10,255,5,255,5,5,5,5,5,10,5,10,5,5,5,255,5,5,10,5,5,5,5,5,5,5,5,5,5,10,5,5,5,5,5,5,10,10,5,10,5,5,5,5,5,5,5,255,5,5,5,5,5,5,5,255,255,5,5,10,255,255
1780854918.642309,18042,1813363017,838,1064,2068,2086,2103,2045,1260,976,1081,1321,2068,2121,2053,2130,1409,1105,1171,2065,2039,2106,2097,2091,2103,1804,1185,1980,2086,2082,2123,2121,2082,1815,1173,2022,2132,2078,2106,2135,2058,1916,1170,2056,2107,2093,2143,2046,1968,1908,1137,2056,2054,2091,2099,2026,1901,1982,1122,1541,2006,2061,1965,1993,1975,1948,5,5,5,10,5,255,5,5,5,5,5,5,5,5,5,5,5,255,5,5,5,5,5,5,5,5,5,5,5,5,5,5,5,5,5,5,5,5,5,255,5,5,5,255,5,5,5,5,5,255,5,5,255,255,5,5,5,10,10,5,5,255,255,255
1780854918.743073,18043,1813463016,846,2046,2090,2064,2086,2094,1315,991,1095,1275,2105,2059,2038,2130,1431,1132,1172,1681,2090,2095,2137,2085,2065,1736,1200,2038,2105,2084,2093,2155,2091,1815,1192,2082,2123,2084,2082,2071,2058,1919,1162,1998,2107,2094,2175,2087,1954,1908,1186,2002,2141,2124,2111,2063,1924,1951,1084,1652,2057,2057,2047,1928,1975,1948,5,5,5,5,5,10,5,5,5,5,5,5,5,255,5,5,5,10,5,5,5,5,5,5,5,5,5,5,5,5,5,255,5,5,5,5,5,5,255,10,9,5,5,10,5,5,5,255,5,10,5,5,10,10,5,5,5,5,5,5,5,10,255,255
1780854918.842278,18044,1813563017,838,1078,2077,2052,2075,2094,1231,997,1076,1244,2105,2087,2053,2088,1386,1102,1192,2023,2105,2086,2064,2087,2086,1736,1186,1954,2084,2087,2080,2098,2110,1839,1166,2082,2115,2117,2099,2092,2058,1937,1187,2090,2089,2094,2120,2089,2068,1929,1154,2002,2058,2097,2112,1986,1989,1962,1110,1269,2051,2057,2008,1999,1975,1948,5,5,5,5,5,255,5,5,5,5,255,5,5,10,5,5,5,5,5,5,5,5,5,255,5,5,5,5,5,5,5,10,5,255,5,5,5,5,255,5,5,5,5,255,5,5,5,10,5,255,5,5,5,5,5,5,5,4,5,255,5,5,255,255
1780854918.941711,18045,1813663016,830,2041,2053,2055,2075,2035,1259,999,1062,1196,2077,2094,2053,2087,1458,1125,1169,2070,2081,2067,2112,2059,2051,1648,1197,2015,2095,2100,2069,2092,2112,1875,1191,1995,2117,2109,2073,2094,2037,1937,1205,2057,2107,2078,2099,2119,1936,1907,1145,2002,2108,2110,2110,2021,1957,1974,1102,1557,2045,2014,1965,1999,1975,1948,5,5,5,5,5,10,9,5,5,5,10,5,255,5,4,5,5,5,5,5,5,5,5,10,9,5,5,5,5,5,5,5,5,10,5,5,5,5,10,255,5,5,5,10,5,5,5,5,5,255,5,5,5,5,5,5,5,4,5,10,5,255,255,255
1780854919.041646,18046,1813763017,827,2041,2057,2055,2061,2025,1282,993,1099,1327,2077,2069,2093,2087,1450,1094,1183,2070,2028,2078,2103,2108,2057,1648,1196,2015,2090,2094,2098,2091,2116,1875,1195,1873,2088,2109,2144,2151,2037,1941,1196,2057,2122,2078,2089,2124,2088,1980,1168,2049,2086,2091,2085,1962,1953,1926,1069,1557,2072,2014,2112,1999,1975,1948,5,255,5,255,5,5,5,5,5,5,255,5,10,255,5,5,5,255,5,5,5,5,5,255,5,255,5,5,5,5,5,5,5,5,5,5,5,5,255,10,5,255,5,255,5,5,5,5,5,10,5,5,5,5,5,5,5,255,5,255,5,255,255,255
1780854919.143334,18047,1813863017,847,1085,2057,2047,2063,2081,1253,975,1077,1274,2036,2055,2093,2087,1454,1112,1181,1929,2048,2066,2094,2100,2143,1646,1207,2014,2101,2083,2084,2099,2084,1884,1196,2081,2088,2073,2105,2151,2075,1899,1173,2057,2111,2073,2104,2127,2088,1937,1109,2040,2087,2088,2094,2024,1961,1944,1083,1557,1899,2049,2112,1914,1990,1948,5,10,255,10,5,5,5,5,5,9,10,5,255,255,5,5,5,10,5,5,5,5,5,10,5,10,5,5,5,5,5,5,5,4,255,5,5,255,10,5,5,255,5,10,5,5,255,5,5,5,5,5,5,5,5,5,5,255,5,10,255,10,10,255
1780854919.243611,18048,1813963017,857,2061,2060,2053,2043,2081,1344,1010,1087,1271,2036,2053,2093,2087,1433,1138,1166,1985,2083,2083,2080,2101,2070,1646,1183,2124,2055,2099,2095,2131,2084,1884,1166,2091,2059,2113,2092,2087,2075,1899,1197,2123,2104,2091,2103,2090,1967,1932,1177,2040,2126,2071,2107,1995,1961,1992,1101,1557,2019,2046,1974,1914,1990,1948,5,5,10,5,5,255,9,5,5,5,255,5,255,255,9,5,5,5,5,5,5,5,5,255,5,9,5,5,5,5,5,255,5,5,10,5,5,10,255,255,5,10,5,5,5,5,10,5,5,255,5,5,5,5,255,5,5,255,5,5,10,255,255,255
1780854919.341605,18049,1814063017,849,1025,2076,2090,2080,2040,1320,1003,1091,1358,2054,2053,2023,2087,1454,1133,1199,2007,2070,2074,2096,2062,2083,1646,1183,2021,2077,2083,2122,2128,2075,1884,1214,2082,2109,2077,2114,2115,2075,1899,1163,2123,2086,2119,2135,2058,1978,1951,1138,2040,2088,2111,2089,2002,1926,1959,1108,1653,2109,2051,1964,1969,1990,1948,5,5,5,5,5,10,9,5,5,5,10,255,10,255,5,5,5,5,5,5,5,5,5,255,5,5,5,5,5,5,5,255,5,5,5,5,5,5,255,255,5,255,5,5,5,5,5,5,5,255,5,5,5,5,10,255,5,10,5,5,5,10,255,255
1780854919.443040,18050,1814163017,851,1006,2089,2090,2060,2033,1266,1025,1081,1315,2079,2087,2078,2086,1415,1067,1161,2062,2117,2101,2107,2037,2039,1715,1203,2063,2073,2092,2083,2101,2059,1884,1218,2082,2115,2086,2134,2125,2048,1901,1171,2123,2136,2119,2135,2058,1978,1951,1142,2040,2073,2079,2105,2000,1980,1979,1118,1653,2109,2098,1964,1961,1969,1948,5,255,5,255,5,5,5,5,5,5,5,10,5,10,5,5,5,5,5,5,5,5,5,10,5,5,5,5,5,5,5,255,5,255,5,5,5,5,10,10,5,255,5,255,5,255,255,255,5,255,5,5,5,255,5,5,5,255,255,5,255,5,10,255
1780854919.541512,18051,1814263017,869,1056,2089,2064,2083,2041,1238,996,1085,1288,2079,2088,2078,2014,1447,1101,1197,2003,2075,2057,2089,2108,2067,1718,1205,2028,2084,2078,2082,2092,2095,1884,1202,2076,2127,2078,2114,2105,2063,1948,1173,2123,2044,2101,2148,2095,1978,1930,1169,2040,2082,2103,2132,1978,1964,1950,1124,1653,2063,2065,1971,1961,1969,1948,5,5,255,10,5,5,5,5,5,5,255,5,255,5,5,5,5,5,5,5,5,5,5,5,5,5,5,5,5,5,5,255,5,10,5,5,5,5,5,5,5,255,5,10,5,10,255,10,5,255,5,5,5,5,5,5,5,255,10,5,10,255,255,255
1780854919.642318,18052,1814363017,843,1010,2089,2088,2071,2019,1317,1001,1068,1244,2045,2070,2106,2014,1439,1141,1170,1980,2087,2074,2061,2100,2063,1718,1199,2028,2084,2084,2106,2059,2097,1884,1196,2096,2078,2076,2097,2105,2129,1908,1169,2123,2061,2100,2119,2098,1948,1955,1140,2017,2069,2106,2154,2017,1912,1960,1122,2075,2046,2065,2013,1961,1969,1948,5,5,255,5,5,5,9,5,5,5,10,5,10,255,5,5,5,9,5,5,5,5,5,255,5,255,5,5,5,5,5,255,5,5,5,5,5,255,5,5,5,255,5,5,5,5,10,5,5,10,5,5,5,5,5,5,5,10,5,255,5,255,255,255
1780854919.741530,18053,1814463017,859,981,2089,2076,2106,2022,1247,976,1069,1229,2045,2070,2106,2057,1420,1095,1174,1632,2047,2043,2126,2082,2045,1718,1154,2045,2040,2079,2088,2081,2113,1759,1202,2096,2101,2064,2078,2144,2030,1899,1191,2031,2056,2111,2114,2065,1993,1944,1157,2017,2090,2109,2146,2006,1963,1953,1140,2075,2000,2027,2013,1961,1969,1948,5,5,255,5,5,5,5,5,5,5,255,5,255,10,5,5,5,4,5,5,5,5,5,255,5,10,5,5,5,5,5,10,5,255,5,5,5,10,5,5,5,10,5,5,5,5,5,5,5,255,5,5,5,5,5,5,5,255,5,10,255,255,255,255
1780854919.842386,18054,1814563017,833,981,2063,2076,2104,2046,1277,1020,1044,1276,2045,2070,2062,2050,1417,1105,1148,1632,2101,2076,2073,2115,2121,1684,1162,2038,2103,2097,2109,2087,2050,1865,1172,2114,2101,2078,2143,2144,2082,1899,1127,2031,2115,2093,2142,2084,1993,1937,1154,2017,2067,2083,2112,2000,1967,1988,1139,1822,2060,2044,2001,1954,1969,1948,5,255,10,255,5,5,5,5,5,5,255,255,10,5,5,5,5,255,5,5,5,5,5,10,5,5,5,5,5,5,5,5,5,10,255,5,5,255,5,255,5,255,5,5,5,5,255,5,5,255,5,5,5,255,5,5,5,10,5,5,10,10,255,255
1780854919.942861,18055,1814663016,843,2017,2077,2067,2058,2146,1327,977,1075,1313,2045,2061,2161,2050,1419,1129,1216,1795,2068,2088,2087,2035,2104,1783,1170,2008,2110,2086,2089,2106,2108,1982,1178,2114,2112,2090,2095,2161,2044,1899,1185,2072,2097,2141,2088,2032,1925,1932,1175,2011,2075,2134,2133,2000,1919,1988,1120,1822,1981,2048,1987,1934,1969,1948,5,10,5,10,5,5,5,5,5,5,255,10,5,255,5,5,5,10,5,5,5,5,5,5,9,5,5,5,5,5,5,5,5,255,10,5,5,10,5,255,9,10,5,5,5,5,10,5,5,10,5,5,5,255,5,255,5,255,5,5,5,5,255,255
1780854920.041944,18056,1814763017,859,2084,2103,2067,2069,2019,1231,1012,1084,1336,2082,2037,2161,2050,1459,1139,1178,2043,2073,2108,2134,2129,2055,1712,1155,2008,2088,2082,2108,2123,2018,1982,1183,2062,2095,2090,2090,2161,2044,1899,1202,2072,2129,2086,2149,2032,1958,1952,1127,2011,2115,2102,2069,2003,1935,1957,1107,1822,2048,2048,2033,1934,1969,1948,5,5,5,255,5,5,9,5,5,5,10,5,255,255,5,5,5,5,5,5,5,5,5,5,5,255,5,5,5,5,5,255,9,10,5,5,5,255,255,255,5,255,5,5,5,255,5,5,5,255,5,5,5,10,5,10,5,255,5,255,5,255,255,255
1780854920.141467,18057,1814863016,841,1068,2050,2066,2077,2061,1289,1005,1069,1299,2078,2095,2161,2050,1543,1150,1180,1954,2087,2073,2110,2100,2089,1712,1189,2013,2087,2084,2105,2097,2127,1888,1178,2066,2120,2094,2108,2096,2032,1932,1227,2072,2081,2086,2095,2015,1922,1919,1159,2011,2128,2100,2091,1987,1933,1942,1139,1822,2013,2048,2002,1953,2009,1948,5,5,5,10,5,5,5,5,5,5,5,5,255,255,5,5,5,5,5,5,5,5,5,255,5,10,5,5,5,5,5,10,5,5,5,5,5,10,10,10,5,255,5,255,5,10,5,5,5,255,5,5,5,5,5,5,5,255,5,255,5,10,10,255
1780854920.242169,18058,1814963016,835,2098,2098,2059,2085,2091,1291,988,1056,1263,2096,2069,2134,2050,1423,1108,1217,2056,2065,2085,2073,2086,2068,1745,1179,2032,2096,2093,2084,2079,2100,1881,1187,2085,2120,2100,2126,2063,2032,1932,1198,2158,2108,2086,2095,2091,1961,1968,1152,2011,2113,2125,2097,2077,1924,1979,1094,1831,2024,2026,1986,1977,2009,1948,5,5,5,5,5,5,9,5,5,5,5,5,10,255,5,5,5,5,5,5,5,5,5,10,5,5,5,5,5,5,5,5,5,5,255,5,5,5,255,255,5,10,5,255,255,5,5,5,5,255,5,5,5,5,5,5,5,10,5,10,5,5,255,255
1780854920.341750,18059,1815063017,840,1053,2098,2025,2073,2044,1308,981,1094,1228,2096,2082,2134,2027,1407,1111,1169,1584,2074,2105,2061,2085,2044,1664,1206,2052,2096,2072,2122,2102,2099,1926,1248,2071,2092,2102,2127,2063,2015,1959,1185,2158,2118,2086,2095,2066,1961,1955,1145,2040,2113,2112,2124,2027,1929,1939,1101,1831,2095,2014,2010,1945,2009,1948,5,5,255,5,5,5,5,5,5,5,255,5,255,10,9,5,5,4,5,5,5,5,5,5,5,5,5,5,5,5,5,5,5,5,10,5,5,255,10,10,5,255,5,255,10,5,255,5,5,10,255,5,5,5,5,5,5,255,5,5,9,5,255,255
1780854920.442937,18060,1815163017,842,1073,2039,2025,2072,2078,1284,990,1035,1308,2003,2075,2078,2027,1469,1083,1165,1584,2072,2092,2108,2100,2071,1740,1221,2056,2099,2083,2075,2102,2076,1926,1189,2083,2108,2103,2136,2158,2015,1872,1142,2158,2070,2192,2131,2066,1984,1899,1130,2040,2092,2124,2077,2018,1938,1921,1122,1831,2064,2014,2010,1930,2009,1948,5,5,10,255,5,5,5,5,9,5,10,5,10,255,5,5,5,255,5,5,5,5,5,5,9,5,5,5,5,255,5,255,5,5,5,5,5,10,255,5,5,255,5,10,5,5,10,5,5,255,10,5,5,5,5,5,5,255,5,255,255,5,255,255
1780854920.541200,18061,1815263016,840,2106,2088,2067,2066,2021,1257,984,1075,1237,2056,2092,2078,2027,1495,1113,1164,2046,2045,2103,2071,2053,2046,1740,1179,2003,2087,2074,2070,2144,2055,1930,1196,2083,2057,2100,2100,2057,2015,2034,1217,1959,2101,2113,2115,2058,1981,1921,1151,1674,2080,2088,2098,2000,1975,1927,1104,1831,2064,2090,1954,1981,2009,1948,5,4,5,10,5,5,5,5,5,5,5,5,255,255,5,5,5,10,5,5,5,5,5,255,5,5,5,5,5,10,5,10,5,255,5,5,5,5,255,5,5,10,5,5,5,5,5,5,5,10,5,5,5,5,5,5,5,255,5,10,10,5,255,255
1780854920.641793,18062,1815363017,843,2035,2084,2053,2101,2050,1262,996,1093,1224,2105,2092,2078,2056,1410,1110,1198,2046,2073,2100,2071,2066,2037,1726,1191,2070,2069,2085,2075,2101,2104,1930,1216,1984,2094,2055,2130,2101,2015,1897,1221,1978,2110,2086,2128,2064,1967,1921,1139,1674,2098,2066,2090,1989,1977,1962,1100,1831,2006,2090,1954,1920,2009,1948,5,5,5,5,5,5,5,5,5,5,5,255,255,10,5,5,5,255,5,5,255,5,5,10,5,5,5,5,5,5,5,255,5,10,5,5,5,5,255,5,5,5,5,5,5,5,5,5,5,255,5,5,5,5,5,5,5,255,5,255,255,5,255,255
1780854920.741940,18063,1815463016,843,1045,1983,2044,2095,2032,1260,983,1071,1246,2085,2099,2068,2118,1422,1080,1170,1985,2073,2077,2092,2071,2038,1683,1153,2051,2080,2077,2092,2108,2121,1861,1196,2037,2068,2103,2115,2111,2069,1911,1179,1978,2095,2086,2107,2098,1971,1979,1113,1674,2094,2112,2081,1963,1934,1962,1127,1774,2010,2090,2033,1950,2009,1948,5,255,5,5,5,5,5,5,5,5,5,10,10,5,5,5,5,10,5,5,10,5,5,5,5,5,5,5,5,5,5,10,5,5,5,5,5,5,10,5,9,255,5,255,5,5,5,5,5,255,5,5,5,5,5,5,5,10,5,255,10,5,255,255
1780854920.842490,18064,1815563017,846,2071,2107,2073,2077,2032,1342,997,1070,1371,2053,2082,2025,2040,1387,1124,1203,1985,2119,2077,2112,2112,2014,1598,1178,2001,2072,2080,2063,2118,2126,1907,1205,2056,2103,2120,2111,2111,2069,1911,1173,2041,2095,2106,2087,2084,1974,1996,1144,1674,2104,2099,2081,2006,1955,1935,1126,1774,1995,2090,1982,1921,2009,1948,5,5,5,5,5,255,5,5,5,5,5,5,5,5,5,5,5,255,5,5,5,5,5,5,5,5,5,5,5,5,5,5,5,5,5,5,5,255,255,255,9,10,255,10,5,5,5,5,5,255,5,5,255,5,5,5,5,255,5,255,5,5,255,255
1780854920.941862,18065,1815663016,842,1070,2063,2062,2063,2110,1338,992,1094,1274,2090,2056,2087,2040,1439,1127,1205,2018,2108,2102,2106,2072,2056,1626,1151,2027,2066,2085,2094,2103,2116,1907,1192,2084,2130,2101,2095,2079,2099,1911,1066,2041,2095,2100,2109,2075,2006,1947,1123,2069,2114,2094,2087,2060,1958,1972,1103,1774,2052,2046,2012,1921,2009,1948,5,5,5,5,5,10,5,5,5,5,5,5,5,255,5,5,5,10,5,5,5,5,5,5,5,5,5,5,5,5,5,255,5,5,5,5,5,10,10,255,5,255,255,5,5,5,5,5,5,10,5,5,10,5,5,5,5,255,5,10,5,255,255,255
1780854921.043291,18066,1815763017,845,2060,2071,2062,2085,2085,1274,988,1062,1256,2066,2056,2087,2060,1456,1109,1201,2018,2057,2079,2106,2088,2057,1689,1193,2051,2109,2100,2087,2113,2135,1936,1220,2025,2130,2103,2067,2108,2033,1911,1197,2041,2094,2100,2103,2095,1973,1944,1152,2069,2095,2111,2122,1949,1938,1938,1132,1889,2075,2046,1992,1986,2009,1948,5,5,5,255,5,5,5,5,9,255,5,255,255,10,5,5,5,255,5,5,255,5,5,5,5,5,5,5,5,5,5,10,5,5,255,5,5,5,5,255,5,255,10,255,5,5,5,5,5,255,5,5,5,5,5,5,5,10,5,255,5,10,255,255
1780854921.141232,18067,1815863017,845,2071,2057,2080,2092,2085,1233,964,1070,1356,2066,2100,2090,2060,1473,1110,1233,2018,2082,2141,2108,2102,2052,1654,1158,2051,2106,2097,2079,2116,2073,1864,1172,2007,2098,2113,2085,2140,2069,1911,1183,2041,2064,2111,2123,2043,1945,1970,1153,2069,2074,2094,2106,2002,1984,1959,1143,1889,2025,2046,1995,1939,1958,1948,5,5,5,10,5,5,5,5,5,5,255,10,10,255,5,5,5,255,5,5,10,5,5,5,5,255,5,5,5,5,5,5,5,5,10,5,5,5,5,255,9,255,5,10,5,5,5,5,5,255,5,5,5,5,5,5,5,255,5,255,5,5,10,255
1780854921.252731,18068,1815973016,835,2058,2067,2048,2079,2084,1224,1007,1089,1333,2081,2100,2137,2060,1486,1125,1181,1996,2087,2086,2039,2110,2068,1603,1206,2014,2096,2082,2101,2105,2119,1864,1183,1977,2107,2122,2102,2140,2095,1905,1169,2041,2093,2045,2082,2070,2005,1983,1139,2092,2064,2101,2106,1919,1962,1986,1128,1889,2049,2044,1995,1931,1952,1948,5,5,5,5,5,5,5,5,5,5,10,255,5,255,5,5,5,10,5,5,5,5,5,5,9,10,5,5,5,5,5,255,5,5,5,5,5,255,5,10,5,255,5,5,5,5,5,5,5,10,5,5,255,5,5,5,5,255,5,10,255,5,5,255
1780854921.353276,18069,1816073017,845,1082,2065,2074,2115,2054,1297,994,1074,1267,2081,2093,2110,2109,1443,1107,1161,1932,2073,2086,2025,2101,2057,1701,1208,2044,2054,2081,2074,2117,2081,1930,1179,1977,2113,2069,2083,2140,2067,1853,1175,2041,2088,2045,2120,2097,1917,1983,1177,2092,2138,2112,2053,1919,1924,1956,1112,1889,2017,2044,1981,1997,1952,1948,5,5,5,5,5,5,5,5,5,5,255,10,5,10,5,5,5,5,5,5,5,5,5,5,5,5,5,5,5,5,5,3,5,255,5,5,5,255,5,5,5,255,5,255,5,5,5,255,5,255,5,5,10,255,5,5,5,255,5,255,10,5,255,255
1780854921.453449,18070,1816173017,849,1056,2051,2081,2089,1993,1267,1006,1034,1295,2013,2093,2056,2109,1431,1118,1164,2034,2118,2087,2131,2033,1982,1654,1138,1944,2106,2083,2104,2131,2071,1885,1167,2154,2096,2075,2102,2070,2067,1990,1148,2041,2097,2082,2066,2071,1989,1970,1183,2092,2123,2119,2090,2022,1954,1947,1117,1889,2017,2044,1989,1960,1952,1948,5,5,5,5,5,5,5,5,5,5,10,255,5,255,5,5,5,5,5,5,5,5,5,5,5,5,5,5,5,5,5,5,5,10,5,5,5,10,255,5,5,255,5,10,5,3,5,10,5,255,5,5,5,10,5,5,5,255,255,255,5,5,255,255
1780854921.553706,18071,1816273016,845,2057,2051,2067,2067,2036,1266,1016,1082,1288,2095,2087,2056,2109,1399,1115,1181,1989,2084,2070,2128,2063,2091,1679,1197,2063,2082,2092,2095,2107,2041,1858,1170,2154,2085,2096,2084,2103,2081,1938,1112,2041,2118,2107,2096,2092,1922,1946,1175,2107,2090,2091,2096,2035,1958,1971,1125,1889,2013,2074,1978,1895,1952,1948,5,4,255,5,5,5,5,5,5,5,5,10,255,255,5,5,5,5,5,5,5,5,5,5,5,5,5,5,5,5,5,5,5,255,5,5,5,5,10,5,5,255,5,5,5,5,5,5,5,10,5,5,5,255,5,5,5,255,10,10,5,5,255,255
1780854921.653088,18072,1816373017,849,1053,2057,2067,2067,2049,1279,1027,1066,1305,2095,2064,2056,2109,1500,1121,1157,1935,2064,2102,2091,2061,2068,1679,1227,2004,2093,2102,2089,2120,2076,1858,1167,2029,2102,2081,2116,2074,2081,1928,1151,2041,2051,2151,2134,2092,1980,1935,1167,2107,2071,2091,2099,1997,1950,1920,1101,1889,2041,2065,2022,2003,1952,1948,5,5,10,255,255,5,5,5,5,5,255,5,255,255,5,5,5,5,5,5,5,5,5,255,5,5,5,5,5,5,5,255,5,10,5,5,5,5,255,5,5,255,5,5,5,255,5,5,5,255,5,255,5,5,5,5,5,255,5,5,5,5,255,255
1780854921.753220,18073,1816473016,839,1140,2057,2067,2089,2073,1332,974,1065,1260,2046,2069,2058,2109,1415,1108,1203,1835,2093,2093,2080,2109,2040,1679,1189,2025,2091,2084,2088,2106,2097,1800,1175,2043,2102,2075,2109,2134,2065,1928,1173,1993,2088,2118,2087,2090,1995,1934,1148,2107,2077,2128,2089,1995,1943,1984,1132,1889,2103,2017,2018,2003,1939,1948,5,5,255,255,10,5,5,5,5,5,10,5,10,255,5,5,5,5,5,5,5,5,5,255,5,5,5,5,5,5,5,10,5,5,5,5,5,5,10,255,5,10,5,5,5,10,5,5,5,255,5,10,5,5,5,5,5,255,5,5,5,255,10,255
1780854921.851851,18074,1816573017,858,1026,2057,2085,2099,2093,1300,968,1092,1234,2062,2057,2058,2109,1337,1119,1170,2080,2106,2074,2057,2075,2072,1699,1216,2018,2091,2073,2094,2093,2085,1884,1199,1999,2066,2078,2097,2110,2065,1928,1195,2033,2088,2118,2107,2105,2019,2000,1128,2107,2085,2130,2089,1976,1953,1924,1088,1889,2058,2017,2000,2003,1939,1948,5,5,255,10,5,5,5,5,5,5,5,5,255,255,5,5,5,4,5,5,5,5,5,10,5,5,5,5,5,5,5,5,5,5,5,5,5,5,255,255,5,5,255,255,5,5,5,5,5,255,5,5,255,5,5,5,5,255,5,255,5,255,255,255
1780854921.952453,18075,1816673016,844,1048,2086,2037,2063,2052,1244,1012,1053,1214,2116,2104,2115,2109,1421,1102,1189,1991,2097,2076,2097,2091,2082,1681,1179,2057,2085,2086,2111,2093,2099,1834,1189,2054,2116,2094,2085,2115,2036,1928,1167,2033,2111,2174,2132,2096,1966,1975,1157,2107,2132,2104,2073,2026,1931,1962,1125,1889,2031,2037,1998,2003,1939,1948,5,5,10,5,5,5,5,5,5,5,5,5,10,255,5,5,5,5,5,5,5,5,5,5,5,5,5,5,5,5,5,5,5,5,5,5,5,5,10,255,5,255,10,10,5,5,5,5,5,255,5,5,10,5,5,5,5,255,5,10,5,255,255,255
1780854922.054008,18076,1816773017,834,1073,2096,2037,2084,2024,1288,1006,1087,1323,2081,2104,2115,2037,1474,1148,1140,2003,2094,2072,2083,2092,2123,1681,1165,2053,2106,2098,2092,2108,2097,1978,1199,2027,2110,2088,2095,2090,2036,1965,1171,2033,2136,2047,2090,2113,1966,1971,1135,2107,2094,2097,2117,2000,1978,1961,1090,1889,2050,2037,1980,1931,1939,1948,5,5,5,255,5,5,5,5,9,5,5,255,255,10,5,5,5,5,5,5,5,5,5,255,5,5,5,5,5,5,5,5,5,5,5,5,5,5,255,10,5,255,5,5,5,5,255,5,5,255,5,5,5,5,5,5,5,255,5,255,5,10,255,255
1780854922.153205,18077,1816873017,842,1011,2013,2037,2089,2070,1267,998,1058,1222,2086,2044,2115,2170,1400,1101,1214,1988,2088,2090,2110,2098,2058,1681,1221,2024,2104,2100,2090,2115,2102,1933,1187,2054,2062,2087,2091,2079,2036,1965,1187,1969,2080,2052,2107,2108,2000,1886,1137,2107,2076,2117,2093,2046,1996,1958,1124,1889,2056,2037,1980,1918,1939,1948,5,255,5,255,5,5,5,5,5,5,5,10,255,5,5,5,9,5,5,5,5,5,5,255,5,5,5,5,5,5,5,5,5,5,5,5,5,5,255,255,5,10,5,5,5,5,10,5,5,255,5,5,5,5,5,5,5,255,5,255,255,5,255,255
1780854922.252676,18078,1816973017,839,1075,2077,2037,2062,2070,1308,998,1095,1198,2073,2044,2115,2170,1464,1086,1149,1948,2080,2080,2107,2095,2062,1718,1201,2074,2063,2096,2079,2066,2113,1861,1205,2054,2133,2113,2129,2081,2036,1965,1153,1969,2111,2054,2096,2083,2000,1920,1129,2107,2069,2061,2087,1912,1964,1953,1087,1514,2021,2057,1981,1971,1968,1948,5,5,5,255,5,255,5,5,5,5,5,255,255,255,5,5,5,5,5,5,5,5,5,10,5,5,5,5,5,5,5,5,5,255,5,5,5,5,255,255,5,255,5,5,5,5,255,5,5,255,5,5,5,5,5,5,5,10,5,10,10,5,10,255
1780854922.351835,18079,1817073016,847,1039,2071,2037,2071,2019,1297,998,1086,1425,2060,2044,2115,2020,1378,1141,1169,1876,2070,2083,2096,2066,2065,1661,1185,2056,2091,2083,2093,2112,2127,1882,1204,1984,2096,2077,2102,2081,2044,1922,1199,2073,2084,2101,2092,2065,1939,1957,1142,2107,2081,2102,2100,1985,1964,1997,1106,1601,1992,2060,1934,1929,1968,1948,5,5,5,255,5,10,5,5,5,4,5,255,255,10,5,5,5,9,5,5,5,5,5,5,5,5,5,5,5,5,5,5,5,10,5,5,5,255,10,10,5,10,5,5,5,5,10,5,5,255,5,5,5,5,255,5,5,9,5,5,5,5,255,255
1780854922.454260,18080,1817173017,851,2026,1177,2037,2071,2019,1248,1000,1061,1245,2017,2044,2115,2020,1436,1106,1183,2000,2029,2107,2130,2128,2068,1661,1158,2078,2092,2083,2088,2119,2104,1908,1189,2106,2128,2099,2052,2091,2044,1922,1216,2073,2089,2101,2110,2110,1953,1915,1158,2107,2077,2125,2100,2015,1964,2002,1092,1601,1992,2041,2004,1917,1968,1948,5,5,4,255,255,255,5,5,5,5,5,255,255,255,5,5,5,5,5,5,5,5,5,255,9,5,5,5,5,5,5,5,5,5,5,5,5,10,255,255,5,255,5,255,5,5,5,5,5,255,5,5,255,5,255,5,5,255,255,5,5,5,255,255
1780854922.552962,18081,1817273017,836,1116,1069,2037,2071,1164,1248,995,1067,1272,2017,2044,2115,2020,1555,1096,1185,2010,2057,2090,2074,2104,2036,1699,1226,2067,2065,2109,2098,2131,2091,1908,1188,2003,2075,2092,2101,2125,2065,1851,1186,2065,2081,2121,2127,2115,1912,1969,1136,2055,2107,2106,2112,1998,1948,1930,1137,1601,2025,2041,1939,1961,1968,1948,5,5,5,255,255,10,9,5,5,5,255,255,255,255,5,5,5,5,5,5,5,5,5,10,9,5,5,5,5,5,5,255,5,5,5,5,5,5,10,10,5,10,5,10,5,5,5,5,5,10,5,5,10,5,10,5,5,255,10,255,5,5,255,255
1780854922.652776,18082,1817373017,843,1108,968,1040,2071,1164,1293,1018,1081,1260,2017,2044,2115,2020,1435,1104,1187,1874,2073,2075,2074,2123,2110,1706,1178,2026,2084,2071,2076,2122,2089,1908,1143,2027,2102,2076,2113,2151,2096,1987,1178,2032,2088,2121,2124,2030,1964,1951,1102,2055,2095,2114,2092,1958,1927,1926,1129,1703,2079,2041,1973,1936,1990,1948,5,5,5,10,255,255,5,5,5,5,255,255,255,255,5,5,9,5,5,5,255,5,5,5,5,5,5,5,5,5,5,255,5,5,5,5,5,5,5,5,5,5,5,255,5,5,5,5,5,255,5,5,5,5,255,5,5,10,5,255,5,5,10,255
1780854922.752237,18083,1817473017,847,1031,931,965,933,1090,1270,978,1081,1260,1038,1063,2115,1208,1384,1134,1202,2051,2080,2084,2074,2068,2107,1678,1183,2022,2069,2081,2081,2103,2107,1917,1175,2199,2102,2069,2110,2052,2096,1940,1195,2032,2098,2095,2110,2064,1964,1951,1166,1577,2104,2083,2101,2036,1947,1926,1140,1604,1992,2020,2089,1936,1990,1948,5,5,5,5,10,10,9,5,5,5,10,10,255,255,5,5,5,5,5,5,255,5,5,5,5,5,5,5,5,5,5,10,5,5,255,5,5,5,255,5,5,255,5,10,5,5,255,255,5,10,5,5,5,5,5,255,5,5,5,10,5,255,255,255
1780854922.852360,18084,1817573017,861,1036,841,846,824,938,1187,1009,1079,1289,1010,1061,2115,1208,1454,1102,1180,2041,2081,2103,2074,2092,2081,1768,1221,2022,2084,2081,2094,2102,2059,1873,1233,2023,2078,2112,2151,2104,2069,1940,1202,2032,2088,2094,2152,2064,1964,1921,1150,1577,2105,2088,2112,1967,1966,1926,1136,1604,1997,2028,2071,1979,1990,1948,5,5,5,5,5,5,9,5,5,5,5,5,255,255,5,5,5,5,5,5,255,5,5,5,5,255,5,5,5,5,5,5,5,5,10,5,5,5,10,255,5,255,5,5,5,255,255,10,5,255,5,5,5,5,5,255,5,255,5,5,5,10,255,255
1780854922.952605,18085,1817673017,853,1007,723,741,742,797,1182,1000,1090,1360,1002,994,2115,1208,1405,1113,1155,1635,2072,2072,2122,2120,2054,1679,1193,2022,2068,2081,2088,2118,2106,1852,1209,2003,2127,2066,2117,2104,2037,1885,1142,2032,2053,2031,2095,2113,1938,1958,1126,2037,2107,2121,2112,2018,1941,1946,1106,1604,1997,2039,1975,1979,1990,2068,5,5,5,5,5,5,5,5,5,5,5,5,255,255,5,5,5,4,5,5,10,5,5,5,9,255,5,5,5,5,5,5,9,5,5,5,5,255,5,10,5,255,5,5,5,10,10,5,5,10,5,5,255,5,5,10,5,255,255,5,5,255,255,10
1780854923.053580,18086,1817773017,825,1059,676,684,691,732,506,1015,1075,1356,977,898,847,1208,1188,1144,1143,1635,2095,2092,2122,2120,2083,1757,1211,2026,2103,2083,2087,2157,2098,1760,1176,2026,2085,2110,2108,2104,2037,1903,1171,2032,2053,2106,2096,2070,1945,1924,1138,2037,2071,2125,2108,1961,1952,1969,1114,1604,1987,2039,2011,1979,1990,2068,5,5,5,5,5,5,4,5,5,5,5,5,10,255,4,5,5,255,5,5,255,255,5,5,5,10,5,5,5,5,5,5,5,5,5,5,5,255,255,5,5,255,255,5,5,5,5,5,5,255,5,5,10,5,5,5,5,255,10,255,5,255,255,255
1780854923.152071,18087,1817873017,837,2068,653,657,664,686,446,416,1073,1251,748,697,808,791,1162,1110,1180,1635,2014,2084,1023,2120,2074,1757,1227,1968,2093,2081,2083,2113,2101,1760,1204,2006,2085,2076,2119,2109,2037,1903,1164,1998,2113,2076,2118,2067,2005,1925,1118,2037,2036,2107,2079,2029,1909,1950,1133,1604,2050,2095,2008,1979,1990,2068,5,5,5,5,5,5,5,5,5,9,4,4,5,10,5,5,5,255,5,5,10,255,5,255,9,5,5,5,5,5,5,255,5,5,255,5,5,10,255,255,9,10,10,5,5,5,5,5,5,255,5,5,5,5,5,5,5,255,5,10,5,255,255,255
1780854923.254238,18088,1817973017,828,1091,650,636,631,625,405,396,1086,1201,719,683,714,723,1314,1129,1218,2043,2074,1028,850,2112,2071,1757,1184,2009,2095,2081,2080,2087,2089,1817,1199,2022,2085,2102,2117,2109,2046,1903,1185,1998,2096,2076,2111,2113,1898,1938,1132,2037,2082,2093,2090,2053,1900,1951,1073,1604,2014,2057,2008,1979,1990,2068,5,5,5,5,5,5,5,5,5,5,255,5,5,5,5,5,5,10,5,5,255,10,5,255,5,5,5,5,5,5,5,10,5,5,255,5,5,255,10,255,5,255,5,255,5,5,5,5,5,255,5,5,5,5,5,5,5,255,5,5,255,255,255,255
1780854923.353404,18089,1818073017,836,1019,643,627,608,584,389,377,1074,1366,674,656,663,709,496,415,1178,1911,2083,1057,743,947,2071,1679,1181,2009,2078,2099,2096,2097,2087,1927,1180,2022,2124,2109,2083,2100,2063,1903,1202,1993,2065,2081,2117,2049,1950,1917,1169,2086,2074,2086,2115,1985,1925,1940,1107,1604,2069,2060,2008,1950,1990,2068,5,5,255,5,5,5,5,5,5,5,5,5,5,5,4,5,5,9,5,5,255,4,255,10,9,255,5,5,5,5,5,5,9,255,10,5,5,10,5,255,5,10,5,10,5,5,5,5,5,10,5,5,5,5,5,5,5,255,5,5,255,10,255,255
1780854923.452587,18090,1818173017,842,1081,2118,608,599,492,374,368,1059,1288,655,643,657,638,437,395,1196,1950,660,808,717,822,2071,1680,1213,2073,2113,2099,2106,2166,2078,1792,1195,2022,2124,2109,2168,2085,2063,1927,1213,1993,2096,2075,2158,2069,2013,1928,1157,2086,2081,2114,2123,2055,1953,1940,1108,1604,2022,2044,1980,1995,1990,2068,5,5,4,5,5,5,5,5,5,5,5,5,5,5,255,5,5,5,255,5,5,255,255,5,5,10,5,255,5,5,5,5,5,255,255,255,5,5,255,10,9,255,5,5,5,5,5,5,5,255,5,5,5,5,5,255,5,255,5,5,10,5,255,255
1780854923.553183,18091,1818273016,841,1066,2050,599,569,376,348,356,1074,1305,646,631,641,830,399,382,1178,1997,662,667,695,718,2096,415,1172,2019,2103,918,2156,2106,2095,1845,1202,2023,2095,2059,2105,2121,2079,1932,1187,2022,2096,2075,2138,2106,1910,1941,1102,2086,2091,2130,2117,2011,1952,1961,1083,1604,2031,2061,1971,2000,2032,2068,5,255,5,5,5,5,5,5,5,5,5,5,5,5,5,5,5,5,5,5,5,255,10,4,5,5,5,10,5,5,5,5,5,10,10,10,5,5,10,5,5,10,255,255,5,5,5,5,5,255,5,5,5,5,5,10,5,255,5,5,5,5,10,255
1780854923.653846,18092,1818373017,839,1081,2050,594,362,347,344,348,1092,1298,629,626,548,367,369,363,1168,1997,651,660,647,457,398,415,1215,2008,2112,691,782,2099,2065,1807,1186,1701,2100,2100,2126,2121,2079,1932,1193,2022,2096,2075,2101,2051,1957,1935,1121,2086,2079,2118,2117,1933,1930,1961,1104,1604,2015,2061,1971,1993,2032,2068,5,5,255,5,4,5,5,5,5,5,5,5,5,5,5,5,5,255,5,5,9,4,5,5,9,5,5,4,255,5,5,5,5,5,5,5,5,255,255,255,5,255,10,255,5,5,5,5,5,255,5,5,255,5,5,255,5,255,5,255,255,5,255,255
1780854923.751228,18093,1818473017,844,1064,2050,362,343,341,347,934,1083,1273,606,365,344,345,348,377,1176,677,654,659,398,373,365,1765,1193,712,672,692,647,2104,2068,1807,1211,1958,2116,2100,2173,2036,2079,1916,1193,1937,2096,2095,2101,2053,1942,1920,1174,2086,2126,2102,2117,1975,1994,1977,1126,1460,2015,2068,2025,1993,2032,2068,5,5,255,4,5,5,5,4,5,5,5,4,4,5,5,255,5,10,5,5,4,5,5,4,5,4,5,5,9,5,5,255,5,4,5,255,5,10,255,10,5,10,5,10,255,5,5,5,5,255,5,5,255,5,5,10,5,10,255,10,10,255,255,255
1780854923.852874,18094,1818573017,839,2050,374,345,337,355,1307,997,1078,1273,363,342,344,353,353,1094,1208,650,524,347,345,346,353,1725,1191,678,674,363,384,373,386,1807,1176,1958,825,2100,2097,2036,2079,1916,1179,1937,2108,2095,2104,2076,1895,1949,1109,2086,2065,2069,2117,2027,1962,1933,1114,1460,2049,2064,2025,1993,2032,2068,5,5,255,5,5,5,4,5,5,5,4,5,5,5,5,4,5,5,5,4,5,5,5,5,5,5,5,4,4,5,255,255,5,255,4,255,5,255,255,255,5,255,5,255,10,5,5,5,5,255,5,5,255,5,5,5,5,255,10,5,5,255,255,255
1780854923.951558,18095,1818673017,824,2059,374,380,536,631,1261,1014,1074,1179,350,350,351,523,636,1115,1208,359,345,343,336,355,2076,1634,1220,377,353,345,350,360,354,1928,1188,1762,382,385,363,394,2079,1887,1191,1937,2122,2095,2093,2100,1895,1943,1127,2086,2110,2094,2060,1972,1928,1964,1109,1460,2056,2064,2067,1993,2032,2068,5,5,255,255,5,4,5,5,5,5,5,5,5,9,4,5,5,4,5,5,5,5,4,5,5,4,4,5,5,5,255,10,5,10,4,255,5,255,255,10,5,255,5,255,5,5,255,5,5,255,5,5,10,5,5,5,5,255,5,255,5,255,255,255
1780854924.061798,18096,1818783017,839,2066,2101,617,602,645,1223,1007,1073,1326,351,452,482,626,1401,1190,1177,366,344,345,357,389,2094,1634,1187,361,357,346,349,383,2124,1839,1194,351,351,354,362,399,2079,1887,1117,402,374,378,367,2100,1895,1925,1152,2086,2094,2125,2093,2007,1958,1963,1125,1475,2048,2066,2067,1993,2032,2068,5,5,10,4,5,5,5,5,5,5,5,5,5,5,5,5,5,5,5,5,5,5,5,255,5,5,5,5,5,5,4,5,5,4,5,5,5,5,255,255,9,255,4,10,255,255,255,5,5,255,5,5,5,5,5,5,5,10,5,10,255,255,255,255
1780854924.162405,18097,1818883017,835,1046,2142,573,629,624,1255,988,1064,1300,454,594,600,638,1430,1100,1168,373,353,351,387,544,2049,1619,1187,363,350,351,353,404,2066,1839,1182,364,360,357,364,404,2079,1943,1153,404,378,360,355,356,1968,1963,1151,2074,2157,2112,2100,1945,1943,1961,1114,1475,2097,2066,1982,1991,2032,2068,5,5,5,255,5,5,5,5,5,5,255,5,5,5,5,5,5,5,5,5,5,9,5,10,5,5,5,5,5,5,5,255,5,5,5,5,5,255,255,10,5,255,5,5,5,255,10,5,5,10,5,5,5,5,5,5,5,255,5,255,10,10,255,255
1780854924.260483,18098,1818983017,838,2140,2142,2100,2039,684,1312,978,1080,1219,521,622,609,635,1460,1099,1206,361,377,371,424,584,2066,1619,1149,362,350,350,361,384,2061,1862,1164,360,361,350,356,424,2079,1943,1176,352,362,360,370,378,1968,1988,1137,2074,2136,388,2100,2002,1925,1940,1075,1475,2097,2044,2035,1964,2032,2068,5,5,255,4,5,255,5,5,5,5,255,5,5,5,5,5,5,255,5,5,5,5,5,255,5,5,5,5,5,5,5,10,5,5,5,5,5,5,255,255,5,255,5,5,5,255,255,5,5,255,5,255,255,5,5,5,5,255,255,10,5,5,255,255
1780854924.362752,18099,1819083017,835,1042,2047,2126,631,2010,1270,996,1072,1367,571,609,604,633,1343,1097,1211,362,381,392,484,647,2079,1683,1204,374,348,353,359,398,2092,1809,1151,366,358,352,360,407,2079,1912,1214,368,355,362,352,386,1968,1947,1138,2074,2116,401,2100,1964,1962,1940,1105,1475,2097,2074,2035,1964,2032,2068,5,5,10,5,5,4,5,5,5,9,255,5,5,5,5,5,5,255,5,5,5,5,5,10,5,5,5,5,5,255,5,5,5,5,5,5,5,255,255,10,5,5,5,5,5,255,255,5,5,255,5,255,255,5,5,255,5,255,255,5,255,255,255,255
1780854924.463303,18100,1819183017,843,1153,2047,2079,2087,1945,1315,984,1098,1332,581,607,637,645,1371,1107,1179,416,401,384,507,616,2048,1664,1167,353,352,354,368,386,2023,1937,1197,355,358,356,358,403,2079,1912,1154,372,350,355,369,385,1978,1864,1149,2074,390,381,388,1979,1969,1974,1107,1475,2072,2074,1961,1945,2032,2068,5,5,255,5,5,5,9,5,5,5,5,5,5,5,5,5,5,255,5,5,9,5,5,5,5,5,5,5,5,255,5,5,5,5,5,5,5,5,255,255,5,5,5,5,5,255,10,5,5,255,255,255,255,5,5,10,5,255,10,255,10,10,255,255
1780854924.562705,18101,1819283017,847,1093,2047,2079,2073,1970,1295,990,1104,1281,636,588,602,638,1453,1134,1182,402,363,419,533,656,2071,1682,1194,364,353,355,372,396,2071,1772,1148,375,364,359,367,397,2038,1912,1153,371,360,360,361,422,1978,2011,1134,2074,388,391,388,1954,1939,1965,1128,1475,2024,2037,1961,1945,2032,2068,5,5,255,255,5,5,5,5,5,5,5,5,5,5,9,5,5,255,5,5,9,5,5,5,5,5,5,5,5,255,5,5,5,5,5,5,5,5,10,255,5,5,5,5,5,255,255,5,5,255,255,255,255,5,5,5,5,255,5,10,255,255,255,255
1780854924.661242,18102,1819383017,853,1058,2066,2058,2101,2068,1255,999,1086,1269,2040,608,632,643,1429,1123,1202,390,388,385,539,624,2043,1682,1240,365,354,349,372,401,2077,1772,1151,351,362,354,365,402,2038,1948,1150,376,356,355,364,2026,2093,1969,1144,2074,2044,374,349,2000,1917,1952,1098,1475,2052,2037,1998,1945,2032,2068,5,5,10,10,5,5,5,5,5,5,4,5,5,5,5,5,5,255,5,5,5,5,5,255,5,5,5,5,5,255,5,255,5,5,5,5,5,255,255,10,5,5,5,5,5,4,10,5,5,255,4,255,255,5,5,5,5,255,5,255,10,255,255,255
1780854924.762974,18103,1819483017,831,2040,2066,2031,2036,2125,1294,994,1075,1275,592,612,623,649,1422,1104,1187,388,389,416,538,658,2067,1689,1165,369,355,353,375,409,2039,1808,1169,359,350,349,373,390,2038,1948,1175,366,353,361,357,393,1896,1953,1210,2074,2087,386,372,1987,1929,1963,1129,1475,2068,2087,1988,2000,1878,2068,5,4,255,5,5,5,5,5,5,5,4,5,5,5,5,5,5,255,5,5,9,5,5,10,5,5,5,5,5,255,5,10,5,5,5,5,5,5,255,255,5,5,5,5,5,255,5,5,5,255,5,255,255,5,5,5,5,255,5,10,5,10,10,255
1780854924.862880,18104,1819583017,847,1099,2099,2031,2068,2048,1269,993,1071,1234,643,595,626,645,1400,1117,1176,376,359,390,522,635,2037,1697,1202,368,356,359,366,403,2062,1808,1171,354,357,356,361,407,2038,1948,1189,367,366,358,373,393,1896,1915,1138,2074,401,369,372,1926,1929,1918,1122,1475,2013,2087,2072,1979,1878,2068,5,5,10,255,5,5,5,5,5,5,5,5,5,5,9,5,5,255,5,5,9,5,5,5,5,5,5,5,5,255,5,255,5,5,5,5,5,255,255,255,5,5,5,5,5,255,255,5,5,255,255,255,255,5,255,5,5,255,5,255,5,5,255,255
1780854924.962665,18105,1819683017,838,1029,2082,2040,2114,2041,1212,989,1113,1175,649,617,633,633,1486,1156,1180,376,356,379,491,638,2027,1705,1212,367,352,358,363,391,2107,1904,1110,366,352,353,363,404,2069,1948,1151,359,366,360,365,400,1932,1960,1172,2074,2104,400,402,1994,1938,1918,1108,1475,2013,2116,1993,1968,1967,2068,5,5,5,10,5,5,5,5,5,5,5,5,5,5,5,9,5,255,5,5,5,5,5,5,5,5,5,5,5,5,5,10,5,5,5,5,5,255,10,255,5,5,5,5,5,255,10,5,5,255,4,255,255,5,10,255,5,255,255,10,5,5,10,255
1780854925.062968,18106,1819783018,843,2104,2082,2040,2071,2031,1242,979,1081,1373,660,600,636,649,1383,1085,1186,382,364,381,437,656,2106,1703,1172,372,357,352,370,404,2107,1904,1136,363,356,356,362,415,2068,1948,1176,362,359,359,366,376,1932,1961,1163,2074,385,368,402,2009,1936,1961,1093,1721,2013,2116,1993,1968,1967,2068,5,5,255,255,5,5,5,5,5,5,5,5,5,5,5,5,5,255,5,5,5,5,5,5,5,5,5,5,5,255,5,255,5,5,5,5,5,255,5,255,5,5,5,5,5,255,255,5,5,255,255,255,255,5,5,10,5,10,255,255,255,255,255,255
1780854925.162443,18107,1819883016,847,1046,2077,2093,2101,2041,1277,1002,1115,1298,545,600,632,661,1451,1120,1196,374,368,384,430,659,2057,1703,1156,354,353,347,362,2096,2076,1807,1168,352,355,353,361,419,2029,1915,1179,373,347,370,354,2067,1939,1924,1152,2074,2068,2137,402,1984,1976,1957,1126,1721,2061,2054,2007,1968,1967,2068,5,5,10,10,5,5,5,5,5,9,5,5,5,5,5,5,5,255,5,5,5,5,5,255,5,5,5,5,5,4,5,10,5,5,5,5,5,255,5,10,9,5,5,5,5,4,10,5,5,255,4,4,255,5,5,5,5,255,10,10,10,255,255,255
1780854925.261084,18108,1819983017,841,1074,2039,2093,2097,2114,1324,973,1108,1361,634,624,648,644,1445,1101,1191,383,364,379,426,637,2049,1703,1195,358,352,360,365,398,2087,1854,1194,352,354,347,363,391,2029,1915,1209,390,354,356,373,383,1942,1955,1140,2074,2067,385,378,1934,1930,1958,1097,1721,2026,2035,1990,1986,1967,2068,5,5,5,255,5,5,5,5,9,5,5,5,5,5,5,5,5,255,5,5,5,5,5,255,5,5,5,5,5,5,5,5,5,5,5,5,5,255,255,255,5,5,5,5,5,255,5,5,5,255,5,255,255,5,5,5,5,255,5,5,5,10,255,255
1780854925.361891,18109,1820083017,838,1088,2098,2066,2091,2045,1278,993,1067,1316,486,619,631,666,1439,1124,1182,381,350,376,441,638,2061,1704,1168,361,356,347,361,390,2074,1871,1194,356,353,353,353,392,2074,1915,1168,377,364,359,363,411,1969,1929,1153,2074,2123,2124,378,1939,1949,1958,1107,1721,2040,2035,1934,1986,2023,2068,5,5,5,10,5,5,5,5,5,5,255,5,5,5,5,5,5,255,5,5,5,5,5,10,5,5,5,5,5,5,5,5,5,5,5,5,5,255,10,255,5,255,5,5,5,255,5,5,5,255,5,4,255,5,5,5,5,255,5,255,5,255,10,255
1780854925.464225,18110,1820183017,839,924,2098,2079,2121,2014,1249,980,1090,1255,486,611,628,630,1416,1107,1199,386,360,373,442,627,2076,1717,1203,376,358,354,370,389,2059,1810,1159,345,356,352,356,398,2074,1915,1205,368,346,364,368,419,2005,1939,1165,2074,395,383,378,2033,1977,1953,1100,1721,2039,2070,2034,1955,2023,2068,5,5,255,5,5,5,5,5,5,5,255,5,5,5,5,5,5,255,5,5,5,5,5,5,5,5,5,5,5,5,5,9,5,5,5,5,5,5,255,255,5,255,5,5,5,255,5,5,5,255,255,255,255,5,5,5,5,255,5,10,5,10,255,255
1780854925.562001,18111,1820283017,835,1093,2035,2127,2083,2059,1278,989,1087,1294,487,602,626,648,1442,1093,1182,380,371,359,454,607,2034,1700,1187,368,358,355,371,382,2095,1865,1154,362,354,351,353,397,2055,1915,1160,384,356,353,362,388,2005,1929,1139,2074,2114,2137,378,2042,1960,1990,1112,1721,2043,2124,2034,1955,2023,2068,5,5,10,5,5,5,5,5,5,5,255,5,5,5,5,5,5,255,5,5,5,5,5,5,5,5,5,5,5,5,5,9,5,5,5,5,5,255,10,255,5,255,5,5,5,255,255,5,5,255,4,4,255,5,5,5,5,255,5,5,255,255,255,255
1780854925.662057,18112,1820383017,827,1040,2078,2093,2083,2099,1270,988,1079,1269,1508,631,622,643,1400,1069,1187,395,360,370,446,618,2111,1700,1146,370,350,350,367,393,2071,1823,1170,359,355,346,373,374,2055,1915,1192,381,360,352,356,388,1973,1982,1140,2074,2125,371,378,2010,1960,1945,1123,1721,2043,2034,1991,1955,1989,2050,5,5,5,5,255,9,5,5,5,5,4,5,5,5,9,5,5,255,5,5,5,5,5,255,9,5,5,5,5,5,5,5,5,5,5,5,5,255,255,255,5,255,5,5,5,255,10,5,5,255,5,255,255,5,255,5,5,255,255,5,10,255,10,10
1780854925.763950,18113,1820483017,853,1060,2093,2090,2075,2035,1250,978,1082,1344,611,615,628,626,1421,1190,1197,1495,362,367,439,595,2084,1725,1188,360,351,354,358,396,2104,1844,1146,352,355,349,355,409,2077,1915,1183,388,371,368,367,414,1992,1947,1148,2074,2101,2118,378,1994,1968,1954,1090,1721,2031,2055,1991,1933,1989,2050,5,5,5,5,10,5,5,5,5,5,255,5,5,5,5,9,5,4,5,5,5,5,5,10,5,5,5,5,5,5,5,5,5,5,5,5,5,255,10,255,5,255,5,5,5,255,5,5,5,255,5,4,255,5,10,5,5,255,10,5,255,10,255,255
1780854925.862156,18114,1820583017,844,982,2063,2090,2065,2062,1279,1011,1087,1288,515,602,627,658,1454,1109,1157,368,357,366,400,591,2101,1714,1171,360,352,348,367,382,2110,1844,1195,351,348,356,356,395,2077,1904,1163,406,371,360,372,2032,1919,1937,1144,2074,2107,416,378,2015,1968,1997,1131,1721,2049,2067,1977,2000,1989,2050,5,5,5,255,5,5,5,5,5,5,10,5,5,5,5,5,5,5,5,5,5,5,5,5,5,5,5,5,5,255,5,255,5,5,5,5,5,255,255,10,5,255,5,5,5,4,5,5,5,255,5,4,255,5,255,5,5,255,5,5,10,5,255,255
1780854925.963432,18115,1820683017,849,2046,2037,2078,2065,2041,1259,999,1108,1207,415,588,628,648,1432,1130,1170,350,356,345,423,643,2062,1714,1131,353,348,352,359,380,2093,1844,1179,346,356,342,361,384,2077,1904,1154,370,355,359,376,2130,1961,1943,1147,2074,2093,384,2123,1966,1966,1914,1132,1721,2070,2032,2031,2000,1989,2050,5,4,5,10,255,5,5,5,5,5,255,5,5,5,5,5,5,5,5,5,5,5,5,255,5,5,5,5,5,5,5,255,5,5,5,5,5,255,255,255,5,255,5,5,5,5,5,5,5,255,5,255,10,5,10,5,5,255,5,5,5,255,255,255
1780854926.063540,18116,1820783017,816,1108,2077,2078,2053,2041,1252,988,1079,1255,365,620,634,642,1424,1106,1164,370,356,349,463,609,2062,1714,1143,349,348,344,361,387,2102,1844,1155,351,343,344,345,2103,2025,1904,1181,362,358,355,384,2117,2000,1961,1158,2074,2093,373,2123,1966,1937,1988,1088,1620,2030,2083,1997,1943,1989,2050,5,5,5,255,10,255,5,5,5,5,255,5,5,5,5,5,5,5,5,5,5,5,255,255,5,5,5,5,5,255,5,255,5,5,5,5,5,4,10,255,5,255,5,5,5,5,5,5,5,255,255,255,255,255,5,5,5,10,5,5,5,10,255,255
1780854926.162435,18117,1820883017,837,1056,2096,2085,2081,2086,1280,1006,1066,1310,375,614,630,641,1432,1142,1168,365,349,365,451,601,2040,1643,1157,356,345,345,359,396,2096,1786,1149,359,349,348,367,2128,2025,1904,1217,412,366,359,364,2083,1955,1940,1196,2074,2093,396,2123,1966,1960,2011,1127,1620,2083,2083,2064,1943,1989,2050,5,5,5,10,5,10,5,5,5,5,255,5,5,5,5,5,5,5,5,5,5,5,10,10,5,5,5,5,5,255,5,10,5,5,5,5,5,5,255,255,9,255,5,5,255,5,5,5,5,255,255,255,255,255,5,5,5,255,5,255,5,255,255,255
1780854926.263219,18118,1820983017,844,1053,2044,2073,2081,2070,1257,982,1081,1287,374,612,626,641,1443,1140,1185,349,350,351,405,640,2037,1722,1092,351,349,348,363,399,2093,1786,1175,356,347,342,369,395,2059,1859,1202,402,353,360,385,2082,1948,1977,1140,2010,2127,375,2123,2039,1968,2011,1100,1620,2035,2083,1982,1987,1989,2050,5,5,5,5,255,5,5,5,5,5,255,5,5,5,5,5,5,5,5,5,5,5,5,5,5,5,5,5,5,255,5,255,5,5,5,5,5,255,10,10,9,255,5,5,255,5,5,5,5,10,10,255,255,10,5,255,5,255,5,255,5,10,255,255
1780854926.362073,18119,1821083017,831,1059,2051,2048,2086,2059,1317,1022,1065,1290,363,537,632,652,1435,1129,1205,354,353,352,437,616,2081,1669,1185,353,347,342,361,2128,2145,1850,1183,354,345,348,366,387,2033,1859,1167,388,356,366,394,2100,1970,1940,1125,2010,2107,420,2123,2002,1961,1963,1137,410,2066,2086,1973,1987,1989,2050,5,5,5,5,10,5,5,5,5,5,255,5,5,5,5,5,5,5,5,5,5,5,5,5,5,5,5,5,5,4,5,3,5,5,5,5,5,255,5,255,5,255,5,5,255,5,5,5,5,255,5,255,255,5,5,10,5,255,5,10,5,255,255,255
1780854926.462099,18120,1821183017,848,2065,2051,2083,2086,2066,1329,1001,1134,1237,366,488,628,645,1436,1124,1195,363,350,351,418,605,2045,1643,1140,359,347,346,368,399,2119,1838,1191,371,350,344,368,406,2033,1933,1143,453,356,368,379,2100,1972,1960,1131,2010,2111,367,2123,1921,1926,1957,1101,2213,2045,2086,2007,1961,1989,2050,5,5,255,5,255,5,5,5,5,5,255,255,5,5,5,5,5,5,5,5,5,5,5,5,5,5,5,5,5,255,5,5,5,5,5,5,5,255,255,10,5,255,5,5,255,255,5,5,5,255,5,255,255,5,5,5,5,4,5,255,5,10,255,255
1780854926.561065,18121,1821283017,846,1043,2107,2062,2082,2052,1303,981,1081,1347,391,438,617,644,1383,1124,1151,356,353,343,398,656,2071,1643,1114,352,345,348,360,383,2130,1886,1175,366,352,349,372,385,2072,1933,1156,406,358,355,374,2093,1951,1914,1128,2075,2090,400,2123,2008,1978,1956,1117,2213,2013,2046,1987,1961,2026,2050,5,5,10,5,10,5,5,5,5,5,255,5,5,5,5,5,5,5,5,5,5,5,5,255,5,5,5,5,5,255,5,5,5,5,5,5,5,255,10,255,5,255,5,5,255,10,5,5,9,10,5,255,255,5,5,5,5,255,5,10,5,255,10,255
1780854926.672693,18122,1821393017,821,2034,2107,2075,2098,1996,1255,972,1087,1187,362,468,634,651,1445,1119,1190,363,351,358,390,581,2018,1716,1105,344,345,348,367,360,2091,1886,1186,350,356,349,359,407,2019,1933,1167,406,366,353,395,2093,1950,1921,1123,2075,2146,396,2123,1974,1938,1960,1113,2213,2013,2046,2020,1961,2026,2050,5,5,255,5,5,9,5,5,5,5,255,5,5,5,5,5,5,5,5,5,5,5,5,10,5,5,5,5,5,255,5,255,5,5,5,5,5,255,5,255,5,255,5,5,255,255,5,5,5,255,5,255,255,5,5,5,5,255,255,255,5,255,255,255
1780854926.771827,18123,1821493017,842,1060,2085,2080,2075,2055,1272,977,1090,1310,372,429,623,647,1422,1127,1158,356,354,351,404,642,2022,1716,1155,351,347,347,356,384,2078,1886,1153,357,353,347,371,391,2080,1925,1135,380,366,368,382,436,1956,1986,1171,2022,2153,2168,2123,1985,1967,1959,1107,2213,2066,2046,2006,1961,2026,2050,5,5,10,5,5,5,5,5,5,5,255,5,5,5,5,5,5,5,5,5,5,5,5,255,5,5,5,5,5,255,5,255,5,5,5,5,5,255,5,10,9,255,5,5,255,255,5,5,5,10,5,4,255,5,5,5,5,255,10,255,5,255,255,255
1780854926.871346,18124,1821593017,855,2091,2078,2080,2096,2070,1325,997,1077,1304,401,562,621,653,1436,1118,1169,362,355,350,414,617,2091,1716,1195,352,344,346,364,390,2085,1886,1159,362,354,352,363,382,2080,1948,1199,395,361,369,378,2089,1995,1927,1170,2022,2153,401,2123,2022,1920,1915,1094,2213,1976,2046,2022,1925,2026,2050,5,5,5,255,5,5,5,5,5,5,255,5,5,5,5,5,5,5,5,5,5,5,5,255,5,5,5,5,5,255,5,255,5,5,5,5,5,255,255,5,9,255,5,5,255,4,5,5,5,255,255,255,255,5,5,5,5,255,5,255,5,10,255,255
1780854926.972549,18125,1821693017,841,1079,2081,2063,2078,2094,1278,976,1042,1273,371,578,627,656,1464,1108,1181,367,350,353,431,601,2101,1688,1184,356,346,351,369,394,2045,1858,1169,345,348,346,373,395,2080,1948,1157,428,374,356,380,2086,1941,1955,1158,2005,2082,397,2123,2001,1933,1970,1131,2213,2040,2043,1999,1999,2026,2050,5,255,5,10,5,5,5,5,5,5,255,5,5,5,5,5,5,5,5,5,5,9,5,10,5,5,5,5,5,255,5,10,5,5,5,5,5,255,255,255,5,255,5,5,255,5,5,5,5,10,10,255,255,5,5,5,5,255,5,10,5,5,255,255
1780854927.073218,18126,1821793018,853,1044,2118,2063,2062,2079,1308,995,1091,1383,383,575,638,658,1452,1111,1165,361,347,359,428,630,2039,1759,1139,355,354,346,364,383,2064,1858,1167,367,352,338,373,411,2080,1948,1201,389,356,370,368,2086,1941,1955,1152,2005,2115,370,2123,1954,1941,1970,1111,2213,2040,2043,2075,1999,2026,2050,5,5,5,255,5,5,5,5,5,5,255,5,5,5,5,5,5,5,5,5,5,5,5,5,5,5,5,5,5,255,5,255,5,5,5,5,5,255,255,255,5,255,5,5,5,255,255,255,5,255,5,255,255,5,5,255,5,255,255,5,5,255,255,255
1780854927.172980,18127,1821893017,854,1121,2118,2063,2118,2039,1279,1021,1095,1254,404,593,627,653,1416,1143,1181,353,357,354,448,624,2090,1741,1163,354,347,342,363,397,2089,1818,1182,354,344,350,365,2276,2084,1885,1142,401,353,358,385,2041,1941,1954,1163,2005,2114,2143,2123,1949,1898,1935,1112,1620,2051,2086,1994,1948,2026,2050,5,5,255,255,5,5,5,5,5,5,255,5,5,5,5,5,5,5,5,5,5,5,5,5,5,5,5,5,5,255,5,10,5,5,5,5,5,4,10,10,5,255,5,5,255,10,255,10,5,255,5,4,255,5,5,10,5,10,10,5,5,10,255,255
1780854927.273092,18128,1821993017,843,1077,2118,2059,2118,2076,1278,1001,1052,1298,373,587,635,636,1364,1155,1180,367,355,358,511,631,2073,1721,1122,358,355,350,363,395,2117,1948,1152,357,349,351,363,429,2084,1885,1175,386,358,363,360,2102,1918,1937,1147,2005,2114,384,2123,2040,1956,1935,1115,1630,2048,2086,1994,1994,2026,1978,5,5,255,10,255,5,5,5,5,5,255,5,5,5,5,5,5,5,5,5,9,5,5,5,5,5,5,5,5,255,5,5,5,5,5,5,5,255,255,255,5,255,5,5,5,5,10,5,5,255,255,255,255,5,5,255,5,5,5,255,255,5,255,10
1780854927.371794,18129,1822093017,841,2051,2081,2029,2085,1935,1335,1028,1100,1314,373,641,620,640,1401,1087,1194,368,353,366,568,640,2077,1721,1102,359,351,348,362,414,2123,1905,1194,358,354,350,364,366,2084,1885,1162,368,353,354,369,2095,1924,1951,1171,2005,402,366,2123,2023,1935,1972,1129,1699,2010,2086,1998,1952,2026,1978,5,5,10,5,10,5,5,5,5,5,255,5,5,5,5,5,5,5,5,5,9,5,5,255,5,5,5,5,5,255,5,5,5,5,5,5,5,255,255,255,5,255,5,5,5,5,5,5,5,255,255,255,255,5,5,10,5,5,5,255,10,5,255,255
1780854927.472335,18130,1822193017,852,1060,2076,2060,2053,2046,1250,970,1074,1294,2029,612,625,640,1423,1116,1182,364,359,408,582,642,2110,1655,1139,364,351,354,383,439,2114,1780,1128,354,353,350,364,405,2084,1885,1179,369,353,353,373,2025,1922,1940,1172,387,392,377,2123,1983,1919,1973,1129,1699,2010,2086,2027,1972,2026,1978,5,5,5,5,5,5,5,5,5,5,10,5,5,5,5,5,5,255,5,5,9,5,5,10,5,5,5,5,5,255,5,5,5,5,5,5,5,255,255,255,5,5,5,5,5,5,5,5,5,255,255,5,255,5,5,5,5,255,255,255,5,5,255,255
1780854927.572496,18131,1822293017,849,1047,2118,2060,2080,2046,1300,1013,1069,1284,2029,611,623,642,1412,1107,1195,382,374,459,604,651,2101,1772,1150,361,357,360,381,484,2083,1780,1142,347,354,354,364,381,2084,1951,1187,368,351,351,380,410,1942,1909,1147,380,364,378,408,2046,1934,1973,1108,1699,2054,2086,2027,1945,2026,1978,5,5,5,255,5,255,5,5,5,5,255,5,5,5,5,5,5,255,5,5,5,5,5,5,5,5,5,5,5,255,5,255,5,5,5,5,5,255,255,10,5,5,5,5,5,255,5,5,5,255,5,5,255,5,5,255,5,255,10,255,255,5,255,255
1780854927.672545,18132,1822393017,837,1068,2051,2063,2080,2085,1293,961,1084,1305,2081,613,617,648,1375,1084,1195,1659,427,583,622,642,2027,1623,1189,379,365,363,416,575,2075,1780,1133,359,357,363,383,434,2084,1951,1169,371,355,353,364,2049,1942,1909,1130,400,368,363,390,2025,1974,1959,1096,1502,1987,389,1910,1977,2026,1978,5,5,5,10,5,10,5,5,5,5,10,5,5,5,5,5,5,4,255,5,5,5,5,9,5,5,5,5,5,5,5,255,5,5,5,5,5,255,255,255,5,5,5,5,5,4,255,255,5,255,5,5,255,5,5,10,5,10,5,255,10,5,255,255
1780854927.772438,18133,1822493017,829,1016,2051,2093,2091,2068,1289,1004,1083,1302,2063,585,631,637,1442,1124,1160,561,483,584,612,646,2059,1619,1210,375,371,371,511,589,2053,1884,1155,365,354,358,361,383,2084,1911,1164,368,355,353,375,397,1987,1963,1165,395,353,357,375,1898,1952,1959,1122,1502,1977,368,1910,1977,2026,1978,5,5,255,5,5,5,5,5,5,9,5,5,5,5,5,5,5,255,255,5,5,5,5,5,5,5,5,5,9,5,5,10,5,5,5,5,5,255,255,10,5,5,5,5,5,255,10,10,5,255,5,5,5,5,5,255,5,255,5,255,255,255,255,255
1780854927.872713,18134,1822593017,841,2021,2121,2083,2080,2068,1229,989,1112,1294,2062,585,659,637,1391,1116,1167,1512,506,629,615,645,1973,1619,1152,396,370,384,487,618,2051,1884,1169,365,359,357,365,445,2084,1949,1152,369,354,352,356,410,1987,1925,1146,371,360,351,367,399,1952,1953,1096,1450,1977,357,361,1972,2026,1978,5,5,10,5,5,255,5,5,9,5,5,255,5,255,5,5,5,10,3,5,5,5,5,255,5,255,5,5,5,5,5,255,5,5,5,5,5,255,255,5,9,5,5,5,5,255,255,5,5,255,5,5,5,255,255,10,5,10,255,255,255,10,255,255
1780854927.973139,18135,1822693017,841,1063,2109,2082,2079,2065,1285,994,1066,1373,2086,585,2090,2096,1454,1096,1173,1751,2079,611,613,636,619,1715,1171,1610,383,432,565,621,602,1884,1184,375,367,365,369,468,2084,1949,1185,364,353,351,366,381,1956,1944,1166,374,355,350,353,410,1938,1925,1110,1459,390,363,381,1994,2026,1978,5,5,5,5,5,10,5,5,5,5,5,255,4,10,5,5,5,4,5,5,5,5,5,10,5,4,5,5,5,5,5,255,5,5,5,5,5,255,255,255,5,5,5,5,5,255,10,5,5,255,5,5,5,255,10,5,5,9,255,5,255,5,255,255
1780854928.073313,18136,1822793017,833,1010,2045,2082,2083,2089,1280,997,1052,1209,2079,2113,2085,2096,1387,1090,1214,1666,2087,657,636,633,660,1589,1205,2014,425,559,593,622,641,1884,1192,411,383,368,391,452,603,1920,1214,401,373,357,363,399,1925,1910,1123,387,369,341,357,375,1960,1966,1098,1459,385,363,370,400,2026,1978,5,255,5,255,5,5,5,5,5,5,5,10,5,255,5,5,5,5,5,5,5,5,5,5,5,4,5,9,5,5,5,255,5,255,5,5,5,5,255,10,5,5,5,5,5,5,5,5,5,255,5,5,5,5,5,5,5,255,255,5,5,4,255,255
1780854928.173109,18137,1822893017,852,1027,2052,2111,2119,2089,1330,1001,1098,1336,2079,2113,2118,2096,1445,1110,1173,1648,2081,2116,659,630,2009,1655,1211,2050,697,644,631,621,651,1884,1170,658,650,474,458,543,646,1932,1150,401,385,388,368,364,380,1951,1163,387,375,368,351,363,385,1966,1140,1459,378,371,355,366,2026,1978,5,5,5,10,5,5,5,5,5,5,255,255,5,255,5,5,5,5,5,5,5,5,5,5,9,5,4,5,5,5,5,255,5,4,4,5,5,5,5,5,9,255,5,5,5,5,4,5,5,255,5,5,5,5,4,255,5,255,255,5,5,5,255,255
1780854928.270834,18138,1822993016,846,1022,2099,2081,2075,2015,1313,1003,1099,1214,2075,2112,2118,2096,1476,1084,1196,1648,2059,2126,659,625,2098,1691,1182,1985,2101,2090,684,660,653,1884,1218,2039,673,664,633,609,633,1877,1179,401,660,644,408,469,464,1940,1175,2004,731,405,387,367,387,2017,1115,1541,2085,391,372,365,387,428,5,5,5,5,5,5,5,5,5,5,10,10,255,255,5,5,9,255,5,5,255,255,5,5,5,3,5,4,5,5,5,255,5,4,5,5,5,5,5,5,5,255,4,4,5,5,5,5,5,10,4,5,5,5,5,10,5,10,4,5,5,5,10,255
1780854928.371056,18139,1823093016,852,1005,2058,2073,2082,2075,1249,1033,1069,1291,2088,2076,2118,2096,1495,1107,1224,2095,2057,2081,2089,2088,2006,1761,1169,2006,2090,2113,2176,2097,678,1820,1183,1970,2089,707,717,661,647,660,1171,401,692,718,654,626,626,634,1128,2004,2111,690,635,428,418,413,1141,1541,2063,2097,415,418,383,393,5,5,5,5,5,5,5,5,5,9,5,5,255,255,5,5,5,10,5,5,10,4,5,5,5,5,5,5,4,4,5,10,5,5,5,5,5,5,5,5,5,255,255,5,4,5,5,5,5,255,4,4,4,5,5,4,5,255,5,4,5,5,5,5
1780854928.472792,18140,1823193016,837,2042,2065,2085,2068,2080,1254,984,1085,1332,2088,2088,2137,2096,1446,1124,1226,2047,2118,2093,2089,2082,2071,1761,1194,2042,2081,2082,2121,2115,2054,1889,1183,2052,2084,2096,747,812,716,690,1169,401,2103,2067,728,708,661,673,1174,2004,2090,734,698,657,638,602,1117,1541,2050,743,696,2064,445,456,5,5,5,5,5,5,5,5,5,5,255,5,10,255,5,9,5,5,5,5,255,5,5,255,5,5,5,5,5,5,5,5,5,5,5,4,255,5,5,5,9,255,4,4,5,5,5,5,5,255,5,5,5,4,4,5,5,255,5,4,4,5,5,5
1780854928.573180,18141,1823293017,848,1109,2084,2060,2079,2054,1260,969,1089,1333,2088,2078,2137,2092,1427,1073,1188,2010,2094,2082,2089,2139,2037,1661,1199,1999,2090,2088,2116,2091,2101,1889,1198,2052,2104,2103,2097,812,716,1885,1173,2009,2086,2067,728,946,760,753,1159,2034,2083,2124,876,747,722,689,1117,1477,1985,2042,743,715,674,678,5,5,5,5,5,5,5,5,5,5,255,5,255,10,5,5,5,5,5,5,255,5,5,10,5,5,5,5,5,5,5,255,5,255,5,5,4,255,255,5,5,10,5,255,255,4,5,5,5,10,5,4,255,5,5,5,5,10,5,4,5,5,4,4
1780854928.672869,18142,1823393017,832,1093,2084,2060,2072,2082,1260,1002,1095,1408,2088,2078,2058,2066,1447,1112,1203,1954,2063,2050,2105,2081,2072,1661,1164,1999,2087,2119,2078,2105,2112,1844,1200,2036,2097,2099,2092,812,716,804,1172,2078,2092,2067,2056,1066,986,864,1153,2034,2110,2118,2118,1003,844,760,1150,1477,1985,2079,1995,911,727,715,5,5,255,255,5,5,5,5,5,5,255,255,10,5,9,5,5,5,5,5,10,5,5,255,5,255,5,5,5,5,5,10,5,10,5,5,5,255,255,255,5,5,5,255,10,5,4,255,5,255,5,5,4,4,5,5,5,255,255,5,5,5,5,5
1780854928.772855,18143,1823493016,851,2065,2062,2085,2073,2077,1284,994,1056,1291,2040,2070,2058,2069,1383,1125,1183,2033,2107,2080,2105,2094,2089,1661,1175,1977,2074,2083,2082,2084,2085,1814,1177,2019,2122,2112,2123,2090,2057,1992,1170,2078,2094,2119,2144,1066,986,977,1143,1966,2099,2100,2105,1003,967,877,1124,1477,2062,2033,1978,1097,831,772,5,4,10,10,5,5,5,5,5,5,10,10,255,5,5,5,5,5,5,5,255,5,5,10,5,10,5,5,5,5,5,5,5,5,5,5,5,10,10,10,5,255,5,10,5,255,255,5,5,10,5,5,5,255,5,5,5,255,10,5,5,255,5,5
1780854928.871652,18144,1823593017,832,1053,2050,2085,2100,2077,1266,1041,1077,1396,2040,2123,2075,2069,1427,1083,1194,2062,2095,2087,2067,2110,1995,1661,1196,1977,2073,2094,2082,2092,2034,1867,1157,2078,2112,2062,2056,2186,2057,1992,1219,2078,2099,2100,2101,1066,986,977,1143,1966,2100,2102,2105,1003,967,941,1108,1477,2007,2033,1978,1968,953,847,5,5,5,255,5,255,5,5,5,5,255,5,10,255,5,5,5,5,5,5,10,5,5,255,5,255,5,5,5,5,5,5,5,9,5,5,5,5,255,255,5,255,5,5,5,255,255,255,5,255,5,5,255,255,255,5,5,255,5,255,5,4,5,5
1780854928.972327,18145,1823693016,841,1040,2050,2054,2069,2055,1266,987,1102,1260,2087,2080,2050,2052,1397,1113,1185,1988,2092,2090,2105,2105,2060,1678,1202,2117,2104,2086,2077,2105,2089,1867,1152,1991,2080,2074,2081,2097,2086,1992,1148,2078,2093,2128,2105,2091,2023,1929,1165,1966,2088,2104,2105,1974,967,941,1160,1784,2099,2031,1980,1952,953,969,5,5,255,10,5,10,5,5,5,9,10,5,5,10,5,5,5,5,5,5,5,5,5,10,5,10,5,5,5,5,5,5,5,5,5,5,5,5,10,255,9,255,5,5,5,10,10,10,5,255,5,5,255,10,255,255,5,10,5,10,5,5,255,5
1780854929.073397,18146,1823793017,847,1025,2059,2045,2085,2041,1245,1017,1095,1252,2027,2080,2135,2052,1385,1107,1197,2044,2094,2114,2087,2087,2062,1684,1191,1974,2079,2084,2079,2089,2087,1905,1158,1991,2119,2058,2086,2120,2086,1992,1137,2078,2082,2128,2110,2121,2023,1929,1166,1947,2085,2095,2105,2052,967,941,1127,1784,2094,2031,2038,1952,953,969,5,255,10,5,5,5,9,5,5,5,5,255,5,255,5,5,5,5,5,5,5,5,5,5,5,5,5,5,5,5,5,5,5,255,5,5,5,5,255,255,5,255,5,255,5,5,255,255,5,10,5,5,255,5,255,255,5,255,5,255,5,255,255,255
1780854929.173161,18147,1823893016,815,1015,2107,2071,2060,1962,1283,971,1039,1356,2050,2075,2019,2052,1429,1112,1178,2046,2089,2099,2069,2138,2065,1699,1158,2043,2090,2077,2092,2097,2062,1911,1215,2081,2079,2102,2090,2193,2051,1992,1219,2013,2120,2082,2124,2096,1955,1929,1133,2058,2050,2093,2106,1993,1849,941,1117,1784,1964,2064,2038,1913,953,969,5,5,5,5,5,5,5,5,5,5,5,10,5,255,5,5,5,5,5,5,5,5,5,5,5,5,5,5,5,5,5,5,5,10,5,5,5,5,10,255,5,10,5,10,5,5,10,10,5,5,5,5,10,5,10,255,5,255,5,10,255,10,255,255
1780854929.272407,18148,1823993017,847,1059,2000,2071,2062,2061,1325,999,1087,1263,2083,2104,2019,2033,1389,1117,1177,2074,2067,2074,2114,2057,2068,1699,1200,2038,2092,2098,2091,2091,2110,1841,1180,2049,2079,2100,2114,2193,2051,1936,1177,2013,2117,2078,2086,2109,2010,1943,1135,2058,2093,2124,2102,1994,1934,941,1128,1919,2018,2064,2031,1913,953,969,5,255,5,255,5,5,5,5,5,5,5,5,255,10,5,5,5,5,5,5,5,5,5,255,9,5,5,5,5,5,5,5,5,5,255,5,5,255,255,10,5,255,5,5,5,5,5,5,5,255,5,5,5,5,5,255,5,10,5,5,10,255,255,255
1780854929.381311,18149,1824103016,829,2073,2084,2067,2053,2061,1240,995,1078,1253,2083,2095,2019,2017,1425,1122,1174,1685,2062,2115,2125,2129,2069,1627,1222,2036,2104,2091,2099,2069,2131,1905,1155,2018,2063,2045,2113,2111,2061,1936,1163,2013,2073,2074,2129,2065,2010,1929,1131,2105,2084,2111,2102,1974,1927,1452,1108,1640,2024,2090,1919,1960,953,969,5,4,5,10,5,255,5,5,5,5,255,5,255,5,5,5,5,4,5,5,5,5,5,10,5,5,5,5,5,5,5,5,5,5,10,5,5,10,10,255,5,255,5,5,5,5,255,5,5,10,5,5,255,5,5,10,5,4,5,5,5,10,255,255
1780854929.481918,18150,1824203017,839,1096,2084,2049,2080,1944,1297,992,1049,1397,2030,2086,2058,2084,1554,1125,1173,1685,2021,2078,2125,2110,2050,1692,1168,2019,2095,2086,2080,2105,2109,1802,1168,2096,2014,2072,2088,2111,2061,1936,1157,2013,2119,2082,2118,2119,1949,1941,1145,2105,2068,2118,2087,1974,1922,1452,1119,1640,2085,2086,1919,1960,953,969,5,5,255,5,5,10,5,5,5,5,10,5,10,5,5,5,5,255,5,5,255,5,5,5,5,5,5,5,5,5,5,5,5,5,5,5,5,255,255,255,5,255,5,5,5,5,10,5,5,255,5,5,10,255,5,255,5,255,5,5,255,255,255,255
1780854929.582146,18151,1824303017,844,1142,2054,2059,2065,1944,1297,966,1071,1272,2110,2064,2058,2084,1421,1147,1220,1925,2033,2060,2087,2110,2060,1730,1172,1992,2081,2083,2095,2125,2082,1887,1189,2047,2070,2088,2088,2096,2058,1936,1190,2013,2089,2081,2117,2109,1949,1923,1153,1978,2094,2105,2091,1989,1944,1983,1122,1640,2054,2092,1919,1932,953,969,5,5,10,5,5,255,255,5,5,5,5,5,255,255,5,5,5,10,5,5,10,255,5,5,5,5,5,5,5,5,5,5,5,9,5,5,5,10,10,255,5,255,5,5,5,5,255,5,5,10,5,5,5,10,5,10,5,255,5,5,255,10,255,255
1780854929.683475,18152,1824403017,839,2036,2039,2067,2099,2022,1302,1000,1094,1196,2110,2127,2058,2084,1381,1150,1166,1607,2086,2094,2124,2098,2095,1730,1212,2059,2076,2083,2075,2105,2076,1884,1144,2047,2070,2075,2100,2096,2058,1862,1157,2013,2106,2081,2171,2109,1949,1923,1117,1978,2074,2115,2105,2002,1920,1983,1118,1640,2071,2047,2004,1932,953,969,5,5,5,5,5,10,10,5,5,5,255,5,255,255,5,5,5,5,5,5,5,10,5,255,5,5,5,5,5,5,5,5,5,255,255,5,5,255,255,10,5,255,5,5,5,255,255,255,5,255,5,5,5,5,5,255,5,255,5,5,10,255,255,255
1780854929.782623,18153,1824503016,847,1013,2018,2096,2086,2075,1243,997,1049,1286,2121,2069,2039,2010,1403,1117,1220,1528,2053,2080,2103,2100,2067,1753,1185,2042,2095,2083,2091,2108,2125,1989,1180,2005,2109,2092,2107,2094,2067,1870,1176,2013,2105,2133,2144,2064,1962,1970,1161,1978,2072,2092,2064,1992,1936,1950,1126,1640,2040,2022,1975,1932,953,969,5,255,5,5,5,5,5,5,5,5,10,5,10,10,9,5,9,5,5,5,5,5,5,10,5,5,5,5,5,5,5,5,5,10,10,5,5,10,10,5,9,255,5,5,5,10,10,10,5,255,5,5,5,5,5,10,5,255,5,5,5,255,255,255
1780854929.881576,18154,1824603017,870,2086,2018,2069,2069,2016,1253,1018,1065,1217,2111,2076,2092,2010,1690,1150,1227,1517,2058,2063,2095,2093,2055,1753,1177,1992,2071,2095,2100,2099,2084,1989,1143,2012,2081,2074,2094,2091,2067,1870,1210,2013,2108,2088,2081,2064,1962,1929,1136,1978,2100,2091,2064,1988,1940,1943,1140,1640,2069,2007,2024,1932,953,969,5,5,255,5,5,9,5,5,5,5,5,5,5,255,4,5,5,5,5,5,5,5,5,255,5,5,5,5,5,5,5,255,5,5,5,5,5,5,255,255,5,255,5,5,5,255,255,5,5,255,5,5,255,5,5,5,5,255,5,5,5,255,255,255
1780854929.981911,18155,1824703016,834,2046,2049,2077,2097,2012,1242,996,1076,1240,2111,2071,2092,2033,1491,1120,1169,2050,2068,2078,2130,2100,2048,1753,1211,2001,2089,2097,2068,2102,2095,1863,1202,1955,2081,2064,2093,2077,2067,1838,1225,2013,2097,2079,2140,2088,1978,1924,1143,1993,2158,2111,2148,1945,1929,1948,1117,1640,2100,2014,2035,1932,953,969,5,5,10,5,5,5,5,5,5,5,255,5,255,10,9,5,5,4,5,5,5,5,5,255,5,5,5,5,5,5,5,10,5,5,5,5,5,5,255,10,5,255,5,5,5,10,10,5,5,10,5,5,10,5,5,5,5,255,5,5,5,255,255,255
1780854930.082387,18156,1824803017,835,1045,2084,2064,2078,2012,1256,989,1073,1243,2058,2065,2092,2077,1428,1123,1206,2186,2093,2107,2124,2074,2058,1753,1187,2063,2073,2072,2101,2091,2068,1863,1192,2085,2080,2090,2086,2142,2067,1919,1161,2013,2091,2079,2105,2102,1978,1944,1122,1993,2066,2124,2125,2003,1898,1958,1103,1640,2100,1996,1986,1989,953,969,5,5,5,5,5,255,5,5,5,5,10,5,255,5,5,5,5,5,5,5,5,5,5,255,5,5,5,5,5,5,5,255,5,5,5,5,5,5,255,5,5,255,5,255,5,5,255,5,5,255,5,5,5,5,5,5,5,255,255,5,5,10,255,255
1780854930.183502,18157,1824903017,822,1030,2084,2069,2071,2076,1247,1023,1063,1270,2066,2094,2092,2077,1580,1132,1184,1702,2103,2098,2069,2116,2029,1753,1250,2063,2091,2086,2101,2099,2118,1824,1186,2085,2101,2103,2131,2113,2031,1919,1203,2090,2088,2074,2097,2070,1978,1916,1149,1999,2119,2117,2081,2007,1962,1940,1110,1640,2047,1996,2039,1989,953,969,5,5,255,5,5,10,5,5,5,5,5,5,255,255,5,5,5,4,5,5,5,5,5,255,5,255,5,5,5,5,5,10,5,255,5,5,5,5,10,255,5,10,5,10,5,5,255,5,5,10,5,5,5,5,255,5,5,255,10,255,5,255,255,255
1780854930.282612,18158,1825003017,845,1030,2086,2085,2118,1960,1289,1002,1053,1225,2084,2073,2092,2087,1457,1130,1195,1748,2074,2050,2091,2094,2067,1663,1169,2030,2089,2071,2071,2048,2055,1824,1209,2035,2107,2083,2090,2095,2031,1919,1135,2090,2120,2105,2087,2080,1978,1970,1147,2036,2110,2099,2086,1968,1935,1940,1157,1640,2028,2029,1975,1989,953,969,5,255,10,5,5,5,5,5,5,5,5,5,255,10,5,5,5,5,5,5,5,5,5,10,5,10,5,5,5,5,5,255,5,10,5,5,5,5,255,255,5,255,5,5,5,5,255,5,5,5,5,5,5,5,5,255,5,255,5,10,5,255,255,255
1780854930.381369,18159,1825103017,853,2012,2024,2099,2085,2093,1327,1005,1061,1309,2070,2084,2092,2052,1413,1097,1182,1711,2095,2096,2114,2072,2078,1663,1177,2029,2095,2093,2104,2099,2108,1872,1140,2035,2052,2086,2126,2118,2046,1919,1192,2090,2081,2102,2105,2086,1908,1992,1120,2093,2118,2107,2079,1979,1955,1974,1105,1640,2010,2082,2022,1989,953,969,5,10,5,5,5,5,5,5,5,5,5,5,255,5,9,5,5,5,5,5,5,5,5,255,5,5,5,5,5,5,5,10,9,255,5,5,5,5,10,255,5,255,5,5,5,255,10,5,5,5,5,5,5,5,5,10,5,255,5,5,5,255,255,255
1780854930.481399,18160,1825203017,819,2066,2024,2098,2106,2084,1253,969,1036,1278,2041,2084,2095,2052,1375,1105,1169,2054,2052,2099,2096,2100,2037,1663,1210,2043,2122,2093,2091,2086,2126,1872,1222,2039,2105,2106,2062,2134,2046,1919,1135,2090,2122,2123,2105,2076,1980,1898,1148,2093,2094,2108,2079,2029,1908,1902,1130,1640,2010,2090,1997,1989,953,969,5,5,255,5,5,5,5,5,5,5,5,255,10,255,5,5,5,5,5,5,5,5,5,255,5,5,5,5,5,5,5,255,5,10,5,5,5,5,255,255,5,255,5,5,255,5,5,5,5,255,5,5,255,5,5,5,5,255,255,5,5,255,255,255
1780854930.581537,18161,1825303017,845,2050,2074,2049,2076,2121,1306,989,1064,1273,2041,2049,2068,2046,1469,1138,1184,2045,2077,2099,2056,2087,2035,1663,1148,2043,2089,2095,2091,2102,2070,1967,1178,2053,2075,2094,2100,2114,2041,1919,1159,2090,2083,2157,2066,2134,1980,1898,1169,2093,2090,2084,2090,2047,1959,1907,1086,1640,2059,2062,1997,1943,953,969,5,5,10,5,5,5,5,5,5,5,255,10,5,10,5,5,5,5,5,5,5,5,5,255,5,255,5,5,5,5,5,10,5,5,5,5,5,5,10,255,5,255,5,5,10,5,255,255,5,255,5,5,10,5,5,5,5,255,10,5,255,10,255,255
1780854930.681458,18162,1825403017,847,1040,2129,2049,2071,2063,1265,994,1090,1306,2041,2049,2068,2059,1470,1135,1180,1982,2082,2094,2130,2068,2054,1722,1267,2000,2098,2090,2098,2091,2114,1879,1163,2053,2087,2107,2095,2114,2088,1919,1174,1922,2094,2099,2094,2076,1931,1877,1123,2093,2090,2078,2090,2002,1974,1938,1150,1640,1998,2034,2022,1943,1959,969,5,5,5,255,5,5,5,5,5,5,255,255,255,5,5,5,5,5,5,5,5,5,5,10,5,10,5,5,5,5,5,5,5,255,5,5,5,255,5,255,5,10,5,5,5,5,10,10,5,255,255,5,255,5,5,5,5,255,5,5,10,255,10,255
1780854930.783355,18163,1825503017,830,2062,2062,2049,2065,2059,1257,1017,1075,1250,2070,2078,2035,2059,1381,1116,1171,1989,2085,2082,2096,2113,2081,1690,1181,2108,2069,2087,2064,2078,2130,1879,1227,2053,2114,2088,2076,2121,2040,1906,1131,1922,2072,2099,2113,2081,2015,1877,1149,2093,2086,2095,2102,1993,1970,1938,1107,1741,2037,2067,1926,1943,1959,969,5,5,5,10,5,5,5,5,5,5,10,10,10,255,4,5,5,5,5,5,5,5,5,5,5,5,5,5,5,5,5,255,5,255,5,5,5,10,5,10,5,255,5,255,5,5,5,255,5,255,10,5,10,5,5,255,5,10,5,5,5,255,255,255
1780854930.882922,18164,1825603017,851,2122,2057,2125,2101,2059,1236,973,1073,1270,2070,2083,2035,2051,1391,1113,1155,2011,2097,2093,2090,2116,2054,1710,1177,2108,2093,2094,2102,2097,2092,1878,1168,2069,2097,2089,2129,2068,2013,1897,1192,1922,2101,2073,2156,2098,1988,1914,1148,2093,2062,2121,2123,1954,1929,1959,1128,1741,2029,2012,2025,1943,1959,969,5,5,5,5,5,255,5,5,5,9,255,5,255,10,5,5,5,5,5,5,5,5,5,5,5,255,5,5,5,5,5,10,5,10,5,5,5,5,5,5,5,255,5,10,5,5,5,10,5,255,5,5,5,5,5,10,5,255,5,5,5,255,255,255
1780854930.983155,18165,1825703016,837,1066,2114,2042,2079,2059,1309,984,1051,1301,2129,2066,2111,2055,1421,1137,1204,2011,2090,2086,2090,2147,2080,1687,1186,2108,2080,2081,2109,2083,2075,1905,1244,2041,2097,2073,2113,2103,2066,1853,1173,1922,2112,2073,2125,2106,1985,1951,1118,2045,2124,2094,2080,1994,1950,1960,1127,1437,2040,2041,1983,1932,1960,2029,5,255,5,5,5,255,5,5,5,5,10,5,10,5,5,5,5,255,5,5,255,5,5,5,5,255,5,5,5,5,5,5,5,5,255,5,5,5,5,5,5,255,5,255,5,5,5,5,5,10,5,5,5,5,5,5,5,10,5,5,5,10,10,10
1780854931.083749,18166,1825803017,842,2085,2055,2083,2119,2016,1350,989,1068,1356,2068,2081,2046,2087,1369,1121,1160,2011,2084,2073,2090,2113,2090,1692,1169,2067,2078,2094,2085,2117,2093,1905,1226,2002,2097,2087,2070,2063,2048,1964,1128,1922,2084,2142,2095,2116,1985,1977,1135,2045,2082,2085,2081,1998,1969,1953,1108,1437,2060,2019,1983,1932,1960,2029,5,4,5,5,5,10,5,5,5,5,5,5,5,5,5,5,5,255,5,5,255,5,5,5,5,10,5,5,5,5,5,255,5,5,255,5,5,5,5,5,5,255,5,10,5,5,255,5,5,255,5,5,5,5,5,5,5,255,5,5,255,255,255,255
1780854931.182236,18167,1825903017,828,2063,2052,2080,2062,2114,1246,969,1067,1267,2052,2081,2046,2087,1459,1105,1190,2003,2061,2037,2084,2145,2040,1692,1181,2083,2087,2080,2073,2093,2085,1905,1178,2087,2146,2090,2102,2089,2026,1905,1176,1922,2119,2142,2160,2076,1918,1966,1168,1981,2101,2085,2108,1984,1954,1953,1132,1437,2060,2081,1994,1932,1998,2029,5,5,5,5,5,5,5,5,5,5,5,255,255,255,5,5,5,10,5,5,10,5,5,255,5,5,5,5,5,5,5,255,5,5,10,5,5,5,5,5,5,255,5,255,5,5,10,5,5,10,5,5,5,5,5,5,5,255,255,5,10,255,10,255
1780854931.282113,18168,1826003017,837,1099,2071,2080,2079,2079,1266,978,1069,1349,2063,2081,2122,2087,1347,1088,1187,2003,2109,2093,2079,2132,2115,1721,1195,2033,2082,2091,2101,2109,2070,1760,1179,2008,2105,2096,2084,2059,2026,1954,1203,1922,2079,2142,2096,2052,1918,1950,1161,1981,2088,2097,2097,2042,1954,1965,1107,2066,2033,2087,1927,1932,1998,1953,5,5,5,255,5,5,5,5,5,5,5,255,10,255,5,5,5,255,5,5,5,5,5,10,5,5,5,5,5,5,5,10,5,5,5,5,5,5,255,5,5,255,5,255,5,5,255,5,5,255,5,5,5,5,5,5,5,10,10,5,5,255,255,10
1780854931.381657,18169,1826103016,844,2105,2104,2092,2073,2006,1259,962,1078,1237,2073,2091,2093,2048,1412,1122,1170,2029,2081,2082,2104,2131,2079,1694,1177,2065,2086,2080,2079,2082,2079,1864,1186,2042,2089,2099,2109,2053,2051,1964,1191,1922,2116,2113,2107,2090,1918,1935,1178,1981,2122,2089,2118,2007,1949,1950,1132,2066,2073,2012,1974,1961,1998,1953,5,5,5,10,5,5,5,5,5,5,5,10,5,10,5,5,5,10,5,5,5,5,5,5,5,5,5,5,5,5,5,5,5,5,5,5,5,5,10,5,5,255,5,10,5,5,255,5,5,255,5,5,5,5,5,5,5,255,5,5,5,10,255,255
1780854931.481858,18170,1826203017,844,2079,2064,2092,2077,2088,1304,996,1064,1209,2045,2091,2109,2048,1400,1096,1183,2029,2092,2105,2071,2163,2048,1688,1221,2002,2086,2092,2093,2120,2108,1864,1192,2048,2099,2112,2093,2116,2072,1880,1183,1922,2093,2113,2067,2071,1945,1930,1139,1981,2117,2053,2102,2033,1949,1962,1096,2066,2036,2038,2006,1968,1968,1953,5,5,5,255,5,5,5,5,5,255,5,255,5,255,5,5,5,255,5,5,5,5,5,5,5,5,5,5,5,5,5,255,5,5,5,5,5,5,5,5,5,255,5,255,5,5,10,5,5,255,5,5,5,5,5,5,5,255,5,5,5,5,10,255
1780854931.581191,18171,1826303016,828,2105,2064,2086,2083,2052,1303,975,1077,1270,2092,2084,2109,2078,1338,1132,1198,2011,2054,2091,2108,2047,2054,1669,1225,2002,2088,2082,2120,2110,2079,1895,1204,2058,2092,2111,2079,2084,2072,1936,1162,2010,2049,2114,2123,2088,2002,1945,1141,1981,2097,2151,2100,1968,1939,1932,1158,2066,2056,2085,2012,1959,1936,1953,5,5,255,10,5,5,5,5,5,5,5,10,255,10,4,5,5,10,5,5,5,5,5,5,5,255,5,5,5,5,5,10,9,5,5,5,5,5,255,5,9,10,5,10,5,5,9,5,5,255,5,5,5,5,5,5,5,255,5,5,5,5,5,255
1780854931.681650,18172,1826403016,834,1034,2075,2065,2062,1995,1317,992,1069,1204,2092,2100,2057,2078,1448,1083,1182,1842,2061,2070,2092,2062,2031,1688,1216,2060,2078,2087,2079,2160,2084,1903,1218,2122,2143,2075,2102,2103,2072,1936,1202,2010,2084,2145,2119,2088,1978,1868,1159,2115,2108,2071,2115,1982,1937,1983,1107,2066,2081,2083,2001,1959,1936,1953,5,5,10,5,5,5,9,5,5,5,255,5,10,5,4,5,5,5,5,5,5,5,5,5,5,10,5,5,5,5,5,5,5,5,5,5,5,5,255,255,5,255,5,5,5,255,5,5,5,10,5,5,5,5,5,5,5,255,5,5,5,255,255,255
1780854931.782004,18173,1826503016,835,2050,2068,2069,2080,1967,1286,1017,1078,1374,2092,2070,2057,2078,1393,1090,1178,2028,2092,2073,2094,2118,2046,1683,1198,1982,2077,2094,2097,2118,2091,1889,1185,2005,2100,2093,2079,2120,2103,1936,1170,2026,2105,2117,2117,2079,1962,1875,1113,2040,2102,2095,2090,2003,1944,2006,1106,1689,2040,2064,1985,1953,1936,1953,5,5,5,5,5,5,5,5,5,5,255,5,255,255,5,5,5,5,5,5,5,5,5,5,5,5,5,5,5,5,5,5,5,5,5,5,5,5,10,255,5,10,5,5,5,10,5,5,5,5,5,5,5,5,5,5,5,10,5,5,5,10,255,255
1780854931.881265,18174,1826603017,831,2072,2049,2074,2053,1999,1212,986,1095,1306,2092,2097,2070,2078,1417,1124,1186,2032,2095,2092,2094,2063,2050,1712,1206,1982,2089,2081,2093,2121,2062,1853,1167,2043,2098,2125,2083,2091,2053,1936,1196,2026,2059,2106,2084,2055,1952,1932,1145,2046,2126,2107,2109,2003,1944,1902,1123,1689,2040,2064,1983,1936,1936,1953,5,5,5,5,5,5,5,5,5,5,255,5,10,255,5,5,5,5,5,5,255,5,5,5,5,255,5,5,5,5,5,5,5,5,5,5,5,5,5,255,5,255,5,5,5,5,5,5,5,5,5,5,5,255,255,5,5,255,255,255,5,5,255,255
1780854931.983818,18175,1826703017,846,2043,2075,2061,2084,2073,1282,1026,1087,1332,2092,2050,2075,2078,1436,1120,1175,1992,2081,2068,2077,2084,2092,1712,1189,2092,2092,2075,2084,2097,2102,1853,1190,2043,2064,2082,2108,2039,2090,1936,1183,2026,2055,2103,2066,2079,1953,1963,1169,2046,2099,2110,2105,2015,1917,1967,1106,1973,2067,2044,2083,1977,1936,1953,5,5,5,5,5,5,5,5,5,5,255,5,5,255,9,5,5,5,5,5,10,5,5,255,5,10,5,5,5,5,5,255,5,255,5,5,5,5,5,255,5,255,5,5,5,5,5,5,5,255,5,5,5,10,10,5,5,10,10,10,5,5,255,255
1780854932.092287,18176,1826813017,843,1044,2084,2092,2088,2073,1298,997,1066,1275,2092,2050,2095,2091,1431,1108,1159,1997,2077,2092,2147,2049,2095,1743,1234,2032,2070,2089,2095,2084,2099,1827,1236,2000,2117,2068,2120,2138,2090,1871,1135,2026,2055,2123,2066,2079,1937,1979,1191,2034,2086,2113,2105,1983,1938,1967,1120,1973,2067,2064,2083,1980,1936,1953,5,5,5,5,5,255,5,5,5,5,255,255,5,10,5,5,5,5,5,5,5,5,5,3,9,5,5,5,5,5,5,10,5,10,5,5,5,5,255,10,5,255,255,5,255,255,5,5,5,10,5,5,255,5,5,255,5,255,255,5,255,5,255,255
1780854932.192744,18177,1826913016,849,2148,2048,2104,2100,2003,1266,991,1093,1204,2037,2083,2052,2091,1535,1114,1181,2026,2109,2092,2136,2090,2072,1640,1188,2033,2073,2073,2082,2113,2080,1827,1204,2036,2126,2098,2102,2136,2090,1871,1148,2083,2086,2151,2114,2065,1937,1984,1155,2034,2086,2085,2099,1960,1936,1942,1127,1973,2084,2060,2026,1990,1936,2000,5,4,5,5,5,10,5,5,5,9,10,10,5,255,5,5,5,5,5,5,5,5,5,5,5,5,5,5,5,5,5,255,5,5,5,5,5,5,255,255,5,10,10,5,10,10,255,5,5,255,255,5,10,5,5,10,5,255,10,5,10,5,255,10
1780854932.292422,18178,1827013017,826,1088,2048,2072,2067,2058,1226,971,1085,1267,2037,2083,2052,2037,1419,1127,1212,1588,2090,2113,2086,2076,2056,1640,1217,1999,2061,2092,2096,2133,2086,1827,1190,2030,2093,2136,2122,2168,2100,1836,1201,2083,2118,2099,2057,2065,1937,1912,1160,2034,2127,2111,2111,2064,1973,1984,1133,1973,2084,2096,2095,1934,1936,2000,5,5,255,5,5,5,5,5,5,5,255,255,255,10,5,5,5,5,5,5,5,5,5,255,5,5,5,5,5,5,5,255,5,5,5,5,5,5,10,10,5,255,5,5,5,5,255,5,5,255,10,5,5,5,5,5,5,255,255,5,5,5,255,255
1780854932.392067,18179,1827113017,831,2075,2048,2048,2045,2058,1311,995,1113,1415,2037,2058,2073,2037,1410,1113,1171,1606,2082,2074,2040,2077,2053,1668,1185,2055,2093,2089,2099,2106,2083,1867,1190,2063,2093,2112,2104,2108,2047,1836,1174,2083,2103,2164,2124,2056,1937,1974,1139,2041,2113,2149,2111,2039,1934,1958,1099,1973,2066,2074,2095,1934,1936,2000,5,5,255,5,5,255,5,5,5,5,255,10,10,255,5,5,5,5,5,5,5,5,5,10,5,5,5,5,5,5,5,10,9,5,255,5,5,5,5,255,5,255,5,5,5,5,255,5,5,10,5,5,5,5,5,5,5,255,10,5,255,255,255,255
1780854932.491385,18180,1827213017,851,1035,2086,2046,2075,2058,1339,1005,1079,1211,2034,2058,2121,2037,1409,1071,1192,1634,2070,2081,2099,2146,2092,1694,1182,2112,2078,2085,2078,2097,2086,1874,1198,1985,2088,2090,2097,2108,2074,1836,1153,2083,2103,2117,2104,2107,1980,1974,1161,2041,2086,2088,2114,2032,1963,1906,1095,1973,2066,2076,1985,1934,1936,2000,5,5,10,5,5,255,5,5,5,4,10,255,5,255,5,5,5,5,5,5,5,5,5,5,5,5,5,5,5,5,5,5,5,5,10,5,5,255,5,255,5,255,255,5,5,5,10,255,5,255,5,5,5,5,5,5,5,255,255,5,10,255,255,255
1780854932.592058,18181,1827313016,833,2045,2098,2088,2106,2031,1273,986,1089,1323,2034,2095,2121,2037,1393,1132,1187,1952,2095,2090,2089,2125,2027,1752,1200,2048,2093,2097,2096,2112,2051,1775,1193,1994,2112,2101,2095,2168,2028,1949,1211,2009,2099,2117,2093,2091,1980,1974,1146,2032,2091,2112,2120,1990,1991,1936,1117,1973,2061,2057,2040,1966,1936,2000,5,5,5,5,5,10,5,5,5,5,255,10,255,255,5,5,5,5,5,5,5,5,5,5,5,5,5,5,5,5,5,5,5,5,5,5,5,10,5,10,5,10,10,255,5,5,255,255,5,10,5,5,5,5,5,5,5,255,10,5,5,10,255,255
1780854932.694054,18182,1827413017,832,1089,2098,2088,2087,2031,1293,994,1083,1298,2034,2035,2121,2056,1369,1132,1143,1949,2059,2086,2051,2090,2073,1662,1221,2041,2069,2070,2082,2081,2100,1802,1220,2052,2098,2093,2114,2069,2065,1878,1175,2009,2086,2083,2096,2084,1939,1963,1144,2032,2093,2097,2120,2008,1952,1936,1113,1973,2084,2057,1986,1899,1936,2000,5,5,255,255,5,255,5,5,5,5,255,5,255,10,5,5,5,5,5,5,5,5,5,5,5,5,5,5,5,5,5,5,5,5,5,5,5,5,5,5,5,255,5,10,5,5,10,10,5,255,5,5,255,5,5,255,5,255,5,255,5,5,255,255
1780854932.791916,18183,1827513017,846,2133,2073,2077,2083,2060,1306,1006,1072,1234,2034,2039,2106,2055,1403,1112,1188,1757,2067,2090,2102,2079,2060,1721,1239,2041,2073,2086,2112,2076,2062,1802,1191,1981,2098,2094,2082,2084,2065,1878,1199,2093,2104,2102,2048,2049,1983,1963,1111,2032,2072,2093,2070,1980,1965,1885,1110,1973,2040,2075,1938,1947,1936,2000,5,5,10,10,5,10,5,5,5,5,255,5,10,5,5,5,5,5,5,5,5,5,5,5,5,255,5,5,5,5,5,255,5,5,255,5,5,5,255,255,5,10,5,5,5,5,5,255,5,255,5,5,10,5,255,10,5,255,5,10,5,5,255,255
1780854932.892460,18184,1827613017,845,1027,2036,2077,2088,2060,1257,991,1047,1230,2068,2101,2106,2055,1429,1111,1205,2110,2150,2092,2102,2116,2077,1653,1174,2097,2094,2096,2101,2125,2073,1852,1160,2058,2086,2074,2077,2120,2058,1878,1165,2093,2099,2090,2071,2042,2058,1916,1149,2032,2087,2107,2075,2032,1930,1974,1106,1973,1980,2045,1917,2007,1936,2000,5,255,5,255,5,255,5,5,5,255,10,5,255,255,5,5,5,4,5,5,255,5,5,5,5,10,5,5,5,5,5,10,5,5,10,5,5,5,10,255,9,255,5,5,5,5,5,10,5,255,5,5,5,5,5,5,5,255,5,5,5,5,255,255
1780854932.991776,18185,1827713016,843,1041,2061,2096,2096,2103,1254,986,1054,1245,2031,2109,2089,2055,1417,1084,1195,2007,2072,2083,2124,2099,2095,1680,1198,2040,2104,2094,2090,2101,2073,1852,1192,2038,2113,2094,2097,2104,2087,1878,1165,1932,2086,2074,2093,2073,1984,1915,1155,2022,2118,2121,2093,1957,1948,1934,1110,1973,2123,2008,2015,2002,1936,2000,5,5,5,10,5,10,5,5,5,5,5,5,10,255,9,5,5,5,5,5,10,5,5,5,9,5,5,5,5,5,5,255,5,5,5,5,5,5,5,255,5,10,5,5,5,5,5,5,5,10,5,5,5,5,5,5,5,255,5,5,5,5,255,255
1780854933.092348,18186,1827813017,844,1046,2061,2080,2096,2064,1244,993,1052,1313,2031,2109,2089,2055,1454,1106,1201,2025,2055,2098,2111,2106,2110,1648,1204,2040,2089,2093,2078,2144,2075,1852,1143,2060,2103,2097,2129,2104,2050,1941,1140,1932,2111,2041,2084,2091,1984,1915,1147,2022,2101,2101,2090,1991,1948,1921,1103,1973,1937,2074,1959,2002,1936,2000,5,5,255,5,255,5,5,5,5,5,255,255,255,255,4,5,5,5,5,5,5,5,5,5,5,255,5,5,5,5,5,255,5,5,5,5,5,255,5,10,5,255,5,5,5,5,255,255,5,255,5,5,5,5,255,5,5,255,5,5,5,255,255,255
1780854933.191554,18187,1827913016,855,2060,2061,2005,2088,2084,1276,993,1069,1341,2023,2094,2080,2055,1489,1135,1180,2032,2087,2063,2082,2104,2024,1648,1193,2045,2105,2088,2096,2110,2090,1802,1200,2060,2086,2059,2105,2127,2073,1941,1184,1932,2143,2100,2102,2117,1962,1915,1182,2010,2095,2112,2136,2023,1980,1950,1099,1500,2019,2045,2016,1972,1916,2000,5,5,255,5,10,5,9,5,5,5,10,10,10,255,5,5,5,5,5,5,5,5,5,255,5,10,5,5,5,5,5,10,5,255,5,5,5,10,5,255,5,255,5,5,5,5,10,10,5,10,5,5,5,5,10,5,5,10,5,5,5,10,10,255
1780854933.292539,18188,1828013017,846,2028,2061,2070,2076,2033,1276,1008,1061,1250,2023,2107,2117,2053,1519,1115,1207,1540,2060,2101,2082,2060,2039,1677,1188,2036,2075,2113,2082,2097,2088,1900,1185,2060,2099,2059,2132,2068,2073,1941,1193,1932,2109,2100,2102,2153,1926,1932,1123,2058,2106,2106,2078,1986,1980,1950,1082,1500,1929,2064,2015,1951,1916,2000,5,5,255,5,5,5,255,5,5,5,255,5,5,10,9,5,5,4,5,5,255,5,5,10,5,5,5,5,5,5,5,5,5,255,5,5,5,5,255,255,5,255,5,255,255,5,5,5,5,5,5,5,5,5,255,255,5,255,5,5,5,5,255,255
1780854933.391410,18189,1828113017,834,1065,2077,2091,2064,2121,1262,1011,1096,1280,2023,2077,2117,2053,1408,1130,1199,1538,2053,2097,2082,2097,2066,1677,1203,2050,2078,2081,2069,2122,2095,1900,1196,2091,2095,2103,2101,2092,2052,1941,1181,1932,2113,2126,2103,2053,1973,1938,1107,2045,2106,2120,2132,1967,1980,1958,1108,1590,2055,2064,1971,1986,1916,2000,5,255,10,5,5,9,10,5,5,5,255,5,255,255,9,5,5,5,5,5,255,5,5,255,5,5,5,5,5,5,5,255,5,10,5,5,5,5,10,255,5,255,5,10,10,5,5,5,5,5,5,5,5,5,255,255,5,10,5,255,5,5,255,255
1780854933.491621,18190,1828213017,856,1068,2073,2061,2058,2098,1296,990,1095,1285,2105,2107,2045,2053,1535,1049,1175,2057,2093,2085,2106,2043,2052,1677,1186,2050,2081,2090,2070,2099,2090,1905,1209,2091,2077,2099,2084,2132,2030,1941,1256,1932,2133,2085,2101,2103,1866,1924,1108,2041,2086,2126,2069,2034,1980,1958,1102,1590,2063,2017,1896,1986,1916,2000,5,5,5,5,5,5,9,5,9,5,10,5,10,255,9,5,5,5,5,5,10,5,5,255,5,255,5,5,5,5,5,10,5,255,5,5,5,5,5,255,5,255,5,5,5,5,5,5,5,5,5,5,5,5,255,255,5,255,5,10,5,255,255,255
1780854933.591485,18191,1828313017,845,2111,2076,2087,2084,2058,1274,994,1074,1260,2046,2088,2045,2083,1493,1115,1179,1913,2100,2083,2071,2054,2084,1766,1182,2080,2088,2097,2094,2104,2098,1946,1178,2091,2098,2095,2146,2074,2043,1941,1160,880,2090,2045,2070,2100,1866,1944,1125,2002,2053,2076,2085,2003,1980,1962,1113,1590,2094,2017,2014,1986,1916,2000,5,5,5,5,5,5,9,5,5,5,5,5,255,10,9,5,5,5,5,5,5,5,5,10,5,10,5,5,5,5,5,5,5,255,5,5,5,5,5,255,5,10,5,5,5,5,255,5,5,5,5,5,5,5,255,10,5,255,5,255,5,255,255,255
1780854933.692206,18192,1828413017,831,1003,2076,2062,2076,2058,1211,1007,1082,1353,2046,2090,2045,2054,1566,1106,1216,1984,2050,2079,2163,2115,2105,1654,1160,1992,2094,2090,2101,2110,2083,1844,1197,2047,2099,2076,2078,2079,2043,1941,1170,2086,2086,2045,2121,2063,1866,2026,1147,2002,2031,2099,2067,2005,1980,1193,1100,1590,2058,2070,1980,1986,1916,953,5,4,255,5,5,255,5,5,5,5,255,5,255,5,5,5,5,5,5,5,5,5,5,5,5,5,5,5,5,5,5,5,5,10,5,5,5,5,255,255,5,5,5,255,5,5,255,5,5,255,5,5,5,5,255,4,5,255,5,10,5,255,255,10
1780854933.791965,18193,1828513017,827,2102,2056,2031,2074,2058,1292,994,1060,1305,2097,2105,2045,2059,1476,1102,1167,2114,2037,2059,2095,2110,2039,1659,1205,2012,2088,2091,2092,2121,2101,1844,1188,1932,2088,2092,2084,2079,2045,1941,1166,2086,2096,2152,2052,2026,1866,1195,1117,1958,2048,2104,2084,2005,1980,1053,1094,1590,2045,2042,1980,1986,1003,860,5,5,10,5,5,255,5,5,5,9,10,5,255,5,5,5,5,4,5,5,5,5,5,5,5,5,5,5,5,5,5,255,5,5,5,5,5,255,10,255,5,255,5,10,5,5,255,4,9,10,5,5,5,255,255,5,5,255,5,5,255,255,10,5
1780854933.891687,18194,1828613017,830,1031,2057,2031,2089,2047,1257,986,1049,1277,2120,2082,2124,2059,1355,1160,1189,2011,2108,2066,2102,2046,2080,1659,1236,2045,2097,2101,2089,2122,2121,1844,1171,1985,2075,2120,2101,2079,2073,1941,1159,2021,2111,2090,2088,2026,1866,1033,1153,1958,2129,2114,2084,2030,1000,905,1067,1590,2007,2042,1980,1986,933,768,5,5,5,255,5,10,5,5,5,5,5,5,10,255,5,5,5,5,5,5,5,5,5,255,5,5,5,5,5,5,5,255,5,5,5,5,5,255,5,255,5,10,5,5,5,255,255,5,5,255,5,5,255,10,10,5,5,255,5,255,255,255,5,5
1780854933.991434,18195,1828713017,832,2075,2052,2059,2140,2047,1252,952,1044,1266,2120,2051,2124,1992,1406,1141,1167,2032,2050,2095,2113,2105,1996,1670,1175,2045,2086,2097,2082,2083,2083,1957,1174,2037,2129,2109,2090,2117,2073,998,1186,2021,2113,2056,2086,2026,1866,926,1146,1958,2107,2088,2084,1101,941,803,1101,1590,2007,1983,1190,1028,804,706,5,5,5,10,5,255,5,5,5,5,255,5,255,10,5,5,5,5,5,5,5,5,5,10,5,255,5,5,5,5,5,10,5,5,5,5,5,10,255,255,9,255,5,5,5,255,255,5,5,255,5,5,255,4,5,5,5,255,255,10,10,255,5,5
1780854934.092435,18196,1828813017,862,1032,2060,2059,2060,2113,1252,1021,1058,1321,2034,2113,2051,1992,1383,1117,1174,1935,2085,2056,2113,2105,2029,1695,1204,1969,2080,2089,2096,2140,2057,1957,1226,2045,2118,2074,2156,2117,1022,944,1175,2021,2100,2087,2086,2026,1866,826,1135,1958,2103,2127,2084,891,846,747,1137,1590,2033,2055,1994,931,757,632,5,5,5,255,5,10,255,5,5,5,10,5,10,255,5,5,5,5,5,5,255,255,5,5,5,10,5,5,5,5,5,255,5,5,5,5,5,255,10,5,5,255,5,5,255,255,255,5,5,255,5,5,255,4,5,5,5,255,10,5,5,5,5,5
1780854934.191031,18197,1828913016,837,2009,2065,2083,2102,2058,1221,998,1084,1281,2077,2101,2051,2088,1426,1120,1181,2000,2074,2107,2080,2105,2110,1658,1162,2019,2079,2095,2091,2092,1054,1957,1193,2041,2063,2115,2077,2117,1058,968,1206,1942,2111,2087,2086,903,928,775,1147,1958,2130,2078,2084,861,742,643,1106,1565,2068,2055,993,716,685,496,5,5,5,10,5,5,10,5,5,5,5,5,255,10,5,5,5,5,5,5,10,255,5,5,5,5,5,5,5,5,5,255,5,5,5,5,5,255,5,5,5,10,5,255,255,10,10,5,5,255,5,5,255,5,5,5,5,10,5,255,5,4,5,5
1780854934.293190,18198,1829013017,837,2051,2112,2110,2071,2086,1325,986,1086,1285,2077,2101,2076,2088,1417,1137,1171,1812,2052,2100,2086,2104,2043,1665,1152,2031,2080,2085,2085,2087,1037,1957,1166,2019,2082,2115,2058,2117,1038,889,1198,1942,2105,2073,2086,819,771,590,1151,2031,2072,2078,799,745,662,474,1143,1565,2034,2055,716,658,629,413,5,5,5,5,5,5,5,5,5,5,255,255,10,255,5,5,5,5,5,5,5,10,5,5,5,5,5,5,5,5,5,255,5,5,5,255,5,255,5,5,9,255,5,10,255,5,5,9,5,10,5,255,255,5,5,5,5,255,5,255,4,5,5,5
1780854934.392172,18199,1829113016,839,2084,2112,2092,2082,2082,1395,988,1061,1340,2077,2057,2076,2047,1360,1112,1171,2011,2079,2088,2086,2128,2115,1754,1183,2058,2095,2090,2077,2087,1071,1874,1154,2000,2102,2115,1016,2117,832,786,1199,1942,2088,1081,828,754,588,545,1140,2031,2085,904,717,690,446,409,1121,1565,2091,686,684,600,420,369,5,5,255,5,5,5,5,5,5,5,255,10,255,10,5,5,5,5,5,5,5,5,5,5,5,5,5,5,5,255,5,10,5,5,5,255,4,255,4,5,5,255,5,4,10,5,5,9,5,255,5,10,5,5,4,5,5,255,5,10,5,9,4,5
1780854934.493122,18200,1829213016,831,2059,2092,2095,2109,2018,1334,991,1067,1370,2077,2057,2091,2095,1426,1117,1219,2011,2078,2112,2105,2027,2040,1732,1199,2061,2075,2097,2101,2082,1078,1874,1178,2000,2135,2115,924,838,702,693,1190,1942,2086,732,728,502,471,641,1172,1583,2105,707,658,430,368,360,1090,1844,2017,677,631,365,358,363,5,5,10,5,5,5,5,5,5,255,255,255,10,5,5,5,5,255,5,5,5,5,5,5,5,5,5,5,5,10,5,255,5,255,5,255,9,10,5,5,5,255,5,4,5,4,5,5,5,10,5,5,5,4,5,5,5,10,5,5,5,4,5,5
1780854934.592382,18201,1829313016,847,2068,2092,2073,2086,2070,1282,1033,1105,1320,2077,2061,2087,2095,1463,1114,1181,1571,2093,2111,2119,2114,2144,1716,1194,1992,2074,2086,1012,660,2103,1836,1170,1995,1096,891,603,461,677,656,1151,2142,770,639,520,356,423,641,1138,1583,659,635,364,353,342,384,1115,1844,2031,373,363,346,352,363,5,5,255,5,5,5,5,5,5,5,255,10,5,255,5,5,5,10,5,5,5,5,5,5,5,5,5,5,4,4,5,10,5,10,4,10,4,4,5,5,5,10,4,9,4,5,5,5,5,255,5,5,4,5,5,255,5,255,5,4,4,5,5,255
1780854934.691838,18202,1829413017,843,1112,2092,2053,2051,2071,1381,1007,1075,1316,2082,2114,2087,2095,1436,1091,1166,1620,2036,2094,2119,2036,2064,1704,1200,1992,2086,1112,456,699,2065,1836,1226,1995,1096,419,407,516,649,662,1209,2142,736,362,354,365,559,625,1167,1583,391,360,338,329,384,1983,1123,1844,386,352,339,346,357,363,5,5,255,5,5,9,5,5,5,5,10,5,255,255,9,5,5,5,5,5,255,5,5,5,5,255,5,5,4,255,5,255,5,5,255,4,5,5,5,5,5,255,5,4,5,5,9,5,5,255,4,4,5,5,5,4,5,255,4,5,5,5,5,255
1780854934.802855,18203,1829523017,848,2030,2074,2095,2092,2005,1274,1000,1088,1364,2095,2084,2087,2081,1391,1121,1210,2003,2069,2132,2119,2079,2043,1736,1190,1972,2061,2070,435,691,645,1874,1186,1995,405,367,367,501,654,639,1206,2142,400,347,346,352,554,625,1132,1583,371,344,336,342,384,1983,1136,1844,356,349,347,356,357,363,5,5,10,5,5,5,5,5,5,5,5,5,255,10,5,5,5,5,5,5,255,5,5,5,5,10,5,5,255,5,5,10,5,255,255,5,5,9,5,5,5,255,255,5,5,5,9,255,5,255,5,5,5,5,255,5,5,255,5,5,5,5,255,255
1780854934.901603,18204,1829623017,847,2129,2074,2077,2093,1985,1260,1000,1097,1235,2066,2124,2135,2081,1519,1124,1187,2003,2117,2090,2156,2106,2057,1609,1208,1988,2115,375,397,494,650,1830,1161,1995,411,359,363,406,635,649,1146,2142,371,353,342,359,492,1948,1125,1583,364,342,343,344,386,1956,1126,1844,347,343,347,357,357,363,5,5,255,5,5,5,5,5,5,5,5,5,10,255,5,5,5,255,5,5,10,5,5,5,5,5,5,4,255,9,5,5,5,255,255,5,5,255,5,5,5,255,5,5,5,5,5,10,5,255,5,5,5,5,255,5,5,255,255,5,5,5,255,255
1780854935.001392,18205,1829723017,842,2042,2044,2088,2085,2066,1277,1031,1093,1309,2051,2111,2042,2081,1385,1092,1172,1927,2090,2090,399,2084,2029,1650,1188,2026,2113,1052,386,377,651,624,1196,1995,544,360,341,364,595,680,1176,2142,433,355,345,342,373,1923,1116,1583,368,347,347,345,352,1938,1150,1569,347,349,350,350,357,363,5,5,10,5,5,5,5,5,5,5,5,5,5,255,5,5,5,10,5,255,4,5,5,5,5,5,5,4,5,255,5,5,5,255,9,5,5,5,5,5,5,255,9,5,5,5,255,5,5,255,255,5,5,5,5,5,5,10,255,5,5,5,255,255
1780854935.101689,18206,1829823017,843,2049,2044,2061,2073,2027,1283,1008,1108,1238,2069,2072,2050,2081,1435,1117,1184,1572,2102,2090,461,2084,2066,1650,1243,1998,2076,399,365,367,556,679,1205,1995,679,432,362,349,355,573,1162,2142,644,385,343,347,344,343,1157,1583,2147,359,343,349,348,2002,1128,1569,2066,360,357,364,366,363,5,5,255,5,5,5,5,5,5,5,5,5,5,255,5,5,5,5,5,255,255,255,5,255,5,5,5,255,5,5,5,5,5,255,5,255,5,5,4,5,5,255,4,5,5,5,5,4,5,255,4,5,5,5,5,5,5,255,10,255,5,5,255,255
1780854935.201385,18207,1829923017,844,1094,2044,2098,2074,2027,1310,990,1060,1323,2069,2072,2112,2081,1432,1116,1185,1699,2140,2117,475,422,2019,1650,1182,2036,2116,702,392,353,357,679,1215,2068,688,623,371,345,344,370,1201,2142,658,507,360,339,339,367,1159,1583,2098,390,346,339,354,347,1125,1398,2103,360,367,367,361,363,5,255,255,5,5,255,5,5,5,5,255,255,5,255,9,5,5,9,5,10,255,255,5,255,5,5,5,4,255,5,255,255,5,10,5,5,5,5,5,4,5,255,5,5,5,5,5,5,5,255,5,255,5,5,5,4,5,10,5,255,255,5,5,255
1780854935.301691,18208,1830023017,838,1050,2044,2098,2110,2063,1286,1004,1045,1333,2028,2068,2112,2081,1375,1123,1205,1944,2076,2073,422,418,2019,1650,1230,2036,1049,631,720,368,342,411,1158,2044,672,656,365,348,344,362,1171,2142,647,609,361,342,346,345,1160,1583,2107,390,369,344,354,346,1118,1398,2040,2049,1851,366,377,363,5,5,255,255,5,10,5,5,9,5,10,10,255,255,5,5,5,4,5,5,255,255,255,255,5,255,5,5,4,5,5,255,5,5,5,5,5,5,5,5,5,255,5,9,5,5,5,5,9,255,5,255,5,5,5,5,5,255,5,10,4,5,5,255
1780854935.403248,18209,1830123017,832,1114,2065,2063,2084,2009,1263,993,1086,1278,2028,2075,2112,2081,1417,1123,1191,1985,2067,2073,422,1058,374,1619,1162,2012,876,691,662,373,346,389,1180,2041,671,661,401,348,340,354,1193,2142,678,643,376,352,338,353,1134,2010,2070,2075,362,348,350,347,1135,1398,2050,2074,385,363,369,363,5,5,10,10,5,5,5,5,5,9,255,5,255,255,5,5,5,5,5,255,255,4,255,10,5,10,9,5,5,5,5,255,5,5,5,5,5,5,5,5,5,255,5,5,5,5,5,5,5,10,5,10,5,5,5,5,5,255,5,5,255,255,255,255
1780854935.504057,18210,1830223017,846,1063,2065,2083,2086,2009,1304,1001,1047,1259,2063,2075,2025,2081,1479,1117,1184,1538,2065,2073,985,395,368,1582,1193,2012,1000,693,738,368,345,379,1170,1895,680,667,403,349,348,347,1174,2142,635,651,386,347,338,350,1123,2010,2121,2120,355,349,352,350,1128,1398,2072,2074,385,347,395,363,5,5,255,5,5,255,5,5,5,5,10,255,10,255,5,5,5,4,5,255,10,255,255,5,9,255,5,5,5,5,5,255,5,5,5,5,5,5,5,5,5,255,5,5,5,5,5,5,5,255,5,5,255,5,5,5,5,255,5,255,255,255,255,255
1780854935.602335,18211,1830323017,845,1048,2065,2056,2079,2060,1302,978,1098,1288,2063,2081,2025,2081,1416,1166,1154,1480,2105,2052,445,401,377,1582,1192,2065,2095,711,736,357,348,374,1190,1895,677,666,425,353,339,347,1183,2058,667,658,384,347,344,348,1150,2010,2132,2143,373,359,355,354,1136,1398,2000,2068,1969,331,338,363,5,255,255,5,5,10,5,5,5,5,255,10,255,255,5,9,5,5,5,10,255,255,255,255,5,10,5,5,5,5,5,255,5,255,5,5,5,5,5,5,5,10,5,5,5,5,5,5,5,255,5,5,255,5,5,5,5,255,5,10,10,255,255,255
1780854935.701004,18212,1830423017,853,2012,2074,2053,2071,2012,1216,1011,1064,1298,2063,2065,2025,2098,1473,1120,1215,1971,2081,2123,450,408,366,1582,1173,2065,2088,694,580,357,349,349,1170,2039,665,657,420,359,339,344,1176,1980,701,646,410,353,341,347,1159,2010,2078,2088,368,357,354,353,1123,1398,2066,2013,2013,331,338,363,5,4,10,5,5,5,5,5,5,5,255,5,255,10,5,5,5,5,5,5,255,5,255,255,5,255,5,9,4,5,5,5,5,10,5,5,5,5,5,5,5,5,5,5,5,5,5,5,5,255,5,5,255,5,5,5,5,255,5,5,5,255,255,255
1780854935.803661,18213,1830523017,850,1051,2059,2051,2093,2012,1309,985,1089,1261,2052,2065,2080,2098,1408,1096,1204,1526,2050,2123,418,425,365,1582,1168,2026,2115,655,531,369,338,360,1182,2024,669,663,427,344,337,345,1208,1597,665,651,389,354,341,351,1150,2010,2048,2106,361,346,357,348,1104,1398,2025,1991,2003,1926,338,363,5,5,5,5,5,255,5,5,5,5,10,255,10,255,5,5,5,4,5,255,255,5,5,255,5,10,5,5,9,5,5,5,5,5,5,5,5,5,5,5,5,4,5,5,5,5,5,5,5,255,5,5,255,5,5,5,5,255,5,5,5,10,255,255
1780854935.903569,18214,1830623017,849,2083,2073,2051,2079,2012,1313,1019,1053,1297,2077,2056,2080,2098,1480,1084,1184,2041,2131,2127,426,389,360,1582,1215,2026,655,684,696,355,341,349,1197,1989,681,657,442,353,340,341,1178,1597,693,625,416,353,347,348,1146,2010,2126,2161,361,379,369,347,1092,1398,2071,2083,2008,1926,338,363,5,4,5,255,5,255,5,9,5,5,5,10,255,255,255,5,5,4,5,10,255,255,5,255,5,255,255,5,4,5,5,5,9,5,5,5,5,5,5,5,5,255,5,5,255,5,5,5,5,255,5,5,255,5,5,5,5,255,5,5,5,255,255,255
1780854936.001442,18215,1830723017,830,1002,2073,2064,2088,2012,1263,1019,1111,1324,2097,2056,2077,431,1397,1111,1162,1998,2131,1141,386,383,352,372,1241,2026,715,664,540,354,343,353,1242,2026,658,642,443,354,337,349,1137,1597,2079,636,440,359,342,344,1158,2010,2126,2107,2084,368,357,347,1108,1398,2071,2060,2025,1971,338,363,5,4,255,10,5,255,5,5,5,9,5,5,10,255,5,5,5,5,255,4,255,255,5,255,5,255,5,5,9,5,5,5,5,5,5,5,5,5,5,5,5,255,4,5,5,5,5,5,5,255,255,5,10,255,5,5,5,255,255,5,5,10,255,255
1780854936.102506,18216,1830823018,840,1084,2073,2108,2068,1993,1283,977,1112,1329,2097,2080,2077,435,1437,1122,1192,1998,2075,2019,398,689,342,412,1251,2026,2093,680,414,360,341,337,1165,2026,674,657,423,357,333,351,1163,1597,2099,648,400,357,346,351,1123,2010,2134,2085,2084,377,357,342,1084,1398,2071,2060,2025,1978,338,363,5,5,255,5,5,10,5,5,5,5,255,5,255,255,5,5,5,255,10,4,255,3,5,255,5,255,4,5,5,5,5,5,5,255,5,5,5,5,5,5,9,255,5,5,255,5,5,5,5,255,10,5,255,255,5,255,5,255,10,255,255,5,255,255
1780854936.203086,18217,1830923017,851,1026,2098,2081,2064,2061,1304,988,1093,1317,2097,2051,2054,395,1412,1108,1190,2036,2116,2099,465,389,348,377,1201,1987,680,676,467,355,342,349,1210,2026,689,650,426,356,342,352,1169,1597,648,653,437,350,344,350,1132,2010,2100,2124,2084,358,361,2033,1120,1398,2073,2118,1926,1944,338,363,5,5,10,5,5,5,5,5,5,5,255,5,10,255,255,5,5,10,5,5,255,255,5,255,5,10,5,5,5,5,5,5,5,255,5,5,5,5,5,5,5,255,5,5,5,5,5,5,5,255,5,5,255,255,5,4,5,255,5,10,10,5,255,255
1780854936.303222,18218,1831023017,853,2062,2023,2067,2100,2102,1279,1020,1079,1230,2113,2094,2096,395,1314,1121,1180,1957,2060,1121,422,371,352,413,1184,2054,666,668,922,348,339,331,1161,2084,676,661,409,357,340,348,1176,1597,648,628,408,357,348,345,1161,2010,2065,2118,2115,366,355,345,1076,1398,2073,2118,2057,1944,338,363,5,5,5,5,5,5,5,5,5,5,10,5,5,255,5,5,5,5,5,4,255,5,5,255,5,5,5,5,4,5,5,5,5,10,5,5,5,5,5,5,5,255,255,5,255,5,5,5,5,255,5,5,10,255,5,255,5,255,255,255,5,255,255,255
1780854936.402661,18219,1831123017,851,2088,2074,2065,2083,2091,1291,993,1125,1244,2114,2061,2096,413,388,1166,1202,1935,2063,1165,422,378,355,361,1201,2083,682,685,412,350,338,346,1253,2039,659,658,427,351,341,348,1183,1597,2105,632,390,351,351,348,1175,2010,2106,2115,2115,366,357,369,1138,1398,2073,2033,2014,1947,1991,363,5,5,5,5,5,5,5,5,5,5,5,5,255,255,4,5,5,5,5,5,255,5,5,255,5,5,5,5,255,5,5,5,5,5,5,5,5,5,5,5,5,255,10,5,255,5,5,5,5,255,5,5,255,5,5,255,5,255,255,10,5,10,10,255
1780854936.503791,18220,1831223017,852,1063,2074,2094,2077,2026,1334,1000,1068,1316,2076,2081,2096,420,1411,1129,1203,1991,2059,2074,447,361,343,1551,1224,2033,638,676,386,349,343,354,1161,2039,683,638,396,345,340,347,1156,1597,678,653,408,351,354,339,1160,2010,2107,2058,2110,364,367,358,1132,1398,2073,2033,2015,1975,1991,363,5,255,255,5,5,5,9,5,5,5,5,5,255,255,255,5,5,5,5,4,255,5,5,4,5,5,5,5,5,5,5,5,5,255,5,5,5,5,5,5,5,255,4,5,5,5,5,5,5,255,5,5,10,5,5,255,5,255,255,255,5,5,255,255
1780854936.600967,18221,1831323016,825,1101,2081,2094,2085,2026,1286,1029,1085,1361,2076,2055,2068,421,1316,1076,1230,1523,2086,1083,419,365,343,383,1190,1938,2073,632,380,347,340,352,1154,1876,654,622,390,352,340,341,1144,1597,676,639,411,360,345,357,1177,1578,2110,2106,2128,363,370,1955,1112,1398,2052,2117,2000,1999,1991,363,5,5,10,5,5,255,5,5,5,5,255,5,10,255,5,5,5,4,5,5,255,5,5,255,5,5,5,9,5,5,5,5,5,10,5,5,5,5,5,5,5,255,5,5,5,5,5,5,5,10,5,5,5,5,5,4,5,255,10,10,5,5,255,255
1780854936.702615,18222,1831423017,851,1026,2077,2040,2080,2096,1227,990,1101,1219,2076,2055,2068,404,374,1135,1164,1523,2081,2123,391,361,346,402,1153,1938,831,623,383,356,347,339,1211,953,654,634,380,350,346,345,1198,833,691,632,401,354,358,354,1167,1578,2131,2106,2128,1949,370,1911,1104,1398,2052,2024,2000,1941,1991,363,5,5,5,5,5,10,5,5,5,5,255,255,255,255,255,9,5,255,5,5,255,5,5,255,9,255,5,5,5,5,5,5,5,5,5,5,5,5,5,5,5,10,5,5,5,5,5,5,5,255,5,255,255,5,5,5,5,255,255,5,255,5,255,255
1780854936.802674,18223,1831523016,843,1060,2045,2099,2030,2012,1330,983,1095,1317,2064,2089,2068,374,1368,1093,1222,1643,2044,2114,411,350,344,361,1178,2029,906,746,377,347,338,350,1183,886,689,617,391,350,345,347,1145,801,660,622,454,355,356,360,1097,1578,2091,2134,2123,2029,377,1977,1110,1398,2033,2011,1944,1980,1991,363,5,5,5,5,5,5,5,5,5,5,10,10,255,255,4,5,5,10,5,5,255,5,5,255,5,10,5,5,5,5,5,5,5,5,5,5,5,5,5,5,5,5,5,5,5,5,5,5,5,255,5,10,10,5,255,5,5,255,10,5,10,5,255,255
1780854936.904573,18224,1831623017,828,2076,2082,2091,2078,2111,1203,987,1067,1251,2087,2059,2068,382,365,1091,1200,2086,2035,2147,386,351,349,365,1158,2032,969,919,368,348,341,359,1205,888,687,627,380,351,352,344,1179,838,679,631,487,359,357,361,1159,1578,2105,2153,2123,1919,356,1958,1104,1398,2021,2054,1997,1980,1991,363,5,5,5,5,5,5,5,5,5,5,5,5,255,255,255,5,5,4,5,5,5,5,5,255,5,5,5,5,5,5,5,5,5,5,5,5,5,5,5,5,5,5,5,5,5,5,5,5,5,255,5,5,255,5,255,5,5,255,5,5,5,255,255,255
1780854937.002860,18225,1831723017,844,2091,2060,2069,2075,2039,1295,992,1060,1291,2024,2102,427,366,357,1112,1174,1723,2097,2110,381,350,345,364,1199,2003,1021,511,377,351,340,342,1180,843,686,618,378,346,351,337,1155,819,697,645,517,366,352,363,1150,1578,690,2153,2123,1949,367,1945,1180,1398,2082,2094,2009,1985,1991,363,5,5,5,5,5,5,5,5,5,5,5,5,255,255,5,5,9,4,5,5,5,5,5,255,5,5,5,5,5,5,5,5,5,5,9,5,5,5,5,5,5,5,5,5,5,5,5,5,5,255,255,255,255,5,255,5,5,255,5,5,5,10,255,255
1780854937.102606,18226,1831823017,848,1081,2052,2088,2074,2039,1357,1009,1092,1279,2024,2102,412,375,366,1102,1174,2030,2064,2130,380,359,349,368,1214,1978,932,913,369,348,345,345,1213,863,631,624,400,355,348,345,1171,850,685,640,512,356,366,362,1146,1578,2110,2072,2081,1993,380,1945,1114,1398,2048,2094,1991,2004,1991,363,5,5,5,5,5,255,5,5,5,5,255,255,255,255,5,5,5,4,5,5,5,5,5,5,5,9,5,5,5,5,5,5,5,5,5,5,5,5,5,5,5,5,5,5,9,5,5,255,5,255,4,10,10,5,255,255,5,255,5,255,5,5,255,255
1780854937.201895,18227,1831923016,842,2080,2103,2105,2053,2136,1335,1010,1084,1349,2081,2091,2061,378,354,1101,1165,1650,2029,2107,403,360,347,355,1197,1977,966,617,378,357,336,349,1193,859,657,620,416,359,349,355,1188,778,674,638,513,369,361,361,1157,1578,727,2099,2133,1981,1976,1980,1143,1989,2049,2059,1975,1925,1991,363,5,4,5,5,5,10,5,5,5,5,10,10,4,255,255,5,5,4,5,5,255,5,5,5,9,5,5,4,5,5,5,5,9,5,5,5,5,5,5,5,9,5,5,5,5,5,5,255,5,255,5,5,5,5,4,10,5,10,5,10,5,5,255,255
1780854937.302410,18228,1832023017,842,1019,2049,2105,2096,2032,1241,990,1091,1274,2079,2061,2064,402,366,1066,1157,1999,2087,2081,400,350,347,361,1156,1052,969,592,371,357,341,352,1237,872,647,622,367,358,346,352,1166,847,671,628,462,370,361,381,1132,1578,703,2138,2133,1974,373,1980,1119,1989,2030,2059,2022,1925,1991,363,5,255,5,255,5,5,5,5,5,5,5,5,5,255,255,5,5,4,5,5,5,5,5,5,5,4,5,5,5,5,5,5,5,5,5,5,5,5,5,5,5,5,5,5,5,5,5,255,5,255,5,5,255,5,255,255,5,255,5,255,5,255,255,255
1780854937.401961,18229,1832123017,839,1045,2077,2069,2077,2091,1293,992,1100,1304,2079,2091,2064,408,372,1101,1191,1604,2082,2059,409,354,344,355,1161,2014,977,679,379,357,341,353,1182,856,643,632,369,356,351,348,1177,801,664,630,474,367,368,359,1132,1578,2101,2130,2107,2069,367,1956,1100,1989,2030,2075,2025,1954,1991,1954,5,5,5,10,5,5,9,5,5,5,5,5,255,255,255,5,5,4,5,5,255,5,5,5,5,4,5,5,5,5,5,5,5,5,5,5,5,5,5,5,5,5,5,5,5,5,5,255,5,255,5,5,10,5,255,10,5,255,255,10,5,10,255,10
1780854937.513789,18230,1832233017,844,2093,2084,2108,2072,1986,1277,1005,1089,1178,2079,2097,2061,391,381,1109,1193,1685,2055,2087,371,363,349,363,1187,892,980,654,373,350,342,350,1169,906,659,650,374,358,340,355,1169,770,674,608,471,369,361,360,1145,1578,2063,2136,2107,1945,369,1979,1095,1989,2030,2071,1962,1954,1991,1954,5,5,5,5,5,5,5,5,5,5,255,5,10,255,255,5,5,5,5,5,255,5,5,5,5,255,5,5,5,5,5,5,5,5,5,5,5,5,5,5,5,5,5,5,5,5,5,255,5,255,5,5,255,5,255,5,5,255,255,5,5,255,255,255
1780854937.611026,18231,1832333017,847,1138,2037,2040,2102,2053,1281,993,1073,1288,2079,2067,2075,406,385,1097,1196,1552,2058,2070,371,352,340,356,1193,869,956,605,362,353,338,346,1169,867,640,612,361,359,349,355,1184,810,669,613,406,365,360,367,1156,1578,2143,2090,2105,379,360,2002,1124,1586,2016,2085,2033,1915,1991,1954,5,5,5,5,5,5,5,5,5,5,255,5,5,255,255,5,5,5,5,5,255,5,5,5,9,10,5,5,5,5,5,5,5,5,5,5,5,5,5,5,5,5,5,5,5,5,5,255,5,255,5,5,10,255,255,5,5,10,10,5,5,10,255,255
1780854937.712919,18232,1832433017,840,1017,2049,2055,2082,2053,1226,1010,1108,1259,2079,2088,402,417,385,1120,1191,1552,2091,2091,399,367,344,344,1226,869,964,634,365,347,338,355,1191,882,642,631,371,351,352,367,1162,802,654,620,399,377,360,375,1155,1578,2092,2121,2104,384,370,1961,1082,1586,2016,2085,2033,1961,1991,1954,5,5,5,5,5,255,9,5,5,5,255,5,4,255,255,5,5,255,5,5,255,5,5,5,5,255,5,5,5,5,5,5,9,5,5,5,5,5,5,5,5,5,5,5,5,5,5,255,5,255,5,5,5,255,255,5,5,255,255,255,255,5,255,255
1780854937.813130,18233,1832533017,847,1116,2049,2062,2046,2065,1283,1009,1078,1318,2081,2101,462,398,1411,1098,1149,1939,2094,2100,387,367,350,366,1208,2080,949,940,372,346,340,349,1200,865,638,636,368,351,347,365,1186,812,655,621,391,365,353,364,1149,1578,2132,2122,2114,1987,360,1957,1112,1586,2062,2041,2034,1985,1991,1954,5,5,255,5,5,10,5,5,5,5,10,5,255,255,4,5,5,10,5,5,5,5,5,255,5,10,5,4,5,5,5,5,5,5,5,5,5,5,5,5,5,5,5,5,5,5,5,255,5,255,5,5,5,4,255,5,9,255,10,10,10,5,255,255
1780854937.913605,18234,1832633017,829,1077,2077,2079,2109,2043,1277,979,1087,1304,2081,2101,404,412,378,1108,1189,1939,2088,2115,380,364,350,353,1235,2080,968,421,362,341,341,361,1212,857,641,622,359,348,343,371,1173,813,663,622,373,363,356,387,1137,1578,2091,2115,2114,1993,1953,1957,1114,1586,2027,2049,1969,1985,1991,1954,5,5,10,5,5,5,5,5,5,5,255,255,255,5,255,5,5,255,5,5,5,5,5,255,5,255,5,255,5,5,5,5,5,5,5,5,5,5,5,255,5,5,5,5,5,5,5,255,5,255,5,5,255,5,4,255,5,255,5,5,5,255,255,255
1780854938.013072,18235,1832733017,846,2069,2077,2079,2088,2038,1352,992,1057,1367,2094,2087,404,403,380,1103,1198,1454,2062,442,375,350,345,377,1242,2080,913,489,354,347,336,360,1180,847,652,558,363,350,343,370,1187,768,660,629,378,372,362,1945,1146,2059,2101,2147,2114,1912,1959,1990,1147,1555,1984,2028,1962,1985,1991,1954,5,5,255,255,5,5,5,5,5,5,10,10,255,255,255,5,5,10,5,255,5,5,5,255,5,255,5,4,5,5,5,255,9,5,5,9,5,5,5,255,5,5,5,5,5,5,5,4,5,10,5,5,255,5,5,10,5,10,5,5,5,255,255,255
1780854938.114047,18236,1832833017,831,1075,2020,2079,2081,2044,1280,1004,1101,1349,2120,2087,410,379,367,1125,1162,1559,2062,421,366,341,344,377,1135,1910,957,382,355,348,338,362,1178,846,660,484,358,361,346,392,1150,770,656,559,381,368,364,1958,1146,2059,2135,2139,2101,381,1959,1907,1137,1555,2130,2018,2024,1985,2012,1954,5,5,10,255,5,5,5,5,5,5,5,255,255,255,255,5,5,5,255,255,5,5,5,255,5,10,5,5,5,5,5,255,5,5,5,9,5,5,5,255,9,5,5,5,5,5,5,5,5,255,5,5,10,255,255,5,5,255,5,5,5,255,10,255
1780854938.212958,18237,1832933017,840,1060,2081,2054,2109,2020,1259,988,1070,1328,2104,2089,383,381,376,1110,1197,1552,462,401,358,340,348,377,1189,997,979,360,350,344,339,382,1147,858,652,441,359,344,345,2116,1157,755,665,550,367,366,369,1939,1147,2059,2057,2097,2101,381,1968,1980,1112,1555,2026,2014,2024,1985,1868,1954,5,5,5,10,5,5,9,5,5,5,5,10,255,255,255,5,5,5,255,5,5,5,5,255,9,5,5,5,5,5,5,255,5,5,5,5,5,5,5,4,5,5,5,5,5,5,5,5,5,255,5,5,255,255,10,5,5,255,5,5,255,255,5,255
1780854938.313533,18238,1833033017,836,1085,2081,2083,2098,2077,1234,990,1096,1246,2104,2109,407,377,361,1112,1173,1552,2085,380,351,351,350,1615,1204,902,983,381,340,348,345,380,1223,763,635,394,358,351,357,376,1208,804,651,479,360,352,360,1932,1163,2059,2081,2144,2101,2041,1968,1946,1122,1555,2046,2014,2037,1985,1868,1954,5,5,255,5,5,5,5,5,5,5,255,5,255,255,255,5,5,255,4,5,5,5,5,10,5,255,5,5,5,5,5,255,5,9,5,5,5,5,5,255,5,5,5,5,5,5,255,5,5,255,5,5,255,10,255,5,5,255,5,255,10,255,255,255
1780854938.412471,18239,1833133017,848,2105,2081,2106,2049,2079,1250,1017,1050,1312,2104,2109,2083,378,351,1128,1198,1949,2119,367,353,349,344,374,1225,898,494,365,343,339,343,393,1198,766,664,384,356,351,365,1887,1195,798,669,409,373,366,371,1963,1130,2059,2090,2143,2101,1953,1964,1946,1106,1471,2037,2092,2007,1940,1868,1954,5,5,255,5,5,5,5,5,5,5,255,5,4,255,255,9,5,10,5,5,5,5,5,255,5,5,5,5,5,5,5,255,5,9,5,5,5,5,5,4,5,5,5,5,5,5,255,5,5,255,5,5,255,5,10,255,5,10,5,10,5,10,255,255
1780854938.512396,18240,1833233017,839,2060,2101,2106,2097,1998,1250,999,1081,1319,2104,381,403,356,372,1120,1170,1949,2079,374,359,346,351,1746,1236,927,408,349,340,345,344,393,1224,762,644,368,356,354,352,419,1209,730,672,406,360,369,373,1963,1125,2059,2116,2103,2112,1998,1943,1946,1115,1868,2037,2092,2010,1952,1868,1954,5,5,10,255,5,5,9,5,5,5,255,255,255,5,255,5,5,255,5,5,5,5,5,10,5,5,4,5,5,5,5,255,5,9,5,5,5,5,5,255,5,5,5,5,5,5,255,255,5,255,5,5,10,5,5,255,5,4,255,255,5,5,255,255
1780854938.612700,18241,1833333017,829,2073,2052,2082,2098,2113,1276,998,1081,1220,2104,2078,380,362,350,1110,1164,1633,2076,355,344,344,360,1746,1157,942,957,359,348,347,347,393,1181,757,606,370,358,355,373,419,1188,782,678,393,360,358,380,1962,1097,2059,2072,2082,2083,1962,1943,1953,1095,1868,2058,2025,2018,1957,1868,1954,5,5,5,10,5,5,5,5,5,5,255,4,5,5,255,5,5,10,5,5,5,5,5,255,5,5,5,5,5,5,5,255,5,9,9,5,5,5,255,255,5,5,5,255,5,5,255,10,5,255,5,5,5,5,255,10,5,255,10,10,5,5,255,255
1780854938.714094,18242,1833433017,838,1055,2081,2059,2053,2113,1292,996,1094,1200,2062,392,368,355,373,1114,1201,1633,405,353,349,338,358,1622,1239,842,963,354,345,345,362,393,1215,877,589,362,350,355,362,1869,1132,822,647,374,372,358,380,1939,1122,2059,2089,2136,2112,1990,1946,1968,1123,1509,2066,2008,2018,1957,1868,1954,5,5,5,5,5,255,5,5,5,5,10,255,5,5,255,5,5,255,255,5,5,5,5,10,9,9,5,5,5,5,5,255,5,5,9,5,5,5,255,10,5,5,5,255,5,5,255,5,5,255,5,5,5,5,10,5,5,10,5,5,255,255,255,255
1780854938.813068,18243,1833533017,839,2059,2081,2059,2116,2127,1233,1004,1063,1441,2059,376,366,350,1266,1105,1202,1633,2061,362,345,339,372,1622,1193,998,390,349,343,349,362,393,1179,638,597,369,361,358,370,1869,1175,758,687,369,366,362,380,1945,1187,2059,2054,2109,2088,2029,1972,1969,1075,1509,1998,2008,1943,1911,1868,1954,5,4,255,255,5,10,5,5,5,4,5,255,5,5,4,5,5,255,4,5,5,5,5,255,5,255,5,5,5,5,5,255,5,5,9,5,5,5,255,255,5,5,5,255,5,255,255,5,5,255,5,5,5,5,5,5,5,255,5,255,10,10,255,255
1780854938.913211,18244,1833633017,847,1040,2095,2084,394,2127,1236,995,1069,1250,2059,388,375,353,1319,1125,1206,1871,379,351,345,350,365,1638,1162,851,376,356,351,347,381,393,1105,685,550,378,355,363,370,1938,1150,749,651,369,362,392,1975,1937,1164,2059,2106,2070,2088,1963,1944,1961,1130,1509,2018,2029,1999,1969,1868,1954,5,5,10,10,255,255,9,5,5,5,255,5,5,5,5,5,5,10,5,5,5,5,255,10,9,5,5,5,5,5,5,255,9,5,9,5,5,5,255,10,5,5,5,255,5,255,10,5,5,255,5,5,255,5,5,5,5,255,5,10,5,5,255,255
1780854939.014049,18245,1833733017,841,1044,2086,379,407,2118,1252,984,1074,1277,368,370,342,347,1352,1094,1159,1609,374,352,347,345,537,1638,1165,781,381,351,356,349,454,393,1184,710,508,373,358,364,405,1856,1167,724,673,384,383,2100,1959,1952,1151,2059,2090,2122,2126,1990,1934,1951,1112,1716,2018,2046,1934,1953,1982,1954,5,5,5,4,255,10,5,5,5,9,255,5,5,5,5,5,5,4,5,5,5,5,4,255,9,9,5,5,5,5,5,255,5,5,9,5,5,5,255,5,5,9,5,255,255,4,5,5,5,255,5,5,10,5,5,5,5,10,255,5,5,5,10,255
1780854939.113423,18246,1833833017,833,2031,2049,400,370,379,1297,995,1080,1234,379,350,348,359,1368,1077,1201,1609,366,354,345,363,561,1638,1222,710,363,356,361,359,628,393,1171,682,529,378,369,394,405,1877,1154,757,663,445,419,2155,1989,1963,1159,2059,2043,2122,2126,2000,1946,1908,1103,1716,2097,2046,1942,1975,1982,1954,5,5,5,255,5,255,5,5,5,5,5,5,5,5,5,5,5,255,5,5,5,5,5,255,5,9,5,5,5,5,5,255,9,5,9,5,5,255,255,5,5,5,5,255,255,5,5,5,5,255,5,255,255,5,5,5,5,255,10,255,5,5,255,255
1780854939.212588,18247,1833933017,839,1091,412,365,352,395,1304,963,1068,1207,372,347,352,383,1370,1124,1203,394,361,355,358,364,639,1696,1218,637,384,374,359,453,636,1834,1219,662,635,465,387,461,2081,1934,1168,695,642,445,2053,2141,1945,1945,1126,2023,2146,2114,2113,2005,1926,1969,1123,1716,2050,2046,2055,1975,1982,1954,5,5,4,5,5,255,5,5,5,5,5,5,5,5,5,5,5,255,5,5,5,5,5,10,9,5,5,5,5,5,5,10,5,5,5,5,255,255,10,5,5,5,5,255,4,5,5,5,5,10,5,10,10,5,5,5,5,255,5,255,5,255,255,255
1780854939.313782,18248,1834033017,839,1011,363,352,351,392,1335,1004,1086,1210,361,360,349,379,1396,1131,1200,394,390,369,368,450,674,1750,1148,653,612,596,435,641,662,1834,1190,658,625,628,613,677,2063,1921,1172,695,2131,445,2112,2090,1945,1924,1145,2023,2084,2108,2081,1951,1943,1987,1127,1485,2072,2088,2055,1975,1982,1954,5,5,5,5,5,5,5,5,5,5,5,5,5,5,5,5,9,255,5,5,5,5,5,5,5,5,4,4,5,5,5,255,5,5,5,5,4,4,5,5,5,255,5,255,5,5,255,5,5,255,5,5,5,5,5,5,5,10,5,10,255,255,255,255
1780854939.413241,18249,1834133016,835,402,363,369,369,363,1242,1010,1073,1216,398,389,374,597,1421,1096,1168,670,614,575,608,633,660,1737,1167,661,634,633,629,668,2115,1834,1184,672,648,633,2123,2101,2044,1921,1173,695,2097,445,2077,2107,1938,1977,1145,2044,2111,2089,2121,1962,1941,1987,1103,1634,2072,1997,1973,1949,1955,1954,5,5,5,5,5,5,5,5,5,5,5,5,5,4,5,5,5,10,4,4,4,5,5,5,5,5,5,5,5,5,5,10,5,5,5,5,5,4,5,255,5,255,5,255,5,5,10,5,5,10,5,5,5,5,5,255,5,9,255,5,10,10,10,255
1780854939.511605,18250,1834233017,839,1031,425,405,426,566,1233,987,1095,1255,614,600,596,643,700,1134,1172,669,640,632,636,670,2102,1592,1156,687,671,674,2118,2098,2074,1911,1169,821,2078,2124,2105,2101,2044,1921,1165,695,2088,2121,2154,2107,1938,1940,1120,2044,2104,2134,2087,1954,1936,1928,1123,1634,2058,1997,1923,1952,1955,1954,5,5,5,5,5,4,5,5,5,5,4,4,4,5,5,5,5,5,5,5,5,5,4,5,5,5,5,5,4,5,5,5,5,255,4,4,5,255,255,255,5,255,5,10,5,255,255,5,5,255,5,5,5,5,5,10,5,255,10,255,5,5,255,255
1780854939.611270,18251,1834333016,836,1054,642,599,620,667,1236,992,1088,671,641,649,666,716,1421,1132,1181,703,696,705,2079,2109,2111,1688,1188,2047,2083,2092,2101,2084,2080,1868,1170,2034,2125,2089,2087,2114,2044,1921,1145,1976,2106,2121,2119,2107,1954,1954,1165,2033,2082,2100,2087,1959,1914,1932,1139,1634,2052,1997,2056,1968,2024,1954,5,4,4,5,5,5,5,5,9,5,5,5,5,5,4,5,5,5,5,5,4,4,5,5,5,4,4,5,5,5,5,5,5,4,5,5,5,10,255,255,5,10,5,255,5,10,10,5,5,10,5,5,255,5,5,5,5,255,5,255,5,5,10,255
1780854939.712397,18252,1834433017,841,679,649,654,691,713,1293,1002,1076,731,705,737,737,716,1447,1071,1182,703,2070,705,759,2103,2010,1622,1208,2051,2060,2090,2096,2084,2080,1880,1162,2033,2120,2123,2088,2114,2044,1909,1198,1976,2059,2121,2119,2091,1954,1954,1148,2033,2045,2135,2110,1959,1936,1977,1115,1634,2076,2081,2049,1968,2024,1954,5,4,5,5,5,5,5,5,5,5,5,5,5,255,5,5,5,255,4,255,255,5,5,5,5,5,5,5,5,5,5,5,5,5,5,5,5,255,255,10,5,255,5,255,255,5,255,255,5,255,5,5,10,255,5,5,5,255,5,10,3,255,255,255
1780854939.812663,18253,1834533017,850,749,739,740,831,1957,1236,990,1113,1215,799,737,737,2130,1447,1110,1167,1891,2097,2070,759,2052,2068,1703,1175,2001,2081,2086,2101,2110,2067,1880,1217,2004,2111,2092,2103,2114,2044,1911,1155,1976,2096,2128,2102,2093,1941,1967,1154,2033,2097,2131,2089,1996,1936,1972,1138,1634,2097,2080,1966,1991,2024,1954,5,5,5,5,5,4,5,5,5,5,255,255,255,10,255,5,5,10,5,10,255,5,5,5,5,5,5,5,5,5,5,255,5,5,5,5,5,255,255,5,5,255,5,10,10,5,10,10,5,255,5,5,5,10,255,5,5,255,5,5,5,10,255,255
1780854939.912709,18254,1834633017,833,892,830,740,831,2042,1261,986,1066,1289,2089,737,737,2130,1426,1129,1165,2030,2067,2073,2018,2046,2081,1631,1203,2060,2090,2087,2098,2087,2081,1844,1170,1975,2126,2099,2120,2114,2051,1911,1177,2220,2151,2065,2114,2093,1941,1932,1139,2033,2064,2107,2089,1990,1977,1999,1149,1634,2097,2080,2004,1956,2024,1954,5,5,5,255,255,5,5,5,5,5,4,255,255,255,10,5,5,5,5,5,10,5,5,5,5,5,5,5,5,5,5,10,5,5,5,5,5,255,10,255,5,10,5,5,5,255,255,5,5,255,5,5,255,5,10,5,5,255,255,255,5,5,255,255
1780854940.013165,18255,1834733016,845,967,830,740,831,2118,1310,999,1076,1283,2034,737,2027,2116,1414,1135,1208,2037,2085,2083,2132,2127,2087,1734,1220,2014,2077,2076,2087,2081,2063,1826,1226,2018,2106,2102,2097,2123,2074,1911,1171,1998,2091,2100,2106,2114,1941,1980,1135,2081,2095,2095,2081,2014,1928,1968,1110,1634,2021,2077,2019,1956,2024,1954,5,5,255,255,255,5,5,5,5,5,5,255,10,10,5,5,5,5,5,5,5,5,5,5,5,5,5,5,5,5,5,5,5,5,5,5,5,10,5,10,5,4,5,5,5,10,255,5,5,10,5,5,10,5,5,5,5,255,10,10,5,255,255,255
1780854940.112855,18256,1834833017,837,1006,830,740,831,2118,1248,989,1069,1292,2042,2050,2027,2116,1460,1111,1207,2037,2084,2074,2128,2084,2052,1640,1234,2090,2100,2092,2090,2097,2054,1883,1213,2046,2115,2081,2052,2091,2074,1911,1134,2003,2089,2100,2106,2088,1948,1923,1135,2081,2122,2129,2112,2025,1957,1987,1113,1634,1996,2077,2037,1959,2024,1954,5,5,255,255,255,255,5,5,5,5,5,10,255,255,5,5,5,255,5,5,5,5,5,5,5,5,5,5,5,5,5,5,5,5,5,5,5,5,255,255,5,5,5,5,255,5,10,5,5,255,5,5,5,5,5,5,5,255,5,255,5,10,255,255
1780854940.212265,18257,1834933016,855,2106,2084,2067,2088,2056,1325,1011,1086,1238,2048,2094,2136,2089,1409,1120,1197,1987,2118,2106,2084,2084,2050,1668,1197,2041,2090,2100,2081,2072,2109,1918,1163,2077,2102,2118,2122,2103,2077,1871,1161,2021,2093,2124,2096,2090,1948,1934,1159,2081,2096,2109,2093,1976,1926,1938,1127,1634,2052,2077,1965,1934,1984,1954,5,5,10,10,10,10,5,5,5,5,5,5,10,10,5,5,5,10,5,5,5,5,5,5,5,5,5,5,5,5,5,5,5,5,5,5,5,5,10,10,5,5,5,5,10,5,255,5,5,255,5,5,5,5,5,5,5,255,5,255,5,5,10,255
1780854940.323414,18258,1835043016,818,1057,2064,2067,2076,2035,1290,1004,1106,1321,2048,2063,2102,2089,1417,1116,1163,1873,2085,2068,2025,2142,2015,1639,1197,1997,2097,2098,2084,2130,2097,1866,1172,2083,2040,2096,2131,2112,2057,1882,1197,2063,2119,2124,2096,2100,1961,2010,1173,2081,2130,2104,2094,2048,1921,1973,1107,1634,2052,2048,2013,1920,1995,1954,5,5,5,255,5,5,5,5,5,5,255,5,5,255,5,5,5,5,5,5,5,5,5,5,5,5,5,5,5,5,5,5,5,5,5,5,5,5,5,5,5,5,5,255,255,5,10,5,5,255,5,5,5,5,5,5,5,255,255,10,5,5,5,255
1780854940.423033,18259,1835143016,853,2110,2073,2042,2076,2055,1289,989,1094,1308,2108,2056,2114,2089,1461,1097,1190,1998,2062,2093,2096,2088,2081,1658,1193,2079,2072,2088,2079,2112,2123,1902,1143,2016,2015,2092,2115,2123,2059,1932,1161,2063,2078,2100,2113,2076,1955,1959,1140,1546,2036,2127,2077,2009,1941,1961,1114,1634,2011,2017,2011,1920,1995,1954,5,4,5,10,255,5,5,5,5,5,10,5,9,255,5,5,5,5,5,5,5,5,5,5,5,4,5,5,5,5,5,5,5,5,5,5,5,5,5,5,5,255,5,10,10,5,5,5,5,10,5,5,5,5,5,255,5,255,10,5,5,255,255,255
1780854940.522878,18260,1835243017,834,2061,2011,2070,2077,2065,1277,966,1081,1227,2108,2056,2074,2089,1440,1078,1190,2094,2065,2073,2056,2067,2038,1715,1205,2080,2083,2089,2083,2097,2093,1821,1183,2016,2087,2082,2087,2138,2048,1807,1191,2063,2079,2103,2118,2097,2028,1937,1182,2010,2143,2075,2159,2025,1941,1961,1148,1634,2078,2017,1989,1920,1995,1954,5,5,5,5,10,5,5,5,5,5,255,255,5,255,5,5,5,5,5,5,5,5,5,5,5,5,5,5,5,5,5,5,5,255,5,5,5,5,5,5,5,255,5,5,5,5,5,5,5,5,5,5,5,5,255,5,5,255,5,255,5,255,255,255
1780854940.621617,18261,1835343017,838,2050,2054,2062,2094,2084,1235,1016,1079,1254,2108,2112,2074,2089,1472,1151,1163,2079,2089,2096,2083,2097,2102,1661,1196,2005,2079,2104,2084,2112,2076,1821,1182,2058,2116,2075,2113,2114,2048,1807,1169,2063,2104,2097,2114,2036,2028,1937,1140,2081,2114,2097,2096,2007,1952,1972,1106,1634,2089,2046,1981,1956,1866,1954,5,5,5,5,5,5,5,5,5,5,255,10,255,255,9,5,5,5,5,5,5,5,5,5,5,5,5,5,5,5,5,255,5,10,5,5,5,5,255,255,5,255,5,5,5,5,255,255,5,5,5,5,5,5,10,5,5,255,5,10,5,10,10,255
1780854940.721548,18262,1835443017,841,2090,2086,2095,2089,2033,1285,1008,1067,1300,2067,2100,2069,2089,1402,1128,1157,2079,2093,2083,2083,2058,2064,1619,1172,2043,2077,2083,2082,2091,2111,1889,1160,2027,2093,2080,2091,2109,2072,1807,1142,2063,2143,2104,2090,2036,1932,1920,1135,2081,2082,2107,2096,1946,1961,1966,1120,1634,2089,2032,1953,1965,1866,1954,5,5,5,5,5,5,5,5,5,5,10,5,10,255,5,5,5,255,5,5,255,5,5,5,5,5,5,5,5,5,5,10,5,5,5,5,5,5,10,255,5,255,5,5,5,255,10,10,5,255,5,5,255,5,255,5,5,255,255,5,5,5,255,255
1780854940.821315,18263,1835543017,847,2042,2076,2060,2086,1912,1225,984,1089,1298,2076,2100,2141,2089,1467,1093,1136,2074,2057,2059,2106,2114,2076,1619,1228,2051,2085,2103,2071,2112,2085,1889,1214,2072,2123,2082,2148,2124,2072,1807,1155,2063,2068,2117,2100,2111,1919,1962,1134,1997,2152,2098,2104,2036,1944,1973,1124,1634,2078,2043,1949,2002,1866,1954,5,5,5,5,5,5,5,5,5,5,5,255,3,255,5,5,5,10,5,5,10,5,5,255,5,5,5,5,5,5,5,255,5,5,5,5,5,5,255,255,5,255,5,5,5,10,5,5,5,10,5,5,10,5,5,5,5,255,10,5,5,5,255,255
1780854940.922854,18264,1835643017,850,1031,2086,2075,2091,2077,1283,994,1070,1367,2050,2100,2050,2089,1397,1108,1181,2020,2102,2091,2137,2169,2053,1628,1174,2059,2093,2080,2101,2108,2084,1999,1186,2054,2051,2073,2097,2124,2072,1866,1200,2063,2120,2186,2091,2111,1986,1908,1144,1997,2100,2095,2104,2026,1993,1973,1111,1634,2026,2022,1978,1968,4048,1954,5,255,5,5,5,5,5,5,5,5,5,255,5,255,5,5,5,5,5,5,5,5,5,10,5,5,5,5,5,5,5,10,5,5,5,5,5,255,255,10,5,255,5,5,5,255,5,5,5,255,5,5,255,5,5,255,5,255,5,5,5,5,2,255
1780854941.023547,18265,1835743017,837,1030,2088,2081,2081,2114,1310,1007,1066,1292,2050,2053,2050,2089,1445,1138,1169,2039,2082,2077,2067,2081,2075,1635,1204,2059,2082,2079,2060,2091,2095,1796,1172,2027,2085,2098,2113,2124,2072,1927,1175,2063,2110,2028,2073,2107,2003,1908,1125,1997,2093,2085,2129,1976,1956,1954,1141,1634,2028,2068,1984,1962,4048,1954,5,5,5,5,5,5,5,5,5,5,255,10,255,255,5,5,5,5,5,5,5,5,5,5,5,255,5,5,5,5,5,4,5,5,5,5,5,255,255,255,5,255,5,5,5,10,5,5,5,255,5,5,10,5,5,10,5,255,5,5,5,5,255,255
1780854941.122183,18266,1835843017,842,1047,2088,2058,2068,1948,1272,1012,1054,1323,2050,2067,2121,2099,1396,1106,1194,1975,2075,2068,2067,2076,2058,1635,1169,2013,2087,2079,2088,2085,2082,1845,1189,2024,2085,2104,2117,2080,2081,1927,1166,2021,2107,2028,2139,2079,1947,1914,1188,1997,2106,2100,2079,1972,1956,1932,1132,1923,2028,2060,1955,1914,4048,1954,5,5,255,5,5,5,5,5,5,5,255,5,10,10,9,5,5,5,5,5,255,5,5,255,5,10,5,5,5,5,5,5,5,5,255,5,5,10,10,255,9,10,5,255,5,5,5,5,5,255,5,5,5,5,255,5,5,10,255,5,5,5,255,255
1780854941.223081,18267,1835943016,824,2061,2035,2073,2055,2045,1252,992,1102,1286,2079,2071,2152,2084,1393,1115,1135,1945,2070,2111,2084,2120,2048,1755,1181,2013,2101,2095,2101,2137,2094,1869,1171,2092,2102,2086,2092,2056,2073,1927,1161,2021,2083,2090,2118,2076,1988,1960,1148,2027,2068,2104,2102,2042,1936,1981,1108,1923,2039,2022,1971,1951,4048,1954,5,5,10,5,5,5,5,5,5,5,10,5,5,5,9,5,5,5,5,5,10,5,9,10,5,255,5,5,5,5,5,5,5,5,10,5,5,5,5,255,5,255,5,10,5,5,5,5,5,10,5,5,5,5,10,5,5,255,10,5,5,5,255,255
1780854941.325212,18268,1836043017,844,2066,2062,2073,2070,2079,1268,1007,1076,1293,2079,2077,2083,2084,1422,1147,1169,1945,2039,2097,2029,2093,2078,1703,1176,2058,2097,2087,2084,2115,2079,1939,1187,2040,2128,2115,2090,2102,2021,1911,1133,2021,2083,2090,2099,2138,1884,1932,1146,2022,2107,2124,2102,1986,1936,1993,1123,1923,1999,2041,1999,1894,1888,1954,5,5,5,255,5,5,5,5,5,5,255,5,5,255,5,5,5,255,5,5,5,5,5,5,5,10,5,5,5,5,5,5,9,5,5,5,5,5,5,10,5,255,255,255,5,5,5,5,5,5,5,5,255,5,5,5,5,255,5,5,5,5,10,255
1780854941.422735,18269,1836143016,841,1087,2090,2069,2082,2041,1295,978,1103,1266,2079,2104,2065,2084,1409,1151,1181,2091,2092,2078,2029,2065,2064,1676,1185,2043,2080,2085,2078,2127,2071,1929,1215,2037,2106,2085,2101,2135,2050,1875,1186,2021,2154,2090,2102,2125,1981,1924,1153,2039,2068,2123,2079,1958,1992,1936,1078,1923,2055,2048,2052,1982,1888,1954,5,5,5,10,5,5,5,5,5,5,255,5,5,255,9,5,5,10,5,5,255,5,5,5,5,5,5,5,5,5,5,5,5,5,5,5,5,5,5,5,5,255,10,255,5,5,5,5,5,5,5,5,10,5,5,255,5,255,5,5,5,5,255,255
1780854941.523526,18270,1836243017,832,1001,2090,2087,2089,2005,1343,1010,1096,1251,2071,2057,2065,2084,1369,1115,1227,1550,2074,2071,2095,2129,2072,1676,1180,2044,2111,2101,2094,2103,2102,1857,1205,2018,2075,2064,2103,2135,2050,1875,1159,2021,2154,2099,2116,2114,1941,1944,1136,2039,2077,2069,2099,1997,1918,1936,1098,1923,1985,2048,1984,2005,1888,1954,5,5,255,5,5,5,5,5,5,5,10,5,255,255,5,5,5,5,5,5,10,5,5,5,5,5,5,5,5,5,5,5,9,5,5,5,5,255,255,255,5,255,255,10,5,5,5,5,5,255,5,5,5,5,5,255,5,255,5,255,5,5,255,255
1780854941.622265,18271,1836343017,865,1079,2090,2034,2084,2005,1303,1011,1069,1331,2032,2085,2078,2084,1400,1119,1196,1539,2083,2073,2078,2077,2028,1676,1246,2044,2103,2081,2071,2129,2078,1857,1205,2033,2058,2091,2121,2106,2068,1988,1181,2021,2076,2099,2100,2096,1946,1961,1142,2035,2084,2099,2125,1980,1972,1933,1126,1923,1999,2068,1997,1940,1888,1954,5,5,255,5,5,255,5,5,5,5,5,5,10,255,5,5,5,5,5,5,5,5,5,255,5,255,5,5,5,5,5,255,9,5,5,5,5,10,10,10,5,255,10,255,5,5,5,5,5,10,5,5,5,5,5,10,5,255,5,10,5,5,255,255
1780854941.721339,18272,1836443017,849,2022,2037,2061,2062,2043,1246,987,1072,1324,2085,2071,2054,2034,1395,1105,1182,2022,2097,2097,2060,2060,2035,1676,1148,2059,2091,2101,2101,2091,2094,1808,1171,1979,2086,2089,2104,2135,2068,1988,1176,2021,2084,2099,2093,2126,1993,1946,1131,2035,2089,2126,2125,2019,1972,1954,1139,1923,1999,2014,1997,1940,1888,1954,5,5,10,5,5,10,9,5,5,5,5,5,5,10,5,5,5,5,5,5,5,5,5,255,5,10,5,5,5,5,5,10,5,5,5,5,5,5,255,255,5,255,5,255,5,5,5,5,5,255,5,5,255,5,255,5,5,255,255,5,255,255,255,255
1780854941.822907,18273,1836543017,833,1077,2098,2099,2109,2043,1280,1013,1081,1324,2049,2080,2054,2097,1410,1085,1209,2022,2105,2098,2086,2130,2046,1640,1208,2131,2089,2090,2093,2095,2083,1757,1185,2046,2036,2082,2123,2113,2057,1938,1174,2021,2083,2094,2087,2126,1993,1889,1130,2160,2121,2077,2115,1980,1930,1954,1110,1923,2043,2032,2031,1940,1888,1954,5,5,5,5,5,5,5,5,5,5,5,5,255,5,5,5,5,255,5,5,5,5,5,10,5,5,5,5,5,5,5,5,5,5,5,5,5,5,10,10,5,255,5,10,5,255,255,5,5,10,5,5,10,5,10,255,5,255,10,5,10,255,255,255
1780854941.921819,18274,1836643017,837,2109,2116,2099,2109,2043,1228,981,1070,1305,2092,2067,2022,2097,1334,1082,1195,2022,2067,2079,2099,2107,2184,1758,1204,2029,2072,2088,2103,2094,2093,1865,1203,2038,2104,2094,2093,2080,2038,1938,1148,2021,2071,2111,2074,2087,1923,1966,1196,2160,2152,2131,2115,1969,1964,1942,1111,1923,2043,2032,2073,1948,1888,1954,5,5,5,5,255,255,5,5,5,5,5,5,10,255,5,5,5,10,5,5,5,5,5,5,5,5,5,5,5,5,5,5,5,5,5,5,5,5,5,255,5,255,5,5,5,10,10,5,5,255,5,5,255,5,5,10,5,255,255,255,5,10,255,255
1780854942.021044,18275,1836743016,863,1037,2046,2093,2068,2061,1297,995,1062,1251,2084,2067,2100,2101,1435,1104,1206,2148,2100,2075,2100,2069,2044,1758,1216,2021,2101,2097,2088,2093,2110,1862,1184,2038,2112,2108,2101,2082,2058,1938,1157,2021,2100,2102,2051,2033,1950,1948,1150,1971,2074,2124,2083,2010,1954,1956,1097,1923,2038,2057,2060,1948,1888,1954,5,5,5,5,10,10,5,5,9,5,5,255,5,10,5,5,9,5,5,5,5,5,5,255,5,5,5,5,5,5,5,5,5,255,5,5,5,5,5,255,5,255,5,5,5,5,5,5,5,10,5,5,10,5,5,5,5,255,10,10,5,255,255,255
1780854942.121213,18276,1836843017,867,2102,2035,2093,2083,2067,1309,993,1080,1297,2084,2067,2071,2101,1456,1143,1159,2148,2070,2104,2088,2090,2055,1683,1197,2067,2105,2092,2109,2098,2066,1912,1192,1995,2085,2079,2136,2101,2081,1897,1170,2021,2084,2113,2051,2110,2028,1948,1123,1988,2127,2124,2083,1985,1961,1990,1111,1923,2056,2032,1977,1903,1888,1954,5,5,5,255,5,5,5,5,5,5,255,255,5,255,5,5,5,255,5,5,5,5,5,10,5,5,5,5,5,5,5,5,5,10,5,5,5,5,5,10,5,255,5,5,255,5,5,255,5,5,5,5,255,5,5,5,5,255,5,5,5,10,255,255
1780854942.223196,18277,1836943017,850,1066,2082,2067,2099,2009,1258,1004,1066,1341,2084,2078,2071,2145,1477,1124,1168,1876,2068,2113,2103,2067,2050,1680,1200,2072,2091,2087,2098,2116,2114,1819,1164,2089,2072,2084,2114,2072,2081,1954,1182,1936,2092,2123,2125,2115,1963,1952,1130,1988,2057,2108,2101,2014,1984,1990,1123,1923,2053,2032,1986,1931,1888,1954,5,5,5,10,5,5,5,5,5,5,255,10,255,10,9,5,5,10,5,5,5,255,5,5,5,5,5,5,5,5,5,9,5,5,5,5,5,5,255,5,5,10,5,5,10,5,5,10,5,255,5,5,10,5,5,255,5,255,5,255,5,5,255,255
1780854942.322737,18278,1837043017,845,1058,2101,2060,2095,2027,1267,1002,1090,1304,2084,2078,2071,2088,1363,1107,1185,1876,2072,2064,2066,2073,2058,1739,1170,2109,2099,2071,2076,2108,2090,1819,1133,2018,2066,2072,2104,2106,2090,1954,1168,1936,2076,2127,2123,2107,2006,1939,1128,1988,2116,2124,2108,2035,1947,1935,1111,1923,2014,2085,2035,1848,1888,1954,5,5,5,5,5,5,5,5,5,5,255,255,255,5,5,5,5,255,5,5,5,5,5,5,5,5,5,5,5,5,5,255,5,5,5,5,5,5,10,255,5,255,5,5,5,5,5,5,5,255,5,5,5,5,5,10,5,255,5,10,5,5,255,255
1780854942.425096,18279,1837143017,843,1037,2101,2073,2096,2117,1272,1007,1093,1244,2062,2115,2071,2028,1397,1095,1215,1971,2077,2086,2066,2116,2055,1739,1190,2012,2086,2095,2083,2083,2077,1819,1186,2040,2115,2092,2132,2161,2090,1954,1177,2017,2113,2127,2123,2107,1894,1963,1140,1988,2072,2096,2106,2070,1940,1948,1136,1923,1978,2001,2033,1962,1888,1954,5,5,255,5,5,5,5,5,5,5,10,10,255,5,4,5,5,10,5,5,5,5,5,255,5,5,5,5,5,5,5,255,5,5,5,5,5,5,255,255,5,10,5,255,255,255,5,5,5,255,5,5,5,5,5,5,5,255,5,5,5,5,255,255
1780854942.522377,18280,1837243017,844,2033,2101,2068,2106,2071,1271,989,1045,1310,2072,2115,2071,2057,1394,1093,1206,2037,2043,2056,2068,2137,2037,1667,1155,2059,2095,2085,2079,2131,2106,1864,1209,2053,2115,2093,2092,2070,2090,1954,1172,2017,2101,2033,2163,2104,1970,1971,1140,1988,2095,2096,2106,1949,1957,1957,1138,1923,2008,2064,1947,1962,1888,1954,5,5,255,5,5,5,5,5,5,5,5,255,255,5,5,5,5,5,5,5,5,5,5,10,5,5,5,5,5,5,5,10,5,5,255,5,5,5,255,255,5,255,5,10,10,10,5,5,5,255,5,5,255,5,5,5,5,255,5,5,5,255,255,255
1780854942.622295,18281,1837343016,836,2061,2073,2029,2106,2071,1300,1001,1078,1220,2072,2097,2071,2057,1395,1117,1184,2024,2033,2097,2047,2052,2055,1705,1251,2034,2061,2082,2096,2105,2080,1774,1187,2034,2095,2106,2113,2070,2019,1954,1140,2017,2077,2095,2116,2080,1948,1919,1152,2043,2122,2083,2053,2069,1946,1992,1102,1554,2046,2031,1947,1954,2046,1954,5,5,10,5,5,255,5,5,5,5,5,10,255,255,5,5,5,5,5,5,5,5,5,5,9,5,5,5,5,5,5,5,5,5,10,5,5,255,10,255,5,255,5,5,5,5,5,5,5,10,5,5,10,5,5,5,5,10,5,5,255,10,10,255
1780854942.721528,18282,1837443017,840,2061,2087,2029,2051,2056,1302,1022,1076,1310,2076,2085,2076,2057,1462,1108,1201,1649,2114,2087,2101,2083,2102,1705,1166,2048,2076,2084,2106,2114,2104,1774,1142,2093,2098,2081,2085,2070,2099,1869,1257,2017,2077,2095,2096,2080,1974,1952,1152,2043,2077,2074,2141,1975,1962,1954,1095,1554,2094,1934,1990,1954,2046,1954,5,255,5,255,5,10,5,5,5,5,5,5,10,255,5,5,5,4,5,5,5,5,5,255,5,5,5,5,5,5,5,255,5,5,5,5,5,255,5,10,5,255,255,255,5,5,5,5,5,255,5,5,5,5,5,5,5,255,5,5,10,255,255,255
1780854942.821809,18283,1837543016,842,1057,2059,2072,2057,2034,1253,1035,1078,1268,2055,2074,2073,2068,1502,1128,1200,1812,2054,2109,2172,2112,2075,1705,1213,2054,2093,2085,2086,2064,2088,1878,1193,2093,2080,2089,2108,2097,2099,1954,1151,2051,2088,2105,2155,2117,1971,1942,1130,1942,2096,2081,2128,1966,2033,1952,1120,1554,2086,2065,1974,1952,2079,1954,5,10,5,10,5,5,5,5,5,5,5,5,5,10,5,5,5,5,5,5,5,5,5,255,5,5,5,5,5,5,5,10,5,255,5,5,5,10,255,5,5,10,10,10,5,5,5,5,5,10,5,5,5,5,5,5,5,255,5,5,5,10,10,255
1780854942.922549,18284,1837643016,846,1019,2108,2072,2075,1998,1342,1005,1077,1319,2049,2074,2086,2068,1438,1068,1219,2031,2084,2085,2060,2074,2085,1736,1156,2037,2113,2077,2086,2111,2069,1896,1223,2012,2029,2103,2115,2084,2068,1916,1168,2051,2090,2101,2094,2120,1978,1902,1144,1942,2085,2119,2128,1989,1939,1982,1143,1621,2038,2039,2019,1928,2079,1954,5,5,5,255,5,5,5,5,5,5,5,255,5,255,5,5,9,4,5,5,5,5,5,10,5,5,5,5,5,5,5,5,5,10,5,5,5,5,10,5,5,255,5,5,5,5,5,5,5,255,5,5,255,5,5,5,5,10,5,5,5,5,255,255
1780854943.021887,18285,1837743016,832,1030,2096,2041,2076,2005,1282,967,1037,1311,2093,2100,2079,2068,1385,1089,1212,2079,2096,2076,2087,2109,2091,1662,1176,1986,2113,2086,2085,2111,2079,1789,1192,2012,2106,2125,2116,2084,2071,1916,1204,2028,2100,2101,2107,2095,1978,1959,1122,2033,2096,2109,2078,2073,1973,1940,1122,1887,2022,2025,1986,1928,1931,1954,5,5,5,10,5,5,9,5,5,5,5,10,5,255,5,5,5,5,5,5,5,5,5,5,9,5,5,5,5,5,5,5,5,255,5,5,5,255,5,255,5,10,5,255,5,5,255,5,9,10,5,5,10,5,5,5,5,4,5,5,5,255,10,255
1780854943.134075,18286,1837853017,849,1057,2016,2075,2085,2005,1269,990,1068,1273,2028,2100,2121,2068,1423,1128,1187,2022,2063,2080,2108,2079,2063,1735,1204,2032,2044,2085,2098,2100,2056,1789,1169,2070,2106,2102,2100,2144,2071,1916,1149,1962,2126,2082,2114,2086,1951,1882,1146,2033,2097,2083,2078,1994,1961,1940,1105,1887,2022,2082,1995,1928,1931,1954,5,5,5,5,5,255,5,5,5,5,5,255,5,255,5,5,5,5,5,5,5,5,5,5,5,5,5,5,5,5,5,255,5,10,5,5,5,10,255,255,9,5,5,10,5,5,10,5,5,255,5,5,255,5,5,255,5,255,255,5,255,255,255,255
1780854943.231560,18287,1837953016,846,2091,2016,2068,2074,2072,1277,1003,1074,1365,2028,2089,2066,2081,1448,1082,1170,1546,2078,2086,2058,2112,2051,1735,1176,2032,2107,2092,2094,2095,2116,1856,1191,2040,2072,2108,2105,2061,2071,1878,1192,1962,2072,2120,2101,2086,1972,1940,1170,2033,2073,2098,2086,2014,1956,1934,1114,1989,1995,2096,1978,1960,1931,1954,5,4,255,5,5,10,9,5,5,5,255,10,5,10,5,5,5,5,5,5,5,5,5,255,5,255,5,5,5,5,5,10,5,5,5,5,5,5,255,10,5,255,5,5,5,5,5,5,5,255,5,5,10,5,5,10,5,10,10,5,5,10,255,255
1780854943.332447,18288,1838053017,830,1025,2060,2077,2099,2125,1247,985,1091,1218,2028,2089,1958,2084,1422,1124,1196,2028,2075,2098,2119,2142,2040,1748,1181,1888,2081,2086,2086,2075,2100,1856,1174,2016,2112,2095,2085,2061,2018,1878,1211,1962,2111,2068,2128,2064,2016,1966,1125,2033,2140,2111,2086,2015,1965,1938,1139,1989,1995,2046,1990,1960,1931,1954,5,255,10,5,5,5,5,5,5,5,255,255,5,5,5,5,5,5,5,5,5,5,5,10,5,10,5,5,5,5,5,255,5,5,5,5,5,255,10,255,5,255,5,5,255,5,5,5,5,255,5,5,255,5,5,5,5,255,255,5,5,255,255,255
1780854943.432540,18289,1838153017,831,1088,2065,2071,2066,2047,1253,977,1038,1263,2052,2095,1958,2084,1472,1094,1129,2071,2054,2082,2091,2127,2056,1707,1176,2010,2084,2087,2106,2098,2068,1856,1209,2015,2060,2084,2118,2061,2018,1878,1167,1962,2095,2072,2072,2045,1979,1920,1160,2033,2109,2106,2104,2026,1959,1938,1105,1989,2055,2060,2016,1956,1931,1954,5,5,5,5,5,5,9,5,5,5,10,10,255,255,5,5,5,5,5,5,5,5,5,5,5,5,5,5,5,5,5,255,9,5,5,5,5,255,255,255,5,255,5,5,5,5,9,5,5,255,5,5,10,5,5,5,5,255,10,5,5,10,255,255
1780854943.532813,18290,1838253017,839,2037,2065,2082,2077,1996,1225,1004,1067,1247,2070,2095,2056,2120,1397,1133,1162,1907,2108,2107,2068,2123,2081,1707,1152,2062,2084,2083,2071,2130,2081,1856,1189,2089,2068,2091,2127,2061,2018,1905,1164,1962,2106,2075,2072,2076,1979,1872,1130,2017,2093,2091,2089,1948,1948,1950,1082,1989,2055,2043,1939,1956,1931,1954,5,5,255,5,5,5,9,5,5,5,5,255,10,10,5,5,5,5,5,5,5,5,5,255,5,5,5,5,5,5,5,255,5,5,5,5,5,255,255,10,5,255,5,5,255,5,255,5,5,10,5,5,5,5,5,5,5,255,255,5,5,255,255,255
1780854943.632718,18291,1838353017,840,2039,2060,2099,2087,2058,1292,1013,1080,1332,2083,2080,2056,2120,1456,1108,1193,1939,2071,2074,2073,2116,2023,1724,1178,2128,2097,2091,2095,2084,2088,1856,1232,2089,2087,2126,2128,2061,2039,1951,1157,1962,2088,2094,2069,2074,1979,1949,1153,2017,2132,2073,2121,1954,1986,1950,1113,1989,2024,2029,2018,1956,1931,1954,5,5,10,5,5,5,5,5,5,5,5,10,255,255,5,5,5,9,5,5,5,5,9,10,5,5,5,5,5,5,5,255,9,255,5,5,5,255,10,5,5,255,5,5,10,5,255,5,5,255,5,255,5,5,255,255,5,255,10,5,5,255,255,255
1780854943.732474,18292,1838453017,825,2104,2079,2081,2084,2137,1281,1034,1078,1281,2117,2106,2056,2073,1447,1099,1196,2013,2075,2125,2073,2109,2067,1751,1174,2030,2088,2093,2088,2101,2066,1868,1153,2089,2087,2104,2089,2109,2068,1929,1185,1962,2058,2094,2069,2107,1979,1926,1151,2017,2110,2082,2121,2029,1946,1950,1135,1989,2079,2061,2019,1961,1931,1954,5,5,5,5,5,5,5,5,5,5,5,5,255,10,5,5,5,5,5,5,255,5,5,5,5,5,5,5,5,5,5,10,5,255,255,5,5,10,5,5,5,255,5,255,255,5,255,5,5,255,5,5,255,5,5,255,5,255,5,5,5,10,255,255
1780854943.832859,18293,1838553016,850,1054,2078,2081,2065,2024,1298,988,1092,1315,2052,2088,2059,2073,1515,1139,1201,1981,2089,2076,2019,2080,2087,1728,1169,2038,2094,2084,2070,2125,2111,1868,1168,2046,2076,2108,2104,2115,2058,1992,1139,2020,2108,2085,2129,2088,2019,1921,1120,2014,2066,2128,2112,1954,1943,1965,1117,1702,2059,2061,2005,1889,1931,1954,5,5,5,255,5,5,5,5,5,9,5,5,10,255,9,5,5,5,5,5,10,5,5,5,9,5,5,5,5,5,5,255,5,10,10,5,5,5,5,5,5,10,5,10,10,5,10,5,5,10,5,5,10,5,5,10,5,10,5,255,5,5,255,255
1780854943.932935,18294,1838653017,852,1057,2078,2063,2073,1957,1296,981,1093,1357,2052,2088,2080,1977,1497,1105,1208,2046,2036,2093,2090,2113,2068,1753,1150,1968,2072,2082,2099,2110,2120,1871,1199,2091,2058,2094,2089,2115,2017,1858,1171,2043,2078,2078,2105,2109,1894,1907,1127,2042,2138,2100,2112,2012,1968,1977,1116,1704,2059,2061,2015,2013,1931,1954,5,255,255,10,5,5,5,5,5,5,255,255,5,10,5,5,5,5,5,5,5,5,5,5,5,5,5,5,5,5,5,10,5,5,5,5,5,255,5,5,5,5,5,5,5,5,5,5,5,5,5,5,255,5,5,5,5,5,255,255,255,5,255,255
1780854944.032542,18295,1838753016,830,1145,2062,2054,2097,2009,1244,998,1085,1311,2034,2083,2080,2015,1379,1094,1183,1930,2063,2072,2091,2124,2081,1710,1213,2041,2102,2087,2100,2107,2090,1871,1194,2085,2115,2086,2124,2142,2012,1858,1228,2028,2068,2102,2117,2092,1894,1968,1138,2042,2089,2107,2068,2019,1958,1945,1117,1704,2053,2043,1947,1975,1931,1954,5,5,10,5,5,5,5,5,5,9,10,10,255,5,5,9,5,5,5,5,5,5,5,5,5,5,5,5,5,5,5,255,5,5,5,5,5,10,5,255,5,5,5,5,5,5,255,5,5,255,5,5,10,5,255,5,5,255,10,10,5,5,255,255
1780854944.131322,18296,1838853017,833,1024,2062,2088,2100,2044,1281,1011,1063,1280,2034,2068,2069,2106,1508,1117,1168,1948,2048,2088,2045,2075,2068,1710,1205,2041,2078,2079,2081,2083,2116,1909,1174,2037,2109,2091,2072,2142,2012,1870,1160,2028,2095,2081,2086,2039,1894,1952,1147,2042,2107,2113,2096,2019,1984,1977,1139,1869,2053,2043,1983,1983,1931,1954,5,5,255,5,5,5,9,5,5,5,255,5,10,5,5,5,5,5,5,5,5,5,5,255,5,255,5,5,5,5,5,10,5,5,5,5,5,255,255,10,5,255,5,5,5,5,255,5,5,255,5,5,5,255,5,5,5,10,255,255,5,5,255,255
1780854944.231837,18297,1838953017,844,1024,2063,2112,2069,2016,1225,975,1082,1237,2063,2097,2110,2106,1386,1098,1189,1911,2070,2094,2085,2100,2065,1710,1202,2072,2113,2089,2091,2120,2115,1909,1180,2095,2120,2111,2094,2122,2027,1869,1214,2028,2088,2081,2114,2134,1894,1959,1156,2005,2070,2096,2120,1972,1960,1925,1141,1869,2034,2025,2004,1999,1931,1954,5,255,10,5,5,5,5,5,5,5,10,5,5,255,5,5,5,5,5,5,5,5,5,255,5,10,5,5,5,5,5,255,5,5,5,5,5,10,10,5,5,255,5,255,5,5,255,5,5,10,5,5,5,10,5,5,5,255,10,10,5,5,255,255
1780854944.331672,18298,1839053017,851,1034,2030,2018,2075,2081,1286,982,1057,1304,2043,2066,2110,2106,1498,1105,1120,2031,2072,2105,2083,2108,2065,1710,1165,2037,2110,2096,2088,2116,2104,1910,1185,2095,2158,2105,2139,2122,2027,1935,1188,2028,2080,2092,2097,2068,2035,1934,1144,2005,2094,2106,2120,1960,1918,1987,1110,1869,2027,2077,1985,1963,1931,1954,5,255,5,5,5,5,5,5,5,5,5,5,255,255,5,5,5,5,5,5,5,5,5,255,5,5,5,5,5,5,5,10,5,255,5,5,5,255,255,5,5,255,5,10,5,5,10,5,5,255,5,5,255,255,5,5,5,255,5,5,5,5,255,255
1780854944.432617,18299,1839153017,825,2072,2094,2091,2067,2029,1257,991,1083,1256,2043,2066,2110,2016,1477,1124,1174,1963,2079,2102,2083,2112,2092,1654,1146,2092,2087,2089,2079,2097,2087,1884,1188,2030,2135,2093,2101,2088,2027,1925,1173,2028,2099,2092,2097,2110,2035,1956,1128,2067,2080,2140,2105,1992,1949,1950,1121,1869,2062,2038,1962,1963,1931,1954,5,4,5,5,5,5,9,5,5,5,255,255,255,10,5,5,5,5,5,5,255,5,5,10,9,5,5,5,5,5,5,5,5,10,5,5,5,10,255,5,5,255,5,255,255,5,255,5,5,10,5,5,10,5,5,5,5,255,5,5,5,255,255,255
1780854944.532209,18300,1839253017,835,1045,2059,2091,2068,2083,1298,995,1084,1228,2043,2066,2106,2016,1486,1130,1205,2005,2084,2084,2090,2072,2074,1626,1199,2092,2086,2073,2092,2093,2094,1937,1190,2010,2073,2087,2141,2156,2032,1881,1185,2028,2098,2058,2079,2088,1996,1951,1122,2067,2069,2116,2105,2019,1988,1964,1125,1869,2062,2074,2001,1941,1931,1954,5,5,5,255,5,5,5,5,5,5,255,255,10,255,5,5,5,5,5,5,10,5,5,5,5,255,5,5,5,5,5,5,5,5,5,5,5,5,10,5,5,255,5,10,10,5,10,5,5,255,5,5,255,5,5,5,5,255,255,5,5,10,255,255
1780854944.632424,18301,1839353016,843,2073,2059,2096,2095,2046,1377,971,1083,1238,2070,2069,2077,2016,1490,1130,1179,2005,2055,2067,2052,2126,2079,1699,1212,2003,2114,2087,2080,2147,2078,1827,1210,1847,2082,2079,2103,2156,2108,1884,1144,2056,2117,2101,2118,2055,1930,1955,1157,2067,2089,2090,2116,1990,1962,1965,1111,1869,2026,2074,2047,1994,1959,1954,5,4,255,10,5,5,5,5,5,5,10,10,5,255,5,5,5,255,5,5,5,5,5,5,5,10,5,5,5,5,5,5,5,9,5,5,5,255,5,5,5,10,5,5,5,5,5,5,5,255,5,5,10,5,5,5,5,255,10,255,5,5,10,255
1780854944.732471,18302,1839453017,852,1073,2017,2096,2052,1948,1278,1038,1097,1253,1980,2079,2111,2011,1430,1118,1181,2040,2110,2131,2052,2097,2063,1699,1165,2072,2088,2081,2092,2089,2074,1893,1283,2069,2090,2098,2109,2156,2041,1884,1141,2056,2079,2087,2129,2074,1930,1991,1144,2029,2143,2107,2116,1966,1961,1965,1112,1644,2032,2029,1935,1939,1959,1954,5,5,10,255,5,9,5,5,5,5,5,5,5,10,4,5,5,10,5,5,255,5,5,255,5,5,5,5,5,5,5,5,5,4,5,5,5,255,5,255,5,255,5,5,5,5,255,5,5,10,5,5,255,5,5,255,5,10,5,10,5,5,255,255
1780854944.831340,18303,1839553017,837,1158,2017,2096,2066,2052,1302,990,1075,1214,1980,2105,2111,2011,1359,1109,1163,2057,2092,2139,2056,2113,2058,1699,1266,2055,2090,2079,2085,2117,2104,1893,1142,2004,2102,2101,2109,2040,2064,1884,1175,2056,2086,2059,2095,2095,1945,1991,1112,2029,2100,2076,2080,1957,1957,1891,1137,1644,2002,2017,1977,1918,1959,1954,5,5,255,255,5,5,9,5,9,5,255,5,255,255,5,5,5,5,5,5,10,5,5,255,5,5,5,5,5,5,5,255,5,5,5,5,5,10,5,255,5,255,5,5,5,5,10,255,5,255,5,5,10,5,5,10,5,255,5,5,5,5,255,255
1780854944.932098,18304,1839653017,852,1067,1125,2096,2077,2058,1280,1027,1073,1255,2105,2081,2111,2073,1455,1117,1196,2036,2094,2071,2147,2087,2039,1773,1208,2056,2100,2073,2086,2095,2112,1893,1183,2069,2090,2086,2114,2118,2064,2017,1177,2056,2130,2080,2099,2076,1957,1929,1153,2029,2099,2109,2080,1998,1936,1955,1103,1644,2002,2009,1990,1918,1959,1954,5,5,255,255,5,5,9,5,5,5,10,5,255,10,5,5,5,5,5,5,5,5,5,10,5,5,5,5,5,5,5,255,5,5,5,5,5,5,255,10,5,255,5,5,5,5,5,10,5,255,5,5,255,5,5,5,5,255,255,5,5,255,255,255
1780854945.031942,18305,1839753017,855,995,1051,2096,2077,2083,1278,985,1072,1141,1133,2081,2111,2073,1415,1147,1141,2049,2071,2067,2094,2092,2077,1682,1198,2045,2105,2092,2085,2114,2105,1893,1170,2047,2071,2087,2127,2109,2045,1842,1188,776,2064,2078,2124,2058,1939,1945,1144,2029,2089,2110,2112,2001,1962,1938,1082,1644,2053,1977,2001,1975,1959,1954,5,5,5,255,255,5,9,5,5,5,4,255,255,255,5,5,5,5,5,5,5,5,5,5,5,5,5,5,5,5,5,255,5,5,5,5,5,5,10,5,5,10,5,5,5,5,5,5,5,255,5,5,10,5,5,5,5,255,10,5,5,10,255,255
1780854945.132206,18306,1839853017,849,941,987,1066,1209,2083,1272,988,1071,1203,1088,2081,2111,2073,1529,1114,1163,1952,2065,2063,2088,2123,2087,1716,1180,2038,2081,2097,2078,2097,2099,1798,1212,1967,2062,2090,2080,2124,2045,1842,1200,2002,2064,2107,2096,2173,2119,1891,1124,2029,2104,2107,2112,2004,1930,1946,1103,1876,2053,1977,1988,1953,1959,1954,5,5,5,10,255,255,5,5,5,5,5,255,255,255,5,5,5,5,5,5,5,5,5,5,5,5,5,5,5,5,5,10,5,9,5,5,5,5,255,255,5,5,255,5,5,5,5,5,5,255,5,5,255,5,5,5,5,10,255,255,5,5,255,255
1780854945.232999,18307,1839953017,838,799,812,894,982,2083,1307,997,1100,1252,1008,2081,2111,2167,1373,1138,1164,1738,2053,2070,2057,2053,2104,1716,1211,2029,2082,2098,2097,2120,2097,1862,1187,2075,2047,2078,2095,2132,2045,1963,1166,2002,2088,2076,2126,2128,2119,1963,1123,2061,2105,2113,2113,2023,1921,1947,1146,1876,2072,2044,1988,1989,1954,1954,5,5,5,5,4,255,5,5,5,5,5,255,255,10,5,5,5,4,5,5,5,5,5,255,5,5,5,5,5,5,5,5,5,5,5,5,5,5,255,10,5,255,10,5,5,5,255,5,5,10,5,5,10,5,5,5,5,255,10,10,255,5,10,255
1780854945.332212,18308,1840053017,845,697,690,730,760,1110,1293,974,1074,1241,932,912,2111,2167,1384,1085,1188,1586,2053,2120,2057,2093,2055,1716,1228,2047,2102,2082,2084,2110,2064,1824,1182,2075,2075,2089,2110,2132,2045,1916,1181,2002,2118,2076,2135,2047,2119,1965,1141,1989,2090,2099,2111,2066,1956,1947,1103,1876,2017,2032,1987,1976,1954,1954,5,5,5,5,4,10,5,5,5,5,5,10,255,255,5,5,5,5,255,5,255,5,5,255,5,5,5,5,5,5,5,5,5,255,5,5,5,255,255,5,5,255,5,255,5,5,255,3,5,5,5,5,5,5,5,255,5,255,5,5,10,5,255,255
1780854945.432517,18309,1840153016,844,670,647,659,670,529,1209,1015,1062,1227,684,698,832,1127,1415,1071,1215,1987,2110,1052,817,2111,2081,1726,1183,2038,2080,2100,2103,2105,2081,1794,1174,2075,2070,2062,2101,2096,2074,1928,1170,2002,2078,2130,2113,2047,1927,1977,1119,1890,2067,2114,2093,1987,1937,1909,1136,1876,2053,2032,2069,1992,1954,1954,5,5,5,5,5,4,5,5,5,5,4,4,10,10,5,5,5,4,10,4,255,5,5,10,5,5,5,5,5,5,5,5,5,255,5,5,5,10,10,5,9,255,5,10,5,255,10,5,5,5,5,5,5,5,5,10,5,255,5,255,5,5,255,255
1780854945.532384,18310,1840253017,843,1053,613,600,373,372,368,398,1078,1206,664,632,681,403,1438,424,1165,684,690,704,810,2111,2037,1670,1184,2032,2092,2100,2108,2109,2053,2003,1223,2053,2070,2133,2097,2096,2074,1928,1168,2002,2083,2114,2108,2110,1966,1949,1122,1890,2082,2127,2083,1993,1981,1909,1126,1876,2053,2032,1988,1937,1954,1954,5,5,5,5,4,4,5,4,5,4,5,5,5,4,5,4,5,4,4,4,5,255,5,5,5,5,5,255,5,5,5,4,5,10,255,5,5,255,255,255,5,255,5,5,5,10,5,5,5,255,5,5,5,5,5,255,5,255,255,255,5,5,255,255
1780854945.632194,18311,1840353017,845,995,2101,400,349,346,344,351,1084,1295,629,602,396,356,366,361,1196,741,661,657,661,386,373,393,1189,2032,2039,702,738,2115,2020,2003,1157,2091,2070,2126,2067,2096,2074,1928,1135,1999,2074,2032,2157,2054,1947,1914,1149,1890,2096,2102,2083,2001,1941,1975,1115,1876,2019,2057,2068,1971,1954,1954,5,5,4,255,5,5,5,5,9,5,5,5,4,5,5,5,5,5,5,5,5,255,4,4,5,255,5,10,4,5,5,255,5,5,255,5,5,255,255,255,5,10,5,5,5,5,5,5,5,255,5,5,5,5,5,10,5,255,10,10,5,5,255,255
1780854945.741902,18312,1840463017,830,2078,2101,2093,379,350,359,971,1081,1241,628,403,372,358,351,368,1194,1964,663,568,369,350,350,362,1223,1989,672,647,424,359,379,375,1167,2080,684,692,686,2096,408,1928,1219,1999,2104,2093,2095,2088,2040,1936,1143,1890,2064,2092,2071,1982,1972,1959,1100,1876,2014,2050,1964,1955,2002,1954,5,4,255,4,255,5,5,4,5,5,5,255,5,5,5,255,5,4,5,5,4,5,5,5,5,10,5,5,4,5,4,10,5,5,10,4,4,255,255,255,5,255,5,5,5,5,5,5,5,255,5,5,5,5,5,5,5,255,5,5,5,5,10,255
1780854945.840706,18313,1840563016,841,1057,2101,2096,2080,2114,1251,992,1082,1345,2073,2071,545,572,385,1126,1197,2022,2101,772,379,355,365,373,1210,2061,650,462,364,353,351,371,1151,2045,669,565,366,356,351,380,1250,2097,701,550,369,368,389,380,1191,2017,2130,2115,2120,1954,1947,1931,1110,1876,2064,2024,1953,1950,2002,1954,5,5,255,5,4,4,4,5,5,5,5,4,5,4,5,4,5,5,5,4,5,5,5,255,5,5,5,5,5,5,5,255,9,5,5,9,4,10,5,10,5,10,4,4,4,4,4,4,5,10,5,5,5,5,5,5,5,255,5,5,5,5,255,255
1780854945.940614,18314,1840663017,848,1058,2060,2071,2061,2052,1276,1013,1063,1228,2012,2071,616,572,1425,1117,1181,2022,2039,627,622,631,626,1653,1207,1951,2093,620,483,563,392,371,1198,2045,644,442,371,356,365,376,1153,1987,691,380,352,348,342,367,1162,2017,2095,374,353,348,337,343,1136,1876,2110,382,355,361,2002,1954,5,5,10,5,5,5,5,5,5,5,5,255,5,255,9,5,5,255,5,5,4,4,4,4,5,5,4,5,5,4,5,255,5,255,5,5,5,5,5,255,5,5,5,5,5,5,5,5,9,255,5,4,4,4,4,4,5,255,5,4,4,4,255,255
1780854946.043621,18315,1840763016,852,2067,2016,2097,2102,2001,1328,980,1085,1270,2095,2066,2194,572,1416,1093,1174,2035,2062,2033,668,639,2079,1653,1194,1975,2095,650,617,626,611,371,1206,2037,2086,622,599,609,365,376,1199,2024,655,618,402,420,388,1889,1151,2017,636,387,353,350,360,383,1120,1876,2056,369,351,347,351,1954,5,5,5,5,5,5,5,5,5,5,5,10,4,255,5,5,5,10,5,5,5,5,5,255,5,5,5,5,5,5,4,255,9,10,4,4,4,4,255,255,5,5,5,4,5,5,5,4,5,255,5,5,5,5,5,255,5,255,5,5,5,5,10,255
1780854946.142217,18316,1840863017,846,1093,2088,2077,2094,2009,1219,994,1079,1313,2049,2040,2194,572,1384,1108,1174,1983,2078,2111,2178,639,2084,1807,1185,2032,2079,2079,639,638,2076,1943,1220,1957,2166,636,615,614,365,376,1169,2024,652,616,600,577,1984,1920,1135,2017,628,596,437,398,406,434,1115,1876,2056,405,366,370,368,400,5,255,5,5,5,5,5,5,5,5,5,5,255,255,5,5,5,5,5,5,4,255,5,10,5,5,5,5,5,5,5,10,9,5,5,5,5,5,255,255,9,255,255,5,5,5,4,5,5,255,5,4,5,5,5,255,5,255,255,5,5,5,5,10
1780854946.242673,18317,1840963016,837,2072,2073,2078,2109,2009,1204,1012,1086,1320,2049,2064,2100,572,1500,1117,1187,1675,2072,2083,2088,2071,2078,1611,1172,2061,2084,2092,635,653,2078,1842,1205,1957,2096,641,626,627,691,376,1160,1672,2096,622,591,606,991,1932,1135,2017,2105,620,555,497,416,1977,1113,1876,2056,582,388,386,387,412,5,4,5,5,5,255,5,5,9,5,255,5,10,255,4,5,5,5,5,5,5,4,5,5,5,5,5,5,5,5,5,5,5,255,5,5,5,5,255,255,5,10,4,5,5,5,4,5,5,255,4,5,5,5,5,4,5,255,255,5,5,5,5,5
1780854946.339794,18318,1841063016,843,2004,2064,2034,2083,2080,1331,987,1052,1282,2049,2056,2100,2070,1415,1071,1200,1728,2053,2058,2108,2082,2081,1568,1206,2088,2087,2085,663,658,2041,1842,1206,2083,2097,650,629,647,807,1883,1228,2053,2099,611,615,627,887,1932,1157,2017,2122,627,572,500,448,1956,1122,1876,2056,506,398,381,397,442,5,5,5,5,5,10,9,5,5,5,255,5,255,10,4,5,5,5,5,5,5,5,5,5,5,5,5,5,5,5,5,255,5,10,5,5,5,5,5,10,5,4,5,5,5,5,5,255,5,255,5,5,5,5,5,5,5,255,255,5,5,5,5,5
1780854946.440885,18319,1841163016,844,1035,2096,2070,2091,2038,1256,967,1081,1340,2049,2087,2101,2070,1397,1120,1203,2036,2067,2109,2050,2131,2055,1714,1150,1939,2072,2074,644,636,2114,1868,1145,2082,2114,652,648,640,801,1883,1193,1948,2089,639,614,625,812,1892,1123,2017,2102,606,562,510,415,1988,1117,1876,2013,400,377,376,391,418,5,5,5,5,5,5,5,5,5,5,255,5,10,255,5,5,5,4,5,5,5,5,5,5,5,5,5,5,5,5,5,10,9,5,5,5,5,5,5,255,5,9,5,5,5,5,5,10,5,255,5,5,5,5,5,5,5,255,10,5,5,5,5,5
1780854946.541654,18320,1841263016,839,2069,2072,2053,2099,2053,1275,1032,1085,1248,2080,2087,2088,2055,1396,1138,1207,1788,2051,2066,2103,2081,2041,1638,1168,1939,2089,2086,2078,2119,2116,1927,1172,2111,2087,656,641,629,683,1961,1237,2013,2094,637,613,638,780,1946,1139,2017,2103,605,502,436,431,2002,1128,1673,2056,397,374,369,388,449,5,5,5,5,5,9,5,5,5,5,10,255,5,10,5,5,5,4,5,5,5,5,5,5,9,255,5,5,5,5,5,5,9,5,5,5,5,5,5,10,5,5,5,5,5,5,5,5,5,255,5,5,5,5,5,5,5,10,5,5,5,5,5,255
1780854946.642254,18321,1841363016,845,1026,2084,2049,2102,1990,1275,987,1063,1350,2047,2077,2088,2108,1370,1119,1183,1562,2079,2067,2073,2055,2012,1665,1181,2041,2086,2088,2074,2112,2087,1932,1197,2027,2109,2088,634,625,625,1961,1166,1978,2112,636,609,619,686,728,1139,2017,2057,603,471,436,432,1965,1092,1673,2056,394,368,361,364,449,5,5,5,5,5,9,5,5,5,5,5,10,255,5,5,5,5,4,5,5,5,5,5,5,5,10,5,5,5,5,5,5,5,5,5,5,5,5,5,255,5,5,5,5,5,5,5,5,5,255,5,5,5,5,5,5,5,255,255,5,5,5,5,255
1780854946.740871,18322,1841463016,851,2073,2076,2072,2079,2052,1257,999,1069,1329,2081,2077,2147,2009,1382,1081,1176,1562,2075,2087,2088,2056,2085,1665,1234,1994,2067,2084,2091,609,2079,1932,1205,2017,2137,2130,636,614,617,1881,1130,2001,2089,605,605,597,622,666,1128,2017,2108,598,431,418,479,696,1121,1673,2056,377,368,360,361,402,5,5,5,5,5,5,5,5,5,5,5,255,10,5,5,5,5,255,5,5,5,5,5,255,5,5,5,5,5,255,5,255,5,5,5,5,5,5,5,10,5,5,5,5,5,5,5,5,5,255,5,5,5,5,5,5,5,255,255,5,5,5,5,255
1780854946.841908,18323,1841563016,837,2042,2091,2043,2079,2016,1275,970,1069,1309,2071,2093,2122,2009,1427,1113,1185,1724,2065,2098,2055,2095,2091,1696,1184,2032,2081,2093,2108,2136,2074,1864,1216,2013,2112,2110,628,592,579,1895,1200,2001,2089,609,611,599,595,1926,1142,2035,2073,557,438,422,460,647,1122,1673,2057,404,367,361,375,402,5,5,5,5,5,5,5,5,5,5,5,10,5,255,5,5,5,10,5,5,5,5,5,10,5,5,5,5,5,10,5,10,5,5,5,5,5,5,5,5,5,255,255,5,5,5,5,4,5,10,5,9,5,5,5,5,5,255,10,5,5,5,5,255
1780854946.941165,18324,1841663017,851,2110,2091,2072,2036,2048,1270,966,1090,1263,2017,2060,2122,2104,1415,1104,1197,1724,2090,2088,2125,2110,2055,1696,1149,1985,2102,2098,2097,2114,2098,1901,1203,1877,2111,626,633,601,577,1901,1180,2001,2105,636,601,596,578,632,1178,2035,2114,585,441,415,435,508,1114,1673,2057,407,370,359,369,402,5,5,255,5,5,5,5,5,5,5,5,5,255,10,9,5,5,255,5,5,5,5,5,255,5,5,5,5,5,5,5,5,5,5,5,5,5,5,255,5,5,255,10,5,5,5,5,255,5,255,5,5,5,5,5,255,5,255,255,5,5,5,5,255
1780854947.041039,18325,1841763017,847,1059,2069,2081,2046,2049,1247,982,1067,1340,2041,2094,2122,2101,1378,1110,1224,1636,2044,2070,2084,2103,2040,1696,1188,2058,2101,2082,2098,2110,2075,1901,1153,1877,2094,2117,630,600,577,1870,1160,2001,2076,642,609,578,590,1957,1143,2035,2131,587,450,414,450,522,1117,1673,1977,397,370,367,372,402,5,255,10,5,5,5,5,5,5,5,5,5,255,5,5,5,5,10,5,5,5,5,5,255,5,5,5,5,5,5,5,255,5,255,5,5,5,5,255,5,5,255,5,5,5,5,5,10,5,255,5,5,5,5,5,255,5,255,10,5,5,5,5,255
1780854947.140973,18326,1841863017,861,2088,2069,2081,2079,2107,1266,985,1082,1196,2085,2108,2046,2101,1398,1134,1183,1718,2073,2089,2092,2104,2093,1696,1119,2058,2064,2095,2085,2108,2106,1789,1159,1877,2126,2090,629,595,610,2006,1159,2001,2087,617,609,577,598,1913,1164,1954,2114,564,452,432,443,1937,1105,1673,1977,389,372,364,376,402,5,5,5,255,5,5,5,5,5,5,5,5,10,255,5,5,5,5,5,5,5,5,5,255,5,255,5,5,5,5,5,10,5,255,5,5,5,5,255,5,9,255,5,5,5,5,5,5,5,10,5,5,5,5,5,4,5,255,255,5,5,5,5,255
1780854947.240976,18327,1841963016,823,2022,2069,2065,2075,2039,1352,1000,1086,1274,2085,2076,2147,2004,1490,1102,1170,1885,2062,2089,2104,2088,2098,1752,1204,2058,2073,2083,2082,2110,2057,1833,1248,1877,2101,661,642,607,570,1919,1182,1980,2106,618,604,582,584,1913,1155,1954,2085,536,449,435,432,1962,1112,1673,2040,392,371,367,373,402,5,5,255,10,5,5,5,5,5,5,255,5,5,10,5,5,5,5,5,5,5,5,5,10,5,255,5,5,5,5,5,5,5,255,5,5,5,5,255,5,5,10,5,5,5,5,5,255,5,255,5,5,5,5,5,5,5,255,10,5,5,5,5,255
1780854947.341516,18328,1842063017,842,1016,2025,2065,2083,2022,1250,998,1076,1275,2085,2076,2114,2072,1460,1110,1168,1477,2072,2119,2097,2106,2091,1686,1178,2124,2077,2092,2087,2105,2084,1935,1215,1877,2101,662,633,594,570,1887,1217,1980,2105,623,607,578,579,1929,1174,1954,2062,514,417,428,461,1967,1136,1673,2040,390,364,364,378,402,5,5,10,255,5,9,5,5,5,5,255,255,5,5,5,5,9,4,5,5,5,5,5,5,5,10,5,5,5,5,5,5,5,255,255,5,5,5,255,5,5,255,5,5,5,5,5,10,5,255,5,255,5,5,5,5,5,255,255,5,5,5,5,255
1780854947.440887,18329,1842163017,851,1107,2025,2045,2068,2022,1292,1005,1065,1364,2057,2088,2057,2072,1450,1123,1190,2021,2068,2056,2082,2088,2043,1759,1185,2101,2066,2093,2086,2087,2067,1935,1144,2023,2094,671,618,601,570,1906,1205,2019,2093,638,599,577,579,1937,1197,1954,2107,489,408,399,417,1967,1113,1673,2040,388,366,359,372,402,5,255,255,10,5,255,5,5,5,5,10,10,5,255,5,5,5,4,5,5,5,5,5,5,5,5,5,5,5,5,5,255,5,10,10,5,5,5,255,5,5,10,5,5,5,5,5,5,5,255,5,5,5,5,255,255,5,255,255,5,5,5,5,255
1780854947.541083,18330,1842263017,851,1068,2130,2069,2098,2042,1224,999,1071,1193,2057,2091,2057,2072,1467,1126,1213,2012,2094,2081,2044,2097,2003,1759,1195,2101,2080,2090,2092,2086,2084,1930,1171,2023,2115,615,618,610,570,1913,1161,2019,2112,634,588,592,570,1937,1133,1954,2106,540,400,402,415,1967,1130,509,2040,370,368,359,368,402,5,5,10,5,5,10,5,5,9,5,255,5,255,255,5,5,5,5,5,5,5,5,5,255,5,255,5,5,5,5,5,10,5,255,5,5,5,5,255,5,5,255,5,5,5,5,5,5,5,255,5,5,5,5,5,255,5,3,255,5,5,5,5,255
1780854947.641171,18331,1842363016,847,2050,2049,2105,2086,2095,1301,976,1079,1313,2088,2072,2105,2072,1439,1119,1148,2002,2101,2077,2077,2090,2091,1661,1215,2005,2095,2094,2100,2090,2088,1852,1138,2082,2073,660,626,613,570,1916,1211,2011,2112,615,592,580,594,1939,1148,1954,2088,498,393,416,417,1967,1103,509,421,380,364,354,363,402,5,4,5,5,5,5,5,5,5,9,10,5,10,255,5,5,5,5,5,5,5,5,5,10,5,10,5,5,5,5,5,5,5,10,5,5,5,5,255,5,5,10,5,5,5,5,5,5,5,255,5,5,5,5,5,255,5,255,255,5,5,5,5,255
1780854947.742167,18332,1842463017,837,1051,2051,2116,2108,1963,1231,985,1068,1261,2056,2072,2064,1944,1378,1098,1183,2002,2090,2079,2077,2147,2043,1649,1216,1992,2090,2078,2087,2100,2062,1812,1154,2169,2126,648,625,618,570,1866,1156,2011,2112,607,599,581,581,1950,1138,1954,2080,557,410,404,435,1967,1090,509,408,383,366,356,384,402,5,5,5,5,5,5,5,5,9,5,5,255,5,10,5,5,5,255,5,5,255,5,5,5,9,5,5,5,5,5,5,5,5,5,5,5,5,5,255,5,5,255,255,5,5,5,5,5,5,255,5,5,5,5,5,255,5,255,255,5,5,5,5,255
1780854947.840996,18333,1842563016,843,1032,2051,2053,2104,2060,1213,998,1073,1341,2056,2053,2075,2096,1454,1117,1197,1827,2087,2085,2133,2100,2086,1670,1153,2035,2081,2086,2089,2089,2072,1750,1169,1986,2065,660,624,603,570,1866,1189,2184,2096,616,603,590,570,1983,1154,1954,2080,507,412,413,504,1936,1135,509,390,369,363,361,377,402,5,5,255,5,5,5,5,5,5,5,255,10,5,5,5,5,5,10,5,5,10,5,5,5,5,5,5,5,5,5,5,5,5,5,5,5,5,5,255,255,5,10,10,5,5,5,5,5,5,255,255,5,5,5,5,10,5,255,255,5,5,5,5,255
1780854947.941159,18334,1842663016,833,1027,2051,2097,2092,2019,1245,1004,1090,1207,2051,2075,2065,1993,1487,1083,1162,1684,2107,2049,2077,2093,2036,1676,1164,2047,2099,2089,2080,2136,2060,1750,1191,2068,2093,670,625,614,2090,1866,1169,2184,2114,623,601,589,593,1910,1112,1954,2072,485,415,417,489,2014,1117,509,405,377,363,360,364,402,5,5,255,5,5,5,5,5,5,5,10,5,5,5,5,5,9,9,5,5,5,5,5,5,9,5,5,5,5,5,5,255,5,5,5,5,5,5,10,255,5,255,5,5,5,5,5,5,5,255,10,5,5,5,5,5,5,255,255,5,5,5,5,255
1780854948.041530,18335,1842763017,845,1061,2059,2052,2083,2058,1334,995,1094,1272,2120,2055,2096,2043,1537,1074,1183,2026,2056,2090,2110,2114,2057,1676,1193,1989,2106,2094,2101,2060,2054,1750,1193,2036,2107,643,620,602,2090,1866,1180,2184,2091,621,601,593,616,1901,1154,1954,2045,464,406,421,518,1923,1115,509,412,376,362,362,373,402,5,5,10,5,5,5,9,5,5,9,5,5,5,5,9,5,5,4,5,5,5,5,5,255,9,5,5,5,5,5,5,255,5,5,5,5,5,5,255,255,5,255,5,5,5,5,5,5,5,255,5,5,5,5,5,255,5,255,255,5,5,5,5,255
1780854948.140954,18336,1842863016,831,2057,2071,2073,2063,2026,1275,995,1055,1254,2099,2072,2096,2113,1457,1086,1202,1962,2087,2072,2136,2103,2038,1641,1137,1989,2085,2094,2067,2124,2081,1750,1178,2000,2107,667,623,604,2049,1866,1167,1957,2119,640,600,603,623,1960,1143,1954,2116,507,421,444,549,1956,1107,509,381,374,367,363,378,402,5,5,5,5,5,5,5,5,5,5,5,5,255,5,5,5,5,5,5,5,5,5,5,10,5,255,5,5,5,5,5,255,5,5,255,5,5,5,10,255,5,10,5,5,5,5,5,5,5,255,5,5,5,5,9,5,5,255,255,5,5,5,5,255
1780854948.241785,18337,1842963017,825,1056,2103,2067,2050,2026,1302,991,1070,1255,2010,2073,2111,2061,1406,1107,1185,1844,2083,2096,2136,2103,2055,1641,1205,2077,2093,2088,2073,2088,2067,1828,1215,2000,2115,637,644,611,2049,1866,1158,1957,2083,614,608,614,615,1961,1145,1954,2070,523,446,499,622,1951,1132,1676,390,372,367,371,384,402,5,4,5,5,5,255,9,5,5,9,5,5,10,5,5,5,5,5,5,5,255,5,255,255,5,10,5,5,5,5,5,10,5,255,10,5,5,5,255,255,5,255,5,5,5,5,5,5,5,255,5,5,5,5,5,5,5,10,5,5,5,5,5,255
1780854948.341640,18338,1843063017,835,2066,2103,2067,2062,2026,1282,1022,1072,1300,2109,2073,2142,2041,1491,1138,1163,1844,2054,2064,2104,2087,2078,1721,1164,2043,2092,2084,2082,2077,2085,1847,1235,2062,2110,2114,630,585,2066,1866,1178,1957,2107,625,602,600,615,1955,1126,1954,2141,599,526,542,655,690,1132,1676,417,387,374,386,488,402,5,5,255,5,5,255,5,5,9,5,5,255,5,5,5,5,5,255,5,5,10,5,5,10,5,5,5,5,5,5,5,5,9,10,5,5,5,5,10,255,5,255,5,5,5,5,5,5,5,255,5,5,5,5,5,255,5,255,5,5,5,5,9,255
1780854948.450889,18339,1843173016,840,2080,2103,2063,2059,2093,1267,974,1071,1290,2049,2092,2042,2097,1430,1138,1174,1917,2047,2080,2112,2085,2083,1636,1199,1997,2115,2080,2081,2101,2107,1847,1201,2062,2058,2061,634,632,2048,1877,1173,1957,2099,631,615,609,615,1991,1177,1954,2075,609,575,585,674,655,1158,1626,416,398,384,405,574,402,5,5,255,5,5,10,9,5,5,5,5,10,5,5,4,5,5,10,5,5,5,5,5,5,9,5,5,5,5,5,5,255,5,255,5,5,5,5,5,10,5,255,5,5,5,5,5,5,5,255,5,5,5,5,5,255,5,10,5,5,5,5,5,255
1780854948.551096,18340,1843273017,860,1074,2108,2066,2077,2054,1208,981,1073,1254,2049,2091,2042,2097,1475,1098,1167,1917,2089,2089,2112,2075,2074,1665,1183,2071,2092,2085,2097,2104,2105,1963,1188,2062,2150,2083,667,637,2065,1877,1176,2034,2065,645,620,620,613,1973,1181,1954,2154,618,596,609,663,655,1103,1461,433,454,401,447,755,402,5,5,10,5,5,5,5,5,5,5,255,5,255,255,4,5,9,255,5,5,255,5,5,5,5,4,5,5,5,5,5,10,5,255,5,5,5,5,5,255,5,10,5,5,5,5,5,5,9,255,5,5,5,5,5,255,5,5,5,5,5,5,5,255
1780854948.650993,18341,1843373016,849,2025,2091,2056,2072,2072,1256,982,1074,1209,2049,2075,2042,2033,1439,1141,1192,1986,2086,2094,2124,2095,2062,1640,1202,2034,2091,2094,2070,2092,2109,1752,1216,2041,2048,2091,2105,637,2065,1863,1174,2032,2113,649,617,613,632,1929,1143,1954,2083,629,604,608,675,1977,1106,1400,665,599,506,631,758,402,5,4,5,5,5,5,5,5,5,5,255,5,255,10,9,5,5,10,5,5,10,5,5,5,5,5,5,5,5,5,5,4,5,10,5,5,5,255,255,3,5,5,5,5,5,5,5,5,5,255,5,5,5,5,5,10,5,5,4,5,5,9,5,255
1780854948.752015,18342,1843473017,819,1083,2071,2076,2071,2137,1249,980,1076,1273,2049,2086,2098,2121,1483,1079,1193,1986,2091,2054,2087,2156,2071,1657,1186,2007,2083,2070,2097,2056,2078,1940,1170,2041,2093,2089,734,2137,2065,1863,1192,2032,2113,647,638,609,613,1972,1145,1954,2118,622,603,592,641,1937,1130,1400,678,629,578,644,762,402,5,5,5,5,5,5,5,5,5,5,255,5,10,5,5,5,9,255,5,5,5,5,5,5,5,5,5,5,5,5,5,5,5,255,5,5,255,10,255,255,5,255,255,5,5,5,255,5,5,255,5,5,5,5,5,5,5,255,5,5,5,5,5,255
1780854948.851176,18343,1843573016,837,1091,2051,2085,2091,2036,1242,984,1095,1235,2080,2080,2079,2015,1496,1123,1167,2074,2045,2114,2132,2079,2080,1621,1215,2040,2078,2087,2085,2128,2075,1801,1206,2041,2086,2089,2136,2137,2065,1863,1200,2050,2089,667,634,609,1896,1931,1155,2028,2135,628,607,601,607,1953,1121,1406,681,623,589,655,785,402,5,5,5,5,5,5,5,5,5,5,10,5,5,5,5,5,5,10,5,5,5,5,5,5,5,4,5,5,5,5,5,5,5,255,5,5,4,255,255,255,5,10,10,255,5,5,4,5,5,10,5,5,5,5,5,5,5,10,255,5,5,5,5,255
1780854948.949606,18344,1843673017,835,2081,2061,2098,2094,2074,1293,1001,1076,1228,2042,2060,2112,2062,1370,1089,1197,1587,2085,2086,2132,2082,2057,1501,1254,2042,2116,2079,2076,2117,2127,1801,1196,2041,2126,2090,2102,2137,2065,1940,1223,2050,2089,3852,658,643,2018,1928,1157,2028,2096,650,607,599,601,1953,1110,1406,693,643,593,611,764,402,5,5,5,5,5,5,5,5,5,5,5,5,5,5,5,5,5,4,5,5,255,5,5,5,5,5,5,5,5,5,5,255,5,255,5,5,5,255,255,10,5,255,5,4,5,5,5,5,5,255,5,5,5,5,5,255,5,255,5,5,5,5,5,255
1780854949.050776,18345,1843773017,824,2073,2060,2064,2099,2041,1276,999,1054,1307,2052,2083,2112,2062,1424,1122,1207,1985,2064,2087,2118,2110,2096,1501,1202,1947,2064,2096,2091,2094,2131,1801,1199,2018,2126,2113,2120,2119,2089,1962,1152,2050,2066,706,670,658,630,1932,1161,1969,2091,668,613,619,618,1935,1122,1406,681,667,594,599,725,402,5,5,5,5,5,5,5,5,5,5,5,5,255,255,5,5,5,4,5,5,10,5,5,255,5,5,5,5,5,5,5,255,5,10,255,5,5,10,10,5,5,255,5,255,5,5,4,5,5,10,5,5,5,5,5,10,5,255,255,5,5,5,5,255
1780854949.151192,18346,1843873017,847,1060,2055,2096,2100,2017,1288,957,1060,1289,2073,2077,2072,2005,1509,1123,1208,1863,2068,2112,2122,2104,2070,1501,1153,1947,2088,2079,2091,2130,2059,1925,1192,2003,2072,2094,2084,2119,2089,1962,1160,2050,2102,706,719,684,630,1918,1131,1969,2092,720,634,613,606,1930,1136,1406,699,674,603,596,691,402,5,5,5,5,5,5,9,9,5,5,5,5,10,10,5,5,5,5,5,5,5,5,5,255,5,255,5,5,5,5,5,10,5,5,10,5,5,255,255,255,9,255,5,255,255,255,255,5,5,255,5,5,5,5,5,5,5,255,255,5,5,5,5,255
1780854949.250857,18347,1843973017,842,2102,2040,2069,2077,1921,1347,999,1082,1234,2073,2073,2072,2056,1464,1104,1185,2007,2071,2079,2104,2054,2080,1716,1145,2032,2079,2090,2096,2117,2109,1880,1143,2056,2072,2091,2136,2045,2089,1962,1219,2077,2085,706,704,688,630,1964,1151,1993,2047,745,660,626,614,1965,1107,1406,2046,702,620,599,612,402,5,5,5,5,5,9,5,5,5,5,255,5,255,5,5,5,5,5,5,5,5,5,5,10,5,10,5,5,5,5,5,5,5,5,255,5,5,10,255,255,5,10,5,255,255,255,255,5,5,10,5,255,5,5,5,5,5,255,4,5,5,5,5,255
1780854949.351655,18348,1844073017,846,1025,2060,2079,2079,2013,1243,1000,1075,1339,2124,2047,2097,2056,1397,1094,1173,2007,2070,2112,2052,2119,2096,1716,1185,2051,2086,2083,2093,2127,2091,1880,1159,2057,2126,2080,2134,2067,2089,1962,1134,2077,2085,2155,1071,711,666,1929,1128,1993,2129,745,706,639,632,1965,1107,1406,1990,724,640,611,597,402,5,5,5,5,5,5,5,5,5,5,10,5,10,255,9,5,5,255,5,5,5,5,5,255,5,5,5,5,5,5,5,255,5,5,10,5,5,5,255,255,5,255,255,10,3,255,255,5,5,255,5,255,5,5,5,255,5,255,5,5,5,5,5,255
1780854949.451284,18349,1844173017,860,1042,2118,2049,2133,2000,1283,994,1097,1340,2057,2073,2109,2091,1390,1109,1220,1600,2059,2093,2092,2095,2065,1716,1190,1963,2064,2094,2060,2078,2099,1838,1189,1944,2107,2115,2103,2067,2044,1981,1166,2077,2115,2155,794,768,737,1960,1184,1993,2095,2089,758,663,645,632,1102,1406,2093,749,697,630,616,602,5,5,5,5,5,5,5,5,5,5,5,5,5,10,5,5,5,10,5,5,5,5,5,255,5,5,5,5,5,5,5,10,5,5,5,5,5,255,10,10,5,255,10,255,255,255,255,5,5,255,5,10,5,5,5,10,5,255,5,255,5,5,5,10
1780854949.551077,18350,1844273017,846,1036,2102,2108,2075,1966,1215,965,1053,1276,1963,2117,2077,2091,1637,1100,1226,2075,2090,2088,2099,2046,2043,1766,1174,2051,2067,2091,2088,2113,2090,1884,1175,1944,2096,2099,2102,2077,2044,1981,1152,2077,2088,2155,794,768,720,1960,1145,1993,2101,2109,865,744,694,656,1092,1406,2071,749,726,691,627,624,5,5,5,5,5,5,5,5,5,5,9,5,5,255,4,5,5,4,5,5,5,5,5,10,5,5,5,5,5,5,5,5,5,255,5,5,5,10,255,255,5,255,5,255,255,255,255,255,5,255,5,5,255,5,5,5,5,255,5,255,5,5,5,5
1780854949.651090,18351,1844373017,837,2051,2102,2049,2109,2097,1270,972,1105,1264,2048,2066,2118,2091,1379,1114,1191,1810,2093,2093,2107,2109,2076,1703,1236,2051,2062,2076,2091,2065,2081,1916,1172,1944,2087,2090,2121,2072,2032,1981,1150,2077,2098,2155,794,1186,720,1966,1165,2036,2122,2102,865,808,736,694,1105,1406,2020,749,792,770,664,653,5,5,255,5,5,5,5,5,5,5,5,5,5,255,4,5,5,4,5,5,5,5,5,5,5,255,5,5,5,5,5,5,5,255,5,5,5,5,10,255,5,255,5,255,255,10,255,10,5,10,5,5,255,5,5,5,5,255,5,255,255,5,5,5
1780854949.752364,18352,1844473017,860,1035,2077,2096,2065,2027,1291,979,1067,1338,2120,2069,2118,2070,1454,1118,1174,1689,2067,2084,2107,2072,2088,1703,1179,1999,2078,2114,2099,2086,2075,1830,1148,2005,2066,2064,2129,2145,2060,1871,1162,2077,2098,2155,794,2010,720,1894,1194,2036,2072,2127,865,1036,856,766,1091,1406,2071,749,1997,881,752,703,5,5,10,5,5,5,5,5,5,5,5,5,255,10,5,5,5,5,5,5,255,5,5,255,5,10,5,5,5,5,5,5,5,10,5,5,5,5,5,10,9,255,255,255,255,4,255,5,5,255,5,5,255,5,5,5,5,255,5,255,4,5,5,5
1780854949.851542,18353,1844573017,839,1049,2046,2070,2047,2105,1305,990,1098,1278,2120,2053,2118,2126,1451,1105,1172,2056,2076,2065,2096,2147,2083,1703,1154,2031,2109,2086,2078,2093,2111,1882,1262,2015,2133,2080,2094,2109,2034,1871,1139,2052,2124,2077,2093,2010,1949,1894,1146,2036,2035,2106,2119,948,979,841,1110,1840,2042,2039,1997,881,828,759,5,255,5,5,5,5,9,5,5,5,255,5,255,5,5,9,5,5,5,5,10,5,5,255,5,5,5,5,5,5,5,5,9,5,5,5,5,5,5,255,5,10,10,10,10,255,255,255,5,255,5,5,10,255,5,5,5,10,5,10,255,255,5,5
1780854949.950794,18354,1844673017,839,2074,2063,2056,2051,2090,1311,980,1080,1230,2120,2054,2107,2126,1480,1105,1164,2011,2111,2110,2081,2140,2071,1881,1203,1685,2078,2106,2079,2126,2137,1880,1185,2052,2114,2091,2109,2051,2034,1871,1219,2050,2055,2165,2075,2010,1949,1881,1166,2036,2103,2081,2072,948,979,926,1111,1840,2042,2022,1962,1925,935,828,5,4,5,5,5,5,5,5,5,5,255,5,10,255,5,5,5,5,5,5,5,5,5,10,9,4,5,5,5,5,5,5,5,4,5,5,5,5,255,255,5,5,5,5,5,255,255,10,5,255,5,5,5,255,255,5,5,255,255,5,10,10,5,5
1780854950.051017,18355,1844773016,847,2050,2080,2052,2094,2022,1216,980,1074,1359,2120,2070,2091,2053,1449,1084,1171,2040,2042,2095,2093,2090,2040,1747,1190,1776,2090,2090,2104,2090,2149,1809,1179,1971,2062,2081,2084,2137,2034,1871,1197,2050,2113,2149,2126,2081,1949,1952,1153,2031,2074,2090,2097,1567,979,941,1073,1840,2095,2054,2005,1955,935,934,5,5,5,5,5,5,5,5,5,5,255,5,5,10,5,5,5,5,5,5,5,5,5,5,5,5,5,5,5,5,5,5,5,4,5,5,5,5,255,255,5,255,5,5,5,10,255,5,5,10,5,5,5,10,255,255,5,255,10,5,5,5,255,5
1780854950.151188,18356,1844873016,847,1030,2083,2054,2083,2009,1269,992,1075,1320,2072,2070,2141,2053,1365,1123,1191,2036,2092,2080,2091,2112,2088,1631,1213,1976,2100,2105,2079,2089,2069,1903,1192,1806,2062,2094,2108,2084,2030,1927,1176,2050,2114,2075,2134,2099,1937,1913,1108,1993,2074,2079,2068,1974,979,941,1097,1784,2051,2026,1980,1893,935,934,5,5,5,5,5,5,5,5,5,5,10,5,5,255,5,5,5,5,5,5,5,5,5,5,9,5,5,5,5,5,5,5,5,5,255,5,5,5,10,10,5,255,5,5,5,5,10,5,5,5,255,5,5,5,255,255,5,10,5,5,5,5,255,255
1780854950.252108,18357,1844973017,830,2043,2016,2079,2034,2079,1289,999,1096,1188,2057,2085,2141,2053,1471,1106,1211,1543,2064,2097,2132,2070,2027,1672,1194,2055,2104,2087,2096,2129,2060,1903,1178,2050,2046,2086,2093,2062,2075,2000,1154,2066,2085,2125,2105,2093,1945,1958,1147,1993,2128,2121,2110,1991,979,941,1123,1784,2051,2012,1949,1968,935,934,5,5,5,5,5,5,5,5,5,5,5,5,255,255,5,5,5,4,5,5,5,5,5,5,5,5,5,5,5,5,5,255,5,4,10,5,5,5,5,5,5,10,5,5,5,5,5,5,5,255,10,5,5,5,255,255,5,255,255,5,5,5,255,255
1780854950.351655,18358,1845073017,843,2070,2016,2079,2068,1991,1308,978,1093,1232,2057,2085,2141,2053,1461,1086,1163,2043,2066,2091,2132,2078,2110,1599,1196,2055,2082,2083,2109,2110,2076,1874,1189,2016,2111,2114,2115,2136,2048,1991,1188,2066,2099,2047,2087,2093,1988,1958,1164,1993,2091,2130,2089,1990,2001,941,1099,1848,2071,2012,2033,1990,935,934,5,5,255,255,5,5,5,5,5,5,255,255,255,255,5,5,5,4,5,5,255,5,5,5,5,255,5,5,5,5,5,10,5,5,5,5,5,5,5,5,5,255,5,5,5,255,5,255,5,255,5,5,5,5,10,255,5,10,10,255,5,5,255,255
1780854950.450963,18359,1845173017,852,1103,2054,2079,2097,2067,1270,995,1089,1293,2019,2100,2141,2031,1503,1090,1177,1965,2060,2093,2075,2103,2043,1599,1130,2058,2103,2075,2083,2089,2124,1796,1209,2058,2086,2092,2119,2137,2036,1991,1177,2066,2079,2047,2111,2121,1993,1920,1157,2094,2080,2114,2089,1980,1962,941,1103,1848,2048,2012,2001,1954,935,934,5,255,10,255,5,5,5,5,5,5,10,10,255,10,5,9,5,9,5,5,10,5,5,255,5,10,5,5,5,5,5,5,5,5,5,5,5,5,5,255,5,255,5,255,5,10,5,10,5,10,5,5,5,5,5,255,5,255,5,255,5,5,255,255
1780854950.550912,18360,1845273017,823,1057,2084,2042,2101,2081,1360,991,1082,1206,2124,2064,2065,2097,1409,1105,1199,2054,2069,2044,2063,2071,2052,1599,1172,2041,2082,2087,2108,2129,2110,1995,1174,1631,2099,2094,2081,2131,2099,1919,1186,2012,2122,2148,2111,2089,2000,1924,1139,2094,2080,2091,2115,2003,1962,941,1106,1848,2028,2012,2001,1954,935,934,5,255,5,10,5,5,5,5,5,5,5,5,10,5,5,5,5,5,5,5,5,5,5,255,5,5,5,5,5,5,5,5,5,4,5,5,5,5,5,10,5,10,5,10,255,5,5,5,5,255,255,5,5,5,255,255,5,255,5,255,5,255,255,255
1780854950.650753,18361,1845373017,851,1079,2091,2042,2089,2104,1253,1015,1074,1268,2036,2064,2065,2097,1437,1103,1191,2044,2084,2099,2039,2114,2040,1822,1199,2073,2089,2088,2103,2087,2062,1925,1173,2108,2097,2088,2100,2107,2075,1981,1166,2012,2069,2114,2128,2040,1947,1911,1144,2094,2066,2105,2122,1978,1954,941,1122,1848,1965,2113,1999,1971,935,934,5,5,5,255,5,5,5,5,5,5,5,255,255,255,5,5,5,5,5,5,5,5,5,10,5,5,5,5,5,5,5,5,5,4,5,5,5,5,5,5,9,255,5,5,10,5,5,5,5,255,10,5,5,5,10,255,5,255,5,10,5,10,255,255
1780854950.751088,18362,1845473017,845,999,2058,2086,2058,1974,1293,988,1082,1363,2079,2097,2065,2097,1455,1162,1185,2052,2096,2084,2073,2109,2053,1822,1175,2042,2105,2087,2093,2123,2083,1838,1186,2110,2097,2080,2115,2072,2054,1914,1182,2012,2087,2083,2144,2109,1947,1979,1160,2094,2089,2121,2122,1924,1930,941,1085,1848,2040,2113,2052,1937,935,934,5,5,5,10,5,5,5,5,5,5,5,10,255,255,5,5,5,5,5,5,5,5,5,255,5,5,5,5,5,5,5,5,5,5,255,5,5,5,5,5,5,255,5,5,5,5,255,5,5,255,5,5,255,5,5,255,5,255,5,255,5,5,255,255
1780854950.851868,18363,1845573016,857,1066,2040,2108,2056,2031,1204,1004,1105,1345,2067,2078,2065,2028,1443,1144,1186,2020,2092,2101,2073,2066,2078,1822,1189,2058,2108,2088,2093,2098,2065,1839,1202,2056,2115,2100,2129,2116,2054,1906,1156,2012,2072,2124,2090,2078,1974,1979,1170,2110,2106,2106,2123,2013,1933,1959,1099,1848,2044,2078,1979,1934,935,934,5,5,5,5,5,5,5,5,5,5,5,5,255,10,9,5,5,5,5,5,255,5,5,255,5,5,5,5,5,5,5,5,9,4,10,5,5,5,255,5,5,255,5,5,5,5,10,255,5,10,5,5,10,5,5,10,5,255,5,10,5,5,255,255
1780854950.951135,18364,1845673017,836,2086,2078,2091,2056,1995,1300,984,1049,1318,2049,2079,2065,2059,1420,1122,1164,2020,2085,2065,2145,2079,2073,1725,1150,2083,2074,2085,2095,2116,2098,1839,1209,2056,2115,2080,2106,2100,2054,1906,1141,2012,2072,2107,2083,2113,1990,1923,1162,2095,2103,2070,2123,2013,1944,1891,1131,2117,2044,2081,2002,1934,935,934,5,5,5,5,5,5,5,5,5,5,5,5,255,5,5,5,5,255,5,5,10,5,5,10,5,5,5,5,5,5,5,255,5,255,255,5,5,5,255,255,5,255,255,5,5,5,5,10,5,5,5,5,255,255,5,5,5,10,255,5,5,255,255,255
1780854951.051024,18365,1845773016,847,1080,2090,2067,2093,2041,1294,1016,1077,1274,2058,2079,2065,2054,1393,1132,1180,1976,2050,2087,2128,2114,2051,1670,1174,2067,2076,2099,2102,2122,2106,1851,1210,2065,2082,2085,2113,2133,2078,1843,1169,2012,2118,2112,2132,2083,1962,1942,1150,2095,2069,2124,2113,1986,1967,1983,1136,1377,1978,2081,1983,2037,935,934,5,5,5,5,5,5,5,5,5,255,5,5,255,5,5,5,5,10,5,5,5,5,5,9,5,5,5,5,5,5,5,10,5,10,10,5,5,5,10,10,5,255,10,5,5,5,5,5,5,255,5,5,10,10,5,5,5,4,10,255,5,10,255,255
1780854951.152590,18366,1845873017,836,2060,2057,2051,2104,1948,1271,999,1084,1315,2058,2086,2085,2054,1390,1137,1198,1976,2097,2095,2108,2062,2067,1712,1243,2050,2084,2105,2114,2088,2081,1851,1207,2053,2100,2097,2098,2124,2043,1843,1187,2012,2093,2112,2070,2097,1995,1893,1138,2095,2098,2108,2113,1932,1970,1917,1098,1377,2034,2046,2011,1965,935,934,5,5,5,5,5,5,5,5,5,5,255,5,10,255,5,5,5,255,5,5,5,5,5,5,5,5,5,5,5,5,5,255,5,5,5,5,5,5,5,255,5,255,5,255,5,5,5,5,5,255,5,5,255,5,5,5,5,255,5,10,5,5,255,255
1780854951.261565,18367,1845983016,848,1025,2064,2086,2073,2109,1301,994,1097,1220,2087,2091,2051,2003,1412,1113,1174,1554,2063,2089,2076,2096,2086,1686,1206,1976,2100,2080,2087,2137,2075,1817,1144,2001,2081,2081,2103,2124,2039,1924,1197,2162,2112,2110,2096,2085,1995,1936,1159,1981,2110,2086,2089,2015,1943,1978,1097,1377,2055,2044,1974,1950,935,2015,5,5,5,5,5,5,9,5,5,5,10,5,5,10,9,5,5,10,5,5,5,5,5,5,5,5,5,5,5,5,5,10,5,5,5,5,5,255,5,10,5,10,5,10,5,5,255,5,5,10,5,5,10,5,5,5,5,255,5,5,5,5,255,10
1780854951.361855,18368,1846083017,839,2062,2083,2073,2083,1916,1257,948,1095,1301,2087,2097,2051,1994,1416,1138,1166,2021,2084,2100,2124,2065,2069,1686,1173,2098,2079,2081,2084,2117,2170,1875,1128,2048,2119,2078,2097,2128,2039,1924,1127,2162,2104,2110,2117,2089,1913,1959,1169,1982,2065,2107,2124,1974,1941,1980,1110,1526,2055,2051,1981,1956,935,2015,5,5,5,5,5,5,5,5,5,5,255,5,255,5,5,5,5,5,5,5,5,5,5,255,5,5,5,5,5,5,5,5,5,5,5,5,5,10,255,255,5,255,5,255,5,5,10,5,5,5,5,5,5,5,5,5,5,10,255,5,5,5,255,255
1780854951.461359,18369,1846183017,835,2050,2105,2085,2065,2017,1274,1000,1071,1294,2087,2055,2104,1994,1512,1136,1207,2025,2090,2061,2101,2053,2048,1574,1178,2079,2070,2092,2100,2111,2080,1871,1189,2031,2127,2084,2088,2128,2105,1948,1148,2162,2065,2117,2068,2068,1931,1903,1115,1982,2083,2118,2056,2006,1934,1972,1156,1526,2063,2050,1997,1956,935,2015,5,5,5,5,5,5,5,5,5,5,255,5,10,255,9,5,5,5,5,5,5,5,5,10,5,5,5,5,5,5,5,5,5,5,5,5,5,255,10,10,5,255,5,10,5,5,5,5,5,255,5,5,5,255,5,5,5,255,10,5,5,255,255,255
1780854951.560829,18370,1846283017,840,2030,2081,2081,2094,2048,1251,992,1055,1314,2030,2126,2128,2080,1439,1105,1159,2025,2076,2087,2090,2121,2086,1677,1181,2051,2097,2078,2110,2108,2124,1856,1196,2090,2108,2100,2120,2135,2054,1818,1129,2162,2103,2117,2126,2049,1931,1903,1139,1982,2094,2077,2124,2006,1968,1958,1156,1526,1995,2019,1947,1956,935,2015,5,5,5,5,5,5,5,5,5,5,10,5,5,10,5,5,5,255,5,5,5,5,5,5,5,5,5,5,5,5,5,5,5,5,5,5,5,10,5,5,5,255,5,255,5,5,255,255,5,255,5,5,5,255,5,5,5,255,5,5,5,255,255,255
1780854951.662304,18371,1846383017,841,1074,2098,2069,2071,2048,1302,986,1106,1257,2033,2063,2128,2070,1440,1142,1183,1526,2101,2097,2126,2099,2032,1715,1198,2051,2112,2099,2109,2095,2056,1913,1134,2023,2044,2115,2089,2135,2054,1818,1168,2162,2093,2139,2088,2050,2000,1953,1126,1982,2122,2104,2141,1984,1923,1970,1154,1526,2015,2044,2044,1939,935,2015,5,255,5,5,5,255,5,5,5,5,5,5,255,5,5,5,5,10,5,5,5,5,5,9,5,255,5,5,5,5,5,5,5,5,5,5,5,255,255,255,5,255,5,10,5,255,10,10,5,255,5,5,5,10,5,5,5,255,5,5,5,10,255,255
1780854951.760959,18372,1846483017,840,1058,2091,2069,2114,2053,1259,992,1120,1285,2131,2063,2128,2154,1444,1138,1172,1526,2074,2108,2088,2087,2065,1561,1266,2051,2064,2085,2070,2092,2120,1871,1181,1970,2114,2096,2101,2069,2054,1901,1152,1961,2092,2114,2117,2079,1953,1923,1149,2020,2106,2111,2099,1972,1914,1942,1106,1526,1995,2071,2036,1939,935,2015,5,5,5,255,5,10,9,5,5,5,5,255,255,5,5,5,5,255,5,5,5,5,5,5,5,255,5,5,5,5,5,5,5,5,5,5,5,10,255,10,5,10,5,5,5,5,5,5,5,10,5,5,5,255,5,5,5,255,5,5,5,255,255,255
1780854951.861939,18373,1846583016,842,1055,2054,2111,2092,2104,1257,985,1061,1329,2085,2088,2088,2154,1445,1118,1179,2057,2065,2096,2068,2122,2082,1646,1200,2033,2104,2072,2100,2131,2093,1871,1172,2052,2118,2094,2133,2096,2047,1970,1187,1961,2109,2130,2128,2119,1924,1919,1135,2020,2109,2105,2113,1981,1941,1995,1098,1526,2006,2071,2036,1939,935,2015,5,5,5,10,5,5,5,5,5,5,5,10,10,255,9,5,5,10,5,5,5,5,5,5,9,10,5,5,5,5,5,255,9,5,5,5,5,5,10,5,5,255,5,5,5,5,5,5,5,5,5,5,5,5,5,5,5,255,5,255,5,255,255,255
1780854951.961750,18374,1846683017,846,2057,2077,2065,2058,2024,1310,1005,1096,1192,2074,2088,2014,2091,1362,1112,1187,2013,2063,2084,2094,2053,2073,1692,1167,2110,2082,2095,2088,2098,2054,1871,1200,2050,2111,2114,2104,2063,2047,1970,1185,1961,2099,2077,2073,2068,1966,1975,1125,2020,2109,2094,2113,2013,1960,1940,1086,1526,2070,2071,2053,1939,935,2015,5,5,5,5,5,5,9,5,5,5,5,255,5,10,5,5,5,5,5,5,5,5,5,5,5,5,5,5,5,5,5,255,5,5,5,5,5,5,255,255,5,255,5,5,5,5,5,5,5,255,5,5,255,5,5,5,5,255,5,255,5,255,255,255
1780854952.062271,18375,1846783017,847,994,2049,2065,2089,2050,1264,1003,1062,1277,2074,2097,2087,2110,1377,1112,1172,2011,2058,2094,2058,2103,2106,1672,1221,2048,2096,2086,2079,2105,2090,1871,1168,2002,2077,2083,2079,2063,2047,1970,1162,1961,2106,2095,2071,2101,1978,1947,1099,2020,2107,2081,2112,2011,1963,1930,1112,1526,2004,2028,2036,1985,935,2015,5,5,5,255,5,5,9,5,5,5,255,10,5,5,4,5,5,5,5,5,5,5,5,5,5,5,5,5,5,5,5,255,5,5,5,5,5,255,255,255,5,255,5,5,5,5,5,5,5,255,5,5,10,5,5,5,5,255,5,10,5,10,255,255
1780854952.161643,18376,1846883017,856,1057,2134,2084,2058,2030,1326,958,1055,1248,2046,2054,2087,2110,1434,1126,1165,1916,2084,2081,2126,2074,2115,1681,1176,2048,2092,2098,2070,2088,2062,1847,1169,2016,2090,2082,2105,2128,2045,1970,1164,1961,2102,2095,2094,2092,1954,1925,1138,2020,2087,2126,2087,1995,1963,1967,1104,1706,2032,2028,1981,1985,2175,2015,5,5,5,10,5,5,5,5,5,5,10,5,255,255,5,5,5,5,5,5,5,5,5,5,5,255,5,5,5,5,5,10,5,5,5,5,5,10,10,255,5,255,5,255,5,5,5,5,5,255,5,5,5,5,255,5,5,10,5,255,5,255,10,255
1780854952.261104,18377,1846983017,834,1009,2081,2104,2101,2070,1281,1000,1048,1272,2084,2080,2129,2110,1467,1137,1201,2014,2082,2113,2083,2091,2078,1670,1166,2058,2096,2089,2089,2075,2092,1847,1196,2016,2090,2096,2114,2081,2103,1963,1222,1961,2122,2095,2107,2093,1936,1934,1131,2020,2056,2110,2080,2033,1923,1947,1130,1923,2032,2070,2037,1938,2175,2015,5,5,5,5,5,5,5,5,5,5,5,5,10,255,9,5,5,5,5,5,5,5,5,5,5,10,5,5,5,5,5,255,9,255,255,5,5,5,5,10,5,255,5,255,5,5,5,5,5,255,5,5,5,5,10,5,5,4,255,10,5,10,255,255
1780854952.361406,18378,1847083016,849,2118,2072,2106,2065,2059,1233,981,1092,1263,2069,2056,2108,2041,1453,1107,1185,2068,2081,2105,2086,2091,2062,1709,1193,1999,2093,2092,2093,2126,2075,1912,1186,2082,2097,2101,2121,2109,2103,1963,1153,1961,2100,2123,2114,2100,1936,1934,1167,2031,2078,2125,2100,1995,1947,1996,1097,1923,2083,2040,1972,1952,2175,2015,5,5,5,5,5,5,5,5,5,5,5,5,5,3,5,5,5,5,5,5,5,5,5,5,5,5,5,5,5,5,5,10,5,10,10,5,5,5,255,255,5,255,5,10,5,5,255,255,5,10,5,5,5,5,5,5,5,255,10,5,5,5,255,255
1780854952.461421,18379,1847183016,838,1071,2097,2078,2090,2039,1295,985,1078,1339,2062,2075,2108,2041,1463,1112,1179,2053,2098,2074,2065,2109,2019,1648,1201,2041,2087,2083,2075,2071,2115,1919,1213,2030,2077,2089,2114,2112,2084,1934,1134,1692,2097,2112,2132,2118,1982,1918,1164,2042,2097,2102,2116,1995,1933,1882,1108,1923,2095,2087,2018,1892,2015,2015,5,5,5,5,5,9,4,5,5,5,5,5,255,255,5,5,5,5,5,5,5,5,5,5,5,5,5,5,5,5,5,5,5,5,5,5,5,5,10,10,5,10,5,5,5,5,10,10,5,5,5,5,5,255,5,5,5,255,5,5,5,5,10,255
1780854952.562335,18380,1847283017,835,1003,2097,2057,2120,1972,1283,1003,1064,1311,2090,2095,2089,2041,1428,1140,1202,1903,2080,2081,2104,2129,2030,1691,1191,2065,2105,2096,2083,2105,2079,1823,1184,1994,2139,2088,2111,2085,2084,1934,1177,1692,2088,2114,2132,2104,1982,1921,1137,2045,2092,2109,2064,2021,1950,1974,1101,1923,2066,2087,1988,1892,1979,2015,5,5,255,5,5,5,9,5,5,5,5,5,10,255,5,5,5,5,5,5,5,5,5,5,9,5,5,5,5,5,5,5,5,5,5,5,5,5,255,255,5,255,5,5,255,5,255,5,5,5,5,5,5,10,5,5,5,255,5,255,5,255,5,255
1780854952.661201,18381,1847383017,837,2067,2097,2081,2077,2001,1260,995,1083,1226,2090,2066,2118,2075,1552,1121,1181,2062,2069,2087,2079,2095,2013,1618,1196,2041,2093,2098,2091,2108,2096,1839,1217,1994,2079,2085,2103,2085,2070,1934,1187,1692,2104,2127,2126,2068,1996,1916,1146,2045,2116,2149,2097,2001,1933,1954,1099,1923,2048,2032,1967,1892,1979,2015,5,5,255,5,5,9,5,5,5,5,5,5,5,10,9,5,5,5,5,5,5,5,5,5,5,5,5,5,5,5,5,5,5,255,5,5,5,255,10,255,5,255,5,5,10,5,10,5,5,255,5,5,5,5,5,5,5,255,5,10,5,255,255,255
1780854952.761637,18382,1847483017,835,2029,2097,2061,2066,2001,1293,994,1029,1310,2090,2066,2118,2075,1441,1123,1162,2001,2062,2066,2093,2119,2049,1594,1183,2051,2082,2083,2112,2112,2089,1900,1205,1994,2125,2104,2090,2115,2054,1934,1189,2030,2069,2107,2093,2122,1969,1944,1129,2051,2091,2094,2077,1993,1945,1968,1122,1923,2048,2032,2027,1892,1979,2015,5,5,255,5,5,255,5,5,5,5,255,255,255,255,5,5,5,5,5,5,5,5,5,5,5,5,5,5,5,5,5,5,5,255,5,5,5,10,5,255,5,10,5,5,5,5,5,5,5,10,5,5,5,5,5,5,5,255,255,255,5,255,255,255
1780854952.861217,18383,1847583016,852,2102,2017,2089,2101,2002,1248,999,1081,1328,2056,2095,2043,2100,1422,1155,1215,2007,2056,2101,2115,2121,2098,1630,1176,2053,2080,2080,2075,2087,2148,1900,1173,2046,2108,2045,2119,2115,2062,1987,1170,2030,2076,2136,2107,2126,1969,1944,1166,2031,2084,2092,2108,1951,1927,1950,1113,1923,2044,2065,1977,1892,1979,2015,5,5,10,5,5,10,5,5,5,5,10,10,10,10,5,5,5,5,5,5,5,5,5,4,5,5,5,5,5,5,5,255,5,10,5,5,5,255,5,10,5,255,5,5,5,5,255,255,5,5,5,5,5,5,5,5,5,255,10,10,5,255,255,255
1780854952.961511,18384,1847683017,836,2087,2090,2065,2081,2056,1258,1010,1116,1265,2082,2095,2043,2062,1402,1117,1165,2007,2075,2114,2071,2106,2049,1630,1201,2003,2095,2084,2096,2122,2096,1900,1169,2046,2064,2084,2099,2115,2062,1987,1172,2030,2112,2136,2076,2126,2015,1906,1162,2015,2156,2132,2108,2002,1964,1953,1089,1923,2066,2057,2000,1940,1979,2015,5,5,5,5,5,5,5,5,5,255,5,255,255,5,5,5,5,255,5,5,5,5,5,255,5,5,5,5,5,5,5,255,5,255,5,5,5,255,5,255,5,255,5,255,5,255,10,10,5,5,5,5,255,5,5,5,5,255,5,5,5,10,255,255
1780854953.061035,18385,1847783016,855,2031,2090,2103,2078,2073,1251,984,1059,1329,2050,2092,2087,2062,1412,1104,1217,1971,2056,2113,2089,2112,2068,1702,1187,2040,2067,2084,2096,2118,2094,1807,1165,1980,2154,2114,2083,2079,2028,1987,1178,2030,2076,2141,2117,2074,1931,1954,1113,2036,2079,2095,2075,1998,1963,1953,1116,1923,2072,2047,2000,1950,1979,2015,5,5,5,5,5,5,5,5,5,5,5,10,10,255,5,5,5,10,5,5,5,5,5,10,5,5,5,5,5,5,5,10,5,10,5,5,5,10,5,255,5,255,5,10,5,10,5,5,5,5,5,5,10,5,5,5,5,255,5,5,255,5,255,255
1780854953.161097,18386,1847883016,844,1008,2054,2088,2071,2071,1291,962,1074,1242,2052,2065,2104,2048,1387,1133,1192,1998,2067,2078,2097,2111,2103,1663,1187,2018,2092,2087,2095,2123,2061,1807,1177,1994,2105,2094,2111,2071,2028,1963,1176,2030,2107,2104,2136,2107,1981,1932,1157,2015,2096,2085,2102,1977,1949,1953,1137,1923,2028,2047,1956,1980,1920,2015,5,5,5,5,5,5,5,5,5,5,5,5,5,10,5,5,5,5,5,5,5,5,5,5,5,5,5,5,5,5,5,255,5,5,5,5,5,5,255,10,5,255,5,5,5,5,5,5,5,5,5,5,5,255,5,255,5,255,5,5,10,5,10,255
1780854953.261305,18387,1847983017,826,1070,2071,2081,2084,2071,1337,972,1085,1251,2071,2028,2104,2078,1439,1104,1171,1987,2086,2107,2110,2130,2121,1701,1157,2105,2093,2091,2088,2141,2103,1927,1195,2031,2105,2119,2099,2071,2068,1906,1174,2030,2117,2104,2133,2107,1977,1873,1156,2037,2131,2090,2078,1995,1926,1953,1112,1923,2072,2025,1955,1928,1920,2015,5,5,5,5,5,255,5,5,5,5,5,5,255,5,9,5,5,5,5,5,5,5,5,9,5,5,5,5,5,5,5,10,5,5,255,5,5,255,10,5,5,255,5,255,5,255,5,5,5,5,5,5,5,5,5,255,5,255,5,5,5,5,255,255
1780854953.362040,18388,1848083017,838,1027,2071,2084,2065,2052,1280,1007,1099,1328,2066,2028,2084,2042,1462,1128,1174,1827,2093,2113,2088,2113,2096,1701,1160,2026,2072,2085,2078,2110,2095,1927,1201,2063,2068,2096,2158,2071,2068,1906,1167,1540,2064,2086,2083,2079,1981,1946,1163,2045,2098,2120,2116,1966,1949,1947,1138,1923,2072,2025,2068,1984,1920,2015,5,5,255,5,5,10,5,5,5,5,5,255,10,5,5,5,5,5,5,5,5,5,5,255,5,5,5,5,5,5,5,255,5,5,10,5,5,255,255,255,5,10,5,10,5,10,5,5,5,5,5,5,5,5,5,10,5,255,5,255,5,5,255,255
1780854953.459771,18389,1848183016,847,2084,2088,2024,2057,1979,1290,996,1081,1266,2037,2100,2135,2031,1486,1115,1173,1795,2082,2068,2124,2119,2094,1711,1198,2025,2073,2093,2088,2123,2075,1908,1197,2027,2082,2104,2115,2071,2058,1906,1202,1855,2126,2122,2100,2096,1929,1927,1132,2026,2097,2085,2076,1969,1957,1947,1116,1923,1960,2022,2068,1977,2009,2015,5,4,10,5,5,5,5,5,5,5,5,10,5,5,5,5,5,5,5,5,5,5,5,10,5,5,5,5,5,5,5,10,5,5,5,5,5,255,10,255,5,4,5,5,5,5,5,5,5,5,5,5,5,5,5,255,5,255,5,10,255,5,10,255
1780854953.561550,18390,1848283017,839,2092,2097,2024,2060,2039,1244,978,1086,1321,2070,2037,2135,2095,1472,1101,1199,1698,2085,2110,2115,2109,2050,1711,1161,2034,2085,2081,2076,2075,2070,1888,1242,2024,2101,2103,2124,2084,2073,1905,1145,1855,2073,2122,2052,2074,1964,1961,1139,2026,2087,2098,2076,1967,1957,1947,1122,1923,2043,2022,1941,1911,2009,2015,5,5,5,255,5,5,5,5,5,5,5,5,255,5,5,5,5,5,5,5,5,5,5,255,5,5,5,5,5,5,5,5,5,5,5,5,5,10,5,10,5,255,5,255,5,5,5,5,5,255,5,5,255,5,255,255,5,255,5,255,10,5,255,255
1780854953.661225,18391,1848383017,842,1042,2070,2087,2093,2004,1244,991,1067,1261,2045,2024,2121,2095,1429,1119,1185,1979,2056,2082,2078,2043,2089,1711,1156,2034,2073,2086,2089,2108,2096,1867,1215,1994,2106,2109,2106,2073,2050,1869,1187,1855,2080,2090,2052,2093,1946,1947,1139,2026,2115,2088,2072,1975,1959,1927,1122,1923,2047,2045,2001,1980,2009,2015,5,5,5,10,5,5,255,5,5,5,5,5,10,255,5,5,5,4,5,5,5,5,5,255,5,255,5,5,5,5,5,5,5,5,5,5,5,5,5,5,5,255,5,10,255,5,5,5,5,255,5,5,10,5,10,10,5,255,5,10,5,5,255,255
1780854953.761153,18392,1848483017,855,1061,2070,2067,2041,2065,1257,978,1105,1262,2082,2024,2083,2069,1452,1091,1185,2082,2045,2087,2063,2090,2091,1711,1159,2040,2086,2092,2097,2125,2074,1893,1195,2064,2106,2081,2119,2073,2050,1869,1165,1855,2080,2114,2083,2113,1968,1932,1148,2026,2128,2095,2072,2006,1902,1950,1118,1923,2016,2045,2007,1899,2009,2015,5,5,255,5,5,5,10,5,5,5,5,255,5,10,5,5,5,5,5,5,5,5,5,255,5,10,5,5,5,5,5,5,5,5,255,5,5,255,255,255,5,255,255,5,10,5,5,5,5,255,5,5,255,5,5,5,5,255,5,255,5,5,255,255
1780854953.861103,18393,1848583016,839,1061,2038,2058,2092,2036,1242,990,1092,1306,2057,2024,2090,2031,1416,1132,1204,2003,2045,2056,2107,2070,2043,1711,1180,2031,2105,2098,2091,2125,2109,1852,1217,1991,2050,2107,2103,2099,2096,1925,1138,1855,2067,2105,2100,2089,1932,1985,1146,2059,2089,2140,2071,2000,1970,1934,1104,1948,2040,1996,2007,1975,2009,2015,5,5,10,5,5,5,9,5,5,5,5,255,5,5,5,5,5,5,5,5,5,5,5,255,5,5,5,5,5,5,5,5,5,5,10,5,5,10,10,10,5,255,10,5,5,5,5,5,5,10,5,5,10,5,255,5,5,10,5,10,255,5,255,255
1780854953.971162,18394,1848693016,844,2085,2040,2087,2060,2104,1325,1026,1086,1303,2067,2084,2035,2138,1491,1084,1190,2026,2048,2136,2111,2063,2079,1670,1197,2060,2081,2079,2084,2108,2124,1948,1215,2059,2094,2075,2109,2100,2096,1875,1174,1855,2083,2113,2112,2082,1971,1933,1128,2059,2127,2101,2115,1982,1940,1933,1115,1948,1989,2037,2007,1975,2009,2015,5,5,5,5,5,5,5,5,5,5,5,10,5,5,5,5,5,5,5,5,5,5,5,10,5,255,5,5,5,5,5,3,5,5,5,5,5,5,255,5,5,255,5,5,5,5,5,5,5,255,5,5,5,5,5,5,5,255,5,5,255,255,255,255
1780854954.070984,18395,1848793017,836,1036,2073,2073,2091,2011,1308,1011,1088,1252,2066,2067,2058,2138,1416,1096,1216,1977,2056,2090,2099,2051,2101,1687,1146,2067,2082,2085,2095,2117,2077,1806,1178,2102,2085,2095,2094,2100,2096,1875,1155,2005,2088,2113,2112,2103,1986,1981,1137,2059,2109,2100,2100,2017,1960,1960,1093,1948,1989,2070,1955,1951,2009,2015,5,5,5,5,5,5,5,5,5,5,5,5,5,255,5,5,5,5,5,5,5,5,5,5,9,5,5,5,5,5,5,5,5,5,5,5,5,255,255,255,5,10,5,255,5,5,5,5,5,255,5,5,5,5,5,5,5,255,255,5,10,10,255,255
1780854954.171091,18396,1848893017,832,1057,2060,2131,2081,2069,1252,994,1077,1269,2102,2110,2058,2138,1423,1125,1209,1985,2080,2113,2084,2127,2062,1707,1176,2026,2088,2086,2094,2098,2087,1863,1186,2038,2085,2099,2104,2122,2057,1855,1185,2005,2083,2113,2110,2072,2016,1919,1148,2059,2126,2095,2100,1965,1953,1924,1120,1948,1989,2070,1986,1965,2009,2015,5,5,5,5,5,5,5,5,5,5,5,5,255,255,5,5,5,5,5,5,5,5,5,5,5,5,5,5,5,5,5,5,5,5,255,5,5,10,10,10,5,255,5,255,5,5,5,5,5,255,5,5,255,5,5,5,5,255,255,255,5,5,255,255
1780854954.270874,18397,1848993016,842,2076,2060,2102,2084,2028,1294,995,1095,1317,2080,2093,2098,2102,1463,1086,1175,1974,2106,2096,2070,2079,2084,1707,1170,2022,2103,2090,2088,2123,2083,1856,1205,2047,2128,2074,2130,2115,2057,1855,1180,1861,2084,2113,2093,2088,1942,1977,1154,2059,2054,2123,2101,2036,1970,1981,1123,1948,1989,2070,1992,1965,1959,2015,5,5,5,5,5,5,5,5,5,5,5,5,10,10,5,5,5,5,5,5,5,5,5,255,5,5,5,5,5,5,5,5,5,5,10,5,5,5,255,255,5,10,5,255,5,5,5,5,5,255,5,5,10,5,5,5,5,255,255,255,5,5,10,255
1780854954.370863,18398,1849093017,831,2083,2060,2072,2063,2028,1259,998,1096,1255,2080,2093,2110,2102,1429,1084,1184,2040,2074,2079,2070,2084,2009,1784,1148,1991,2089,2086,2092,2119,2113,1875,1219,2039,2088,2079,2088,2114,2057,1974,1133,1861,2122,2003,2070,2096,1962,1971,1170,2059,2077,2133,2069,1990,1951,1986,1106,1948,2018,2070,1992,1965,1934,2015,5,5,255,5,5,255,5,5,5,5,255,255,5,255,5,5,5,5,5,5,5,5,5,10,9,5,5,5,5,5,5,5,5,5,5,5,5,5,255,10,5,255,5,10,5,5,5,5,5,255,5,5,5,5,5,5,5,255,10,255,255,255,5,255
1780854954.469690,18399,1849193016,838,2087,2114,2076,2106,2028,1331,989,1062,1359,2080,2111,2059,2154,1395,1128,1189,1880,2101,2075,2120,2054,2045,1722,1184,2024,2089,2090,2070,2108,2082,1932,1175,2012,2116,2094,2101,2098,2090,1901,1144,1861,2084,2108,2075,2071,1962,1922,1172,2059,2096,2100,2097,1980,1951,1944,1118,1948,1992,2028,2032,1965,1934,2015,5,5,10,5,5,255,5,5,5,5,255,10,5,10,5,5,5,5,5,5,5,5,5,5,5,5,5,5,5,5,5,5,5,5,5,5,5,5,10,5,5,255,5,9,5,5,255,5,5,255,5,5,5,5,5,5,5,255,5,10,10,255,255,255
1780854954.571178,18400,1849293017,837,1065,2071,2070,2120,2052,1246,981,1069,1333,2080,2084,2059,2051,1476,1106,1173,1880,2061,2072,2092,2101,2064,1722,1186,2024,2088,2091,2084,2123,2066,1799,1192,2027,2086,2112,2106,2098,2091,1893,1164,2031,2083,2120,2102,2040,1979,1927,1146,2059,2070,2086,2097,1897,1977,1944,1149,1667,1992,2076,1971,1955,1934,2015,5,5,5,5,5,10,5,5,5,5,255,5,255,5,5,9,5,255,5,5,5,5,5,255,5,255,5,5,5,5,5,5,5,5,5,5,5,255,5,5,5,10,5,5,5,5,10,5,5,255,5,5,255,5,5,255,5,10,255,5,5,10,255,255
1780854954.670807,18401,1849393017,830,2078,2065,2076,2071,2052,1305,999,1061,1328,2080,2084,2108,2079,1433,1098,1205,1757,2050,2105,2062,2084,1997,1722,1176,2011,2087,2071,2085,2089,2117,1799,1216,2061,2113,2105,2090,2098,2083,1893,1157,2031,2101,2111,2126,2128,2035,1927,1146,2113,2114,2131,2103,1975,1969,1944,1118,1597,2023,2028,2025,1934,1934,2015,5,5,5,5,5,255,5,5,5,5,255,255,10,5,9,5,9,10,5,5,5,5,5,255,5,10,5,5,5,5,5,255,5,5,5,5,5,255,5,255,9,255,5,5,5,5,5,255,5,10,5,5,10,5,5,255,5,5,10,5,5,5,255,255
1780854954.770907,18402,1849493016,845,1070,2056,2049,2071,1991,1239,995,1057,1295,2060,2099,2108,2095,1322,1115,1172,1774,2086,2121,2087,2130,2037,1722,1191,2047,2113,2101,2062,2105,2072,1946,1227,2028,2077,2090,2104,2080,2111,1919,1160,2031,2097,2111,2104,2082,1947,1918,1147,2113,2085,2115,2103,1964,1909,1966,1110,1597,2023,2109,2060,1944,1993,2015,5,4,5,5,5,10,5,5,5,5,10,10,255,5,255,5,5,5,5,5,5,5,5,255,5,5,5,5,5,5,5,10,5,5,5,5,5,10,5,10,5,255,5,255,5,5,5,10,5,255,5,5,5,5,5,10,5,255,255,5,5,5,10,255
1780854954.871173,18403,1849593017,842,1115,2103,2073,2092,2015,1332,987,1077,1289,2060,2092,2106,2065,1477,1104,1154,1891,2113,2109,2087,2098,2056,1722,1174,2078,2073,2076,2088,2144,2086,1946,1247,2028,2098,2074,2095,2107,2111,2006,1201,2080,2098,2111,2154,2059,1993,1948,1148,2042,2119,2112,2087,1988,1952,1905,1105,1597,2040,2075,2020,1944,1993,2015,5,5,5,5,5,5,5,5,5,5,255,5,10,5,5,5,5,5,5,5,255,5,5,255,9,5,5,5,5,5,5,255,5,255,5,5,5,5,255,5,5,10,5,255,5,5,5,5,5,10,5,5,5,5,5,5,5,255,10,5,5,255,255,255
1780854954.971041,18404,1849693016,837,2072,2096,2067,2068,2047,1238,1003,1077,1279,2095,2064,2106,2065,1459,1115,1195,1993,2058,2105,2136,2127,2076,1628,1165,2046,2122,2080,2106,2094,2087,1884,1197,2033,2125,2115,2128,2107,2111,1925,1167,2039,2105,2111,2075,2088,1947,1914,1158,2042,2126,2098,2144,2069,1957,1963,1172,1597,2055,2083,1996,1981,1993,2015,5,4,5,5,5,5,9,5,5,5,10,5,255,255,5,5,5,5,5,5,10,5,5,10,5,5,5,5,5,5,5,10,5,10,5,5,5,255,255,5,5,5,5,255,5,5,5,5,5,255,5,5,5,5,5,5,5,255,5,5,5,10,255,255
1780854955.070795,18405,1849793016,850,2046,2068,2075,2082,2053,1291,989,1100,1269,2143,2093,2162,2101,1410,1089,1233,1899,2065,2077,2099,2056,2111,1684,1176,2093,2075,2101,2113,2101,2059,1769,1184,2033,2131,2100,2095,2165,2034,1887,1195,2039,2103,2125,2097,2072,1934,1951,1111,2003,2076,2091,2099,1947,1949,1963,1122,1597,2047,2083,2048,1921,1993,2015,5,5,5,5,5,5,5,5,5,5,5,5,10,10,9,5,5,5,5,5,5,5,5,5,5,5,5,5,5,5,5,9,5,5,5,5,5,10,10,5,9,255,5,10,5,5,5,5,5,10,5,5,5,5,5,5,5,255,5,255,5,5,255,255
1780854955.171137,18406,1849893017,838,2075,2077,2080,2106,2004,1257,977,1062,1295,2089,2093,2162,2088,1470,1094,1162,1899,2030,2068,2074,2112,2059,1684,1205,2077,2066,2093,2089,2079,2104,1773,1214,2043,2108,2080,2068,2165,2034,1836,1186,2039,2112,2043,2076,2119,1946,1926,1153,2003,2065,2128,2092,2035,1953,1953,1102,1597,2061,2057,2002,1921,1993,2015,5,5,5,5,5,5,5,5,5,5,5,255,255,5,5,5,5,255,5,5,5,5,5,255,5,5,5,5,5,5,5,5,5,5,5,5,5,255,255,5,5,255,5,5,5,5,5,5,5,255,5,5,5,5,5,5,5,255,5,10,5,255,255,255
1780854955.270844,18407,1849993016,846,2110,2073,2070,2081,2041,1308,997,1081,1254,2006,2080,2113,2088,1351,1131,1223,1731,2093,2084,2092,2149,2080,1580,1220,2040,2078,2083,2101,2103,2123,1810,1225,2027,2088,2077,2124,2114,2017,1929,1174,2039,2093,2072,2135,2076,1957,1948,1158,2046,2052,2087,2073,2035,1950,1968,1112,1597,2006,2068,2007,2031,1995,2015,5,5,5,5,5,5,5,5,5,5,5,10,10,255,5,5,5,10,5,5,5,5,5,10,5,5,5,5,5,5,5,5,5,5,5,5,5,10,10,5,9,255,5,5,5,5,5,5,5,10,5,5,5,5,5,5,5,255,5,5,5,10,10,255
1780854955.371431,18408,1850093017,842,1050,2060,2054,2078,2067,1232,986,1071,1296,2059,2080,2070,2088,1403,1123,1155,1998,2076,2104,2129,2102,2099,1731,1167,2016,2088,2096,2085,2129,2090,1904,1166,2005,2085,2091,2085,2114,2017,1929,1167,2039,2081,2104,2083,2076,2047,1925,1145,2046,2137,2091,2098,1973,1956,1931,1115,1597,2032,2080,1987,1959,1995,2015,5,5,5,5,5,5,5,5,5,5,5,255,5,255,5,5,5,4,5,5,5,5,5,5,5,5,5,5,5,5,5,5,5,5,5,5,5,255,255,255,5,255,5,5,5,5,5,5,5,255,5,5,5,5,5,5,5,255,5,5,5,5,255,255
1780854955.471353,18409,1850193016,838,2074,2077,2084,2058,2051,1259,1005,1077,1348,2042,2112,2149,2088,1442,1095,1184,1931,2076,2087,2073,2085,2059,1708,1213,2016,2109,2090,2092,2087,2101,1802,1196,2067,2120,2090,2099,2114,2017,1852,1156,2039,2110,2119,2139,2101,1919,1945,1167,2046,2088,2107,2071,1977,1944,1970,1084,1491,2049,2055,1990,1959,1995,2015,5,5,5,5,5,5,5,5,5,5,5,10,5,255,5,5,5,5,5,5,5,5,5,5,5,255,5,5,5,5,5,5,5,5,5,5,5,255,255,10,5,255,5,5,5,5,5,5,5,255,5,5,5,5,5,5,5,10,5,5,5,255,255,255
1780854955.571224,18410,1850293017,836,1085,2060,2079,2100,2139,1437,997,1111,1257,2163,2055,2149,2102,1455,1123,1177,2079,2030,2075,2096,2134,2074,1708,1200,2013,2077,2085,2088,2063,2088,1928,1145,2021,2137,2081,2105,2087,2017,1852,1196,2039,2111,2119,2147,2127,1975,1931,1127,2046,2125,2107,2112,2003,1951,1970,1118,1491,1996,2049,1933,1992,1995,2015,5,255,5,5,5,5,5,5,5,255,5,5,255,10,5,5,5,5,5,5,5,5,5,255,5,10,5,5,5,5,5,5,5,5,5,5,5,10,255,255,5,255,5,255,5,5,5,5,5,255,5,255,5,5,5,255,5,255,5,5,5,10,255,255
1780854955.671315,18411,1850393016,843,2049,2068,2106,2069,2021,1411,1007,1082,1246,2056,2063,2097,2102,1501,1131,1178,1986,2063,2076,2099,2121,2070,1747,1176,2042,2078,2087,2068,2100,2111,1928,1177,2123,2077,2062,2146,2050,2066,1852,1196,2039,2100,2119,2134,2098,1925,1876,1133,2046,2064,2103,2092,1991,1902,1961,1100,1480,2074,2064,1980,1992,1995,2015,5,4,5,5,5,5,5,5,5,5,5,5,10,255,5,5,5,5,5,5,5,5,5,10,5,9,5,5,5,5,5,5,9,5,5,5,5,5,10,255,5,255,5,255,5,5,5,5,5,255,5,10,5,5,5,10,5,10,5,5,5,255,255,255
1780854955.771348,18412,1850493017,848,1058,2096,2106,2061,2047,1283,1009,1090,1207,2057,2067,2083,2102,1380,1120,1201,1613,2087,2100,2086,2091,2071,1659,1227,2042,2090,2083,2088,2134,2083,1884,1193,2014,2075,2106,2097,2110,2066,1852,1209,2039,2104,2097,2089,2134,1995,1990,1141,2046,2065,2099,2092,2022,1964,1961,1103,2159,2058,2064,1986,1992,1911,2015,5,5,5,255,5,5,5,5,5,5,5,5,5,255,5,5,5,5,5,5,5,5,5,5,5,255,5,5,5,5,5,5,5,5,5,5,5,5,255,255,9,255,5,10,5,5,5,5,5,255,5,5,255,5,5,255,5,4,5,255,5,255,10,255
1780854955.871087,18413,1850593016,854,1050,2060,2064,2089,2052,1343,988,1077,1281,2063,2073,2134,2102,1449,1129,1214,1702,2087,2066,2075,2098,2047,1752,1177,2019,2086,2089,2100,2106,2078,1884,1205,1983,2115,2098,2111,2072,2079,1958,1197,2056,2076,2094,2115,2087,1912,1990,1151,2046,2078,2114,2110,1977,1934,1996,1104,1701,2060,2064,1986,1957,1969,2015,5,5,5,10,5,5,9,5,9,5,5,5,5,255,5,5,5,5,5,5,5,5,5,5,5,10,5,5,5,5,5,255,5,5,5,5,5,5,10,10,5,10,5,5,5,5,5,255,5,255,5,5,10,5,5,255,5,5,5,255,5,10,5,255
1780854955.972430,18414,1850693017,855,2081,2092,2079,2082,2002,1279,984,1055,1313,2063,2091,2134,2074,1519,1118,1194,2018,2072,2111,2088,2089,2076,1752,1176,2108,2107,2078,2056,2142,2029,1884,1204,1983,2120,2101,2112,2086,2079,1832,1183,2080,2076,2156,2088,2183,1974,1905,1121,2032,2134,2100,2110,1983,1991,1996,1103,1701,2060,2085,1984,1957,1979,2015,5,5,5,5,5,5,5,5,5,5,255,5,255,10,5,5,5,5,5,5,5,5,5,255,5,5,5,5,5,5,5,255,5,255,5,5,5,5,255,5,5,5,255,5,5,5,5,10,5,10,5,5,255,5,5,255,5,255,255,10,5,255,5,255
1780854956.070916,18415,1850793017,831,2084,2037,2069,2069,2008,1328,963,1077,1285,2063,2083,2099,2074,1477,1142,1173,1925,2065,2091,2062,2116,2060,1658,1187,2008,2068,2088,2094,2088,2082,1880,1216,2012,2130,2105,2128,2122,2079,1911,1185,2053,2114,2156,2102,2183,1990,1860,1142,2032,2072,2088,2127,1982,1973,1996,1111,1701,2010,1965,1984,1971,1924,2015,5,5,5,5,5,5,9,5,5,5,255,5,10,255,5,5,5,5,5,5,5,5,5,10,5,5,5,5,5,5,5,10,5,10,5,5,5,5,255,5,5,5,10,255,5,255,5,5,5,255,5,5,10,5,5,255,5,255,10,5,255,10,5,255
1780854956.171237,18416,1850893017,842,2088,2069,2069,2077,2089,1211,993,1063,1218,2044,2083,2099,2074,1404,1109,1198,2045,2048,2104,2089,2067,2081,1689,1201,2042,2068,2078,2066,2116,2082,1897,1205,2018,2082,2075,2106,2104,2065,1911,1210,2053,2106,2106,2105,2122,1961,1929,1114,2032,2110,2171,2127,1998,1903,1893,1121,1529,1947,2065,1998,1947,1924,2015,5,5,5,255,5,5,9,5,5,5,10,255,255,255,5,5,5,5,5,5,5,5,5,5,5,5,5,5,5,5,5,5,5,5,5,5,5,5,10,255,5,255,5,10,5,10,5,5,5,255,5,5,255,5,5,10,5,10,5,5,10,5,255,255
1780854956.270950,18417,1850993016,840,2058,2020,2056,2089,2018,1290,1016,1078,1353,2058,2090,2092,2074,1371,1163,1194,2030,2074,2078,2084,2100,2127,1763,1203,1958,2091,2085,2086,2105,2067,1820,1187,2032,2074,2125,2097,2160,2065,1922,1216,2013,2086,2106,2101,2122,1938,1920,1159,1939,2128,2125,2099,2002,1934,1893,1107,1529,2054,2065,1991,1897,1924,2015,5,5,5,10,5,5,5,5,5,5,5,10,10,255,5,5,5,5,5,5,5,5,5,5,5,5,5,5,5,5,5,5,5,5,5,5,5,5,5,10,5,10,5,255,5,255,5,5,5,10,5,5,10,5,5,255,5,255,5,255,5,5,255,255
1780854956.371266,18418,1851093017,841,2024,2081,2045,2080,2062,1346,984,1089,1265,2058,2090,2085,2074,1425,1091,1221,2030,2069,2097,2150,2062,2076,1763,1157,1958,2090,2088,2115,2107,2116,1867,1185,2105,2104,2087,2124,2147,2065,1922,1136,2013,2085,2111,2098,2089,1938,1926,1150,1939,2089,2064,2100,2034,1848,1893,1106,1529,2067,2086,1966,1897,1924,2015,5,5,5,5,5,5,5,5,5,5,255,255,5,255,5,5,5,255,5,5,5,5,5,255,5,255,5,5,5,5,5,5,5,5,5,5,5,5,255,255,5,255,5,10,5,10,255,5,5,255,5,5,5,5,5,255,5,255,5,10,5,255,255,255
1780854956.471786,18419,1851193016,838,1059,2091,2072,2033,2044,1233,999,1054,1277,1982,2073,2062,2059,1493,1127,1192,1823,2107,2109,2090,2104,2106,1699,1201,1992,2095,2095,2101,2136,2053,1867,1202,2108,2127,2077,2111,2105,2034,1919,1141,1996,2075,2123,2105,2137,1883,1889,1116,1939,2104,2098,2148,1995,1848,1893,1128,1529,2040,2062,1966,1897,1924,2015,5,5,5,5,5,5,5,5,5,5,10,10,5,10,5,5,5,10,5,5,5,5,5,10,5,10,5,5,5,5,5,255,5,5,5,5,5,5,10,10,5,10,5,5,5,5,10,5,5,255,5,5,5,5,255,255,5,255,5,5,255,255,255,255
1780854956.571415,18420,1851293017,831,1104,2096,2042,2033,2020,1305,961,1109,1224,2095,2049,2145,2059,1368,1095,1151,1643,2097,2053,2070,2057,2118,1690,1187,2025,2068,2089,2087,2147,2100,1867,1209,2031,2083,2114,2130,2141,1985,1919,1165,1996,2112,2094,2118,2161,1965,1934,1167,1939,2152,2087,2148,2026,1848,1893,1128,1529,2013,2059,2002,1897,1103,943,5,5,5,5,255,5,5,5,5,5,5,5,5,255,5,5,5,5,5,5,5,5,5,5,5,5,5,5,5,5,5,255,5,5,5,5,5,5,5,255,5,255,5,5,5,5,5,5,5,255,5,5,255,5,255,255,5,255,5,5,10,255,10,10
1780854956.671643,18421,1851393017,848,2100,2096,2042,2087,2020,1329,1005,1099,1357,2029,2049,2050,2059,1418,1106,1195,1815,2077,2097,2065,2141,2038,1589,1197,2044,2060,2091,2080,2105,2101,1867,1189,2040,2162,2087,2104,2141,2072,1909,1161,1996,2134,2094,2118,2076,1962,1934,1119,1939,2102,2094,2094,2026,1848,1893,1106,1529,2078,2136,1987,1897,1103,875,5,5,255,255,10,5,9,5,5,5,5,255,5,255,9,5,5,5,5,5,5,5,5,5,5,5,5,5,5,5,5,255,5,5,5,5,5,255,5,10,5,255,5,255,255,255,5,255,5,255,5,5,10,255,255,255,5,255,5,5,5,255,255,5
1780854956.781925,18422,1851503017,851,1036,2081,2042,2104,2085,1313,980,1072,1222,2029,2073,2118,1995,1412,1109,1199,2070,2082,2084,2130,2091,2050,1843,1188,2078,2101,2085,2072,2140,2057,1932,1132,2028,2126,2103,2101,2141,2050,1891,1172,1996,2134,2074,2067,2076,1962,2005,1137,1939,2065,2143,2094,2026,1017,923,1092,1542,2078,2136,2068,907,906,746,5,5,10,255,5,5,5,5,5,5,255,10,5,10,5,5,5,4,5,5,5,5,5,4,5,5,5,5,5,5,5,10,5,5,5,5,5,255,5,5,5,255,255,10,10,255,255,10,5,255,5,5,255,255,10,10,5,10,255,255,5,10,10,5
1780854956.880942,18423,1851603017,832,1062,2081,2042,2053,2085,1244,1002,1099,1304,2029,2157,2129,2073,1435,1138,1156,2012,2056,2098,2121,2101,2079,1665,1160,2000,2095,2088,2080,2103,2079,1908,1177,2099,2126,2119,2077,2141,2050,1881,1151,2033,2102,2109,2073,2076,1962,1920,1138,1939,2079,2104,2094,1009,982,1969,1101,1542,2096,2136,2068,849,772,709,5,5,5,255,5,255,5,5,9,5,255,5,5,5,5,5,5,5,5,5,5,5,5,9,5,5,5,5,5,5,5,5,5,5,255,5,5,255,255,5,9,10,10,5,5,255,255,5,5,255,5,5,255,255,5,4,5,255,10,255,255,5,5,5
1780854956.981572,18424,1851703017,835,1046,2081,2090,2053,2073,1244,994,1113,1326,2091,2061,2037,2073,1444,1109,1194,2140,2077,2114,2095,2116,2086,1665,1270,2000,2081,2093,2080,2081,2062,1893,1204,2099,2138,2088,2106,2141,2050,1881,1185,2033,2096,2109,2073,959,1962,1903,1148,1939,2087,2104,980,965,797,745,1121,1781,2015,1122,861,763,722,679,5,5,255,10,5,10,5,5,5,5,10,5,5,255,5,5,5,4,5,5,5,5,5,255,9,255,5,5,5,5,5,5,5,5,10,5,5,255,255,255,5,255,5,255,255,255,255,5,5,255,5,255,255,5,5,5,5,10,5,10,10,5,5,5
1780854957.080864,18425,1851803016,841,2092,2043,2050,2089,2052,1290,988,1070,1303,2091,2101,2122,1994,1448,1119,1195,1630,2081,2090,2116,2082,2097,1694,1199,2051,2092,2089,2073,2087,2082,1828,1167,2026,2138,2098,2090,2149,2050,1939,1233,2033,2079,2161,2073,1035,1962,1963,1136,2017,2086,2102,844,796,708,684,1099,1781,2040,891,750,681,664,648,5,5,10,5,5,5,5,5,5,5,255,5,5,10,5,5,5,4,5,5,5,5,5,10,9,10,5,5,5,5,5,5,5,5,255,5,5,10,255,10,5,255,5,10,255,5,255,5,5,10,5,10,255,5,5,5,5,255,5,4,5,5,5,5
1780854957.180918,18426,1851903017,831,1074,2079,2082,2050,2059,1259,979,1071,1304,2065,2092,2075,2086,1518,1126,1182,2032,2096,2126,2058,2062,2076,1643,1210,1900,2092,2086,2070,2081,2097,1833,1161,2026,2070,2096,2070,2149,2050,1939,1173,2033,2079,2161,2073,834,1871,1918,1149,2017,2086,1150,753,705,659,652,1121,1781,2040,715,541,485,627,648,5,5,5,5,5,5,5,5,5,5,10,5,5,5,5,5,5,5,5,5,5,5,5,5,9,5,5,5,5,5,5,5,5,255,10,5,5,255,255,255,5,255,255,255,255,4,10,5,5,255,255,4,5,5,5,5,5,255,255,5,4,5,5,255
1780854957.280766,18427,1852003016,846,1082,2035,2062,2078,2100,1219,982,1097,1372,2030,2092,2037,2014,1421,1132,1180,2038,2083,2068,2079,2103,2053,1654,1204,2062,2111,2084,2087,2111,2074,1888,1198,2025,2070,2085,2100,2149,2075,1903,1156,2009,2056,2127,672,553,683,674,1156,2017,2086,744,450,499,627,642,1123,1781,697,630,418,368,480,648,5,5,5,5,5,5,9,5,5,5,5,255,5,5,5,5,9,5,5,5,5,5,5,5,5,5,5,5,5,5,5,5,5,10,255,5,5,255,10,10,5,10,10,10,10,4,4,5,5,255,255,4,4,4,5,5,5,255,10,5,5,5,5,255
1780854957.380787,18428,1852103016,851,2080,2035,2072,2074,2052,1239,984,1083,1246,2030,2103,2037,2014,1472,1125,1185,1947,2099,2070,2129,2122,2074,1682,1242,2062,2116,2094,2109,2136,2111,1844,1242,2063,2126,2086,456,468,473,685,1192,2009,2116,510,505,365,505,633,1169,2017,671,621,371,360,340,366,1135,1781,1995,600,363,347,361,367,5,5,255,5,5,5,5,5,5,5,255,10,255,255,5,5,5,5,5,5,5,5,5,5,5,255,5,5,5,5,5,5,9,5,10,5,4,10,4,4,5,255,5,4,5,5,5,5,5,255,10,5,5,5,4,4,5,255,5,5,5,5,5,10
1780854957.479447,18429,1852203016,841,1018,2035,2050,2092,2062,1239,995,1105,1277,2030,2081,2053,2063,1480,1119,1167,2036,2077,2082,2099,2064,395,1693,1195,2064,2073,2071,2096,379,378,386,1211,2032,2064,2096,411,370,342,361,1152,2009,2108,646,378,344,338,346,1115,1985,621,642,460,342,336,346,1093,1781,2030,600,390,371,360,367,5,5,255,5,5,5,255,5,5,5,255,5,10,10,5,5,5,5,5,5,5,5,4,5,5,10,5,5,5,5,4,4,9,5,5,5,255,5,5,4,5,255,5,5,5,5,5,5,5,10,5,5,5,5,5,5,5,255,5,255,255,5,5,255
1780854957.580864,18430,1852303017,822,1018,2089,2071,2068,2119,1329,988,1086,1328,2030,2071,2091,385,1468,1125,1170,1976,2056,2065,414,365,343,362,1227,2064,2073,2079,2124,345,337,349,1221,2056,2064,650,427,355,336,354,1139,1978,631,631,556,396,342,362,1151,1985,2117,628,607,431,361,382,1112,1781,2030,600,1973,1971,360,367,5,255,10,5,5,5,10,5,5,5,255,5,5,4,5,5,5,5,5,5,4,5,5,4,5,255,5,5,5,5,5,5,5,5,255,4,5,5,5,5,5,10,5,5,5,5,5,5,5,255,5,5,5,255,255,255,5,255,255,255,4,4,255,255
1780854957.680759,18431,1852403016,843,1074,2005,2076,2064,2122,1286,980,1091,1334,2054,2083,395,359,339,343,1211,1990,2087,2069,389,341,329,347,1170,2058,2091,631,385,345,334,340,1156,2062,630,630,589,384,346,349,1215,1978,646,627,608,557,364,381,1138,1985,2116,2124,2082,1995,1946,1942,1128,1781,2075,2092,1985,1971,360,367,5,10,5,5,5,5,5,5,5,5,10,5,4,5,5,4,9,5,5,5,5,5,5,5,5,10,5,5,255,5,5,5,5,5,10,5,5,5,5,5,9,255,5,5,5,5,5,255,5,255,5,4,4,4,4,4,5,255,10,10,5,255,255,255
1780854957.780779,18432,1852503017,836,1978,2005,2076,395,367,358,999,1058,1307,2140,2083,381,336,332,344,1138,1990,2085,2053,363,336,331,335,1234,2050,2076,617,398,346,341,341,1202,1992,620,629,586,462,341,341,1165,2083,657,622,602,592,368,381,1156,1985,2111,2106,2113,1990,1946,1999,1110,1781,2033,2101,1993,1971,360,367,5,5,255,5,4,255,255,5,5,5,5,255,5,5,5,5,5,255,5,5,5,5,5,5,9,5,5,5,5,5,5,5,5,5,5,5,5,5,5,5,5,10,5,5,5,5,255,255,5,255,5,5,5,5,255,5,5,255,5,5,5,255,255,255
1780854957.880857,18433,1852603017,837,2068,2043,2082,407,353,361,992,1074,1280,2140,2111,381,343,330,346,1155,1611,2089,2080,358,338,331,331,1204,2050,2101,589,390,343,338,337,1195,2038,651,637,584,385,358,361,1142,2083,670,621,617,441,434,1932,1162,1985,2117,2107,2099,2027,1918,1932,1142,1781,2033,2101,1915,1917,360,367,5,5,10,5,255,5,255,5,5,5,255,10,5,5,5,255,5,10,5,5,5,5,5,5,5,255,5,5,5,5,5,5,5,5,5,5,5,5,5,255,5,255,5,5,5,255,255,10,5,255,5,5,5,5,10,5,5,255,255,255,5,10,255,255
1780854957.980894,18434,1852703017,851,2068,2076,2109,358,360,1275,986,1079,1332,2140,360,349,335,335,1100,1178,1902,427,365,344,332,334,361,1201,2122,637,425,356,337,343,360,1148,1639,657,623,401,353,353,367,1231,2083,622,622,597,383,434,2005,1150,1543,2091,2062,2133,1976,1969,1932,1152,1781,2027,2101,2029,1917,360,367,5,255,5,5,255,255,4,5,5,5,255,255,5,5,5,4,5,5,4,5,5,5,5,255,5,10,5,5,5,5,5,255,5,4,5,5,5,5,5,255,5,255,5,5,5,255,255,5,5,10,5,5,5,5,5,255,5,255,10,255,5,255,255,255
1780854958.080786,18435,1852803017,865,1047,2111,390,358,329,1229,982,1092,1273,381,387,350,342,356,1108,1185,1551,2021,350,336,334,340,1664,1171,1986,597,355,344,341,339,378,1172,1639,624,521,350,352,344,367,1148,2083,637,648,395,373,1912,1909,1108,1543,2101,2118,2098,2002,1969,1937,1102,1676,2036,2101,2011,1976,360,367,5,10,5,4,255,255,5,5,5,5,255,5,5,5,255,5,9,4,4,5,5,5,5,4,5,5,9,5,5,5,5,255,5,255,5,9,5,5,5,255,5,255,5,5,4,255,10,5,5,255,5,5,5,5,255,10,5,10,5,255,5,10,255,255
1780854958.180682,18436,1852903018,839,1047,2111,390,341,1744,1261,998,1069,1349,381,343,347,347,1440,1089,1169,1899,380,355,337,345,355,1789,1188,1989,441,344,339,335,342,378,1165,627,628,378,345,355,358,367,1202,2083,2137,398,2029,375,1912,1909,1150,1543,2098,2100,2098,2017,1936,1948,1114,1676,2036,2101,2041,1976,360,367,5,255,255,255,255,4,5,5,5,5,255,5,5,5,4,5,5,4,5,5,5,5,5,5,5,5,5,5,5,5,5,255,5,10,5,5,5,5,5,255,5,255,4,4,4,255,255,255,5,255,5,5,255,5,10,5,5,255,255,255,5,255,255,255
1780854958.280731,18437,1853003017,836,2093,2056,413,364,2038,1239,1002,1097,1277,2068,362,347,382,1447,1116,1168,1984,376,349,338,346,383,1683,1191,661,387,347,338,342,357,1787,1239,656,667,343,351,348,354,1930,1176,2083,2137,358,359,2057,1912,1909,1147,2049,2122,2100,2126,1997,1984,1968,1095,1676,2063,2043,1969,1972,360,367,5,10,10,255,255,4,5,5,5,5,10,5,5,255,5,5,5,5,5,5,5,5,255,5,5,3,5,5,5,5,5,10,9,5,5,5,5,5,255,10,5,255,255,255,5,4,255,255,5,10,5,255,10,5,5,5,5,255,10,10,5,10,255,255
1780854958.380814,18438,1853103018,841,1031,2087,413,353,2038,1288,995,1090,1201,365,354,350,359,1433,1132,1230,396,367,347,341,344,510,1736,1184,395,354,351,345,339,416,1787,1163,654,425,344,344,353,354,1930,1189,1905,2137,385,2064,2101,1934,1909,1167,2049,2086,2100,2126,1969,1984,1968,1108,1676,2041,2043,2004,1963,360,367,5,255,5,255,255,255,5,5,5,5,255,5,5,255,5,5,5,4,5,5,5,5,9,5,9,4,5,5,5,5,255,255,5,5,5,5,5,5,255,255,5,10,255,255,4,5,10,255,5,255,5,10,255,5,255,255,5,255,5,255,5,5,255,255
1780854958.481160,18439,1853203017,826,1069,2107,381,355,2102,1275,978,1093,1308,374,339,348,391,1437,1114,1168,383,350,344,342,345,499,1673,1187,437,359,343,342,346,545,1733,1216,639,377,354,350,359,354,1930,1207,1905,2078,378,373,2043,1933,1942,1161,2049,2116,2104,2079,2004,1946,1936,1110,1676,2017,2043,1972,1995,360,367,5,5,5,255,255,10,5,5,5,9,255,5,5,255,5,5,5,255,5,5,5,5,5,5,5,255,5,5,5,5,5,10,5,5,5,5,5,5,255,255,5,5,10,255,255,5,5,10,5,255,5,5,10,5,10,10,5,255,5,255,5,5,255,255
1780854958.580879,18440,1853303017,832,1027,2078,353,370,2043,1362,973,1068,1305,381,351,346,382,1431,1109,1202,412,357,346,342,360,560,1641,1200,420,351,347,343,345,648,1797,1223,594,374,351,360,348,354,1930,1176,1905,2115,388,379,383,1945,1942,1140,2042,2105,2100,2073,2026,1918,1997,1108,1676,2017,2083,1972,1959,360,367,5,5,5,255,255,5,5,5,5,5,5,5,5,255,5,5,5,255,5,5,5,5,5,5,5,255,5,5,5,5,5,5,5,5,5,5,5,5,255,255,5,255,5,255,255,255,5,255,5,10,5,5,5,5,5,5,5,255,5,10,255,5,255,255
1780854958.680857,18441,1853403017,848,2091,2078,346,376,2062,1259,992,1085,1337,373,357,351,376,1407,1089,1224,1528,354,336,346,337,547,1677,1149,742,356,345,344,343,649,1724,1160,691,376,362,350,362,354,1930,1198,1905,2115,399,2203,2060,1945,1906,1167,2042,2108,2132,2073,2022,1951,1943,1118,1676,2083,2070,2052,1928,2043,367,5,5,255,255,255,5,5,5,5,5,5,5,5,255,5,5,5,4,5,5,5,5,5,5,5,4,5,5,5,5,5,3,5,5,5,5,5,5,255,255,5,255,255,255,4,4,255,10,5,255,5,5,255,5,5,5,5,255,5,5,10,5,10,255
1780854958.780892,18442,1853503018,831,1019,2078,379,360,2062,1288,996,1072,1185,370,356,353,385,1487,1112,1138,399,349,342,350,366,617,1707,1178,490,354,347,346,351,590,2002,1212,673,375,356,354,361,354,1904,1208,1905,2115,399,2139,2106,2015,1925,1137,2042,2053,2107,2073,2006,1951,1932,1141,1676,2083,2070,2036,1930,2014,367,5,255,255,255,255,255,5,5,5,5,5,5,5,255,5,5,5,255,5,5,5,5,5,5,5,9,5,5,5,5,5,4,9,5,255,5,5,5,255,10,5,255,255,255,5,5,10,5,5,255,5,5,255,5,255,5,5,255,255,255,5,5,5,255
1780854958.880739,18443,1853603017,848,998,2078,364,385,2071,1280,980,1055,1258,365,351,349,358,1397,1110,1213,376,353,343,346,353,648,1691,1179,402,348,348,341,343,584,1841,1210,674,409,359,355,368,354,1904,1186,1905,2115,412,391,2119,2015,1991,1148,2042,2086,2119,2128,2068,1945,1947,1164,1676,2062,2033,2000,1930,2014,367,5,5,255,255,255,10,5,5,5,5,5,5,5,255,5,5,5,255,5,5,5,5,5,5,5,255,5,5,5,5,5,5,5,5,5,5,5,5,255,255,5,255,255,255,255,5,255,5,5,255,5,5,10,5,10,5,5,255,10,10,5,255,255,255
1780854958.980727,18444,1853703018,828,2054,2078,368,362,2071,1295,992,1072,1258,380,354,341,370,1404,1144,1194,1598,355,348,329,350,504,1683,1223,429,351,344,340,348,610,1800,1209,664,442,348,352,358,354,1904,1175,1905,2115,382,2125,2033,1950,1991,1087,2042,2088,2119,2117,1959,1945,1973,1102,1676,2049,2033,2013,1930,2014,367,5,4,255,255,255,255,5,5,5,255,5,5,5,5,5,5,5,4,5,5,5,5,5,5,5,255,5,5,5,5,5,5,5,5,5,5,5,5,255,255,5,255,255,255,4,5,10,255,9,255,5,255,5,5,5,5,5,255,5,255,5,255,255,255
1780854959.080918,18445,1853803017,836,1039,2091,363,374,2071,1256,984,1050,1281,376,358,356,391,1420,1125,1173,1521,355,343,344,343,519,1683,1173,554,350,346,343,345,659,1852,1190,677,495,371,356,375,354,1903,1170,1905,647,394,2136,2098,1978,1939,1162,2048,2090,2124,2140,1990,1945,1957,1098,1676,2049,2080,1955,1970,2014,367,5,5,10,255,255,255,5,5,5,10,5,5,5,255,5,5,5,5,5,5,5,5,5,255,5,9,5,5,5,5,5,5,5,5,5,5,5,5,255,10,5,255,10,255,5,5,5,10,5,10,5,10,5,5,255,5,5,255,255,10,5,10,255,255
1780854959.180780,18446,1853903017,841,1128,2091,396,399,2027,1247,996,1093,1220,390,359,356,384,1515,1095,1176,376,354,343,344,360,617,1700,1150,537,355,347,342,350,641,1820,1197,650,401,358,352,376,354,1870,1174,1905,604,383,383,398,1978,1939,1150,2048,2080,2118,2140,1996,1921,1957,1110,1676,2072,2084,2008,1970,1939,367,5,5,255,255,255,10,5,5,5,5,5,5,5,255,5,5,5,255,5,5,5,5,4,10,5,9,5,5,5,5,5,5,5,5,5,5,5,5,255,5,9,255,5,255,255,255,255,255,5,255,5,5,255,5,10,255,5,255,10,5,5,255,10,255
1780854959.280684,18447,1854003017,858,1045,2091,383,391,2063,1283,986,1100,1238,364,351,360,373,1423,1145,1197,1530,364,346,349,351,407,1657,1197,563,358,338,344,340,506,1828,1143,678,441,356,355,369,354,1916,1178,1905,440,381,383,389,390,1907,1143,2048,2107,2075,2140,1990,1931,1940,1085,1676,2089,2084,1967,1981,1939,1941,5,5,255,255,255,9,5,5,5,5,255,5,5,255,5,5,5,4,5,5,5,5,255,5,5,9,5,5,5,5,5,5,9,5,5,5,5,5,255,5,5,255,255,255,255,255,255,10,5,255,5,5,255,5,5,10,5,255,5,255,9,10,255,10
1780854959.390818,18448,1854113018,852,2095,2078,383,2118,1962,1274,1005,1071,1365,389,348,363,362,1441,1053,1179,409,357,345,352,347,413,1702,1223,531,347,347,346,350,569,1852,1207,665,383,354,355,364,601,1916,1210,1905,440,387,399,389,390,1978,1132,2048,2077,2098,2140,2060,1946,1983,1122,1676,2089,2084,1967,1918,1939,1941,5,5,10,255,4,5,5,5,5,5,5,5,5,255,5,5,5,255,5,5,5,5,255,5,5,9,5,5,5,5,5,5,5,5,5,5,5,5,10,255,5,255,255,255,255,255,255,5,5,255,5,5,255,5,5,5,5,255,255,255,255,5,255,255
1780854959.490614,18449,1854213017,836,999,2078,376,398,2053,1328,996,1062,1224,376,355,354,357,1362,1104,1167,1548,360,346,342,353,541,1702,1193,600,351,344,341,337,654,1881,1190,676,367,351,352,364,601,1933,1142,1905,2114,386,371,405,1977,1958,1136,2048,2094,2096,2140,1999,1906,1969,1088,1676,2006,2083,1997,1918,1959,1941,5,5,255,255,255,5,5,5,5,9,5,5,5,255,5,5,5,4,5,5,5,5,9,255,5,5,5,5,5,5,5,5,5,5,5,5,5,5,255,10,5,255,10,255,255,255,10,5,5,255,5,5,255,5,5,5,5,255,10,10,10,255,10,255
1780854959.590898,18450,1854313018,847,2077,2080,386,367,2053,1303,990,1088,1228,369,357,360,901,1431,1097,1152,1597,365,340,346,353,521,1702,1205,476,344,350,343,342,639,1854,1193,670,368,358,349,363,601,1891,1158,1905,425,367,386,2097,1977,1958,1130,2048,2059,2068,2140,1999,1954,1977,1122,1676,1975,2083,2020,1918,1959,1941,5,5,10,255,255,255,5,5,5,5,5,5,5,4,5,5,5,5,5,5,5,5,9,255,5,4,5,5,5,5,5,5,5,5,5,5,5,5,255,5,5,255,255,255,255,4,255,255,5,255,5,5,255,255,5,5,5,255,5,255,5,255,255,255
1780854959.690767,18451,1854413017,844,2127,2083,384,368,1885,1275,970,1092,1253,382,351,365,360,1406,1099,1210,373,357,343,347,352,536,1666,1206,558,347,345,343,340,652,1839,1213,671,381,365,352,378,601,1891,1182,2110,425,395,388,2053,1896,1980,1159,2048,2108,2112,2073,1945,1954,1927,1118,1676,1975,2048,2028,1918,1959,1941,5,5,5,255,255,10,5,5,5,5,5,5,5,255,5,5,5,255,5,5,5,5,5,10,5,5,5,5,5,5,5,5,5,5,5,5,5,5,255,255,5,10,255,255,255,5,10,10,5,255,5,5,10,10,255,5,5,255,255,10,5,255,255,255
1780854959.790930,18452,1854513017,821,1080,2083,359,367,1885,1204,982,1083,1252,373,352,352,383,1433,1106,1194,1602,351,342,341,353,544,1666,1194,624,354,345,349,342,612,1831,1182,659,386,350,357,358,601,1878,1198,2110,425,395,2140,2102,1896,1954,1150,2040,2055,2121,2073,1974,1967,1927,1099,1676,2072,2048,2001,2045,1977,1941,5,255,255,255,255,255,5,5,5,5,5,5,5,255,5,5,5,4,5,5,5,5,5,255,5,5,5,5,5,5,5,5,5,5,5,5,5,5,255,10,5,255,255,255,4,5,255,5,5,10,5,5,255,5,10,255,5,255,10,255,5,10,10,255
1780854959.890757,18453,1854613017,847,1028,2044,365,368,1885,1222,998,1065,1312,362,351,350,375,1454,1114,1213,378,351,345,342,353,496,1721,1176,689,363,352,350,353,665,1831,1203,689,397,353,361,385,601,1878,1183,2110,425,2053,2133,2102,1980,1947,1141,2040,2104,2119,2108,2059,1916,1962,1117,1676,2001,2005,2047,1916,1977,1941,5,5,10,255,255,255,5,5,5,5,5,5,5,255,5,5,9,255,5,5,5,5,5,10,5,5,5,5,5,5,5,255,5,5,5,5,5,255,255,255,5,255,255,10,5,255,10,5,5,255,5,5,10,5,5,10,5,255,5,10,5,5,255,255
1780854959.990963,18454,1854713017,836,1077,2091,363,366,1885,1269,994,1054,1428,354,344,346,399,1431,1103,1263,1500,355,345,348,357,578,1734,1161,652,353,357,351,354,642,1819,1198,685,660,368,366,414,601,1878,1179,2110,425,428,2144,2054,1980,1923,1140,2040,2116,2114,2107,1998,1939,1937,1121,1676,2066,2035,2008,1979,1977,1941,5,255,5,5,255,255,5,5,5,5,5,5,5,255,5,5,5,4,5,5,5,5,5,5,5,5,5,5,5,5,5,10,5,5,4,5,5,255,255,255,5,255,255,255,5,10,255,5,5,255,5,5,5,5,5,5,5,255,5,5,5,5,255,255
1780854960.091624,18455,1854813017,832,2080,377,340,358,2009,1203,987,1095,1259,366,340,345,389,1429,1093,1177,1648,344,342,348,355,616,1678,1162,639,357,363,346,370,663,1827,1184,678,599,367,375,414,629,1996,1136,2110,425,428,2101,2054,1980,1917,1153,2040,2091,2094,2107,2041,1936,1961,1106,1676,2066,2060,1984,1979,1977,1941,5,4,255,5,5,10,5,5,5,5,5,5,5,5,5,5,5,5,5,5,5,5,5,5,5,5,5,5,5,5,5,5,5,5,5,255,5,255,10,10,5,255,255,255,5,5,255,5,5,255,5,5,5,5,5,5,5,255,255,5,5,255,255,255
1780854960.190894,18456,1854913017,847,1015,380,354,362,401,1283,1006,1106,364,354,346,347,384,1459,1130,1158,386,351,348,354,363,638,1687,1202,650,372,363,364,468,655,1827,1197,690,642,572,387,616,629,1959,1236,2012,425,428,2122,2069,1941,1950,1156,2040,2091,2088,2117,1922,1907,1965,1095,1676,2045,2060,1996,1937,1972,1941,5,5,5,5,5,255,5,5,5,5,5,5,5,5,5,5,5,255,5,5,5,5,5,5,5,5,5,5,5,5,5,255,5,5,5,4,255,10,255,5,9,10,255,255,5,5,10,5,5,255,255,5,5,5,5,5,5,255,10,255,5,10,10,255
1780854960.291599,18457,1855013017,842,377,370,345,362,403,1252,1003,1081,372,357,351,346,404,1402,1106,1182,475,358,354,364,483,659,1629,1153,669,432,402,387,602,657,1827,1191,693,631,636,587,664,629,1865,1154,2012,2104,428,2125,2110,2014,1930,1160,2040,2092,2116,2117,1980,1914,1965,1143,1676,2045,2060,1998,1937,1972,1941,5,4,5,5,5,255,5,5,5,5,5,5,5,255,5,5,5,4,5,5,5,5,5,5,5,5,5,5,5,5,5,255,5,5,5,5,5,5,255,5,5,255,10,255,5,5,5,5,5,255,10,5,5,5,5,255,5,255,5,255,5,255,255,255
1780854960.391354,18458,1855113017,836,379,348,353,347,416,1303,1003,1072,405,354,360,359,457,1403,1133,1192,646,480,382,438,639,653,1629,1166,658,625,609,604,639,635,1827,1198,2087,668,643,2125,618,629,1940,1171,2059,2106,428,2097,2110,2014,1926,1125,2040,2105,2113,2117,2054,1928,1965,1122,1676,2045,2064,2063,1937,1972,1941,5,5,5,5,5,255,5,5,5,255,5,5,5,5,5,5,5,5,255,5,5,5,5,255,5,5,5,4,4,5,5,255,5,4,5,5,4,5,255,5,5,10,5,255,5,255,255,5,5,255,5,5,255,5,5,255,5,255,255,10,5,255,255,255
1780854960.490880,18459,1855213016,836,409,370,368,379,394,1266,1011,1057,637,435,427,442,631,640,1134,1183,652,617,574,600,629,667,1633,1177,713,640,647,633,653,2093,1827,1160,2064,2066,643,2088,2149,2051,1940,1175,2059,2111,2124,2070,2102,1972,1969,1160,1577,2075,2120,2087,2020,1935,1929,1117,1676,2038,2037,1968,1986,1972,1941,5,5,5,5,5,5,5,5,5,4,5,5,5,5,5,9,5,5,5,5,5,5,5,10,5,5,5,5,5,5,4,255,5,5,5,255,5,5,10,255,5,255,5,10,5,10,10,5,5,10,5,5,10,5,5,10,5,255,10,5,5,10,255,255
1780854960.591289,18460,1855313016,825,497,488,436,510,658,1352,978,1067,668,608,591,587,653,663,1107,1158,671,645,634,661,662,2057,1728,1207,2018,672,2109,2100,2140,2076,1827,1198,2136,2110,2066,2097,2101,2051,1909,1167,2119,2094,2115,2122,2113,1983,1943,1142,1577,2094,2099,2087,2065,1971,1956,1097,1676,2038,1999,2029,1964,1972,1941,5,4,5,5,5,4,5,5,5,5,5,5,5,5,5,5,5,5,5,5,5,5,4,5,5,4,5,5,5,4,5,255,5,5,5,10,5,5,255,10,5,10,5,5,5,5,5,5,5,255,5,5,255,5,5,5,5,255,255,5,5,5,255,255
1780854960.690888,18461,1855413017,854,681,623,587,614,649,1197,1014,1061,704,655,662,654,680,686,1129,1180,703,711,735,2099,2072,2075,1728,1193,2057,2071,2101,2112,2082,2077,1888,1181,1975,2110,2083,2106,2129,2050,1909,1190,2119,2099,2115,2144,2062,1983,1944,1145,2066,2098,2081,2105,1990,1971,1974,1096,1676,2075,2045,2029,1957,1952,1941,5,5,5,5,5,5,5,5,5,5,5,5,5,5,5,5,5,255,5,5,4,4,5,255,5,5,5,5,5,5,5,10,5,5,255,5,5,5,10,255,5,255,5,255,5,5,255,5,5,10,5,5,10,5,255,5,5,255,10,5,255,5,10,255
1780854960.791014,18462,1855513017,842,688,669,668,695,682,1279,990,1078,1228,747,786,779,680,1420,1138,1196,2072,2087,2122,1986,2079,2067,1782,1179,2057,2106,2096,2062,2106,2082,1888,1198,1955,2077,2133,2105,2127,2074,1909,1162,2119,2123,2086,2082,2029,1993,1982,1128,2066,2129,2090,2105,1994,1958,1974,1099,1676,2075,2068,2032,1930,1952,1941,5,5,5,5,5,5,4,5,5,4,5,5,5,255,4,5,5,4,5,4,5,5,5,10,5,255,5,5,5,5,5,255,5,5,10,5,5,5,5,255,5,255,5,10,5,5,10,5,5,255,5,5,255,5,10,255,5,255,255,5,10,5,255,255
1780854960.891180,18463,1855613017,840,958,753,787,831,894,1262,1001,1076,1307,747,786,779,2043,1415,1143,1204,2062,2053,2113,1986,2097,2059,1782,1163,1927,2083,2091,2109,2124,2100,1896,1151,1955,2097,2085,2116,2103,2074,1909,1191,2119,2112,2071,2081,2029,1997,1952,1174,1568,2092,2114,2073,2075,1965,1974,1127,1676,2102,2067,2032,1959,1987,1941,5,4,5,5,5,4,5,5,5,5,255,255,255,10,5,5,5,5,5,5,255,5,5,255,5,10,5,5,5,5,5,10,5,255,5,5,5,5,255,255,9,255,5,5,5,5,5,5,5,10,5,5,10,5,5,255,5,255,10,5,255,5,10,255
1780854960.991354,18464,1855713017,848,958,753,1065,831,2073,1285,987,1094,1381,2057,786,2095,2043,1442,1131,1161,1679,2098,2089,1986,2046,2070,1673,1185,2055,2077,2085,2079,2104,2091,1890,1209,2099,2116,2108,2081,2133,2074,1947,1126,1999,2103,2097,2117,2074,1997,1958,1201,2047,2097,2120,2073,2010,1968,2019,1135,1676,2055,2029,2020,1937,1987,1941,5,255,255,4,255,4,5,5,5,5,10,255,10,255,5,5,5,4,5,5,255,5,5,10,5,5,5,5,5,5,5,5,5,10,5,5,5,5,255,10,5,10,5,5,5,5,255,5,5,4,5,5,255,5,5,10,5,255,5,5,10,5,255,255
1780854961.091477,18465,1855813017,836,2033,2096,1065,831,2018,1276,991,1065,1288,2059,786,2038,2017,1440,1085,1212,1958,2090,2079,2069,2099,2081,1697,1185,2039,2086,2095,2093,2066,2079,1849,1168,2046,2112,2091,2089,2133,2020,1947,1204,1999,2106,2089,2123,2104,1956,1958,1144,2047,2119,2103,2104,1979,1942,1979,1101,1676,2044,2086,1984,1983,1987,1941,5,10,10,255,255,5,5,5,5,5,5,255,5,10,5,5,5,4,5,5,10,5,5,5,5,5,5,5,5,5,5,5,5,5,5,5,5,255,10,255,5,255,5,5,5,5,10,5,5,255,5,5,10,5,5,5,5,255,5,5,5,5,255,255
1780854961.191246,18466,1855913017,821,1033,2096,1065,831,2050,1255,1006,1092,1294,2057,2081,2038,2161,1459,1119,1228,1991,2097,2065,2069,2076,2027,1697,1201,2034,2092,2083,2094,2140,2100,1857,1213,2028,2068,2098,2107,2059,2020,1947,1186,1999,2099,2079,2118,2116,1956,1961,1174,2047,2043,2089,2104,1997,1925,1935,1120,1676,2044,2047,1984,1930,1987,1941,5,4,255,255,255,5,9,5,5,255,5,10,255,5,5,5,5,5,5,5,255,5,5,255,5,5,5,5,5,5,5,5,9,5,5,5,5,10,255,255,5,255,5,5,5,5,255,5,5,255,5,5,255,5,5,5,5,255,255,5,255,5,255,255
1780854961.291292,18467,1856013017,833,1095,2089,1065,2112,2050,1276,980,1076,1270,2102,2046,2038,2102,1495,1137,1208,1871,2071,2083,2095,2095,2093,1697,1193,2034,2089,2094,2093,2137,2097,1901,1171,2077,2100,2104,2116,2124,2020,1957,1173,2080,2093,2153,2087,2117,1941,1924,1138,2041,2079,2096,2099,1997,1976,1961,1109,1676,2048,2047,1984,1930,1987,1941,5,5,10,255,10,255,5,5,9,5,5,5,255,5,9,5,5,5,5,5,10,5,5,255,5,255,5,5,5,5,5,5,5,5,5,5,5,5,255,10,5,10,5,5,5,5,10,5,5,10,5,5,10,255,5,5,5,255,10,255,255,255,255,255
1780854961.391310,18468,1856113017,865,2084,2089,2075,2067,2044,1263,1000,1065,1319,2102,2087,2073,2102,1496,1100,1182,2011,2072,2064,2053,2094,2081,1697,1186,2041,2074,2083,2086,2094,2080,1856,1187,2077,2134,2072,2070,2076,2020,1896,1181,2080,2113,2112,2126,2080,1935,1976,1152,2041,2096,2113,2107,1954,1951,1974,1127,1676,2006,2089,2022,1930,1987,1941,5,5,255,10,5,10,9,5,5,5,255,5,10,255,5,5,5,5,5,5,5,5,5,255,5,10,5,5,5,5,5,5,5,255,5,5,5,5,255,5,5,255,5,5,5,5,5,5,5,255,5,5,5,10,5,5,5,255,5,10,10,255,255,255
1780854961.490844,18469,1856213017,829,1035,2087,2064,2071,2001,1259,1020,1101,1326,2102,2074,2073,2102,1425,1112,1178,1950,2115,2097,2104,2074,2028,1710,1196,1950,2114,2091,2097,2101,2049,1908,1200,2048,2127,2102,2089,2121,2080,1896,1193,2080,2115,2133,2132,2065,1935,2011,1138,2082,2134,2103,2086,2003,1951,1956,1124,1676,2006,2035,2005,1930,1987,1941,5,5,10,5,5,5,5,5,5,5,255,5,255,255,5,5,5,5,5,5,5,5,5,10,5,9,5,5,5,5,5,5,5,10,5,5,5,5,10,255,5,255,5,5,5,5,255,5,5,10,5,5,5,5,5,5,5,255,5,5,9,255,255,255
1780854961.594597,18470,1856313017,839,1031,2060,2064,2049,2040,1277,968,1060,1279,2102,2089,2073,2102,1388,1117,1177,1531,2047,2074,2080,2071,2095,1744,1222,1950,2096,2080,2095,2100,2086,1919,1216,2032,2063,2089,2115,2057,2080,1908,1175,2008,2108,2133,2106,2076,1950,1962,1145,2028,2074,2103,2077,2015,1973,1936,1090,1676,2006,2035,2005,1981,1987,1941,5,5,5,255,5,5,5,5,5,5,255,5,255,255,5,5,5,4,5,5,5,5,5,5,5,5,5,5,5,5,5,9,5,5,5,5,5,5,255,10,5,10,5,255,5,5,10,5,5,5,5,255,5,5,5,5,5,255,255,255,255,10,255,255
1780854961.694048,18471,1856413016,842,1066,2064,2042,2077,2094,1285,996,1073,1302,2053,2049,2073,2102,1493,1165,1189,1960,2069,2087,2070,2093,2125,1654,1196,1950,2098,2089,2087,2091,2113,1896,1194,2075,2075,2072,2115,2135,2068,1908,1125,2008,2079,2099,2099,2073,1919,1910,1156,2028,2090,2112,2085,2007,1918,1932,1099,1676,2049,2003,2004,1939,1987,1941,5,5,5,10,5,5,5,5,5,9,10,5,255,255,5,5,5,4,5,5,5,5,5,5,5,255,5,5,5,5,5,5,5,5,5,5,5,5,10,255,5,255,5,10,5,5,5,5,5,255,5,10,5,5,5,5,5,255,10,10,10,5,255,255
1780854961.790941,18472,1856513017,830,1057,2064,2085,2058,2094,1287,981,1087,1287,2076,2111,2073,2102,1407,1083,1200,1603,2075,2072,2070,2095,2048,1688,1162,2054,2076,2094,2104,2139,2109,1911,1191,1977,2102,2143,2103,2111,2101,1894,1130,2008,2109,2111,2094,2106,1946,1985,1156,2028,2107,2116,2183,2009,1963,1932,1129,1709,2049,2089,1996,1991,1985,1941,5,5,255,5,5,255,5,5,5,5,5,5,255,255,5,5,5,4,5,5,255,5,5,5,5,10,5,5,5,5,5,5,5,5,5,5,5,5,5,10,5,255,5,5,5,5,5,5,5,255,5,5,5,5,5,255,5,10,255,5,5,5,10,255
1780854961.891203,18473,1856613016,851,973,2064,2080,2061,2046,1309,983,1061,1317,2062,2034,2124,2102,1402,1135,1173,1546,2096,2087,2128,2111,2109,1688,1216,2088,2056,2085,2101,2079,2091,1917,1187,2035,2102,2097,2112,2111,2101,1896,1179,2008,2103,2112,2073,2029,1927,1909,1216,2049,2122,2053,2183,1985,1937,1927,1110,1588,2051,2077,1986,1920,1985,1941,5,5,255,5,5,10,9,5,5,5,5,5,10,255,5,5,5,5,5,5,10,5,5,5,5,5,5,5,5,5,5,5,5,5,5,5,5,255,255,5,5,255,5,5,5,5,5,5,5,10,5,5,255,5,5,10,5,5,10,5,5,5,255,255
1780854961.990807,18474,1856713017,843,1076,2064,2093,2084,2087,1305,999,1095,1323,2022,2043,2098,2102,1517,1136,1171,1546,2066,2099,2101,2108,2102,1646,1166,2051,2097,2080,2109,2099,2080,1864,1211,2017,2059,2085,2134,2058,2064,1896,1182,2008,2063,2147,2061,2141,1927,1970,1150,2083,2091,2100,2046,1999,1955,1927,1104,1538,2030,2077,2037,1953,1985,1941,5,5,255,5,5,5,5,5,5,5,5,5,5,255,5,5,5,255,5,5,5,5,5,5,5,5,5,5,5,5,5,5,5,5,5,5,5,10,10,255,5,255,5,5,5,5,255,5,5,5,5,5,10,5,5,255,5,5,5,255,5,5,255,255
1780854962.101144,18475,1856823017,831,1041,2023,2063,2093,2130,1315,1002,1066,1275,2125,2076,2050,2103,1557,1175,1195,2018,2082,2115,2065,2096,2070,1646,1204,2028,2096,2084,2094,2100,2076,1864,1218,2017,2143,2134,2097,2096,2073,1896,1162,2008,2116,2147,2061,2088,1927,1941,1166,2041,2067,2114,2046,1965,1957,1965,1104,1647,1986,2015,1992,1937,1985,1941,5,5,10,5,5,5,9,5,5,5,5,5,5,10,5,9,5,10,5,5,5,5,5,255,5,5,5,5,5,5,5,255,9,255,5,5,5,5,5,255,5,255,5,255,255,5,255,5,5,5,5,5,255,255,5,10,5,5,5,10,5,5,255,255
1780854962.201195,18476,1856923017,839,1016,2023,2073,2076,2130,1338,1007,1063,1314,2087,2111,2050,2103,1383,1110,1163,1950,2066,2114,2135,2143,2059,1673,1184,1939,2089,2087,2068,2117,2069,1871,1199,2032,2143,2115,2115,2093,1980,1896,1225,2008,2086,2110,2138,2079,1988,1962,1141,2053,2102,2077,2134,1965,1946,1950,1136,1647,2004,2037,1981,1943,1985,1941,5,5,255,5,5,255,5,5,5,5,5,5,255,255,5,5,5,9,5,5,5,5,5,10,9,5,5,5,5,5,5,10,5,10,255,5,5,5,5,255,5,255,5,10,10,5,10,5,5,5,5,5,10,255,5,5,5,255,5,5,5,5,255,255
1780854962.301920,18477,1857023016,841,2054,2043,2093,2058,2079,1283,1005,1074,1290,2088,2078,2044,2089,1373,1108,1201,2035,2073,2085,2089,2067,2048,1691,1182,2055,2086,2092,2093,2103,2059,1913,1196,2032,2076,2076,2064,2046,1999,1896,1189,2008,2084,2110,2096,2073,1966,1969,1110,2048,2072,2107,2079,2011,1981,1965,1128,1647,2009,2031,1982,1977,1985,1941,5,5,10,5,5,10,5,5,5,5,5,5,10,10,5,5,5,5,5,5,5,5,5,5,5,5,5,5,5,5,5,5,5,255,10,5,5,5,5,255,5,255,5,255,5,5,5,5,5,5,5,5,5,10,5,5,5,255,5,5,5,5,255,255
1780854962.400976,18478,1857123017,844,1084,2041,2093,2068,2016,1285,987,1101,1261,2088,2086,2044,2089,1450,1133,1170,2027,2090,2100,2054,2131,2083,1734,1145,2029,2110,2084,2088,2100,2082,1762,1155,1988,2104,2100,2129,2126,2040,1896,1145,2008,2106,2085,2119,2074,1966,1970,1133,2048,2100,2090,2116,1990,1966,1961,1123,1647,2040,2088,1981,1962,1985,1941,5,5,5,255,5,5,5,5,5,5,255,5,255,255,5,5,5,5,5,5,5,5,5,5,5,5,5,5,5,5,5,5,5,10,5,5,5,5,5,255,5,255,5,10,5,5,255,5,5,255,5,5,5,5,5,5,5,255,5,5,5,5,255,255
1780854962.501013,18479,1857223017,833,2075,2096,2084,2067,1976,1249,984,1075,1252,2088,2099,2087,2043,1408,1131,1195,1902,2087,2073,2094,2119,2103,1670,1191,2043,2078,2084,2092,2110,2084,1865,1217,1959,2088,2121,2111,2126,2040,1896,1167,2008,2119,2085,2101,2083,1966,1970,1140,2048,2109,2125,2075,1990,1925,1940,1116,1647,2066,2052,1902,1959,1985,1941,5,5,5,10,5,3,5,5,5,5,255,5,10,10,5,5,5,5,5,5,5,5,5,5,5,5,5,5,5,5,5,5,5,9,5,5,5,255,255,255,5,255,5,255,5,5,255,255,5,255,5,5,5,5,5,5,5,255,5,5,5,5,255,255
1780854962.601608,18480,1857323017,831,1018,2096,2105,2087,2052,1270,966,1053,1324,2059,2099,2087,2043,1420,1111,1230,2017,2049,2070,2041,2066,2067,1790,1140,2005,2070,2092,2090,2124,2121,1833,1202,2087,2099,2089,2097,2089,2040,1896,1187,2008,2138,2101,2133,2113,1915,1909,1126,2048,2112,2124,2080,1990,1949,1924,1146,1647,2020,2052,1902,1959,1971,1941,5,5,255,5,5,5,5,5,5,5,10,255,255,255,5,5,5,9,5,5,5,5,5,5,5,5,5,5,5,5,5,5,5,5,5,5,5,10,255,255,5,255,5,10,5,5,10,10,5,255,5,5,5,255,5,5,5,255,5,255,255,255,10,255
1780854962.701595,18481,1857423016,843,2032,2099,2081,2052,2006,1312,1003,1076,1338,2059,2061,2087,2028,1369,1099,1200,1983,2072,2068,2134,2057,2079,1790,1243,2078,2088,2099,2089,2112,2104,1738,1206,2192,2077,2101,2132,2119,2070,1897,1185,2008,2085,2122,2114,2066,1915,1907,1148,2105,2079,2094,2119,2022,1936,1964,1112,1647,2062,2052,1998,1992,1971,1941,5,5,10,5,5,5,5,5,5,5,255,10,255,10,5,5,9,5,5,5,5,5,5,255,5,5,5,5,5,5,5,5,5,5,5,5,5,5,10,10,5,255,5,5,5,5,255,5,5,10,5,5,5,10,5,5,5,255,5,255,10,10,255,255
1780854962.801179,18482,1857523017,840,2165,2078,2075,2074,2112,1271,988,1080,1237,2059,2117,2087,2135,1389,1139,1175,1895,2119,2086,2107,2110,2088,1790,1195,2075,2116,2083,2098,2069,2034,1847,1257,2034,2077,2101,2114,2119,2070,1938,1208,2008,2083,2100,2087,2068,1984,1949,1163,2105,2141,2104,2119,2018,1937,1952,1075,1501,2028,2036,1998,1953,1971,1941,5,5,5,5,5,5,5,5,5,5,255,5,255,5,5,5,5,5,5,5,5,5,5,255,9,5,5,5,5,5,5,5,5,5,255,5,5,255,255,5,5,255,5,5,5,5,10,5,5,255,5,5,255,5,5,5,5,10,5,10,255,5,255,255
1780854962.900976,18483,1857623016,850,2085,2106,2084,2074,2065,1329,994,1086,1256,2059,2075,2083,2135,1438,1116,1169,1977,2100,2112,2076,2095,2063,1714,1209,1982,2096,2097,2061,2084,2082,1903,1194,2027,2079,2091,2108,2089,2026,1869,1181,2008,2061,2094,2100,2090,2005,1931,1136,2105,2106,2083,2069,1980,1952,1978,1108,1501,2014,2044,1990,1947,1938,1941,5,5,5,5,5,5,5,5,5,5,255,5,10,255,5,5,5,5,5,5,5,5,5,10,5,5,5,5,5,5,5,5,5,5,10,5,5,10,10,5,5,255,5,5,5,5,5,5,5,255,5,5,10,5,5,5,5,255,5,5,10,5,10,255
1780854963.001360,18484,1857723017,845,1008,2106,2088,2065,2070,1292,997,1074,1322,2095,2075,2096,2135,1377,1109,1174,1605,2102,2085,2054,2081,2027,1714,1184,2037,2081,2091,2082,2124,2085,2029,1189,2056,2093,2082,2073,2117,2070,1869,1174,2008,2086,2094,2100,2084,2005,1928,1176,2014,2143,2095,2074,1981,1980,1943,1114,1501,2039,1991,2065,1947,1938,1941,5,255,255,5,5,5,5,5,5,5,10,255,5,255,5,5,9,4,5,5,5,5,5,255,5,5,5,5,5,5,5,5,5,5,5,5,5,5,5,255,5,255,5,255,5,5,255,5,5,10,5,5,5,5,5,5,5,255,5,5,5,255,255,255
1780854963.101084,18485,1857823016,843,1064,2106,2071,2078,2052,1265,986,1040,1253,2047,2043,2055,2135,1456,1081,1221,2004,2071,2075,2074,2066,2095,1552,1167,2045,2086,2089,2072,2122,2093,1802,1180,2067,2061,2086,2095,2119,2074,1990,1182,2008,2056,2094,2114,2093,2001,1927,1131,2072,2112,2085,2074,1999,1960,1950,1107,1501,2065,2096,2022,1901,1936,1941,5,5,255,5,5,5,5,5,5,5,5,10,5,255,4,5,5,4,5,5,5,5,5,10,9,5,5,5,5,5,5,4,5,5,5,5,5,5,5,10,5,255,5,255,5,5,10,5,5,5,5,5,255,5,5,5,5,255,5,5,5,10,10,255
1780854963.201365,18486,1857923017,836,1088,2106,2071,2112,2097,1323,1015,1070,1272,2094,2112,2092,2105,1494,1135,1184,2000,2072,2098,2093,2116,2072,1552,1165,2024,2127,2092,2084,2104,2090,1874,1193,2067,2061,2111,2088,2119,2063,1990,1153,2008,2056,2100,2115,2120,2001,1945,1143,2072,2102,2106,2093,1964,1960,1961,1160,1501,2023,2096,1987,1987,1936,1941,5,5,255,255,5,5,5,5,5,5,5,5,5,10,5,5,5,5,5,5,5,5,5,255,5,5,5,5,5,5,5,5,5,255,255,5,5,255,5,255,5,255,255,10,5,5,255,5,5,255,5,5,10,5,255,5,5,255,5,255,5,5,255,255
1780854963.301146,18487,1858023016,839,1065,2086,2082,2094,2063,1308,1018,1070,1333,2051,2064,2062,2089,1413,1106,1191,2040,2061,2063,2095,2100,2027,1552,1191,2061,2103,2090,2112,2089,2074,1874,1168,2003,2114,2109,2086,2119,2069,1875,1148,2058,2103,2100,2095,2036,1971,1922,1215,2072,2138,2129,2120,2026,1935,1974,1117,1501,2038,1990,1987,1934,1936,1941,5,5,10,10,5,9,5,5,5,5,5,5,5,5,5,5,5,5,5,5,5,5,5,255,5,5,5,5,5,5,5,255,5,10,10,5,5,255,5,10,5,10,10,255,5,5,10,5,5,255,5,5,5,5,10,5,5,255,5,10,255,5,255,255
1780854963.401229,18488,1858123017,854,1060,2086,2094,2078,1737,1293,999,1048,1231,2051,2080,2062,2089,1481,1093,1199,2051,2125,2095,2126,2057,2050,1696,1201,2061,2085,2083,2069,2098,2064,1829,1203,2040,2086,2103,2078,2119,2069,1846,1150,2058,2117,2026,2101,2076,1918,1922,1146,2072,2097,2131,2139,1931,1941,1956,1106,1501,2076,2070,1933,1934,1936,1941,5,255,255,5,5,4,5,5,5,5,255,5,255,255,9,5,5,5,5,5,5,5,5,10,5,255,5,5,5,5,5,10,5,5,5,5,5,255,255,5,5,255,5,10,5,5,5,5,5,255,5,5,5,5,5,5,5,255,5,5,10,255,255,255
1780854963.501739,18489,1858223017,841,2088,2077,2073,2086,1680,1250,984,1099,1275,2059,2064,2062,2089,1419,1078,1133,1618,2066,2089,2065,2089,2034,1696,1213,2013,2084,2076,2072,2124,2083,1973,1195,1999,2138,2093,2072,2114,2028,1846,1154,2058,2106,2026,2091,2092,1918,1967,1155,2005,2107,2110,2139,1997,1950,1953,1096,1731,2038,2032,1965,1925,1936,1941,5,4,10,5,5,5,5,5,5,5,10,5,255,255,5,5,5,4,5,5,5,5,5,255,5,10,5,5,5,5,5,5,5,5,5,5,5,10,10,255,5,255,5,255,5,5,255,5,5,10,5,5,255,5,5,5,5,10,5,5,5,10,255,255
1780854963.601019,18490,1858323017,852,2111,2077,2084,2086,1753,1268,1012,1082,1339,2059,2077,2064,2085,1397,1102,1175,2070,2088,2103,2091,2076,2032,1694,1161,2013,2086,2094,2079,2119,2089,1973,1181,1997,2073,2111,2134,2113,2067,1846,1122,2058,2089,2129,2110,2108,1930,1977,1151,2005,2112,2092,2084,2003,1987,2000,1096,1731,2054,2071,2015,1974,1936,1941,5,5,255,5,255,5,5,5,5,4,255,5,10,10,9,9,5,4,5,5,5,5,5,10,5,255,5,5,5,5,5,255,5,5,5,5,5,5,5,255,5,255,5,10,5,5,10,5,5,255,5,5,10,5,5,5,5,255,5,5,5,5,255,255
1780854963.701399,18491,1858423016,852,1044,2065,2058,2102,1753,1241,982,1071,1265,2063,2057,2072,2085,1421,1113,1158,2082,2049,2105,2103,2104,2055,1693,1177,2042,2086,2096,2094,2108,2078,1906,1188,2012,2074,2112,2091,2113,2067,1902,1146,2058,2063,2093,2136,2068,1933,1985,1138,2041,2034,2100,2107,2003,1932,1986,1146,1731,2040,2025,2015,1899,1977,1941,5,5,10,5,10,255,5,5,5,5,10,5,5,255,5,5,5,5,5,5,5,5,5,5,9,10,5,5,5,5,5,10,5,5,5,5,5,255,255,10,5,255,5,5,5,5,5,5,5,10,5,5,5,255,5,5,9,255,5,5,255,5,10,255
1780854963.800947,18492,1858523016,830,2048,2115,2075,2071,2082,1258,997,1070,1308,2063,2105,2112,2134,1333,1096,1161,1916,2090,2106,2098,2075,2027,1704,1186,2072,2090,2078,2096,2077,2124,1770,1211,2047,2048,2090,2128,2126,2047,1902,1195,2062,2080,2178,2109,2084,2008,1918,1169,2041,2091,2131,2130,1972,1932,1944,1117,1375,2020,2025,2007,1912,1977,1941,5,5,5,5,5,10,5,5,5,5,255,5,5,10,5,5,5,9,5,5,5,5,5,5,5,5,5,5,5,5,5,5,5,5,5,5,5,10,10,255,5,10,5,5,5,5,5,5,5,255,5,5,5,10,255,5,5,10,5,255,10,5,255,255
1780854963.901265,18493,1858623017,857,2055,2115,2067,2082,2084,1259,985,1076,1272,2087,2071,2112,2061,1422,1091,1196,1965,2097,2092,2098,2060,2041,1658,1164,2066,2084,2087,2076,2112,2110,1909,1168,2084,2064,2086,2105,2066,2009,1888,1180,2062,2086,2130,2154,2070,2008,1956,1148,2041,2080,2095,2117,2010,1954,1952,1112,1375,2035,2020,2031,1912,1977,1941,5,5,255,5,5,5,5,5,5,5,10,5,255,5,4,5,5,5,5,5,255,5,5,5,5,5,5,5,5,5,5,5,5,5,5,5,5,5,5,10,5,255,5,5,255,5,255,5,5,255,5,5,5,5,10,5,9,255,5,10,5,255,255,255
1780854964.001212,18494,1858723017,835,2074,2091,2080,2104,2084,1305,986,1073,1320,2084,2039,2112,2061,1455,1108,1157,1982,2016,2099,2083,2069,2032,1793,1205,2001,2103,2079,2096,2113,2116,1862,1169,2015,2122,2099,2100,2092,2009,1888,1152,2062,2096,2099,2091,2070,1859,1960,1122,2041,2098,2105,2111,1995,1954,1942,1100,1375,2035,2020,2008,1912,1977,1941,5,5,10,5,5,255,9,5,5,5,5,5,255,255,5,5,5,5,5,5,10,5,5,5,5,5,5,5,5,5,5,5,5,5,5,5,5,5,255,255,5,255,5,5,5,255,10,5,5,255,5,5,5,5,255,5,5,255,255,255,5,255,255,255
1780854964.100827,18495,1858823016,825,1062,2080,2060,2058,2025,1207,1011,1051,1301,2080,2039,2086,2031,1377,1115,1177,2054,2068,2068,2087,2097,2061,1718,1196,2024,2089,2089,2085,2097,2084,2067,1153,1976,2079,2078,2099,2097,2092,1970,1173,2062,2100,2146,2118,2054,1859,1921,1144,2105,2120,2134,2080,1987,1932,1983,1114,1643,2035,2020,1985,1912,1977,1941,5,5,5,5,5,10,5,5,5,5,5,255,10,10,5,5,5,5,5,5,5,5,5,5,5,5,5,5,5,5,5,4,5,9,5,5,5,5,10,10,5,255,5,5,5,10,255,5,5,10,5,5,5,5,10,5,5,10,255,255,5,255,255,255
1780854964.202123,18496,1858923017,838,2093,2068,2058,2091,2009,1231,983,1081,1251,2052,2074,2084,2088,1508,1123,1194,1673,2091,2082,2100,2120,2070,1681,1182,1522,2075,2091,2076,2088,2111,1943,1183,2018,2079,2091,2084,2099,2075,1933,1206,1969,2093,2146,2093,2141,1930,1937,1171,2105,2097,2097,2073,1987,1930,1983,1118,1643,2035,2020,1996,1921,1977,1941,5,5,5,5,5,5,5,5,5,5,5,10,5,5,5,5,5,4,5,5,5,5,5,5,5,4,5,5,5,5,5,5,5,5,5,5,5,5,5,5,5,10,5,255,5,5,10,5,5,255,5,5,5,255,255,255,5,255,255,255,5,10,255,255
1780854964.300861,18497,1859023016,823,2055,2087,2051,2060,2009,1323,979,1063,1266,2085,2084,2088,2088,1374,1144,1137,1997,2059,2089,2064,2090,2062,1741,1211,2026,2077,2078,2096,2071,2078,1915,1190,2074,2108,2087,2102,2072,2069,1933,1200,2001,2116,2125,2126,2092,1914,1940,1123,1972,2084,2109,2136,1987,1918,1963,1134,1937,2006,2081,2004,1938,1977,1941,5,5,5,5,5,255,5,5,5,5,5,5,5,255,5,5,5,4,5,5,5,5,5,5,5,5,5,5,5,5,5,5,5,5,5,5,5,5,5,255,5,5,5,10,5,5,5,5,5,10,5,5,5,255,5,10,5,10,10,10,5,5,255,255
1780854964.401700,18498,1859123017,837,1043,2057,2088,2108,2009,1235,999,1053,1270,2081,2084,2088,2110,1446,1128,1185,2057,2075,2082,2070,2094,2104,1659,1146,2055,2096,2086,2097,2075,2095,1915,1157,2044,2080,2080,2150,2072,2069,1905,1202,2001,2095,2136,2093,2087,1971,1970,1156,1972,2067,2109,2136,2002,1939,1999,1109,1937,2023,2079,2075,1951,1977,1941,5,5,5,5,5,255,5,5,5,5,5,255,255,10,5,9,5,5,5,5,5,5,5,5,5,5,5,5,5,5,5,255,9,5,5,5,5,255,255,10,5,255,5,5,5,5,5,5,5,255,5,255,255,10,5,5,5,255,5,5,5,5,255,255
1780854964.500976,18499,1859223016,838,1076,2055,2071,2066,2009,1255,986,1088,1194,2015,2100,2107,2009,1423,1101,1202,2030,2121,2107,2091,2104,2056,1659,1239,2076,2088,2080,2092,2112,2087,1909,1175,2049,2053,2086,2114,2101,2068,1905,1172,2001,2087,2087,2101,2094,2018,1918,1143,2032,2103,2109,2093,1992,1994,1968,1127,1937,2047,2025,2008,1986,1977,1941,5,5,5,5,5,255,9,5,5,9,5,10,10,5,4,5,5,5,5,5,5,5,5,255,9,5,5,5,5,5,5,10,5,5,5,5,5,10,10,255,5,255,5,5,5,5,5,5,5,10,5,10,10,5,5,5,5,255,5,5,5,5,255,255
1780854964.601594,18500,1859323017,849,1053,2053,2071,2089,2060,1249,999,1087,1327,2145,2100,2112,2009,1354,1107,1202,1999,2085,2068,2054,2124,2100,1671,1157,2027,2096,2075,2100,2103,2098,1891,1122,2098,2104,2113,2091,2101,2107,1905,1179,2001,2116,2143,2101,2144,1985,1932,1109,2032,2094,2097,2089,2006,1961,1968,1136,1937,2034,2025,2002,1952,1977,1941,5,255,5,255,5,10,5,5,5,5,5,255,5,255,5,5,5,5,5,5,5,5,5,10,5,5,5,5,5,5,5,5,5,5,5,5,5,255,5,255,5,255,5,5,255,5,5,5,5,255,5,5,5,5,5,255,5,255,5,255,5,5,255,255
1780854964.702250,18501,1859423017,828,1001,2064,2042,2074,2098,1244,1009,1073,1244,2145,2074,2112,2009,1377,1140,1153,1969,2072,2090,2104,2067,2087,1605,1188,2044,2092,2082,2097,2061,2115,1909,1200,2018,2104,2099,2088,2075,2066,1905,1163,2001,2082,2155,2056,2086,1985,1915,1153,2032,2064,2078,2072,2004,1905,1965,1104,1937,2062,2026,1968,1952,1977,1941,5,5,5,10,5,5,5,5,5,5,255,10,255,255,5,5,5,5,5,5,5,5,5,5,5,5,5,5,5,5,5,5,5,5,255,5,5,10,5,255,5,255,5,5,10,5,255,5,5,255,5,5,5,5,5,10,5,255,5,10,5,255,255,255
1780854964.801335,18502,1859523017,824,2039,2073,2112,2108,2024,1251,975,1068,1309,2075,2074,2057,2009,1447,1118,1195,1944,2075,2089,2100,2077,2070,1605,1167,2044,2085,2083,2109,2102,2073,1909,1198,2018,2084,2103,2086,2075,2066,1905,1173,2001,2074,2155,2105,2098,1885,1915,1161,2020,2146,2068,2106,2014,1909,1990,1139,1937,2027,2048,1961,1996,1977,1941,5,5,5,5,5,5,5,5,5,5,10,255,10,255,9,5,5,5,5,5,5,5,5,255,5,255,5,5,5,5,5,255,5,255,10,5,5,255,255,255,5,255,5,255,5,5,10,255,5,10,5,5,5,9,5,5,5,255,5,5,5,10,255,255
1780854964.910998,18503,1859633016,845,1052,2036,2080,2061,2041,1325,989,1087,1347,2084,2068,2057,2125,1406,1111,1183,1886,2077,2088,2068,2054,2057,1605,1169,2031,2080,2090,2079,2113,2061,1838,1189,2091,2139,2097,2093,2075,2129,1905,1173,2038,2103,2126,2094,2162,1975,1973,1144,2101,2093,2085,2100,1979,1957,1931,1119,1402,2026,2063,1995,1996,1930,1941,5,5,5,5,5,5,5,5,5,5,5,10,255,10,5,5,5,5,5,5,5,5,5,255,5,10,5,5,5,5,5,10,9,10,5,5,5,255,10,10,5,10,5,10,5,5,5,10,5,5,5,5,5,5,5,5,5,10,5,5,5,255,10,255
1780854965.011279,18504,1859733017,835,989,2036,2082,2077,2130,1335,969,1075,1269,2017,2068,2057,2072,1472,1095,1215,2030,2141,2082,2061,2083,2074,1663,1167,2057,2110,2094,2100,2082,2101,1794,1148,2091,2072,2074,2099,2075,2129,1905,1170,2038,2110,2080,2095,2017,1975,1973,1134,2101,2083,2100,2116,2017,1936,1931,1102,1402,2026,2063,1949,1907,1930,1941,5,5,255,5,5,5,5,5,5,5,5,255,255,5,5,5,5,255,5,5,5,5,5,10,5,5,5,5,5,5,5,5,5,255,5,5,5,255,255,255,5,255,5,5,5,5,255,255,5,255,5,5,5,5,5,255,5,255,255,255,5,10,255,255
1780854965.111508,18505,1859833016,846,2152,2036,2088,2099,2020,1265,986,1078,1314,2072,2088,2057,2073,1445,1120,1175,1883,2082,2114,2112,2059,2083,1695,1215,2036,2085,2088,2104,2094,2089,1910,1210,2126,2078,2096,2104,2132,2003,1905,1181,2001,2074,2122,2107,2067,1944,1966,1144,2101,2118,2120,2121,2017,1958,1963,1112,1402,2055,2015,2008,1907,1930,1941,5,5,255,5,5,5,5,5,5,5,5,10,255,5,5,5,5,5,5,5,5,5,5,5,5,5,5,5,5,5,5,5,9,10,5,5,5,10,10,255,5,10,5,5,5,5,10,10,5,255,5,5,5,255,5,10,5,255,10,10,5,255,255,255
1780854965.211091,18506,1859933017,846,1060,2087,2069,2057,2090,1305,992,1075,1219,2095,2097,2057,2073,1467,1144,1167,2013,2056,2097,2081,2077,2058,1662,1208,2018,2070,2092,2086,2081,2080,1910,1214,2126,2115,2081,2098,2132,2003,1905,1151,2108,2103,2122,2074,2071,1957,1942,1160,2101,2118,2093,2093,1951,1932,1963,1144,1402,2061,2015,2008,1907,1930,1941,5,5,10,5,5,5,5,5,5,5,5,5,255,255,5,5,5,5,5,5,5,5,5,5,5,5,5,5,5,5,5,255,5,255,5,5,5,5,255,255,5,5,5,255,5,5,5,5,5,255,255,5,5,10,5,255,5,255,5,255,5,255,255,255
1780854965.310909,18507,1860033017,843,2065,2059,2115,2078,2090,1301,1003,1048,1307,2094,2063,2089,2088,1407,1114,1167,1999,2074,2087,2081,2082,2095,1715,1153,2046,2102,2092,2111,2127,2085,1897,1172,2005,2115,2095,2127,2132,2089,1967,1141,2108,2096,2129,2149,2112,1976,1932,1159,2101,2103,2108,2082,1951,1954,1985,1115,1402,2012,2013,1961,1978,1930,1941,5,5,5,5,5,255,9,5,5,5,5,5,10,10,5,5,5,5,5,5,255,5,5,5,5,5,5,5,5,5,5,10,5,10,255,5,5,255,10,10,5,255,5,10,5,5,5,5,5,255,10,5,5,255,5,10,5,255,5,10,5,10,255,255
1780854965.410888,18508,1860133016,837,1069,2067,2061,2088,2071,1261,986,1081,1243,2107,2081,2123,2109,1466,1130,1175,1589,2093,2059,2098,2085,2075,1619,1213,1978,2100,2090,2091,2094,2059,1820,1145,2069,2124,2103,2087,2073,2089,1967,1211,2046,2108,2090,2089,2093,1976,1932,1150,2014,2100,2128,2096,1980,1919,1992,1137,1402,2059,2017,1936,1943,1930,1941,5,5,5,5,5,10,5,5,5,5,5,5,5,5,9,5,5,5,5,5,10,5,5,5,5,5,5,5,5,5,5,5,5,5,10,5,5,10,255,255,9,10,5,5,5,5,255,255,5,10,5,5,5,10,5,255,5,255,5,5,5,5,255,255
1780854965.511034,18509,1860233016,851,982,2007,2092,2055,2062,1251,1005,1088,1218,2101,2078,2101,2109,1435,1112,1212,2077,2109,2062,2099,2105,2054,1683,1210,2070,2060,2091,2107,2108,2045,1820,1152,2043,2083,2093,2126,2146,2089,1967,1151,2135,2072,2090,2081,2129,1961,1925,1147,2050,2112,2121,2111,1939,1948,1942,1102,1402,1987,2038,2013,1987,1930,1941,5,255,5,5,5,5,5,5,5,9,5,5,5,255,5,5,5,4,5,5,5,5,5,5,5,5,5,5,5,5,5,255,5,5,5,5,5,5,255,255,5,5,5,255,5,5,10,10,5,5,5,5,5,5,5,5,5,255,5,5,5,5,255,255
1780854965.611272,18510,1860333016,836,2066,2112,2024,2124,2053,1304,1004,1075,1266,2053,2078,2091,2109,1530,1100,1169,1931,2089,2091,2128,2094,2076,1731,1206,2039,2080,2072,2108,2063,2179,1899,1179,2107,2123,2078,2111,2146,2069,1866,1176,1501,2124,2106,2092,2101,1961,1919,1202,2050,2147,2106,2120,1969,1946,1942,1109,1402,2012,2045,2030,1987,1930,1941,5,4,5,5,5,5,5,5,5,5,5,5,5,255,5,5,5,5,5,5,5,5,5,5,5,5,5,5,5,5,9,10,5,5,5,5,5,255,10,10,5,4,5,10,5,5,255,5,5,255,5,5,5,5,5,255,5,255,5,5,5,255,255,255
1780854965.711297,18511,1860433016,834,2110,2106,2082,2094,1982,1236,987,1067,1326,1950,2065,2101,2109,1449,1115,1205,2017,2093,2073,2100,2090,2131,1601,1222,2031,2090,2096,2102,2073,2131,1899,1183,2073,2123,2110,2128,2134,2082,1921,1163,2057,2094,2114,2117,2112,1948,1950,1159,2003,2086,2093,2087,1998,1938,1988,1130,1402,2082,2100,2027,1942,1930,1941,5,5,5,5,5,5,5,5,5,9,5,5,5,255,5,9,5,5,5,5,5,5,5,5,5,5,5,5,5,5,5,255,5,5,255,5,5,10,5,5,5,4,5,5,5,5,10,5,5,10,5,5,5,5,5,10,5,255,5,5,5,10,255,255
1780854965.811163,18512,1860533017,848,1029,2106,2041,2109,1982,1274,964,1094,1218,2050,2065,2101,2109,1438,1118,1198,2028,2072,2119,2091,2090,2065,1651,1226,2029,2100,2086,2079,2087,2081,1899,1220,1984,2123,2066,2120,2098,2102,1921,1185,2057,2074,2114,2124,2095,1948,1931,1158,2003,2077,2112,2083,2049,2031,1943,1144,1402,2010,2068,2041,1942,1930,2039,5,5,255,5,5,255,5,5,5,5,5,255,255,255,9,5,5,5,5,5,5,5,5,5,5,5,5,5,5,5,5,255,5,5,255,5,5,5,5,255,9,255,5,255,5,5,255,5,5,255,5,5,5,5,5,5,5,255,5,5,5,255,255,10
1780854965.911197,18513,1860633016,832,2070,2104,2081,2055,2006,1288,994,1084,1226,2104,2095,2092,2109,1375,1115,1188,1997,2108,2107,2044,2059,2073,1667,1168,2040,2063,2091,2114,2067,2126,1844,1187,2017,2110,2082,2122,2119,2079,1921,1149,2057,2117,2078,2114,2120,1948,1966,1146,1630,2074,2106,2083,1954,1962,1963,1113,1402,2034,2039,2041,1942,1930,2039,5,5,10,5,5,10,5,5,5,5,5,10,10,255,5,5,5,5,5,5,5,5,5,5,5,5,5,5,5,5,5,10,5,5,10,5,5,5,5,255,5,255,5,10,5,5,255,5,5,10,5,5,5,5,5,5,9,255,5,5,255,255,255,255
1780854966.012308,18514,1860733017,820,2047,2053,2073,2086,2006,1231,1004,1041,1225,2104,2073,2176,2109,1459,1112,1206,1979,2142,2073,2110,2084,2067,1706,1193,1950,2109,2083,2103,2128,2080,1844,1200,2017,2110,2073,2104,2119,2050,1921,1204,2057,2097,2061,2133,2120,1948,1916,1150,1630,2148,2105,2108,1951,1914,1950,1102,1402,2021,2038,2007,1942,1930,2039,5,5,5,5,5,255,9,5,5,5,255,5,5,255,5,5,5,5,5,5,5,5,5,5,5,5,5,5,5,5,5,255,5,255,255,5,5,255,5,255,5,255,5,5,5,255,255,5,5,255,5,5,5,5,5,5,5,255,5,5,10,255,255,255
1780854966.110752,18515,1860833016,839,2029,2072,2056,2093,2098,1198,1046,1081,1273,2074,2086,2098,2109,1430,1123,1210,2077,2104,2111,2123,2128,2055,1706,1197,2058,2094,2102,2082,2113,2030,1896,1221,2120,2071,2077,2129,2119,2020,1977,1162,2057,2106,2061,2100,2099,2010,1943,1115,2040,2060,2102,2082,1977,1974,1956,1104,1402,1977,2015,2037,1960,1930,2039,5,5,5,5,5,10,5,5,5,5,10,5,5,255,5,5,9,5,5,5,5,5,5,255,5,5,5,5,5,5,5,10,5,10,10,5,5,255,5,10,5,255,5,255,5,10,10,5,5,10,5,5,5,5,5,5,5,255,5,5,5,10,255,255
1780854966.210845,18516,1860933016,826,1074,2058,2053,2079,2098,1248,990,1092,1283,2060,2053,2079,2117,1402,1141,1159,1540,2071,2080,2097,2083,2100,1776,1158,2042,2108,2099,2080,2108,2052,1847,1193,1963,2137,2090,2101,2095,2020,1977,1147,2057,2065,2075,2080,2080,1993,1985,1152,2059,2068,2140,2082,2043,1981,1992,1123,1402,2015,2015,2017,1931,1930,2039,5,5,5,5,5,255,5,5,5,5,5,5,5,10,5,5,5,4,5,5,5,5,5,10,5,5,5,5,5,5,5,5,5,5,5,5,5,10,255,255,5,255,5,10,5,5,5,5,5,5,5,5,255,5,5,5,5,255,5,255,5,5,255,255
1780854966.310985,18517,1861033017,846,1068,2123,2047,2052,1995,1277,994,1108,1322,2069,2086,2079,2117,1452,1095,1185,2053,2043,2110,2061,2102,2143,1633,1198,2027,2065,2079,2115,2171,2054,1925,1173,1963,2094,2106,2097,2095,2051,1977,1190,2057,2095,2102,2022,2080,1993,1936,1135,2073,2079,2131,2113,1978,1952,1943,1107,1492,2037,2034,1971,1937,1930,2039,5,5,5,5,5,10,5,5,5,5,5,5,255,255,5,5,5,5,5,5,5,5,5,5,5,5,5,5,5,5,5,5,5,255,5,5,5,255,10,255,5,255,5,5,5,255,255,5,5,5,5,5,10,5,5,5,5,10,5,10,5,5,255,255
1780854966.411160,18518,1861133017,847,2091,2123,2025,2075,1995,1255,995,1077,1277,2069,2118,2079,2083,1470,1095,1209,1655,2052,2069,2061,2059,2079,1626,1205,2026,2089,2092,2075,2103,2093,1925,1174,2163,2163,2065,2050,2095,2091,1925,1168,2038,2087,2111,2128,2142,1954,1938,1161,1984,2125,2095,2113,2057,1945,1965,1127,1492,2049,2030,1980,1937,1930,2039,5,5,255,5,5,255,5,5,5,5,255,5,255,10,5,5,5,4,5,5,255,5,5,9,5,5,5,5,5,5,5,255,5,10,5,5,5,255,5,10,5,10,5,5,5,10,10,5,5,5,5,5,255,5,5,5,5,255,5,5,5,255,255,255
1780854966.511409,18519,1861233017,854,2091,2123,2081,2099,2054,1268,984,1061,1228,2091,2057,2081,2041,1423,1105,1167,2022,2064,2095,2096,2067,2015,1626,1189,1970,2101,2085,2074,2068,2098,1862,1214,2163,2067,2109,2095,2038,2091,1943,1162,1981,2097,2093,2128,2027,1954,1985,1151,2118,2097,2119,2113,2057,1955,1986,1120,1492,2053,2031,1997,1946,1930,2039,5,255,10,5,5,10,5,5,5,5,10,5,10,5,5,5,9,4,5,5,10,5,5,255,5,5,5,5,5,5,5,10,5,255,5,5,5,10,255,5,5,9,5,5,255,5,255,5,5,5,5,5,255,255,5,5,5,255,5,5,5,10,255,255
1780854966.610435,18520,1861333017,843,1083,2065,2063,2084,2071,1231,993,1082,1183,2072,2057,2081,2041,1321,1157,1194,1750,2069,2077,2096,2052,2078,1626,1176,2060,2095,2094,2077,2092,2135,1852,1189,2000,2114,2098,2099,2038,2024,1943,1171,2093,2109,2126,2094,2065,1954,1985,1171,2045,2053,2142,2106,1977,1957,1828,1100,1492,2038,2033,1970,1957,1930,2039,5,10,5,5,5,5,5,5,5,5,5,255,255,255,5,5,5,4,5,5,255,5,5,255,5,5,5,5,5,5,5,5,5,10,5,5,5,255,10,255,5,5,5,5,10,5,255,255,9,5,5,5,10,10,5,5,5,255,5,5,5,5,255,255
1780854966.711067,18521,1861433017,853,1050,2064,2086,2102,2071,1262,984,1079,1267,2012,2106,2081,2084,1436,1076,1176,1750,2089,2109,2101,2069,2076,1742,1193,2042,2071,2092,2057,2106,2079,1879,1142,2063,2114,2106,2097,2038,2024,1899,1143,2093,2069,2110,2085,2073,1998,1966,1160,1932,2098,2124,2103,1987,1959,1960,1129,1492,2080,2046,1939,1994,1930,2039,5,5,5,5,5,255,5,5,5,5,5,10,255,10,5,5,5,255,5,5,10,5,5,10,5,5,5,5,5,5,5,5,5,5,255,5,5,255,255,10,5,255,5,5,5,5,10,10,5,5,5,5,5,5,5,5,5,255,5,5,5,5,255,255
