host_ts,seq,esp_t_us,d00,d01,d02,d03,d04,d05,d06,d07,d08,d09,d10,d11,d12,d13,d14,d15,d16,d17,d18,d19,d20,d21,d22,d23,d24,d25,d26,d27,d28,d29,d30,d31,d32,d33,d34,d35,d36,d37,d38,d39,d40,d41,d42,d43,d44,d45,d46,d47,d48,d49,d50,d51,d52,d53,d54,d55,d56,d57,d58,d59,d60,d61,d62,d63,s00,s01,s02,s03,s04,s05,s06,s07,s08,s09,s10,s11,s12,s13,s14,s15,s16,s17,s18,s19,s20,s21,s22,s23,s24,s25,s26,s27,s28,s29,s30,s31,s32,s33,s34,s35,s36,s37,s38,s39,s40,s41,s42,s43,s44,s45,s46,s47,s48,s49,s50,s51,s52,s53,s54,s55,s56,s57,s58,s59,s60,s61,s62,s63
1780854597.254093,14840,1491973017,878,2081,2054,2073,2007,1376,1157,934,1124,1367,2018,2085,2111,2085,1307,1104,1308,2042,2071,2116,2144,2099,2095,1661,1250,2008,2078,2085,2077,2157,2068,1814,1278,2029,2053,2103,2131,2139,1987,2009,1226,2063,2096,2100,2118,2078,1959,1928,1221,2042,2091,2088,2119,2000,1955,1938,1182,1870,1973,2024,2004,1934,2047,1968,5,5,255,5,10,9,5,5,5,255,5,5,255,255,5,5,5,5,5,5,10,5,5,255,5,5,5,5,5,5,5,255,5,5,255,5,5,255,5,255,5,5,5,5,5,5,255,5,5,5,5,5,5,5,5,5,5,255,5,5,255,10,255,255
1780854597.364405,14841,1492083016,895,2019,2054,2150,1856,1488,1125,923,1142,1455,2075,2071,2061,2085,1371,1077,1258,1986,2065,2088,2058,2106,2104,1661,1269,2071,2083,2098,2101,2103,2025,1814,1289,2037,2075,2093,2110,2139,2053,1938,1250,2026,2035,2128,2065,2100,2083,1928,1232,2005,2080,2116,2084,1976,1994,1938,1208,2014,2064,1952,1990,2014,2047,1968,5,5,255,5,5,5,9,5,5,10,5,5,10,255,9,5,5,5,5,5,5,5,5,255,5,5,5,5,5,5,5,255,5,5,10,5,5,255,5,10,9,5,5,5,5,5,10,255,5,5,5,5,5,5,5,255,5,10,5,5,10,5,255,255
1780854597.464379,14842,1492183018,875,2090,2054,2072,1879,1419,1183,925,1160,1455,2053,2129,2061,2085,1323,1055,1279,1944,2079,2076,2058,2107,2127,1661,1290,2042,2092,2101,2111,2115,2095,1911,1289,2037,2107,2057,2075,2139,2053,1938,1277,2029,2035,2128,2103,2100,2083,1971,1224,2035,2080,2100,2103,1988,1971,1977,1208,2014,2085,2043,2027,1956,2047,1968,5,5,255,5,5,5,5,5,5,255,5,5,255,255,5,5,9,9,5,5,255,5,5,255,5,5,5,5,5,5,5,10,255,255,5,5,5,255,255,255,5,5,255,255,5,255,255,10,5,5,255,5,5,5,5,255,5,255,5,5,5,255,255,255
1780854597.564255,14843,1492283017,872,2042,2040,2066,1879,1431,1147,943,1112,2075,2053,2071,2061,2085,1344,1078,1242,2010,2057,2087,2068,2096,2048,1661,1277,2012,2071,2066,2125,2139,2107,1852,1271,2005,2052,2100,2128,2123,1990,1969,1282,2057,2117,2100,2114,2070,2083,1971,1197,2063,2117,2121,2099,1935,1968,1959,1169,2014,2062,2076,1993,1924,2047,1968,5,5,10,5,255,5,5,5,5,10,255,5,255,255,5,5,5,5,5,5,10,5,5,255,5,5,5,5,5,5,5,5,10,10,5,5,5,10,10,10,5,5,10,10,5,10,255,255,5,5,10,5,5,5,5,5,5,255,5,5,255,5,255,255
1780854597.663570,14844,1492383017,858,2042,2040,2044,1879,1458,1136,943,1157,1443,2122,2091,2113,2085,1347,1074,1281,2010,2074,2114,2068,2093,2085,1668,1238,2065,2085,2081,2112,2123,2024,1852,1315,2046,2140,2102,2119,2123,2022,1969,1241,1987,2099,2100,2152,2031,1938,1938,1211,2064,2117,2065,2094,1964,1920,1996,1177,1951,2095,2076,1978,1971,2047,1968,5,255,255,5,255,5,5,5,5,4,10,5,10,255,5,5,5,255,5,5,255,5,5,10,255,5,5,5,5,5,5,255,9,5,5,5,5,255,5,255,5,5,5,255,5,5,10,10,5,5,255,5,5,5,5,5,5,10,5,255,5,5,255,255
1780854597.763873,14845,1492483017,905,2042,2102,2049,2029,1509,1150,947,1102,2016,2058,2120,2113,2085,1352,1099,1249,2033,2113,2080,2151,2093,1983,1668,1270,2066,2050,2093,2103,2117,2096,1852,1342,2046,2096,2085,2091,2160,1974,1969,1245,2013,2086,2088,2135,2045,1938,1928,1273,2064,2091,2097,2052,1989,1929,1944,1189,1951,2056,2010,2032,1971,2047,1968,5,255,10,5,10,5,5,5,5,3,5,5,255,255,5,5,5,10,5,5,10,255,5,255,5,5,5,5,5,5,5,255,5,255,5,5,5,10,5,255,5,5,5,10,5,5,255,5,5,5,10,5,5,5,255,5,5,255,5,10,5,255,255,255
1780854597.863931,14846,1492583017,892,2061,2102,2102,1904,1358,1138,961,1102,2016,2078,2082,2070,2085,1324,1075,1313,2037,2094,2075,2109,2061,2095,1668,1274,2066,2077,2071,2065,2127,2096,1852,1336,2072,2096,2065,2140,2111,1974,1969,1245,2091,2082,2083,2107,2031,1938,2001,1254,2035,2096,2088,2062,1995,1985,2002,1167,1951,2056,2057,2030,1960,2047,1968,5,10,255,5,9,5,5,5,9,255,5,5,10,255,5,5,5,5,5,5,5,10,5,255,5,5,5,5,5,5,255,255,5,10,255,5,5,5,255,255,255,5,5,5,5,5,255,5,5,5,5,5,5,5,5,5,5,255,255,5,5,10,255,255
1780854597.963956,14847,1492683017,921,2061,2102,2092,1957,1378,1175,921,1133,1277,2074,2087,2071,2085,1311,1035,1314,2030,2078,2097,2112,2107,2015,1668,1265,2045,2073,2084,2084,2110,2057,1852,1273,2042,2069,2090,2072,2111,1974,1843,1281,2091,2115,2049,2101,2116,1938,1998,1199,1986,2141,2080,2071,2010,1981,1993,1221,1951,2009,2010,1902,1960,2047,1968,5,255,255,5,5,5,5,5,5,255,5,5,5,255,5,5,9,5,5,5,5,5,5,255,5,5,5,5,5,5,10,255,5,5,10,5,5,255,255,10,10,255,5,5,5,5,255,5,5,5,5,5,5,5,5,5,5,255,10,5,5,255,255,255
1780854598.064998,14848,1492783017,923,2023,2102,2062,1995,1403,1168,936,1100,1356,2026,2080,2071,2085,1340,1105,1267,2033,2087,2117,2066,2116,2054,1582,1282,2056,2076,2094,2097,2092,2086,1852,1299,2042,2105,2085,2106,2100,2003,1843,1270,2072,2075,2049,2081,2028,1938,1908,1255,2086,2107,2091,2066,2058,1953,1945,1214,1951,2051,2039,1902,1960,2047,1968,5,10,255,5,5,5,5,5,5,9,5,5,255,255,5,5,5,5,5,5,5,5,5,10,5,5,5,5,5,255,5,255,5,255,5,5,5,10,10,255,5,10,5,255,5,5,255,5,5,5,5,5,5,5,5,5,5,255,5,5,255,255,255,255
1780854598.165307,14849,1492883017,899,2036,2067,2077,1923,1416,1150,942,1125,1302,2026,2121,2071,1941,1326,1063,1262,2069,2077,2094,2128,2120,2066,1654,1309,2056,2070,2088,2097,2108,2050,1852,1283,1995,2107,2074,2132,2154,2018,1843,1289,2072,2080,2104,2102,2028,1938,2008,1247,2031,2133,2107,2058,1988,1991,1976,1191,1951,2028,2033,1977,1960,2047,1968,5,5,10,5,5,5,5,5,9,255,255,5,255,10,5,5,5,5,5,5,5,5,5,5,5,255,5,5,5,5,5,255,5,10,5,5,5,5,5,255,5,255,5,10,5,255,255,5,5,5,5,5,5,5,5,5,5,255,5,5,10,255,255,255
1780854598.264677,14850,1492983017,877,2060,2067,2130,1923,1349,1140,950,1105,1353,2106,2096,2071,1941,1365,1098,1269,2025,2047,2110,2068,2100,2023,1654,1269,2019,2074,2085,2130,2086,2070,1852,1323,2039,2107,2078,2100,2154,2048,1843,1294,2084,2104,2107,2067,2080,1941,1988,1232,2033,2120,2124,2065,1969,1938,2000,1237,1951,1989,2068,1977,1942,2047,1968,5,5,255,5,255,5,5,5,5,255,10,5,255,255,5,5,5,5,5,5,5,5,5,255,5,10,5,5,5,5,5,255,5,5,255,5,5,255,5,255,5,10,5,5,5,10,10,5,5,5,5,5,5,5,5,5,5,255,5,5,255,10,255,255
1780854598.363704,14851,1493083017,890,2094,2035,2062,1924,1395,1157,943,1137,1326,2106,2120,2071,2038,1394,1057,1253,1991,2059,2076,2095,2116,2083,1654,1267,2031,2081,2068,2099,2110,1983,1886,1255,2024,2094,2056,2140,2154,2083,1843,1265,2037,2102,2107,2061,2080,1951,1984,1243,2039,2111,2128,2095,1997,1945,1983,1183,1951,2046,2114,2014,1999,2047,1968,5,5,10,5,10,5,5,5,5,5,255,5,255,10,9,5,9,5,5,5,5,5,5,255,5,5,5,5,5,5,5,10,5,5,10,5,5,255,5,255,5,5,5,255,5,255,5,5,5,5,5,5,5,5,5,5,5,255,5,5,10,5,255,255
1780854598.469979,14852,1493183017,872,2065,2030,2044,1924,1428,1148,928,1128,1326,2027,2063,2074,2038,1371,1067,1282,1974,2087,2074,2053,2069,2023,1634,1208,1973,2092,2092,2084,2099,2112,1886,1297,2080,2072,2108,2134,2154,2007,1937,1230,2057,2077,2107,2061,2096,1951,1948,1273,1718,2078,2102,2061,1985,1997,1986,1206,1951,2124,2000,1955,1972,2047,1968,5,5,5,5,255,5,5,5,5,255,10,5,10,255,5,5,5,5,5,5,5,5,5,10,5,5,5,5,5,5,5,255,5,5,5,5,5,255,5,10,9,5,5,255,255,10,255,5,5,4,5,5,5,5,5,5,5,255,5,5,5,5,255,255
1780854598.563680,14853,1493283016,889,2058,2030,2095,2000,1450,1150,967,1114,1403,2027,2102,2076,2079,1299,1058,1283,2019,2061,2080,2110,2071,1991,1672,1277,1996,2075,2091,2092,2089,2082,1886,1330,2014,2102,2080,2123,2107,2043,1924,1255,2026,2088,2081,2081,2054,2008,1943,1214,2037,2081,2094,2135,1985,1930,1986,1179,1951,2044,2050,2009,1992,2047,1968,5,5,255,5,10,5,5,5,5,10,255,5,5,10,5,5,5,5,5,5,5,5,5,5,5,5,5,5,5,5,5,255,5,5,5,5,5,10,5,5,5,5,5,10,10,5,10,5,5,4,5,5,5,255,5,255,5,255,5,5,5,5,255,255
1780854598.662455,14854,1493383017,891,2058,2030,2100,2000,1344,1127,926,1080,1306,2059,2040,2098,2079,1367,1053,1290,2099,2089,2082,2163,2033,2015,1672,1243,2072,2074,2098,2120,2113,2078,1886,1325,2053,2153,2093,2137,2107,2012,1924,1297,1877,2114,2147,2115,2095,2008,1963,1246,2052,2135,2095,2097,1981,1946,1953,1184,1897,2032,2015,2009,1992,2047,1968,5,255,255,5,255,5,5,5,5,255,10,5,5,255,5,5,5,5,5,5,5,5,5,255,5,5,5,5,5,5,5,255,5,5,5,5,5,255,5,255,9,9,5,3,5,5,255,5,5,5,5,5,5,10,5,10,5,10,5,5,255,255,255,255
1780854598.765067,14855,1493483017,876,2058,2030,2054,2053,1388,1167,955,1133,1993,2045,2099,2121,2079,1408,1138,1265,2007,2091,2095,2073,2083,2046,1672,1303,2048,2083,2080,2119,2149,2121,1977,1307,2032,2097,2100,2126,2104,1961,1924,1286,2042,2073,2128,2088,2095,1979,1940,1224,2009,2086,2123,2051,1979,1958,1953,1213,1897,2014,2075,2006,1988,2047,1968,5,255,255,5,10,5,5,5,5,4,5,5,5,255,5,5,5,5,5,5,5,5,5,255,5,5,5,5,5,5,5,10,5,5,5,5,5,10,5,255,5,5,5,5,5,255,10,5,5,5,5,5,5,5,5,255,5,255,5,255,10,10,255,255
1780854598.864165,14856,1493583017,883,2026,2051,2126,2053,1419,1177,923,1122,1351,2045,2054,2071,1830,1294,1096,1277,1990,2090,2066,2090,2099,1996,1672,1296,2046,2074,2098,2077,2105,2070,1977,1299,2037,2091,2045,2110,2104,1961,1924,1216,2042,2127,2117,2110,2089,1954,2000,1264,1985,2123,2124,2091,2103,1990,1953,1175,2167,2082,2044,2002,1960,2047,1968,5,10,10,5,255,5,5,5,5,4,255,5,5,3,9,5,5,5,5,5,5,5,5,255,9,5,5,5,5,5,5,255,5,5,5,5,5,255,255,255,5,255,5,5,5,10,5,5,5,5,5,5,5,5,5,255,5,10,5,5,5,5,255,255
1780854598.964472,14857,1493683017,889,2035,2091,2041,2038,1367,1146,928,1087,1351,2045,2112,2121,1830,1323,1074,1279,2014,2063,2091,2119,2092,1970,1672,1273,2108,2072,2091,2117,2079,2084,1977,1372,2090,2059,2096,2111,2135,1972,1920,1278,2067,2109,2117,2093,2055,1920,2000,1182,2028,2082,2160,2056,1996,1940,1983,1173,1864,2047,2040,1976,1960,2047,1968,5,5,5,5,10,5,5,5,5,255,255,5,5,255,5,5,5,5,5,5,5,5,5,255,5,5,5,5,5,5,5,255,5,5,5,5,5,10,10,10,5,10,5,255,5,5,5,255,5,5,5,5,5,9,5,10,5,4,5,5,5,255,255,255
1780854599.065787,14858,1493783017,866,2052,2077,2105,2008,1358,1128,949,1106,1351,2023,2041,2075,1830,1349,1090,1206,2081,2086,2098,2100,2139,2032,1711,1315,2054,2069,2099,2111,2151,2065,1977,1337,2017,2061,2083,2074,2135,1968,1920,1260,2067,2081,2117,2101,2036,1920,2024,1241,1996,2081,2141,2081,1996,1956,1965,1280,1893,2036,2066,2022,1960,2047,1968,5,5,5,5,5,5,5,5,5,255,10,5,5,255,5,5,5,5,5,5,5,5,5,10,9,5,5,5,5,5,5,255,5,5,5,5,5,255,5,255,5,255,5,255,5,5,255,10,5,5,5,5,5,255,5,5,5,5,5,5,5,255,255,255
1780854599.164278,14859,1493883017,882,2052,2107,2067,1887,1436,1172,945,1099,1383,2043,2106,2145,1830,1360,1097,1268,2021,2083,2082,2110,2142,1998,1711,1268,2013,2071,2114,2102,2097,2095,1977,1331,2083,2108,2069,2119,2134,2026,1920,1219,2031,2078,2126,2123,2064,1920,1963,1201,2027,2129,2088,2057,1981,1963,1977,1196,1893,2020,2047,1997,2002,2047,1968,5,255,5,5,5,9,5,5,5,10,5,5,5,255,5,5,5,5,5,5,5,5,5,255,5,5,5,5,5,5,5,255,5,5,5,5,255,10,5,255,5,10,5,10,5,9,255,255,9,5,5,5,5,10,5,5,5,255,5,5,5,10,255,255
1780854599.264621,14860,1493983017,895,1996,2072,2078,2042,1395,1164,945,1106,1348,2043,2061,2068,1830,1323,1112,1264,1967,2079,2112,2056,2135,2078,1711,1309,2013,2064,2077,2090,2114,2067,1977,1292,2080,2110,2100,2097,2134,2019,1920,1307,2036,2098,2126,2112,2064,1928,1937,1239,1998,2120,2056,2059,1995,1949,2012,1238,1893,2052,2007,1984,2002,2047,1968,5,10,5,5,5,5,5,5,9,255,255,5,5,255,5,5,5,5,5,5,5,5,5,255,5,255,5,5,5,5,5,255,5,5,5,5,5,255,5,255,5,5,5,255,5,255,10,5,5,5,5,5,5,5,5,5,5,255,5,5,5,255,255,255
1780854599.363867,14861,1494083017,878,2043,2055,2043,2042,1397,1167,920,1081,1869,2055,2061,2098,1938,1379,1060,1260,1904,2082,2090,2101,2120,2039,1711,1260,2021,2077,2090,2102,2099,2131,1940,1261,2075,2100,2076,2123,2149,2001,1920,1270,2036,2090,2122,2105,2064,1946,1994,1238,2056,2151,2107,2078,1999,1985,2012,1174,1893,2036,2064,1990,2002,2047,1968,5,5,5,5,255,5,5,5,5,3,10,255,5,10,5,5,5,5,5,5,5,255,5,255,5,10,5,5,5,5,5,10,5,5,5,5,5,10,5,255,9,255,5,10,5,255,5,5,5,5,5,5,5,5,5,255,5,255,5,5,5,255,255,255
1780854599.465532,14862,1494183017,869,2059,2055,2043,1959,1429,1165,961,1121,1342,2055,2061,2079,1938,1394,1086,1267,1974,2074,2065,2066,2092,2047,1711,1308,2026,2066,2086,2057,2144,2019,1940,1253,2092,2094,2123,2127,2087,2069,1941,1208,1984,2089,2130,2103,2071,1948,1994,1207,2064,2093,2088,2063,1982,1918,2006,1176,1807,2048,2091,1999,2002,2047,1968,5,5,255,255,10,5,5,5,5,5,255,255,5,255,5,5,5,5,5,5,5,5,5,255,5,5,5,5,5,5,5,255,5,5,5,5,5,5,5,10,5,10,5,5,5,10,5,255,5,5,5,5,5,5,255,10,5,10,5,5,5,255,255,255
1780854599.563937,14863,1494283017,878,2059,2055,2031,1938,1420,1147,940,1137,1342,2082,2079,2079,1928,1349,1091,1274,2043,2074,2074,2129,2092,2021,1711,1278,2014,2063,2084,2092,2118,2055,1884,1260,2017,2080,2102,2129,2087,2020,1894,1262,2023,2098,2130,2115,2084,1927,1955,1190,2035,2072,2112,2143,1982,1918,1989,1223,1807,2079,2039,1951,2002,2047,1968,5,255,255,10,5,5,5,5,9,255,10,10,255,10,5,5,5,5,5,5,5,255,5,255,5,5,5,5,5,5,5,10,5,5,5,5,5,255,5,5,5,5,5,255,5,5,5,10,5,5,5,5,5,255,255,5,5,255,5,5,5,255,255,255
1780854599.664488,14864,1494383017,884,2031,2064,2062,1938,1419,1165,935,1119,1263,2082,2076,2079,1928,1329,1030,1280,2043,2064,2098,2099,2090,2029,1685,1290,2026,2089,2081,2087,2128,2114,1934,1279,2086,2073,2113,2070,2122,2013,1894,1269,2212,2118,2130,2077,2146,1973,1977,1201,2033,2111,2129,2115,1976,1973,1989,1227,1970,2084,2089,2009,2002,2047,1968,5,10,10,5,255,5,5,5,5,255,255,5,255,255,255,5,5,255,5,5,5,10,5,10,5,5,5,5,5,5,5,5,9,5,5,5,5,10,5,255,5,5,5,255,5,5,5,5,5,5,5,5,5,10,10,5,5,10,5,5,5,255,255,255
1780854599.763481,14865,1494483017,901,2073,2070,2079,1938,1483,1153,923,1114,1302,2082,2073,2106,2022,1352,1098,1243,2004,2093,2086,2109,2096,2029,1685,1314,2009,2077,2089,2083,2133,2100,1918,1279,2022,2093,2074,2144,2078,2078,1989,1231,2057,2109,2058,2077,2146,1990,1977,1211,2028,2094,2063,2092,2007,1951,1989,1166,1970,2075,2060,1974,1964,2047,1968,5,5,5,5,255,5,5,5,5,5,255,5,10,10,5,5,5,10,5,5,5,5,5,255,5,5,5,5,5,5,5,5,5,5,5,5,5,5,5,10,5,5,5,10,255,255,5,255,5,5,5,5,5,5,5,255,5,255,5,5,5,10,255,255
1780854599.864878,14866,1494583017,876,2073,2081,2079,2160,1432,1133,940,1141,1302,2045,2141,2106,1750,1296,1081,1262,1975,2106,2080,2109,2112,2029,1732,1275,2070,2103,2089,2112,2099,2064,1918,1279,2048,2133,2100,2174,2078,2019,1989,1258,2057,2097,2058,2124,2146,1990,1968,1177,2041,2105,2063,2075,2021,1965,1980,1194,1832,1951,1967,1980,1943,2047,1968,5,255,5,255,10,5,5,5,5,255,10,5,255,4,5,5,5,5,5,5,255,5,255,10,5,5,5,5,5,5,5,255,255,5,5,5,5,255,5,255,5,255,5,255,10,255,255,10,5,5,5,5,5,5,5,10,5,10,5,5,5,5,255,255
1780854599.964119,14867,1494683017,896,2052,2021,2089,2160,1388,1122,932,1138,1327,2036,2085,2049,2082,1355,1206,1271,1985,2069,2082,2090,2112,2019,1732,1257,2018,2085,2098,2099,2097,2140,1918,1308,2053,2049,2115,2091,2078,2037,1989,1239,2031,2095,2058,2076,2094,1990,1995,1203,2055,2076,2112,2077,1972,1973,1980,1224,1832,1982,2010,1974,1988,2047,1968,5,10,5,10,255,5,5,5,5,255,5,5,10,4,5,5,5,5,5,5,10,255,10,255,5,5,5,5,5,5,5,255,10,5,5,5,5,255,5,255,5,10,5,255,5,10,255,5,5,5,5,5,5,255,5,255,5,255,5,5,5,5,255,255
1780854600.073632,14868,1494793017,882,2056,2021,2085,2045,1447,1160,945,1125,1473,2036,2067,2061,2082,1394,1044,1296,2037,2072,2056,2109,2101,2015,1732,1229,2057,2080,2078,2113,2123,2044,1918,1288,2058,2105,2066,2079,2078,2032,1989,1284,2041,2086,2058,2089,2107,1990,1953,1281,2033,2080,2087,2065,1970,1961,1988,1158,1821,2064,2091,1985,1988,1957,1968,5,5,255,5,10,5,9,5,5,5,5,5,5,255,5,5,5,5,5,5,5,10,5,255,5,5,5,5,5,5,5,255,5,5,9,5,5,255,5,255,9,5,5,255,5,5,255,5,5,5,5,5,5,5,5,10,5,10,5,5,5,255,10,255
1780854600.174947,14869,1494893017,908,2056,2033,2103,1948,1468,1167,942,1140,1406,2037,2061,2061,2082,1314,1080,1284,2012,2085,2082,2109,2108,2062,1739,1192,2034,2090,2089,2123,2091,2101,1918,1289,2058,2114,2090,2123,2078,1998,1989,1274,2011,2079,2133,2102,2004,1978,1989,1237,2042,2084,2104,2070,1902,1962,1988,1193,1821,2099,2040,1983,1970,1957,1968,5,255,10,5,9,5,5,5,5,5,5,5,5,255,5,5,5,5,5,5,255,5,5,10,5,5,5,5,5,5,5,255,5,255,5,5,5,255,5,255,5,5,5,10,5,5,10,5,5,5,5,5,5,5,5,5,5,255,5,5,5,10,255,255
1780854600.275156,14870,1494993017,883,1992,2033,2103,1948,1400,1162,921,1132,1379,2037,2078,2061,1874,1392,1038,1228,2016,2082,2079,2110,2112,2014,1713,1303,2040,2062,2100,2100,2129,2074,1918,1268,2030,2124,2080,2092,2078,2041,1989,1221,2011,2093,2133,2102,2088,1978,1982,1253,2007,2100,2117,2062,1999,1911,1961,1208,1821,2046,2047,1983,1993,1977,1968,5,10,255,255,255,5,5,5,5,5,255,5,255,10,5,5,5,5,5,5,10,5,5,5,5,5,5,5,5,5,5,255,5,10,5,5,5,255,5,255,5,255,5,255,255,5,255,5,5,5,5,5,5,5,255,5,5,255,5,5,255,5,10,255
1780854600.373718,14871,1495093017,866,1992,2033,2035,2015,1370,1168,952,1106,1932,2076,2078,2091,1874,1279,1080,1257,1997,2074,2073,2080,2095,2050,1628,1272,1992,2075,2088,2124,2096,2091,1963,1288,2045,2151,2090,2094,2078,2046,1989,1330,1963,2098,2133,2085,2088,1978,1909,1237,2030,2060,2106,2080,2019,1959,1994,1233,1784,2028,2060,1983,1993,1977,1968,5,255,255,10,10,5,5,5,5,4,10,5,10,255,5,5,5,5,5,5,5,5,5,5,5,5,5,5,5,5,5,10,5,5,5,5,5,255,5,255,5,10,5,255,10,255,255,5,9,5,5,5,5,5,5,5,5,10,5,5,255,255,255,255
1780854600.474106,14872,1495193018,893,1992,2033,2064,1972,1393,1159,950,1099,1497,2162,2037,2091,1874,1365,1109,1279,1997,2086,2073,2080,2109,2048,1628,1270,2013,2067,2088,2140,2088,2082,1963,1279,2071,2089,2081,2114,2078,2017,1975,1289,1963,2112,2133,2133,2088,1978,2077,1271,2054,2062,2119,2080,2014,1936,1981,1154,1784,2046,2043,1983,1993,1977,1968,5,255,255,5,5,5,5,5,5,4,5,5,255,255,9,5,5,255,255,5,255,5,5,255,255,5,5,5,5,5,5,255,9,5,5,5,5,255,5,10,5,255,5,255,5,255,255,5,5,5,5,5,255,5,5,5,5,255,5,5,255,255,255,255
1780854600.574348,14873,1495293017,891,2051,2033,2089,2033,1446,1155,934,1112,1467,2162,2113,2091,1708,1316,1103,1285,1997,2083,2092,2089,2109,2035,1718,1315,2025,2092,2088,2086,2104,2080,1963,1300,2032,2089,2112,2086,2050,2000,1975,1292,1963,2136,2133,2098,2088,1978,1945,1265,1985,2028,2119,2122,1960,1976,1977,1158,1784,2044,2081,1983,1932,1977,1968,5,10,255,5,5,9,5,5,5,5,255,5,255,10,5,5,5,255,5,5,10,5,5,10,5,5,5,5,5,5,5,255,5,5,255,5,5,10,5,255,5,255,5,255,5,255,255,5,5,5,5,5,10,5,5,5,5,255,5,5,255,10,255,255
1780854600.674299,14874,1495393017,892,2051,2073,2071,1921,1466,1179,956,1115,2015,2081,2117,2091,1708,1305,1102,1294,1997,2058,2102,2131,2039,2052,1718,1276,2031,2072,2075,2109,2105,2040,1963,1215,2046,2114,2077,2106,2050,2029,1975,1268,2013,2117,2133,2148,2088,1978,2016,1231,2000,2100,2132,2094,1958,1923,1931,1203,1784,2071,1993,2021,1932,1977,1891,5,255,10,5,5,5,5,5,5,4,10,5,10,255,5,5,5,255,5,5,5,5,5,255,5,5,5,5,5,5,5,255,5,5,10,5,5,5,5,255,5,10,5,255,5,255,255,5,9,5,5,5,5,5,5,5,5,255,5,5,10,255,255,10
1780854600.775595,14875,1495493017,859,2046,2060,2103,2047,1427,1156,927,1140,1303,2081,2117,2091,1708,1410,1126,1297,2078,2076,2104,2105,2107,2102,1581,1243,2029,2074,2090,2080,2162,2086,1900,1268,2036,2049,2100,2101,2117,1979,1912,1287,2013,2104,2133,2123,2129,1932,2025,1232,2053,2095,2089,2093,1990,1923,2011,1133,1784,2055,1993,2029,1960,1977,1891,5,10,5,5,5,5,5,5,9,4,5,255,255,255,5,5,5,10,5,5,5,5,5,10,5,9,5,5,5,5,5,10,9,5,5,5,5,5,5,10,5,255,5,255,5,10,10,5,5,5,5,5,5,5,255,5,5,255,5,255,5,10,255,255
1780854600.876158,14876,1495593017,867,2049,2071,2093,1972,1446,1153,945,1091,1238,2081,2133,2091,1708,1303,1172,1312,2028,2034,2087,2099,2089,2060,1581,1309,2029,2073,2100,2114,2076,2059,1916,1246,2058,2049,2080,2117,2097,2054,1912,1250,1952,2078,2109,2061,2104,1993,2001,1198,2028,2102,2156,2070,1934,1963,1934,1262,1784,2040,1997,1983,1960,1954,1891,5,5,5,5,5,5,5,5,5,255,255,10,10,255,5,5,5,5,255,5,5,5,5,255,5,5,5,5,5,5,5,5,5,5,255,5,5,5,5,255,5,10,5,10,5,5,5,5,5,5,5,5,5,5,10,5,5,255,5,10,5,255,10,255
1780854600.975282,14877,1495693017,896,2043,2046,2036,1972,1371,1154,941,1098,1367,2002,2110,2102,2044,1369,1054,1307,1971,2076,2083,2098,2067,1996,1581,1277,2009,2069,2098,2130,2123,2086,1863,1254,2058,2084,2116,2197,2087,2062,1912,1241,1952,2059,2070,2107,2104,1941,2001,1244,2053,2092,2090,2083,1990,1963,1992,1232,1903,1993,2016,1990,1962,1954,1891,5,5,5,5,255,5,5,5,5,9,10,5,5,10,5,5,5,5,5,5,5,5,9,255,5,5,5,5,5,5,5,9,9,5,10,5,5,5,5,255,5,255,5,5,5,255,5,255,5,5,5,5,5,5,255,5,5,10,5,5,255,10,255,255
1780854601.075150,14878,1495793017,876,2097,2027,2036,1972,1450,1134,932,1130,1191,2049,2103,2069,2044,1368,1087,1273,2067,2064,2083,2098,2031,2068,1581,1271,2044,2087,2090,2114,2091,2023,1804,1318,2063,2114,2086,2118,2103,1988,1912,1266,1952,2091,2070,2127,2073,1941,1986,1213,2034,2076,2144,2039,2009,2000,1974,1192,2023,2009,2050,1953,1962,1954,1891,5,5,5,255,255,5,5,5,5,255,5,5,5,255,5,5,5,5,5,5,5,5,5,255,5,5,5,5,5,5,5,5,5,5,5,5,5,5,5,255,5,255,5,255,5,10,255,10,5,5,5,5,5,5,10,5,5,5,5,5,5,255,255,255
1780854601.174269,14879,1495893017,882,2097,2027,2073,2023,1440,1129,937,1129,1994,2055,2079,2069,2044,1361,1080,1262,1977,2075,2074,2110,2053,2150,1634,1244,2022,2088,2092,2129,2115,2072,1876,1296,2044,2063,2088,2103,2153,1989,1912,1245,2052,2099,2129,2154,2073,1927,1986,1262,1993,2109,2096,2039,2009,1963,2037,1198,1857,2043,2042,1944,1962,1954,1891,5,255,255,10,10,5,5,5,9,4,5,5,255,255,5,5,5,9,5,5,5,5,5,10,5,5,5,5,5,5,9,5,255,5,5,5,5,5,5,255,5,10,5,10,5,255,10,255,9,5,5,5,255,255,5,5,5,5,5,5,5,255,255,255
1780854601.276329,14880,1495993017,892,2097,2028,2088,2079,1367,1157,933,1106,1369,2053,2054,2067,2044,1353,1056,1320,2004,2071,2079,2071,2087,2019,1634,1238,2050,2071,2086,2100,2108,2099,1954,1248,2040,2098,2084,2097,2153,2032,1944,1276,2052,2093,2143,2135,2070,1941,1935,1252,2049,2121,2129,2107,2009,1974,2037,1181,1857,2043,2027,1972,1953,1943,1891,5,255,10,5,5,5,5,5,5,4,5,5,10,255,5,5,5,5,5,5,5,5,5,255,5,5,5,5,5,5,5,5,5,5,5,5,5,255,5,10,5,255,5,5,5,10,5,10,5,5,5,5,10,255,5,255,5,255,255,5,5,10,10,255
1780854601.374247,14881,1496093017,913,2012,2028,2052,2055,1414,1175,943,1121,1357,2061,2133,2067,2044,1378,1136,1282,2002,2121,2114,2078,2096,1979,1654,1328,1994,2058,2082,2110,2082,2040,1954,1248,2013,2079,2103,2119,2121,2032,1944,1328,2011,2075,2075,2098,2079,1896,1935,1233,2057,2069,2136,2101,1977,1905,1950,1229,1857,2073,2022,1974,1983,1943,1891,5,255,255,5,5,5,5,5,5,9,5,5,255,255,5,5,9,5,5,5,5,5,5,10,5,5,5,5,5,5,5,255,255,5,5,5,5,10,255,255,5,10,5,5,5,5,5,255,5,5,5,5,5,10,5,10,5,255,10,5,5,5,255,255
1780854601.476362,14882,1496193017,899,2070,2066,2110,1998,1416,1126,928,1101,1357,2097,2083,2067,2044,1378,1100,1300,2057,2080,2080,2110,2175,2100,1654,1174,2046,2086,2097,2112,2130,2069,1886,1341,2090,2118,2101,2129,2121,2087,1944,1306,2118,2107,2075,2098,2079,1896,2020,1218,2010,2138,2080,2051,2010,2001,1984,1211,1995,2016,2065,1934,1932,1943,1891,5,5,10,5,5,5,5,5,5,255,5,5,255,255,255,5,5,5,5,5,5,5,5,255,255,5,5,5,5,5,5,10,10,5,5,5,5,255,10,255,5,5,5,255,255,255,255,10,5,5,5,5,5,5,255,5,5,10,5,5,5,5,255,255
1780854601.575605,14883,1496293017,891,2070,2061,2034,1978,1481,1167,935,1183,1357,2041,2111,2067,2044,1314,1076,1239,2039,2060,2134,2081,2131,2030,1711,1215,2046,2093,2085,2100,2132,2099,1886,1283,2040,2125,2091,2069,2138,2018,1947,1273,2127,2138,2133,2104,2079,1967,1999,1270,1993,2106,2099,2094,1974,1927,2019,1172,1995,2068,2046,1982,1932,1943,1891,5,255,5,5,5,5,5,5,5,255,5,5,255,255,10,5,5,5,5,5,5,5,5,10,5,5,5,5,5,5,5,255,5,5,5,5,5,10,5,10,5,5,5,10,10,255,10,5,5,5,5,5,5,255,5,5,5,255,5,5,5,255,255,255
1780854601.675469,14884,1496393017,870,2098,2089,2061,2016,1398,1152,949,1107,1357,2041,2103,2041,2044,1336,1069,1285,2071,2041,2041,2081,2060,2039,1711,1266,2056,2052,2085,2099,2115,2056,1886,1366,2045,2081,2051,2148,2138,2038,1947,1256,2050,2111,2104,2103,2079,1967,1959,1364,2043,2131,2121,2139,2039,1963,2017,1138,1995,2003,2046,2004,1919,1943,1891,5,10,5,5,5,5,5,5,9,255,255,5,10,255,5,5,5,5,5,5,255,5,5,255,5,5,5,5,5,5,5,255,5,5,5,5,5,255,5,255,5,5,5,5,5,255,255,5,5,5,5,5,5,5,5,5,5,255,5,255,5,10,255,255
1780854601.774074,14885,1496493016,877,2070,2068,2065,1905,1320,1151,943,1165,1408,2038,2080,2041,2055,1326,1053,1239,2010,2089,2103,2113,2158,2124,1711,1285,2054,2061,2098,2105,2105,2084,1886,1326,2031,2061,2102,2112,2113,1974,1947,1265,2050,2092,2065,2080,2009,1960,1925,1228,2032,2112,2115,2078,1957,1925,1977,1187,1884,2053,2008,2050,1966,1943,1891,5,5,5,5,5,5,5,5,5,3,10,5,255,10,5,5,9,5,5,5,10,5,5,255,9,5,5,5,5,5,5,255,5,5,5,5,5,10,5,255,5,255,5,5,5,10,10,5,5,5,5,5,5,5,255,5,5,10,5,10,5,5,255,255
1780854601.875564,14886,1496593017,879,2070,2070,2082,2019,1404,1144,912,1121,1340,2038,2095,2145,2020,1326,1088,1316,2013,2101,2089,2067,2158,2027,1711,1360,2022,2081,2072,2099,2084,2095,1886,1300,2073,2021,2111,2126,2081,2029,1947,1312,2050,2095,2065,2144,2076,1960,1954,1224,2002,2090,2135,2138,2007,1962,1977,1218,1884,2048,2040,1942,1937,1943,1891,5,255,5,5,5,5,5,5,5,5,255,5,10,5,5,5,4,5,5,5,5,255,5,255,5,5,5,5,5,5,5,255,5,5,5,5,5,5,5,255,5,255,5,255,5,5,255,5,5,5,5,5,5,5,5,255,5,255,5,5,5,5,255,255
1780854601.973699,14887,1496693016,904,2071,2073,2046,2019,1422,1145,935,1143,1383,2122,2118,2102,2020,1322,1054,1301,2040,2118,2110,2110,2098,2065,1711,1254,2059,2087,2096,2100,2112,2062,1970,1306,2011,2092,2106,2100,2107,2046,1947,1262,2067,2080,2065,2079,2082,1960,1968,1172,2009,2050,2090,2104,1974,1966,2035,1178,1884,1999,2075,2005,1965,1943,1891,5,10,5,5,255,5,5,5,5,5,10,5,5,255,5,5,9,5,5,5,5,10,5,255,5,5,5,5,5,5,5,10,5,5,5,5,5,5,5,255,5,10,5,255,5,5,255,5,5,5,5,5,5,5,5,10,5,255,5,5,5,5,255,255
1780854602.075064,14888,1496793016,882,1989,2103,2034,1964,1441,1177,927,1134,1378,2122,2089,2080,2020,1324,1106,1290,2040,2075,2049,2117,2116,2014,1684,1275,2093,2075,2095,2082,2130,2027,1970,1295,2095,2105,2076,2097,2098,1995,1947,1235,2064,2113,2124,2121,2071,1964,1968,1249,2044,2080,2090,2081,1931,1976,1958,1165,1884,2048,2087,1981,1980,1943,1891,5,5,5,5,3,5,5,5,5,5,255,5,5,255,5,5,5,255,5,5,5,5,5,10,5,5,5,5,5,5,5,255,5,5,5,5,5,5,5,255,5,5,5,10,5,5,10,255,5,5,5,5,5,5,5,5,5,255,5,5,5,5,255,255
1780854602.174543,14889,1496893017,874,2070,2055,2097,2039,1336,1139,927,1144,1369,2120,2070,2084,2020,1316,1095,1257,1954,2085,2084,2139,2116,2014,1684,1247,2042,2072,2088,2093,2098,2049,1970,1268,2026,2046,2100,2151,2131,1995,1947,1292,2014,2090,2124,2088,2081,1963,1956,1227,2019,2065,2095,2097,1934,1987,1976,1195,1884,2025,2067,2013,1980,1943,1891,5,5,5,5,5,5,5,5,5,5,10,5,5,255,5,5,5,10,5,5,5,255,255,255,5,5,5,5,5,5,5,255,5,5,5,5,5,5,255,255,5,5,5,255,5,5,5,10,5,5,5,5,5,5,5,5,5,255,5,5,5,255,255,255
1780854602.275551,14890,1496993017,867,2126,2136,2056,1917,1441,1166,945,1121,1369,2120,2086,2068,2020,1367,1087,1294,1985,2110,2126,2099,2082,2036,1684,1244,1984,2092,2095,2099,2115,2075,1970,1289,2061,2069,2067,2086,2113,2065,1947,1270,2014,2147,2132,2122,2081,1963,1981,1227,2120,2086,2124,2097,1958,1987,1976,1145,1884,2057,2043,1978,1980,1943,1891,5,5,5,5,9,5,5,5,5,255,255,5,5,255,5,5,5,5,5,5,5,10,10,255,5,5,5,5,5,5,5,255,5,5,5,5,5,5,10,255,5,255,5,10,5,255,255,5,5,5,5,5,255,5,255,255,5,255,5,5,5,255,255,255
1780854602.376386,14891,1497093017,867,2059,2061,2071,1985,1402,1204,950,1138,1384,2049,2086,2067,2020,1353,1101,1248,2065,2064,2068,2122,2194,2099,1684,1298,2090,2064,2084,2097,2097,2093,1945,1294,2025,2099,2062,2086,2099,2024,1947,1217,2014,2093,2066,2139,2069,1943,1928,1244,2002,2110,2100,2097,2017,1922,1987,1248,1884,1971,2045,1979,1976,1943,1891,5,5,5,5,5,9,5,5,5,10,10,255,5,255,5,5,5,5,5,5,5,5,5,255,5,5,5,5,5,5,5,10,5,5,5,5,255,5,5,255,5,255,5,5,5,10,10,5,5,5,5,5,255,5,10,10,5,255,5,5,5,10,255,255
1780854602.474663,14892,1497193017,891,2059,2030,2103,2001,1438,1167,936,1121,1485,2060,2086,2076,2020,1289,1106,1237,1986,2099,2075,2122,2076,2060,1741,1247,2002,2093,2074,2076,2123,2071,1945,1288,2071,2136,2078,2086,2160,2010,1852,1176,2094,2099,2078,2091,2069,1993,1960,1236,2072,2081,2081,2097,1963,1999,1987,1215,1884,2037,2003,2017,1976,1943,1891,5,255,5,5,5,5,5,5,5,5,5,10,5,255,9,5,5,5,5,5,255,5,5,3,5,5,5,5,5,5,5,255,5,5,5,5,10,5,5,10,5,10,5,5,5,255,5,5,5,5,5,5,255,5,5,255,5,255,5,5,5,255,255,255
1780854602.574943,14893,1497293016,891,2037,2097,2070,1981,1404,1157,930,1094,1485,2097,2092,2058,1802,1297,1074,1295,2089,2057,2102,2127,2095,2037,1741,1279,2037,2095,2085,2096,2080,2040,1945,1269,2063,2061,2076,2107,2084,1992,1852,1222,2115,2087,2077,2128,2094,1897,2013,1243,2034,2094,2113,2079,2007,1976,1987,1172,1839,2061,2026,2017,1956,1943,1891,5,10,5,5,5,5,5,5,5,255,5,5,5,10,5,5,5,5,5,5,10,5,5,255,5,5,5,5,5,5,5,255,5,5,5,5,5,5,5,255,9,5,5,5,5,10,5,5,9,5,5,5,10,5,5,255,5,10,5,5,255,10,255,255
1780854602.672562,14894,1497393017,873,2041,2097,2065,2083,1465,1151,954,1101,1460,2052,2092,2091,1802,1390,1086,1247,2021,2064,2097,2127,2116,2111,1799,1279,2052,2050,2100,2101,2169,2046,1945,1243,2012,2088,2128,2123,2144,2012,1852,1271,2115,2117,2077,2128,2110,1993,2001,1246,2035,2122,2114,2123,1983,1966,1970,1188,2039,2019,2030,1987,1956,1943,1891,5,5,255,5,5,5,5,5,5,10,5,255,5,255,5,5,5,5,5,5,255,5,5,10,255,5,5,5,5,5,5,255,5,5,5,5,5,5,5,255,5,255,5,255,255,5,5,9,5,5,5,5,5,5,5,10,5,3,5,5,10,255,255,255
1780854602.783592,14895,1497503016,878,2060,2064,2101,2069,1430,1173,941,1129,1345,2115,2051,2091,1802,1367,1090,1263,1982,2091,2074,2103,2142,2044,1799,1285,1990,2085,2090,2108,2105,1975,2016,1247,2072,2096,2117,2121,2089,2037,1852,1279,2115,2094,2107,2082,2113,1993,1946,1220,2021,2124,2142,2110,2008,1963,1999,1197,2074,2020,2055,2019,1960,1943,1891,5,5,10,5,5,5,5,5,5,4,5,10,255,255,5,5,5,5,5,5,10,5,5,255,10,5,5,5,5,5,5,10,5,5,5,5,5,5,5,255,5,255,5,10,10,5,255,5,5,5,5,5,5,5,5,255,5,5,5,5,5,10,10,255
1780854602.884289,14896,1497603018,885,2035,2064,2099,2063,1430,1171,933,1109,1345,2021,2171,2091,1802,1315,1056,1265,2032,2059,2083,2107,2067,2043,1581,1343,2044,2079,2088,2109,2110,2100,2016,1268,2072,2075,2065,2091,2119,2004,1852,1234,2115,2083,2107,2135,2113,1993,1912,1242,2034,2107,2123,2110,1964,1961,1974,1175,2074,2070,2052,2019,1960,1943,1891,5,5,255,5,5,255,9,5,5,255,5,5,255,255,255,5,5,5,5,5,5,5,5,10,5,5,5,5,5,5,5,255,5,255,5,5,5,5,5,255,5,255,5,255,5,255,255,255,5,5,5,5,255,255,5,5,5,255,5,5,255,255,255,255
1780854602.984132,14897,1497703017,883,2035,2082,2123,2094,1430,1212,949,1123,1345,2075,2080,2091,1752,1358,1066,1262,1995,2078,2085,2126,2099,2027,1581,1340,2031,2090,2087,2083,2118,2100,1944,1303,2031,2075,2086,2133,2119,2002,1852,1229,2115,2077,2107,2124,2016,1993,1977,1267,2095,2126,2091,2070,1964,1964,1974,1181,2074,2060,2053,1984,1960,1943,1891,5,255,10,5,5,255,5,5,5,255,5,5,255,10,5,5,5,5,5,5,5,5,5,255,5,5,5,5,5,5,255,10,5,10,255,5,5,255,5,255,5,255,5,255,5,10,255,5,5,5,5,5,10,255,5,255,5,255,5,5,10,255,255,255
1780854603.085189,14898,1497803017,904,2035,2090,2088,2103,1430,1200,936,1148,1345,2075,2051,2042,1752,1374,1079,1351,2017,2046,2089,2126,2052,2042,1786,1340,2070,2078,2085,2131,2085,2096,1876,1235,2031,2094,2090,2092,2119,2078,1852,1297,2115,2084,2066,2077,2104,1986,1972,1278,2012,2126,2102,2076,2050,1996,1924,1182,2074,2034,2057,1984,1960,1943,1891,5,255,5,5,5,255,5,5,5,255,255,5,10,255,5,5,5,5,5,5,255,5,5,10,255,5,5,5,5,5,10,5,5,255,10,5,5,255,5,255,9,255,5,10,5,5,10,5,5,5,255,5,5,10,5,10,5,255,5,5,255,255,255,255
1780854603.184303,14899,1497903017,896,2035,2090,2087,2086,1430,1167,947,1123,1325,2037,2049,2042,1752,1318,1110,1348,2017,2076,2082,2100,2109,2062,1786,1254,2081,2084,2093,2095,2144,2101,1876,1266,2058,2063,2084,2140,2137,2022,1852,1391,1995,2115,2066,2082,2104,1935,1991,1253,2063,2071,2140,2066,2050,1972,1924,1132,2074,2019,2095,1950,1960,1943,2081,5,255,255,5,5,255,5,5,5,10,10,5,255,255,5,5,5,255,5,5,10,5,5,255,10,5,5,5,5,5,5,255,5,10,5,5,5,10,5,255,5,10,5,255,5,255,5,5,9,5,10,5,5,255,5,255,5,255,5,5,10,255,255,10
1780854603.285240,14900,1498003016,872,2056,2060,2040,2071,1430,1177,939,1139,1338,2037,2058,2042,1752,1327,1049,1258,2026,2107,2063,2060,2137,1909,1663,1303,2081,2077,2092,2120,2114,2105,1906,1297,2019,2108,2103,2140,2130,2009,1852,1236,1970,2127,2114,2161,2129,1989,1953,1203,2056,2089,2095,2093,1963,1966,1968,1229,1804,2030,2028,1950,1977,1943,2081,5,10,10,5,5,255,5,5,5,5,255,5,255,255,5,5,5,10,5,5,5,5,5,10,5,255,5,5,5,5,5,10,5,5,5,5,5,5,5,255,5,5,5,10,5,10,5,5,5,5,5,5,5,10,5,10,5,10,5,5,255,10,255,255
1780854603.385089,14901,1498103017,895,2046,2060,2048,2104,1430,1185,917,1152,1412,2037,2031,2042,1752,1303,1037,1274,1938,2114,2070,2071,2137,2093,1740,1252,2059,2094,2082,2108,2109,2082,1906,1297,2031,2038,2083,2130,2129,2020,1852,1285,1970,2101,2164,2097,2046,1962,1953,1280,1986,2137,2112,2144,1963,1937,2034,1185,1804,2068,2028,1977,1973,1943,2081,5,5,255,5,5,255,5,5,5,5,255,5,255,255,255,5,5,5,5,5,5,255,5,5,5,10,5,5,5,5,5,255,5,5,5,5,5,5,5,255,5,255,5,5,5,5,5,255,5,5,5,5,5,255,5,5,5,255,5,5,10,5,255,255
1780854603.484319,14902,1498203017,869,2012,2060,2121,2127,1430,1203,948,1173,1348,2054,2097,2057,1752,1341,1086,1282,2053,2067,2068,2102,2090,2055,1686,1271,2039,2073,2077,2117,2167,2064,1875,1271,2057,2072,2064,2107,2129,2020,1852,1205,2029,2074,2164,2101,2025,1976,1963,1250,1936,2082,2105,2051,1958,1981,1977,1204,1804,2044,2074,1975,1991,1943,2081,5,5,255,5,5,255,5,5,5,9,10,5,10,255,5,5,5,5,5,5,5,10,5,5,5,5,5,5,5,5,5,10,5,5,5,5,5,255,255,255,5,10,5,255,5,5,5,10,5,5,5,5,5,10,255,5,5,255,5,5,5,5,255,255
1780854603.585382,14903,1498303017,888,2012,2060,2089,2102,1430,1166,928,1151,1350,2061,2053,2090,2047,1288,1087,1311,2007,2081,2117,2096,2086,2052,1686,1260,1962,2065,2089,2100,2118,2059,1730,1322,1971,2116,2100,2134,2101,2026,1852,1282,2029,2094,2136,2110,2007,1925,1977,1229,2063,2082,2101,2084,1965,1967,1955,1204,1804,2047,2001,2024,1941,1943,2081,5,255,255,5,5,255,5,5,5,5,5,5,5,10,5,5,5,5,5,5,5,5,5,255,5,5,5,5,5,5,5,5,5,5,5,5,5,10,10,255,5,255,5,10,5,5,5,5,5,5,255,5,5,5,5,5,5,255,5,5,9,5,255,255
1780854603.682702,14904,1498403018,878,2033,2060,2031,2012,1430,1205,964,1121,1350,2061,2095,2153,2047,1293,1011,1227,2007,2077,2088,2096,2088,1951,1686,1259,1962,2069,2086,2104,2116,2059,1887,1322,2036,2116,2078,2121,2130,2070,1953,1254,1921,2086,2136,2098,2051,1925,1957,1231,1997,2114,2080,2131,1957,1914,2010,1200,1804,2058,2001,1931,1941,1943,2081,5,10,255,5,5,255,5,5,9,255,255,5,5,255,5,5,5,255,5,5,255,5,9,255,5,255,5,5,5,5,255,5,255,5,255,5,5,5,5,10,5,10,5,255,5,5,255,5,5,5,10,5,5,5,5,5,5,255,5,255,5,255,255,255
1780854603.785723,14905,1498503017,885,2033,2060,2047,2097,1430,1231,933,1127,1402,2074,2046,2012,2047,1373,1087,1206,2018,2074,2100,2075,2108,2026,1686,1291,2063,2084,2080,2066,2142,2080,1856,1246,2022,2086,2054,2166,2079,2026,1953,1250,1921,2125,2104,2123,2086,1944,2002,1182,2069,2070,2112,2108,1951,1982,2018,1189,1804,2052,2057,1970,1973,1943,2081,5,255,255,5,5,255,5,5,5,10,10,5,5,255,5,5,9,10,5,5,10,5,5,255,5,10,5,5,5,5,10,5,10,5,10,5,5,5,5,255,9,255,5,10,5,5,10,5,5,5,5,5,5,5,5,5,9,255,5,10,5,10,255,255
1780854603.884250,14906,1498603017,887,2033,2068,2083,2088,1887,1174,940,1118,1292,2019,2141,2072,2047,1344,1074,1330,2032,2041,2047,2082,2144,2076,1686,1253,2046,2077,2080,2113,2134,2084,1856,1303,2045,2086,2089,2047,2137,2026,1953,1274,2051,2125,2075,2099,2068,1995,1962,1208,2017,2107,2115,2067,2055,1909,1981,1114,1804,2036,2077,2018,1973,1943,2081,5,255,10,5,5,10,5,5,5,5,5,5,5,255,5,5,5,5,5,5,5,5,5,255,5,5,5,5,5,5,5,255,5,5,5,5,5,5,255,255,9,10,255,5,5,5,5,5,5,5,5,5,5,5,5,5,5,255,5,5,5,255,255,255
1780854603.984845,14907,1498703017,880,2071,2068,2075,2102,1887,1220,951,1111,1414,2063,2141,2072,2047,1419,1092,1254,1950,2087,2022,2136,2082,1988,1658,1296,2034,2084,2074,2067,2142,2075,1856,1277,2105,2071,2098,2121,2090,2026,1953,1241,2012,2071,2120,2084,2068,1995,1966,1229,2086,2115,2112,2118,1980,1909,2011,1162,1804,2021,2078,2000,1973,1943,2081,5,10,255,5,5,255,5,5,5,5,5,255,255,255,9,5,5,5,5,5,9,5,9,10,5,5,5,5,5,5,5,255,5,5,5,5,5,5,255,255,5,5,10,5,5,255,255,5,5,5,5,5,5,5,255,5,5,255,5,5,5,255,255,255
1780854604.085445,14908,1498803017,884,2053,2034,2075,2089,1887,1184,947,1112,1311,2062,2115,2072,1842,1390,1059,1271,2028,2085,2072,2136,2057,2062,1658,1273,2057,2096,2082,2096,2142,2044,1856,1292,2045,2091,2113,2102,2067,1973,1914,1265,2012,2121,2141,2130,2055,1995,1942,1184,2059,2115,2095,2118,1980,2014,1976,1219,1804,1987,2081,2000,1973,1943,2081,5,5,10,255,5,255,5,5,5,5,5,10,255,10,5,5,5,5,5,5,255,5,5,255,5,5,5,5,5,5,5,255,9,5,5,5,5,5,10,10,5,255,5,5,5,10,255,5,5,5,255,5,5,5,10,5,5,255,5,5,255,255,255,255
1780854604.184142,14909,1498903017,895,2016,2077,2097,2081,1887,1218,942,1103,1320,2062,2054,2071,1842,1286,1073,1335,2021,2072,2058,2083,2127,2058,1658,1311,1983,2073,2094,2080,2129,2113,1856,1288,2051,2078,2075,2123,2123,1964,1914,1255,2012,2083,2101,2052,2074,1995,1958,1237,2044,2106,2088,2074,1980,1972,1974,1213,1804,2050,1987,1961,1945,1990,2081,5,5,5,10,5,255,5,5,5,255,255,5,10,255,5,5,5,5,5,5,10,5,5,255,5,5,5,5,5,5,5,255,5,9,5,5,5,5,5,255,5,255,5,5,5,5,255,5,9,5,10,5,5,5,5,5,5,255,5,5,10,10,10,255
1780854604.283701,14910,1499003017,892,2010,2100,2097,2089,1887,1228,940,1104,1401,2023,2063,2071,1842,1371,1092,1270,2004,2066,2093,2092,2073,2003,1658,1302,2068,2089,2095,2099,2115,2129,1853,1214,2062,2078,2101,2131,2123,2013,1948,1296,2012,2103,2101,2090,2074,1949,1939,1224,2093,2065,2114,2097,2018,1993,1991,1195,1804,2035,2095,2014,1943,1990,2081,5,5,5,255,5,255,5,5,5,5,10,5,255,255,9,5,5,5,5,5,5,5,5,255,5,5,5,5,5,5,5,10,5,5,255,5,5,255,5,10,5,255,5,255,5,255,10,5,5,5,5,5,5,5,5,5,5,255,5,5,5,5,255,255
1780854604.384098,14911,1499103017,883,2010,2100,2081,2089,1887,1162,941,1162,1382,2063,2063,2071,2126,1393,1044,1306,2035,2090,2066,2139,2108,2003,1658,1230,1998,2067,2091,2111,2077,2052,1972,1276,2038,2123,2104,2088,2123,1993,1948,1308,2012,2083,2101,2135,2103,1978,2001,1235,1996,2097,2107,2073,1984,1964,1977,1201,1804,2046,2095,1977,1954,1990,2081,5,255,255,10,5,255,5,5,5,5,5,255,255,10,5,5,5,5,5,5,5,5,255,255,5,5,5,5,5,5,5,5,5,5,10,5,5,255,5,255,5,255,5,255,5,10,5,5,5,5,5,5,5,5,5,5,5,255,5,255,5,5,255,255
1780854604.485345,14912,1499203017,881,2010,1185,2081,2108,1594,1231,930,1121,1382,2054,2077,2071,2008,1367,1103,1264,1938,2058,2067,2090,2108,2074,1658,1191,2024,2080,2068,2119,2149,2082,1871,1286,2068,2062,2109,2112,2093,2010,1948,1303,2012,2102,2101,2117,2064,1978,1992,1255,2116,2060,2143,2063,1947,1997,1980,1146,1804,2025,2036,1984,1954,1990,2081,5,255,10,255,5,10,5,5,5,255,5,10,255,9,5,5,5,9,5,5,5,255,10,255,9,5,5,5,5,5,3,5,5,5,5,5,5,10,5,255,5,255,5,255,5,5,255,5,5,5,5,5,5,5,5,5,5,255,5,10,5,255,255,255
1780854604.584681,14913,1499303017,866,1103,1185,2081,2022,1554,1205,936,1084,1423,2061,2077,2071,2008,1332,1099,1283,2075,2073,2066,2133,2079,2057,1732,1301,2056,2079,2076,2088,2160,2057,1871,1306,2038,2116,2078,2122,2077,1988,1948,1264,2012,2075,2084,2117,2097,2011,1961,1218,2016,2131,2080,2063,1974,1970,1980,1184,1804,2057,2060,2033,1979,1990,2081,5,10,255,255,5,5,5,5,5,10,5,255,255,255,5,5,5,5,5,5,5,10,5,10,5,5,5,5,5,5,5,255,5,5,5,5,5,5,5,255,5,255,5,10,255,5,10,5,5,5,5,5,5,5,5,255,5,255,5,5,5,10,255,255
1780854604.685402,14914,1499403017,904,1135,1185,2081,2022,1554,1172,955,1103,1303,2054,2077,2071,2115,1312,1065,1268,2035,2080,2086,2119,2108,2033,1732,1328,2033,2076,2097,2117,2122,2039,1913,1316,2027,2078,2063,2115,2077,2053,1948,1256,2034,2075,2101,2124,2033,2011,1957,1257,2047,2116,2122,2117,1898,1970,2004,1163,1804,2080,2026,2036,1979,1990,2081,5,5,255,255,255,255,5,5,5,5,5,255,255,10,5,5,5,5,5,5,5,5,5,255,5,5,5,5,5,5,5,10,5,5,5,5,5,255,5,255,5,10,5,5,10,5,255,5,5,5,5,5,5,5,255,10,5,255,5,5,5,255,255,255
1780854604.785998,14915,1499503017,895,1135,1185,997,931,1076,1158,959,1164,1304,2065,2077,1123,2115,1375,1094,1255,1957,2091,2111,2119,2034,2101,1710,1302,2077,2080,2099,2119,2082,2065,1884,1263,2027,2112,2094,2127,2114,2024,1948,1278,2009,2046,2111,2112,2083,1960,1970,1233,2047,2087,2143,2090,1999,1948,1991,1181,1804,2033,2012,2036,1979,1990,2081,5,255,255,10,10,10,5,5,5,255,5,255,10,255,5,5,5,5,5,5,255,5,5,10,5,5,5,5,5,5,5,5,5,255,5,5,5,10,5,255,5,5,5,5,5,5,10,5,5,5,5,5,5,5,10,5,5,255,5,5,255,255,255,255
1780854604.884201,14916,1499603017,873,1135,719,729,585,696,1158,945,1129,1328,2065,856,897,2115,1320,1091,1269,1935,2100,2088,2092,2034,2032,1635,1282,2068,2072,2113,2092,2114,2044,1884,1278,2089,2085,2087,2088,2114,2032,1948,1221,2053,2078,2111,2117,2034,1960,1970,1193,2040,2105,2107,2098,1966,1988,1958,1195,1880,1979,2104,2036,1979,1990,2081,5,255,10,4,4,4,5,5,5,5,255,10,4,255,5,5,5,5,5,5,10,255,5,3,5,5,5,5,5,5,5,255,5,10,5,5,5,255,5,255,5,5,5,255,5,5,255,255,5,5,5,5,5,5,5,5,5,10,5,5,255,255,255,255
1780854604.983640,14917,1499703017,883,2101,481,371,369,361,602,943,1145,1386,718,413,423,385,1205,1010,1221,1989,2053,816,2092,1253,2007,1635,1282,2004,2055,2070,2090,2122,2017,1884,1292,2089,2106,2082,2100,2140,2011,1948,1290,2038,2077,2102,2123,1997,1940,1984,1263,2102,2099,2104,2098,2012,1941,1958,1200,1928,2108,1991,1960,1968,1990,2081,5,10,4,4,4,4,5,5,5,5,10,4,4,10,5,5,5,5,5,4,255,255,5,255,255,5,5,5,5,5,5,255,5,255,5,5,5,10,5,255,5,5,5,10,5,5,10,10,5,5,5,5,255,5,5,255,5,5,5,5,10,10,255,255
1780854605.086140,14918,1499803017,865,2101,481,356,349,348,373,939,1116,1403,535,356,353,340,367,945,1273,1989,541,388,352,364,371,1635,1338,2022,2071,2081,400,345,2017,1884,1310,2026,2106,2116,2111,450,2011,1948,1200,2038,2077,2123,2059,2132,1940,1982,1201,2026,2064,2065,2112,2008,1954,1958,1212,1623,2080,1991,1975,1968,1990,2081,5,255,255,5,5,5,4,5,5,5,5,5,5,5,4,5,5,255,4,4,10,5,4,255,10,5,5,5,4,4,255,255,5,10,255,5,5,4,255,255,5,255,255,5,5,5,255,5,5,5,5,5,10,5,5,255,5,4,5,255,5,255,255,255
1780854605.184864,14919,1499903017,889,2105,481,2094,2077,348,1190,931,1106,1403,535,646,344,361,345,1094,1280,1989,654,396,346,339,328,375,1302,1963,716,532,353,342,342,359,1347,2011,2049,391,368,350,341,377,1317,2038,2108,2123,393,362,1977,356,1229,2063,2094,2118,2094,1929,1954,1990,1218,1623,2089,2016,1975,1950,1990,2081,5,10,255,4,4,255,5,5,5,255,255,4,5,5,5,4,5,255,5,5,5,5,5,10,5,5,4,9,5,5,10,10,5,5,10,4,5,5,10,255,5,255,10,255,4,4,10,4,5,5,5,5,5,5,255,10,5,255,5,10,255,10,255,255
1780854605.286300,14920,1500003016,878,2105,481,2062,2057,348,1197,933,1141,1997,2020,2086,344,361,1279,1065,1302,2028,2072,636,628,567,579,634,1288,2065,664,655,475,479,350,439,1291,1994,655,661,429,352,339,344,1314,1978,2100,636,383,354,341,337,1253,1997,2106,2123,392,382,350,353,1152,1623,2089,2022,1959,376,408,2081,5,255,255,5,5,255,5,5,5,10,10,4,255,255,4,9,5,10,4,5,4,4,4,4,5,5,5,5,9,5,5,5,5,5,4,4,5,5,5,5,5,10,5,10,5,5,5,5,5,5,5,5,4,5,10,4,5,255,255,5,10,4,255,255
1780854605.384392,14921,1500103016,909,2070,2054,2099,2124,348,1224,937,1107,1586,2062,2105,2069,2015,1320,1077,1315,2000,2113,2063,628,694,652,634,1312,1995,2078,2093,673,648,630,647,1299,2011,2099,675,635,607,589,554,1243,1978,2100,673,630,597,383,375,1211,2115,2100,2139,2036,392,373,358,1156,1825,2071,2006,1984,412,363,361,5,10,10,5,5,255,5,5,9,4,5,5,10,10,5,5,9,5,5,5,255,5,5,255,5,5,5,4,5,5,4,4,5,5,4,5,4,4,4,4,5,255,5,5,4,4,5,5,9,5,5,5,4,5,5,5,5,10,10,5,5,255,5,10
1780854605.496058,14922,1500213017,879,2034,2054,2076,2027,348,1178,929,1108,2017,2063,2133,2069,2015,1381,1067,1238,2001,2099,2084,2073,2030,2035,634,1382,2056,2084,2095,2147,2080,697,696,1270,2054,2077,2114,708,690,680,650,1251,1978,2088,673,672,654,611,627,1219,2053,2116,2049,676,625,587,454,1209,1825,2064,2091,1905,412,435,434,5,5,255,5,5,255,5,5,5,4,5,5,255,255,5,5,5,5,5,5,10,4,5,255,9,5,5,5,4,4,5,255,5,5,5,5,5,5,5,5,5,255,5,255,5,5,4,4,5,5,5,5,5,4,4,5,5,255,5,5,9,255,5,5
1780854605.593966,14923,1500313017,889,2077,2052,2077,2076,348,1204,929,1116,2021,2103,2123,2090,2015,1325,1082,1298,2003,2085,2091,2071,2086,2035,1646,1281,2082,2069,2094,2061,2118,2073,696,1363,2028,2093,2072,708,690,841,745,1295,1978,2082,673,672,768,707,728,1225,2012,2119,2124,739,686,654,639,1224,1804,2060,2025,690,669,621,618,5,5,10,5,5,255,5,5,5,5,5,5,10,255,5,5,5,5,5,5,5,5,255,10,5,5,5,5,5,5,4,255,5,5,5,5,255,255,255,255,5,255,5,255,255,255,5,5,5,5,5,5,5,5,5,5,5,10,5,5,4,10,5,5
1780854605.695193,14924,1500413017,893,2077,2112,2081,2043,348,1217,946,1100,1409,2103,2080,2090,2015,1281,1033,1286,1977,2086,2080,2084,2067,2065,1695,1292,2041,2104,2089,2077,2140,2043,696,1343,2028,2091,2131,2113,690,841,1974,1245,2010,2083,673,2075,768,909,801,1179,2072,2084,2088,739,911,783,730,1190,1868,2051,2117,820,793,666,651,5,255,5,5,5,255,9,5,5,4,255,5,255,255,5,5,5,5,5,5,5,5,10,5,5,5,5,5,5,5,5,255,5,255,5,5,10,255,255,4,5,10,5,255,10,255,4,255,9,5,5,5,255,4,5,5,5,5,5,5,255,5,5,5
1780854605.796631,14925,1500513017,893,2083,2112,2062,2099,348,1174,959,1139,1409,2078,2105,2037,2015,1339,1125,1284,2017,2089,2109,2056,2124,1992,1695,1282,2032,2085,2099,2128,2082,2072,696,1299,2059,2090,2060,2096,2119,2045,1992,1241,2010,2109,2067,2183,2052,909,801,1275,2034,2182,2111,2116,911,936,820,1243,1868,2070,2066,820,922,765,721,5,10,255,5,5,255,5,5,5,255,10,5,10,255,5,5,5,5,5,5,5,5,5,5,5,5,5,5,5,5,5,255,9,10,5,5,5,10,10,5,5,255,5,10,5,10,255,255,5,5,5,5,255,255,5,5,5,255,5,5,255,5,5,5
1780854605.893869,14926,1500613017,905,2083,2070,2050,2088,348,1168,934,1136,1361,2089,2075,2050,2015,1439,1144,1285,2023,2058,2096,2096,2109,2073,1639,1269,2011,2069,2068,2076,2156,2018,696,1340,2059,2072,2101,2134,2119,1984,1970,1313,2010,2116,2067,2139,2118,909,801,1244,1971,2091,2117,2116,1519,936,909,1215,1847,2079,2018,1994,922,917,835,5,255,10,5,5,255,5,5,5,10,5,5,5,255,9,5,5,5,5,5,5,5,5,5,5,5,5,5,5,5,5,255,5,255,5,5,5,255,5,5,5,255,5,255,5,5,255,255,5,5,5,5,255,10,255,5,5,10,5,5,10,255,5,5
1780854605.995061,14927,1500713017,887,2076,2004,2148,2092,348,1180,934,1146,1324,2089,2088,2050,1989,1335,1022,1264,1978,2077,2117,2089,2078,2071,1719,1337,2048,2087,2091,2077,2106,2072,696,1290,2059,2061,2090,2112,2119,2073,1970,1232,2043,2122,2114,2097,2113,2019,2004,1257,2049,2130,2108,2067,1519,936,999,1153,1847,2051,2074,1923,1950,917,928,5,10,5,5,5,255,5,5,9,255,255,5,255,10,5,5,9,5,5,5,5,5,5,5,5,5,5,5,5,5,5,255,5,255,5,9,5,255,5,255,5,10,5,10,5,5,10,10,5,5,5,5,10,255,255,255,5,255,5,5,5,10,255,5
1780854606.094611,14928,1500813018,910,2076,2004,2059,2050,1619,1186,937,1072,1324,2089,2089,2050,1989,1320,1054,1264,1978,2042,2095,2107,2111,2156,1719,1298,2048,2086,2080,2090,2106,2072,1913,1286,2040,2110,2066,2121,2085,1959,1970,1221,2043,2093,2114,2139,2059,2019,2003,1213,2027,2088,2094,2123,2020,1925,999,1183,1847,2089,2032,1923,1993,917,928,5,255,255,5,5,10,5,5,5,255,255,5,255,255,255,5,5,255,5,5,5,5,5,255,5,255,5,5,5,5,5,10,5,10,5,5,5,10,5,255,5,255,5,255,5,5,255,5,5,5,5,5,5,10,10,255,5,255,5,5,255,5,255,255
1780854606.195317,14929,1500913017,865,2015,2096,2059,2087,1619,1186,943,1100,1259,2038,2095,2049,1989,1307,1113,1270,1993,2072,2073,2075,2080,2053,1713,1301,2029,2063,2097,2127,2051,2041,1814,1379,2104,2100,2091,2106,2126,2022,1970,1343,2043,2103,2154,2094,2059,1919,2003,1212,2028,2054,2093,2076,1946,1925,999,1204,1847,1992,1964,1923,1993,917,928,5,10,10,255,5,255,5,5,5,255,10,5,10,255,5,5,5,10,255,5,5,5,5,10,5,10,5,5,5,5,5,5,5,5,5,5,5,5,5,255,5,255,5,10,5,255,10,255,5,5,5,5,5,5,255,255,5,255,5,5,255,255,255,255
1780854606.295730,14930,1501013018,890,2015,2074,2043,2052,1619,1185,964,1112,1324,2038,2120,2057,1989,1339,1084,1315,1974,2055,2058,2087,2077,2050,1713,1346,2042,2079,2085,2127,2120,2109,1954,1379,2104,2122,2104,2090,2093,2022,1970,1240,2043,2091,2154,2104,1933,1906,2003,1230,1997,2076,2134,2076,2008,1925,999,1241,1847,2040,2091,2021,1956,917,928,5,255,5,10,5,255,5,5,5,255,255,5,5,255,9,5,5,5,5,5,5,5,5,255,5,5,5,5,5,5,5,5,255,255,5,5,5,5,255,255,5,255,5,255,5,10,5,255,5,5,5,5,255,5,255,255,5,255,5,5,10,10,255,255
1780854606.396488,14931,1501113017,888,2062,2084,2087,2077,1619,1255,962,1133,1233,2065,2064,2057,1989,1293,1047,1276,2019,2085,2069,2087,2118,2042,1713,1308,2014,2078,2085,2133,2110,2064,1954,1247,2047,2070,2090,2132,2093,2016,1912,1314,2043,2086,2111,2154,2136,1948,1948,1229,1997,2098,2074,2083,1954,1872,1912,1153,1847,2051,2011,2021,1956,917,928,5,10,5,5,5,255,5,5,9,255,10,5,255,255,5,9,5,5,5,5,255,5,9,255,5,5,5,5,5,5,5,255,10,10,5,5,5,255,10,10,5,255,5,10,5,4,5,10,5,5,5,5,10,5,10,10,5,255,5,5,255,255,255,255
1780854606.493884,14932,1501213018,877,2020,2050,2087,2054,1619,1155,953,1059,1322,2065,2084,2057,1989,1374,1099,1271,2003,2075,2117,2080,2113,1998,1713,1338,2055,2081,2081,2105,2105,2067,1954,1287,2046,2107,2082,2092,2093,1996,1912,1330,2043,2066,2117,2099,2136,1981,1948,1248,2046,2116,2092,2072,1954,1965,1996,1200,1847,2089,2010,2001,1956,917,928,5,5,5,255,5,255,5,5,5,255,255,5,255,255,255,5,9,5,5,5,10,5,5,255,5,5,5,5,5,5,5,255,5,5,5,5,5,255,5,255,5,255,5,5,5,255,5,255,5,5,5,5,5,255,5,5,5,255,5,5,10,255,255,255
1780854606.595047,14933,1501313017,889,2020,2050,2105,2067,1679,1219,918,1092,1376,2079,2068,2121,1989,1297,1080,1308,2040,2059,2060,2080,2104,2031,1713,1342,2039,2068,2097,2092,2161,2045,1959,1284,2037,2121,2099,2116,2144,2047,1912,1263,2008,2100,2118,2105,2136,1937,1948,1139,2077,2083,2106,2069,1970,1971,1996,1161,1847,2022,2101,1944,1958,917,928,5,255,255,10,5,10,5,5,5,5,10,5,10,255,5,5,5,5,5,5,255,5,5,255,5,5,5,5,5,5,5,10,5,5,5,5,5,10,5,255,5,10,5,5,5,255,5,10,5,5,5,5,5,10,5,255,5,255,5,5,5,10,255,255
1780854606.695729,14934,1501413017,891,2020,2153,2061,2096,1624,1149,954,1169,1454,2093,2097,2121,1989,1340,1032,1302,2043,2087,2047,2080,2082,2042,1711,1314,2024,2074,2099,2106,2075,1958,1959,1214,2074,2136,2077,2099,2144,2014,1954,1305,2008,2119,2109,2105,2022,1937,1965,1207,2052,2078,2133,2094,1957,1920,1996,1128,1847,1965,2014,2021,1958,917,928,5,255,10,5,5,9,5,5,9,9,5,5,255,255,5,5,5,5,5,5,255,5,5,10,5,5,5,5,5,5,5,255,5,5,5,5,5,255,5,10,5,255,5,5,255,10,255,5,5,5,5,5,5,5,255,255,5,255,5,5,5,255,255,255
1780854606.792568,14935,1501513017,870,2054,2066,2052,2056,1624,1162,924,1149,1429,2106,2065,2121,1989,1299,1113,1248,1935,2092,2112,2113,2113,1993,1829,1264,2080,2069,2086,2117,2138,2079,1795,1317,1974,2136,2083,2124,2144,2114,1954,1242,2050,2102,2109,2101,2062,2088,1978,1264,2061,2077,2111,2095,1947,1968,1929,1170,1931,2015,2062,2021,1968,917,928,5,10,5,5,5,255,5,5,5,5,5,5,255,255,5,5,5,5,5,5,10,5,5,5,5,5,5,5,5,5,5,10,5,5,255,5,5,255,5,255,5,10,5,255,10,5,10,5,9,5,5,5,5,5,5,10,5,10,5,5,255,10,255,255
1780854606.895198,14936,1501613018,909,2065,2066,2067,2093,1624,1160,962,1167,1429,2106,2097,2071,1989,1324,1040,1308,2032,2062,2084,2065,2096,2129,1829,1262,2075,2066,2091,2084,2091,2008,1795,1315,2059,2136,2075,2086,2069,2015,1954,1338,2050,2053,2109,2124,2058,2088,2043,1219,2061,2121,2119,2095,1975,1968,1989,1188,1931,2055,2047,2021,2023,917,928,5,5,255,5,5,255,5,5,5,255,255,255,10,255,5,5,5,5,5,5,5,5,5,255,5,5,5,5,5,5,5,255,5,5,255,5,5,10,5,255,5,255,5,255,5,9,255,5,5,5,5,5,255,5,255,5,5,255,5,5,255,5,255,255
1780854606.995178,14937,1501713017,879,2065,2058,2067,2069,1624,1231,924,1111,1429,2106,2070,2118,1989,1342,1079,1357,2032,2050,2074,2088,2096,2000,1829,1211,2039,2099,2085,2099,2104,2087,1795,1273,2073,2080,2099,2129,2163,2006,1954,1230,2062,2094,2119,2107,2058,2088,1973,1230,1992,2093,2091,2083,1977,1959,1945,1269,1777,2027,2031,1996,1955,917,928,5,255,10,5,5,255,5,5,5,255,255,5,5,255,5,5,5,255,5,5,5,255,9,255,9,5,5,5,5,255,5,255,9,5,10,5,5,5,5,255,5,10,5,10,5,255,255,5,5,5,5,5,10,5,10,5,5,10,5,5,10,5,255,255
1780854607.094906,14938,1501813018,879,2065,2058,2075,2054,1624,1148,937,1089,1429,2132,2090,2118,1989,1411,1072,1284,2032,2117,2070,2085,2249,2075,1713,1281,2048,2072,2089,2111,2113,2032,1795,1273,2031,2075,2092,2081,2100,2006,1954,1293,2063,2090,2116,2107,2058,1916,1973,1268,1981,2133,2100,2083,2018,1973,1971,1145,1777,1990,2031,2020,2016,917,928,5,255,255,5,5,255,5,5,5,255,10,5,255,255,5,5,5,255,5,5,5,10,5,10,5,5,5,5,5,5,5,255,255,5,5,5,5,5,255,255,5,5,5,5,255,255,10,255,5,5,5,5,255,5,5,5,5,255,5,255,5,5,255,255
1780854607.195152,14939,1501913017,879,2085,2058,2083,2060,2113,1193,947,1136,1429,2132,2077,2118,1923,1315,1083,1315,1929,2068,2066,2085,2118,1994,1702,1209,2051,2076,2095,2073,2127,2098,1795,1219,2056,2081,2089,2067,2098,2011,1954,1243,2063,2102,2116,2097,2058,1916,1986,1248,2070,2097,2114,2077,2018,1975,2020,1196,1777,2004,2054,1958,1948,917,928,5,10,10,5,5,10,5,5,5,255,255,5,255,10,5,5,5,10,5,5,255,5,5,5,5,5,5,5,5,5,5,255,255,5,5,5,5,5,10,255,5,255,5,255,10,255,255,10,5,5,5,5,10,5,255,5,5,255,5,10,5,5,255,255
1780854607.296552,14940,1502013017,879,2085,2014,2097,2090,2113,1207,936,1118,1429,2132,2157,2118,1923,1368,1072,1287,2011,2053,2065,2085,2035,2081,1702,1295,2067,2061,2105,2099,2126,2085,1795,1296,2106,2081,2068,2114,2135,2011,1954,1270,2063,2101,2116,2087,2066,1973,1906,1224,2085,2107,2104,2077,1969,1949,2020,1194,1777,1946,2019,1979,2006,2045,928,5,255,5,5,5,255,5,5,5,255,255,5,255,255,5,9,5,5,5,5,255,5,5,255,5,5,5,5,5,5,5,255,5,5,255,5,5,5,255,255,5,255,5,255,5,10,10,5,5,5,5,5,255,5,5,255,5,255,5,5,5,5,10,255
1780854607.397269,14941,1502113016,872,2060,2084,2099,2077,1665,1194,936,1094,1295,2039,2058,2083,1923,1358,1079,1293,1988,2090,2071,2137,2011,2072,1651,1244,2022,2079,2092,2108,2150,2063,1907,1319,2047,2114,2117,2112,2135,2069,1997,1269,2053,2042,2116,2124,2066,1944,1981,1190,2037,2104,2119,2093,1969,1943,2020,1170,1777,2081,1999,1918,1997,2045,928,5,10,5,5,5,10,9,5,5,10,10,5,10,255,5,5,5,4,5,5,10,5,5,10,5,5,5,5,5,5,5,10,5,5,10,5,5,255,10,10,5,10,5,255,5,255,5,5,5,5,5,5,10,255,5,255,5,255,5,5,5,5,255,255
1780854607.495620,14942,1502213017,885,2040,2084,2097,2137,1665,1193,935,1152,1330,2039,2058,2083,1923,1309,1090,1242,1996,2111,2066,2103,2128,2126,1728,1343,2022,2082,2097,2098,2123,1960,1907,1268,2077,2080,2106,2044,2135,2069,1997,1292,2050,2043,2114,2130,2066,1944,1963,1270,1923,2091,2111,2038,1998,1966,1983,1222,1777,2068,2047,1932,1961,2045,928,5,5,255,5,5,255,5,5,5,5,255,255,255,255,5,5,5,5,5,5,5,5,5,5,5,255,5,5,5,5,9,255,5,5,5,5,5,255,255,255,5,5,5,10,5,255,255,5,5,5,5,5,5,10,5,10,5,255,5,5,5,5,255,255
1780854607.593690,14943,1502313017,898,2012,2113,2054,2079,1665,1187,925,1100,2006,2064,2055,2118,1923,1327,1100,1273,2027,2058,2098,2103,2113,2076,1697,1284,2008,2073,2089,2121,2094,2013,1954,1292,2017,2089,2119,2127,2135,2015,1997,1274,2008,2056,2080,2098,2066,1993,1984,1207,1986,2098,2126,2103,1998,1960,1983,1192,1777,2063,2063,2008,1965,2045,928,5,5,10,5,5,255,5,5,5,4,10,10,10,255,255,5,5,5,5,5,255,5,5,5,5,10,5,5,5,5,5,10,5,5,5,5,5,255,10,255,5,5,5,5,5,255,10,5,5,5,5,5,5,255,5,255,5,255,5,5,5,5,255,255
1780854607.693764,14944,1502413017,896,2012,2113,2089,2079,1665,1205,943,1104,1346,2038,2107,2118,1923,1347,1060,1315,2018,2066,2121,2152,2242,2052,1697,1273,2053,2076,2089,2107,2115,2052,1954,1284,2017,2126,2086,2104,2135,2041,1997,1209,2008,2132,2061,2103,2030,1957,1984,1253,2016,2108,2092,2122,1967,1995,1960,1222,1972,2020,2011,1977,1893,2045,928,5,255,255,5,255,255,5,5,5,4,5,5,255,255,5,5,5,5,5,5,10,5,5,255,5,5,5,5,5,5,5,255,9,255,5,5,5,255,5,255,5,255,5,5,5,10,5,255,5,5,5,5,5,10,5,10,5,10,5,5,5,5,255,255
1780854607.793740,14945,1502513016,908,2045,2095,2034,2069,1565,1198,920,1146,1354,2037,2122,2118,1923,1394,1090,1279,1983,2101,2072,2141,2100,2051,1643,1321,2026,2066,2084,2093,2108,2085,1974,1325,2044,2070,2097,2127,2147,1978,1955,1280,2020,2082,2061,2131,2030,1957,1938,1212,2002,2074,2084,2044,1993,1968,1955,1183,1972,2118,2087,1982,2055,2045,928,5,10,10,5,10,10,5,5,5,5,5,5,255,255,5,5,5,5,5,5,5,5,5,10,5,5,5,5,5,5,5,10,5,10,5,5,5,10,5,10,5,10,255,255,5,255,255,10,5,5,5,5,5,5,5,5,5,255,5,5,5,5,255,255
1780854607.894755,14946,1502613017,888,2041,2030,2082,2060,1460,1165,947,1124,2068,2089,2122,2040,1923,1440,1056,1273,1991,2064,2111,2141,2107,2013,1697,1183,2075,2070,2091,2054,2108,2082,1890,1306,2059,2070,2084,2087,2096,2024,1955,1249,2014,2066,2061,2051,2105,1957,1954,1229,2024,2095,2119,2108,1994,2035,1931,1129,1972,2118,2087,1993,1946,2045,2003,5,5,5,5,5,9,5,5,5,5,5,255,10,255,9,5,5,5,5,5,255,5,5,5,5,5,5,5,5,5,5,3,5,5,255,5,5,5,5,255,5,5,5,255,5,10,255,5,5,5,5,5,5,5,5,5,5,255,255,255,5,5,255,10
1780854607.993848,14947,1502713017,886,2041,2080,2044,2066,1556,1183,936,1130,1356,2084,2074,2073,1923,1305,1081,1297,1991,2068,2089,2141,2111,2173,1697,1271,2034,2078,2088,2079,2095,2041,1890,1350,1967,2088,2106,2120,2126,2022,1897,1256,1962,2120,2061,2107,2116,1957,1918,1216,2054,2089,2165,2043,1994,1946,1931,1248,1972,2045,2057,1978,2000,2045,2003,5,255,5,5,5,5,5,5,5,4,5,10,5,255,5,5,5,255,5,5,255,5,5,255,5,5,5,5,5,5,5,255,5,5,10,5,5,5,5,10,5,5,5,255,5,5,255,5,5,5,5,5,5,255,5,255,5,255,10,10,5,5,255,255
1780854608.095384,14948,1502813017,866,2038,2052,2041,2121,1556,1175,957,1113,1290,2073,2074,2073,1923,1383,1059,1266,2028,2081,2085,2089,2124,2011,1610,1292,2078,2071,2080,2081,2156,2075,1890,1294,2033,2045,2082,2113,2085,2038,1897,1341,1973,2086,2123,2107,2116,1957,1993,1206,2054,2046,2093,2079,1998,1985,1946,1169,1972,2040,2057,1978,1977,2045,2003,5,10,5,5,5,255,9,5,5,255,5,255,255,255,5,5,5,10,5,5,10,5,5,10,5,5,5,5,5,5,5,255,5,5,5,5,5,5,5,255,5,5,5,10,255,255,255,5,5,5,5,5,5,10,5,10,5,255,5,255,255,5,255,255
1780854608.204721,14949,1502923017,891,2056,2052,2051,2085,1556,1160,938,1141,1997,2073,2074,2083,2067,1351,1029,1300,1918,2057,2074,2089,2133,1939,1610,1271,2044,2086,2096,2100,2080,2095,1890,1255,2014,2045,2064,2111,2134,2013,1897,1311,1973,2108,2083,2095,2074,1957,1951,1230,2043,2128,2105,2084,1959,2004,1998,1170,1972,2059,2038,1990,1964,2045,2150,5,5,255,5,5,255,9,5,5,4,255,255,10,10,255,9,9,5,5,5,255,5,9,255,5,5,5,5,5,5,5,255,5,5,255,5,5,5,5,255,5,255,5,5,10,10,255,5,5,5,5,5,5,5,5,5,5,255,5,10,10,5,255,10
1780854608.307195,14950,1503023017,881,2061,2052,2081,2034,1556,1165,952,1108,1997,2073,2074,2083,2067,1430,1100,1305,2001,2113,2091,2089,2092,2089,1610,1321,2044,2054,2099,2084,2065,2108,1944,1294,2014,2126,2094,2141,2139,1991,1897,1277,1973,2074,2146,2081,2108,1957,2019,1222,2040,2107,2078,2084,2017,1945,1980,1203,1972,2107,1984,2009,1955,2045,2150,5,5,255,5,5,255,5,5,5,255,10,255,255,255,9,5,5,5,5,5,255,5,5,255,5,255,5,5,5,5,5,10,5,255,10,5,5,5,5,255,9,255,5,5,5,5,255,5,5,5,5,5,255,5,5,5,5,255,5,5,5,5,255,255
1780854608.404657,14951,1503123017,905,2061,2044,2059,2058,1810,1184,940,1125,2031,2073,2091,2059,2067,1436,1107,1303,2014,2054,2057,2070,2131,2089,1610,1250,2056,2081,2093,2094,2110,2043,1896,1263,2057,2089,2085,2119,2139,2019,1895,1273,1973,2122,2123,2115,2078,1942,1971,1259,2014,2133,2087,2105,1971,1937,2004,1199,1972,2044,2036,2002,1967,2045,2150,5,255,10,5,5,10,5,5,5,10,255,10,10,255,5,5,5,5,5,5,10,5,255,255,5,10,5,5,5,5,5,5,5,10,5,5,5,255,5,10,9,255,5,5,5,5,10,5,5,5,5,5,10,5,5,5,5,255,5,5,5,5,255,255
1780854608.505752,14952,1503223017,875,2056,2057,2098,2081,1622,1187,961,1127,1401,2076,2119,2059,1981,1345,1077,1266,2013,2059,2081,2102,2058,2093,1660,1270,2056,2070,2085,2134,2117,2067,1896,1248,2037,2070,2079,2068,2085,2049,1895,1225,1973,2098,2106,2119,2032,1942,1975,1211,1993,2130,2116,2086,1971,2052,2004,1236,1972,2010,1940,1975,2031,2045,2150,5,10,5,5,5,5,5,5,5,4,10,5,255,10,5,5,5,5,5,5,5,5,10,10,5,255,5,5,5,5,5,255,5,5,5,5,5,10,5,255,5,255,5,5,5,5,255,5,5,5,5,5,5,255,5,255,5,255,5,5,5,5,255,255
1780854608.604825,14953,1503323017,905,2034,2057,2098,2081,1748,1207,929,1167,1311,2040,2100,2059,1981,1342,1068,1282,2013,2065,2111,2070,2108,2054,1660,1265,2063,2077,2088,2102,2100,2111,1896,1338,2007,2061,2103,2094,2085,2073,1895,1215,2049,2122,2087,2123,2065,1957,1948,1212,2042,2126,2116,2087,2017,1957,1982,1242,2004,2082,1978,1973,2031,2045,2150,5,5,5,255,255,5,5,5,9,5,5,5,255,255,5,5,5,5,5,5,5,5,9,255,5,10,5,5,5,5,5,255,5,5,5,5,5,255,5,255,5,10,5,5,5,5,10,5,9,5,5,255,5,10,5,10,5,10,5,5,5,255,255,255
1780854608.704641,14954,1503423017,885,2023,2057,2041,2085,1532,1186,957,1096,1404,2040,2108,2059,1981,1388,1098,1323,2016,2097,2072,2070,2128,2067,1660,1258,2063,2073,2084,2107,2084,2101,1896,1275,2060,2061,2094,2082,2163,2049,1895,1242,1995,2122,2087,2109,2078,1957,1943,1258,2044,2093,2098,2057,1979,1957,1985,1216,1822,2097,2070,1998,2031,2045,2150,5,5,255,10,10,4,5,5,9,5,255,5,255,255,5,5,5,5,5,5,255,5,5,255,5,255,5,5,5,5,5,255,5,5,255,5,5,10,5,255,5,5,5,255,5,5,255,5,5,5,5,10,5,5,255,5,5,5,5,5,5,255,255,255
1780854608.803859,14955,1503523017,896,2023,2051,2076,2078,1532,1186,959,1123,1276,2040,2035,2059,1981,1328,1083,1271,1957,2109,2091,2070,2079,2000,1660,1262,2035,2073,2078,2131,2130,2188,1913,1303,2126,2116,2077,2065,2163,2047,1895,1247,1969,2072,2093,2111,2078,1968,1936,1244,2045,2102,2089,2105,1988,1944,1938,1183,1822,2075,2092,1987,1968,2045,2150,5,255,10,5,5,255,5,5,5,5,255,5,255,255,5,9,5,5,5,5,255,9,5,255,5,10,5,5,5,5,5,10,5,5,10,5,5,255,5,255,5,5,5,10,5,255,10,5,5,5,5,5,5,5,10,5,5,255,5,5,5,10,255,255
1780854608.905252,14956,1503623017,887,2023,2063,2076,2093,1532,1209,933,1108,2073,2040,2094,2088,1981,1331,1029,1277,1914,2089,2101,2115,2118,2115,1683,1290,2020,2075,2083,2020,2128,2124,1913,1268,2051,2090,2097,2102,2140,2024,1997,1202,1972,2121,2065,2110,2102,1823,1936,1227,2045,2096,2093,2105,1988,2001,1938,1154,1822,2060,2065,1987,1968,2045,2150,5,255,5,255,5,255,5,5,5,4,255,5,10,255,5,5,5,5,5,5,10,5,5,10,5,5,5,5,5,5,5,255,9,5,5,5,5,10,5,10,5,5,5,5,5,10,5,255,5,5,5,5,255,255,5,255,5,255,5,5,255,255,255,255
1780854609.004459,14957,1503723017,899,2023,2063,2058,2042,1532,1172,935,1096,2068,2040,2047,2088,1981,1376,1067,1305,1924,2095,2081,2071,2071,2077,1734,1270,2074,2062,2090,2098,2104,2076,1913,1305,2119,2083,2106,2097,2160,2045,1997,1312,2036,2108,2090,2087,2063,1823,2005,1218,2024,2099,2109,2118,2005,1911,1938,1174,1822,2006,2050,1912,2009,2045,2150,5,255,255,10,5,255,5,5,5,5,255,5,255,255,5,5,9,5,5,5,5,5,5,5,5,5,5,5,5,5,255,255,9,5,5,5,5,5,5,255,5,5,5,5,5,5,255,10,5,5,5,5,10,10,5,255,5,255,5,5,10,10,255,255
1780854609.104592,14958,1503823017,875,2023,2063,2047,2074,1532,1225,931,1129,1273,2082,2100,2088,1981,1272,1056,1221,2004,2042,2084,2071,2071,2057,1765,1303,2087,2086,2093,2107,2102,2083,1913,1328,2048,2105,2123,2054,2160,1995,1997,1260,1992,2105,2090,2117,2083,2015,1948,1237,1830,2008,2090,2095,2003,1986,1978,1191,1822,2040,1979,2005,2009,2045,2150,5,255,255,5,5,255,5,5,5,9,10,5,255,255,5,5,5,5,5,5,255,255,5,5,5,5,5,5,5,5,5,255,5,5,5,5,5,255,5,255,5,5,5,255,5,5,10,5,5,5,5,5,5,5,5,10,5,255,5,5,5,255,255,255
1780854609.205699,14959,1503923016,877,2077,2120,2091,2075,1532,1224,910,1111,1348,2058,2075,2101,1981,1308,1018,1283,2059,2119,2095,2130,2116,1981,1869,1246,2040,2082,2085,2123,2126,2132,1908,1363,2056,2105,2094,2106,2053,2045,1997,1295,2050,2074,2183,2117,2051,1961,1959,1261,2045,2078,2073,2068,2008,1932,1942,1165,1822,2049,2060,2005,1968,1959,2150,5,10,10,5,5,255,5,5,5,5,5,5,10,255,5,5,9,5,5,5,10,10,5,5,5,5,5,5,5,5,5,10,5,5,255,5,5,10,5,255,5,5,5,10,5,5,5,5,5,4,5,5,5,5,5,5,5,255,5,5,255,10,10,255
1780854609.305453,14960,1504023017,892,2077,2093,2077,2086,1451,1182,934,1083,1348,2058,2095,2176,1981,1333,1050,1294,2034,2103,2069,2130,2109,2024,1869,1296,2020,2075,2085,2080,2146,2051,1935,1326,2042,2077,2080,2115,2053,2087,1944,1214,2050,2129,2100,2117,2026,1961,1937,1214,2011,2052,2095,2068,1958,1934,1969,1177,1822,2082,2088,1987,1968,1959,2150,5,255,5,5,5,10,5,5,5,255,5,5,5,255,9,5,5,5,5,5,255,5,5,255,5,5,5,5,5,5,5,5,5,5,10,5,5,255,5,10,5,255,5,5,5,5,255,5,5,5,5,5,255,5,5,5,5,255,5,5,10,255,255,255
1780854609.404668,14961,1504123017,881,2025,2061,2070,2086,1451,1186,938,1142,1366,2058,2066,2183,1981,1374,1064,1287,1965,2099,2116,2109,2106,2027,1734,1270,2020,2096,2076,2100,2123,2041,1871,1337,2027,2101,2117,2122,2053,2074,1944,1239,2018,2066,2100,2117,2026,1961,1937,1196,2004,2047,2107,2076,1943,1965,1940,1202,1822,2075,2068,1970,1968,1959,2150,5,10,5,5,255,255,5,5,5,10,255,5,5,255,5,5,5,5,5,5,10,5,5,10,5,255,5,5,5,5,5,5,5,5,5,5,5,255,5,255,5,10,5,255,255,255,255,255,5,5,5,5,10,5,5,5,5,255,5,5,5,255,255,255
1780854609.506312,14962,1504223017,880,2044,2008,2044,2069,1451,1148,947,1117,1355,2058,2076,2107,1981,1327,1073,1275,1970,2050,2052,2088,2106,2081,1734,1379,2062,2084,2090,2077,2122,2068,1849,1356,1948,2079,2063,2108,2053,2070,1944,1226,1945,2090,2143,2129,2050,1964,1952,1248,1964,2104,2112,2081,1943,1965,1940,1144,1822,2025,2056,2007,1956,1959,2150,5,5,5,5,10,255,5,5,9,5,255,5,5,255,5,5,5,5,5,5,5,255,5,255,5,10,5,5,5,5,5,5,5,5,5,5,5,255,5,255,5,5,5,10,10,10,10,10,5,5,5,5,5,255,255,255,5,255,5,5,5,10,255,255
1780854609.604800,14963,1504323017,873,2081,2097,2052,2082,1478,1173,937,1127,1355,2058,2076,2107,2215,1375,1078,1276,2027,2053,2091,2088,2093,2081,1784,1304,2051,2079,2087,2108,2101,2124,1934,1239,2053,2056,2070,2111,2108,2063,1944,1329,1945,2099,2117,2078,2050,1964,1955,1199,1970,2092,2088,2078,1990,1995,1966,1189,1822,2049,2031,2007,2015,1959,2150,5,5,9,5,5,10,5,5,5,255,255,255,255,10,5,5,5,5,5,5,255,10,255,10,5,5,5,5,5,5,5,5,5,5,5,5,5,10,5,255,5,255,5,5,5,255,255,5,5,5,5,5,5,10,10,10,5,255,5,5,255,5,255,255
1780854609.704132,14964,1504423018,895,2081,2097,2094,2052,1478,1190,954,1108,1425,2058,2069,2107,2215,1325,1082,1318,2029,2061,2081,2091,2108,2081,1784,1269,2012,2093,2090,2097,2183,2057,1934,1270,2042,2065,2085,2095,2112,2048,1944,1281,1945,2145,2084,2078,2057,1964,1955,1224,2082,2109,2106,2103,1939,1995,1996,1155,1846,2038,2073,2007,2015,1959,2150,5,255,255,5,5,255,5,5,5,10,255,10,255,255,5,5,5,5,5,5,10,5,255,255,5,5,5,5,5,5,5,255,5,5,5,5,5,5,5,255,9,255,5,5,255,10,255,255,5,5,5,255,255,5,255,5,5,10,5,5,255,255,255,255
1780854609.804832,14965,1504523017,907,2079,2097,2032,2079,1534,1180,934,1142,1425,2058,2068,2107,2215,1342,1053,1262,1952,2080,2101,2059,2100,2020,1707,1269,2073,2099,2081,2083,2123,2116,1934,1291,2041,2082,2109,2094,2112,2010,1944,1306,1945,2046,2081,2110,2085,1989,1979,1222,2016,2062,2089,2040,1939,1995,1983,1208,1846,2032,1987,1970,2015,1959,2150,5,10,255,5,5,10,5,5,5,255,255,5,255,255,5,5,5,5,5,5,5,9,10,10,255,5,5,5,5,5,5,255,5,5,5,5,5,255,5,255,5,255,5,5,10,5,10,10,5,5,5,5,5,255,10,5,5,255,5,5,10,255,255,255
1780854609.904376,14966,1504623017,879,2061,2097,2117,2079,1534,1208,934,1109,1425,2058,2104,2083,2215,1358,1072,1296,2005,2042,2068,2091,2094,2009,1707,1305,2052,2091,2096,2114,2116,2162,1934,1288,2041,2066,2120,2099,2088,1985,1944,1274,1945,2074,2118,2110,2085,1966,1977,1259,2049,2059,2138,2074,1979,1983,2004,1205,1846,2048,1987,1962,2006,1959,2150,5,5,255,5,255,255,9,5,5,255,255,5,10,255,5,5,9,5,5,5,5,5,5,255,10,5,5,5,5,5,5,255,5,255,5,5,5,10,5,255,5,255,5,5,255,255,5,5,5,5,5,5,5,10,5,5,5,255,5,255,5,10,255,255
1780854610.004086,14967,1504723017,869,2057,2073,2102,2079,1534,1183,956,1146,1425,2072,2106,2091,2215,1366,1049,1292,1929,2087,2082,2113,2181,1935,1620,1305,2027,2072,2078,2085,2097,2074,1924,1273,2041,2060,2081,2069,2097,1982,1944,1291,1945,2062,2118,2056,2079,1966,1978,1260,2049,2059,2112,2098,1984,1961,1983,1231,1846,1998,2043,1978,1927,1959,2150,5,5,10,5,255,255,5,5,5,255,10,5,5,255,9,5,5,5,5,5,5,5,5,10,5,5,5,5,5,5,5,10,5,255,5,5,5,5,5,255,5,255,5,255,10,10,255,5,5,255,5,5,5,5,5,5,5,255,5,10,5,5,255,255
1780854610.104478,14968,1504823017,887,2085,2073,2040,2086,1534,1201,962,1106,1333,2051,2080,2091,2215,1292,1065,1289,2059,2083,2099,2113,2087,2083,1620,1277,2083,2084,2080,2156,2147,2043,1924,1265,2128,2085,2078,2165,2096,1982,1944,1228,1945,2145,2063,2079,2093,1967,1952,1218,2031,2038,2091,2058,1924,1947,1967,1195,1846,2061,2070,1939,1984,1959,2150,5,5,255,5,10,255,5,5,5,10,5,5,255,255,5,9,9,5,5,5,255,5,5,255,5,5,5,5,5,5,5,255,5,10,5,5,5,5,255,255,5,255,5,10,5,5,10,5,5,10,5,5,5,5,5,5,5,255,5,5,5,5,255,255
1780854610.203986,14969,1504923017,866,2028,2073,2084,2092,1631,1162,929,1154,1335,2061,2094,2091,2215,1333,1078,1283,1972,2106,2099,2090,2121,2083,1641,1244,2052,2068,2098,2129,2129,2084,1811,1275,2111,2097,2085,2100,2061,2036,1813,1267,2047,2086,2082,2137,2093,1967,1931,1212,2035,2107,2099,2081,2021,1911,1981,1204,1846,2011,2041,1939,1984,1959,2012,5,5,255,5,5,10,5,5,5,255,5,5,255,255,5,5,5,5,5,5,10,5,255,10,9,5,5,5,5,5,5,10,5,5,5,5,5,5,10,10,5,10,5,5,5,255,255,5,5,5,5,5,5,5,5,5,5,255,5,5,255,255,255,10
1780854610.304928,14970,1505023017,881,2078,2045,2080,2064,1601,1208,938,1116,1315,2061,2083,2065,2215,1296,1067,1311,1972,2065,2088,2119,2128,1981,1641,1317,2029,2088,2077,2098,2093,2099,1996,1302,2083,2097,2106,2109,2149,2009,1813,1250,2047,2074,2082,2137,2080,2062,1931,1222,2006,2106,2129,2181,1906,1929,1955,1201,1644,2058,2086,1930,1949,1959,2012,5,5,10,5,5,5,5,5,5,5,255,5,10,255,5,5,5,255,5,5,5,5,10,255,5,5,5,5,5,5,5,5,5,5,255,5,5,5,5,255,5,255,5,255,255,10,10,255,5,5,5,5,255,5,5,5,5,10,5,5,10,10,255,255
1780854610.403499,14971,1505123017,889,2041,2097,2060,2036,1601,1183,923,1094,1499,2061,2133,2044,2215,1327,1098,1284,1972,2073,2087,2095,2113,2031,1641,1303,2049,2059,2073,2081,2117,2049,1873,1276,2029,2097,2084,2090,2098,2015,1813,1262,1992,2082,2089,2117,2080,2062,2014,1214,1976,2072,2121,2078,1987,1982,1955,1233,1644,2037,2052,1999,1963,1959,2012,5,5,5,5,5,255,5,5,5,5,255,5,5,255,5,5,9,255,5,5,5,5,5,255,5,5,5,5,5,5,5,5,5,5,255,5,5,5,5,255,5,10,5,10,10,255,255,10,5,5,5,5,5,5,5,255,9,255,5,5,5,5,255,255
1780854610.504066,14972,1505223017,869,2041,2097,2024,2052,1601,1167,939,1108,1499,2062,2127,2034,1901,1342,1058,1315,1972,2082,2086,2095,2092,1991,1760,1230,1995,2053,2085,2108,2136,2049,1873,1366,2007,2092,2070,2097,2103,1994,1813,1285,1992,2100,2089,2115,2013,2062,2014,1212,1954,2124,2102,2105,1995,1971,1981,1231,1644,2037,2034,1989,1963,2023,2012,5,255,255,5,5,255,5,5,9,255,10,5,5,10,5,5,9,255,5,5,255,5,5,10,5,5,5,5,5,5,255,255,5,5,10,5,5,5,5,255,5,255,5,255,5,10,255,255,5,5,5,5,5,5,5,10,5,255,255,5,5,255,10,255
1780854610.604610,14973,1505323017,893,2041,2097,2110,2048,1601,1148,940,1111,1415,2062,2057,2034,1901,1293,1093,1247,2022,2089,2079,2121,2096,2112,1760,1221,2075,2078,2074,2078,2119,2124,1927,1360,2060,2076,2086,2141,2103,2033,1813,1285,1992,2094,2089,2104,2098,2062,1952,1177,2025,2059,2136,2091,1977,1935,2017,1232,1644,2000,2027,1972,1963,2023,2012,5,255,255,5,5,255,5,5,9,10,5,5,255,255,9,5,5,10,5,5,10,5,5,255,5,5,5,5,5,5,10,10,5,5,5,5,9,255,5,255,5,255,5,255,5,5,255,10,5,5,5,5,5,5,255,5,5,255,10,5,5,255,255,255
1780854610.703953,14974,1505423017,895,2041,2097,2110,2056,1529,1140,918,1121,1415,2098,2088,2084,1901,1271,1064,1259,1994,2064,2096,2089,2067,2083,1760,1284,2005,2083,2105,2098,2153,2057,1927,1258,2039,2119,2096,2136,2103,2054,1952,1263,2126,2105,2089,2104,2098,2062,1952,1251,2015,2072,2118,2104,1977,1939,1986,1194,1644,2067,2055,1972,1952,2023,2012,5,255,255,255,5,10,5,5,5,255,5,5,10,255,5,5,5,5,5,5,5,5,5,255,5,5,5,5,5,5,5,255,5,5,5,5,5,255,5,10,5,10,5,255,255,255,255,255,5,5,5,5,5,255,5,5,5,255,5,5,255,10,255,255
1780854610.806075,14975,1505523017,879,2025,2063,2093,2001,1529,1169,932,1108,2059,2074,2059,2084,1901,1281,1078,1287,1969,2087,2063,2080,2122,1882,1754,1283,2056,2068,2069,2128,2076,2036,1927,1221,2016,2045,2080,2121,2103,2018,1952,1252,2126,2093,2049,2120,2083,2062,1905,1264,2042,2104,2113,2046,1969,1939,1970,1211,1644,1940,2019,1967,1943,2023,2012,5,10,10,10,5,255,5,5,5,10,5,5,255,255,5,5,5,5,5,5,5,5,4,10,5,5,5,5,5,5,5,255,5,5,5,5,5,255,5,255,5,255,5,10,10,10,255,10,5,5,5,5,5,10,255,5,5,255,5,5,10,5,255,255
1780854610.904402,14976,1505623017,893,2054,2032,2084,2109,1529,1178,944,1102,2059,2074,2059,2084,1901,1325,1085,1308,2051,2079,2082,2080,2089,2013,1754,1281,2088,2086,2095,2067,2118,1983,1927,1262,2024,2045,2073,2112,2103,2008,1952,1274,2126,2070,2138,2129,2008,2039,1975,1284,2033,2116,2141,2123,1972,1954,1980,1270,1644,2075,2043,2000,1943,2023,2012,5,5,5,5,5,255,5,5,5,255,255,255,255,255,5,5,5,5,5,5,255,5,5,255,5,5,5,5,5,5,5,255,5,5,255,5,5,255,5,255,5,255,5,5,5,5,10,5,5,5,5,5,5,5,10,5,5,255,5,5,5,255,255,255
1780854611.015219,14977,1505733017,857,2046,2055,2086,2109,1544,1123,919,1132,1330,2096,2067,2054,1901,1323,1083,1263,1962,2044,2063,2084,2057,2098,1754,1238,2070,2074,2080,2117,2078,2011,1927,1260,2002,2101,2060,2086,2095,2019,1952,1353,1990,2052,2115,2080,2106,2039,1953,1223,1995,2053,2095,2051,1984,1952,1945,1171,1644,2012,2022,2013,2014,2023,2012,5,5,5,5,255,10,5,5,5,10,10,10,10,255,5,5,5,5,5,5,10,5,5,255,255,5,5,5,5,5,5,255,5,5,10,5,5,10,5,255,9,10,5,5,5,5,255,5,5,5,5,5,255,5,5,5,5,255,5,5,5,10,255,255
1780854611.115785,14978,1505833018,871,2046,2055,2070,2009,1510,1170,934,1105,1325,2096,2094,2054,1901,1356,1081,1281,2118,2069,2097,2097,2135,2098,1754,1308,2012,2083,2094,2085,2074,2090,1961,1279,2002,2095,2070,2120,2095,2090,1952,1307,1990,2095,2153,2150,2099,2039,1953,1224,2060,2093,2102,2051,1984,1952,1966,1211,1644,2081,2042,2040,2014,2023,2012,5,255,255,5,10,5,5,5,9,5,255,5,255,255,9,5,5,5,5,5,5,5,255,255,5,5,5,5,5,5,5,10,5,255,5,5,5,255,5,255,5,255,5,5,5,5,255,255,5,5,5,5,5,255,255,5,5,255,5,5,5,255,255,255
1780854611.215358,14979,1505933017,849,2068,2060,2104,2009,1510,1188,946,1144,1330,2096,2055,2109,1901,1305,1090,1265,2013,2073,2093,2097,2106,1972,1714,1273,2042,2075,2086,2099,2087,2114,1961,1299,2042,2120,2099,2101,2147,2028,1952,1225,1985,2077,2100,2132,2040,2039,1982,1269,2071,2114,2108,2080,1998,1960,1981,1226,1644,2023,2099,1894,2014,1969,2012,5,10,10,5,255,255,5,5,5,5,255,5,10,255,5,5,5,5,5,5,255,5,10,10,5,5,5,5,5,5,5,255,5,10,5,5,5,10,5,255,5,10,5,5,5,5,255,255,9,5,5,5,5,10,10,5,5,255,5,5,5,255,10,255
1780854611.314905,14980,1506033017,894,2054,2060,2038,2131,1510,1147,928,1113,1397,2029,2097,2140,1901,1391,1072,1268,2039,2109,2070,2107,2106,1977,1714,1253,2048,2081,2086,2100,2085,2035,1961,1295,2010,2110,2073,2099,2147,2031,1932,1287,1985,2115,2108,2110,2062,2039,1961,1236,2048,2141,2140,2121,1972,1930,1981,1211,1644,2048,2044,2000,1948,1969,2012,5,5,255,5,10,255,5,5,5,4,10,5,5,255,5,5,5,5,5,5,10,5,5,255,5,5,5,5,5,5,5,255,5,5,5,5,5,255,5,10,5,255,5,5,5,5,255,5,5,5,5,5,5,5,5,255,5,255,5,5,5,10,255,255
1780854611.414400,14981,1506133017,875,2078,2025,2053,2043,1510,1147,948,1109,2003,2039,2097,2140,1901,1275,1085,1250,1917,2134,2080,2107,2106,2104,1689,1242,2081,2075,2098,2071,2095,2035,1961,1287,2047,2057,2120,2127,2120,1989,1932,1306,2064,2059,2099,2093,2062,2039,1937,1278,1965,2128,2080,2091,2006,1954,1950,1168,1644,2028,2044,1964,1948,1969,2012,5,5,10,5,5,255,5,5,5,4,5,255,255,255,9,5,5,5,5,5,255,255,5,10,5,5,5,5,5,5,255,255,5,5,5,5,5,10,5,255,5,10,5,5,5,255,255,5,5,5,5,5,5,5,5,10,5,255,5,5,5,255,255,255
1780854611.515713,14982,1506233017,893,2078,2025,2066,2043,1496,1219,944,1125,1344,2053,2043,2048,1901,1275,1065,1296,1980,2104,2051,2074,2106,2073,1689,1290,2004,2088,2093,2088,2112,2050,1961,1266,2049,2112,2069,2110,2120,1985,1980,1256,2057,2054,2027,2112,2068,2039,1962,1192,2116,2083,2109,2063,1982,2019,1950,1196,1644,2048,2035,1964,1948,1969,2012,5,255,255,5,5,10,5,5,5,4,5,10,10,255,255,5,5,5,5,5,10,255,5,255,5,5,5,5,5,5,10,255,5,5,5,5,5,255,5,10,5,5,5,5,5,10,255,5,5,5,5,5,5,5,5,255,5,255,5,5,255,255,255,255
1780854611.613708,14983,1506333017,889,2073,2025,2082,2039,1514,1156,927,1104,1354,2054,2103,2048,1920,1311,1076,1264,2024,2068,2089,2043,2106,2068,1673,1299,2041,2068,2094,2081,2116,2050,1850,1250,2071,2089,2104,2114,2134,2035,1980,1282,2057,2081,2132,2167,2076,1954,1976,1257,2022,2074,2085,2102,1969,1923,1950,1175,1644,2024,2062,1991,1972,1969,2012,5,10,255,5,5,5,9,5,5,5,5,5,255,10,10,5,9,5,5,5,5,255,5,10,5,5,5,5,5,5,255,10,5,5,5,5,5,10,5,255,5,255,5,5,5,5,10,5,5,5,5,5,5,5,5,255,5,255,5,5,10,10,255,255
1780854611.715082,14984,1506433017,895,2085,2065,2088,2155,1514,1172,936,1092,1291,2032,2074,2070,1920,1265,1077,1312,2024,2076,2059,2094,2109,2062,1673,1346,2066,2092,2094,2119,2089,2042,1850,1265,2001,2086,2082,2071,2032,2057,1956,1254,2057,2123,2134,2114,2076,1915,1953,1224,2033,2087,2095,2057,1969,1931,1950,1181,1644,2040,2005,1991,1919,1969,2012,5,5,10,5,5,255,5,5,5,255,5,5,10,255,4,5,9,255,5,5,5,10,5,255,255,5,5,5,5,5,10,255,5,5,5,5,5,5,5,10,5,255,5,5,5,255,5,5,9,5,5,5,5,255,5,255,5,255,5,5,255,5,255,255
1780854611.815653,14985,1506533017,887,2085,2065,2070,2048,1407,1157,959,1136,1307,2032,2042,2070,1920,1324,1068,1283,2031,2087,2084,2116,2120,2024,1738,1223,2053,2075,2093,2143,2101,2074,1850,1313,2049,2072,2120,2105,2108,2057,1956,1193,2033,2085,2134,2100,2007,2005,1978,1203,1999,2094,2119,2070,1960,1956,1950,1207,1644,2063,2028,1941,1919,1969,2012,5,255,255,5,5,10,5,5,5,255,255,5,255,255,255,5,5,10,5,5,5,5,5,10,255,5,5,5,5,5,5,255,5,5,5,5,5,5,255,255,5,10,5,255,5,10,5,255,5,5,5,5,5,10,5,255,5,255,5,5,10,255,255,255
1780854611.912470,14986,1506633017,877,2096,2065,2035,2064,1407,1175,936,1085,1307,2032,2042,2070,1920,1364,1062,1288,1923,2084,2095,2067,2107,1988,1736,1276,2072,2080,2084,2101,2081,2081,1850,1287,2038,2084,2073,2109,2108,2056,1956,1219,2033,2101,2125,2100,2007,1922,1925,1205,2024,2091,2107,2124,1994,1962,1929,1183,1644,2032,2010,1928,1957,1969,2012,5,10,255,5,5,255,5,5,5,255,255,255,255,255,5,5,5,9,5,5,5,5,5,5,5,5,5,5,5,5,5,255,5,5,5,5,5,255,10,255,5,255,5,10,255,255,5,5,9,5,5,5,5,5,5,10,5,255,5,5,5,10,255,255
1780854612.016233,14987,1506733016,876,2041,2063,2088,2046,1790,1174,933,1116,1289,2103,2086,2070,1920,1342,1062,1250,1977,2093,2102,2137,2064,2007,1736,1291,2015,2078,2083,2089,2100,2056,1850,1272,2066,2135,2098,2099,2111,2071,1923,1239,2089,2099,2105,2130,2075,1922,1990,1257,2006,2074,2072,2077,1985,1981,1960,1217,1832,2058,2014,1928,1957,1969,1906,5,5,10,5,5,10,5,5,5,10,10,10,255,255,5,5,5,5,5,5,5,255,5,255,5,5,5,5,5,5,5,255,5,5,5,5,5,10,5,10,5,10,5,5,10,10,255,5,5,5,5,5,5,5,255,5,5,10,5,5,255,5,255,10
1780854612.115553,14988,1506833017,886,2190,2063,2076,2077,1507,1149,947,1117,1289,2072,2097,2070,1991,1306,1095,1292,1963,2071,2061,2065,2115,2059,1736,1299,2043,2067,2084,2109,2101,2086,1827,1316,2034,2135,2090,2060,2111,2034,1923,1277,2089,2088,2105,2083,2075,2001,1990,1263,1993,2109,2109,2052,1966,1931,2017,1206,1832,2033,2014,1928,2006,1969,1906,5,5,255,5,5,4,5,5,9,255,5,5,255,10,5,5,5,5,5,5,5,5,5,255,5,5,5,5,5,5,5,10,5,5,255,5,5,255,255,255,5,255,5,255,5,255,10,255,5,5,5,5,5,5,5,5,5,255,5,255,255,5,255,255
1780854612.214455,14989,1506933017,875,2077,2101,2089,2077,1507,1148,931,1097,1289,2072,2071,2070,1991,1209,1109,1239,2027,2076,2107,2119,2061,2061,1736,1308,2020,2081,2079,2088,2107,2016,2003,1314,2024,2071,2113,2091,2105,2094,1948,1282,2091,2071,2105,2144,2037,2001,1951,1204,2045,2099,2124,2084,1966,1931,2017,1206,1832,2088,2041,2020,2006,1969,1906,5,5,10,5,255,255,5,5,5,255,255,5,255,255,5,5,5,5,5,5,5,5,5,255,5,5,5,5,5,5,5,5,5,5,10,5,5,10,5,10,5,10,5,255,5,10,255,10,5,5,5,5,5,255,5,255,5,255,5,10,10,255,255,255
1780854612.313982,14990,1507033017,897,2063,2101,2080,2051,1507,1187,928,1121,1289,2072,2071,2070,1991,1373,1121,1262,2027,2083,2088,2099,2121,1968,1662,1308,2084,2077,2094,2100,2116,2043,1861,1325,2052,2065,2117,2134,2105,2051,1976,1302,2091,2091,2120,2107,2027,2007,1902,1231,2048,2107,2082,2084,1935,1990,2017,1197,1832,2040,1995,2038,2006,1969,1906,5,5,255,5,10,255,5,5,5,255,255,255,255,255,5,5,9,255,5,5,5,5,5,10,5,5,5,5,5,5,5,5,5,5,5,5,5,255,5,5,5,255,5,10,5,5,10,5,5,5,5,5,255,10,5,255,5,255,5,5,5,255,255,255
1780854612.415054,14991,1507133018,888,2063,2101,2099,2051,1479,1169,933,1131,1285,2147,2081,2089,1991,1332,1063,1263,2051,2059,2101,2083,2097,1998,1662,1220,2046,2072,2069,2105,2136,2069,1861,1307,2052,2154,2060,2159,2087,2026,1976,1255,2091,2110,2120,2121,2027,1953,1902,1234,2017,2054,2132,2068,1935,1990,2017,1184,1915,1995,2086,2038,2074,1969,1906,5,255,255,5,255,10,5,5,5,255,10,10,10,255,5,5,5,10,5,5,5,5,5,255,5,5,5,5,5,5,5,255,5,255,5,5,5,10,5,255,5,255,5,255,5,255,5,255,5,5,5,5,10,255,255,255,5,10,5,5,255,10,255,255
1780854612.515727,14992,1507233017,870,2063,2101,2099,2039,1475,1171,947,1096,1325,2147,2057,2089,1991,1292,1041,1311,2051,2063,2124,2099,2115,2054,1662,1284,2046,2087,2087,2127,2100,2066,1895,1334,2080,2058,2093,2134,2122,2036,1976,1349,2064,2117,2083,2111,2027,1953,1902,1193,2051,2083,2073,2071,1879,1990,2017,1177,1915,2083,2019,1971,2002,1969,948,5,255,255,5,10,5,5,5,5,9,255,5,255,255,5,5,5,255,5,5,5,5,5,255,5,255,5,5,5,5,5,10,5,10,5,5,5,5,5,255,3,10,5,10,5,255,255,255,5,5,5,5,5,10,255,255,5,255,5,5,10,5,255,10
1780854612.615477,14993,1507333017,881,2063,2101,2074,2060,1567,1169,928,1148,1329,2147,2108,2089,2041,1347,1064,1252,2007,2064,2063,2098,2076,2057,1662,1241,2033,2071,2094,2112,2126,2086,1895,1314,2004,2058,2099,2104,2122,2020,1976,1268,2063,2100,2120,2155,2027,1953,1902,1205,2034,2127,2105,2092,1879,1990,2017,1194,1839,2045,2027,1964,1991,1969,906,5,255,255,5,5,5,5,5,5,255,255,5,255,10,5,5,5,255,5,5,5,5,9,255,5,10,5,5,5,5,5,255,5,5,255,5,5,255,5,255,5,5,5,5,5,255,255,255,5,5,5,5,5,255,255,255,5,10,5,5,5,5,255,5
1780854612.715069,14994,1507433017,893,2026,2103,2079,2050,1428,1171,958,1124,1285,2079,2108,2089,2041,1381,1136,1250,2035,2096,2066,2098,2087,2097,1635,1308,2026,2065,2090,2135,2129,2085,1959,1324,2004,2058,2101,2104,2122,2012,1976,1291,1958,2107,2166,2155,2027,1953,1902,1265,2020,2097,2069,2047,1879,1990,985,1203,1839,2025,2034,1961,1991,1969,844,5,10,10,5,5,5,5,5,5,5,10,255,255,255,5,5,5,5,5,5,255,5,5,10,5,5,5,5,5,5,5,10,5,255,255,5,255,255,5,255,5,5,5,5,255,255,255,255,9,5,5,5,5,255,255,10,5,255,5,5,5,255,255,5
1780854612.815154,14995,1507533017,882,2080,2103,2055,2073,1533,1180,941,1157,2006,2079,2104,2104,1933,1310,1057,1291,2041,2090,2068,2080,2094,2005,1635,1297,2018,2080,2085,2096,2159,2031,1959,1335,2061,2109,2100,2105,2099,1980,1976,1281,1958,2101,2096,2083,2027,2455,1086,1249,2090,2044,2100,2062,1879,987,864,1213,1839,1974,2053,1037,1087,920,737,5,5,255,5,5,5,5,5,5,5,255,10,10,10,5,5,5,5,5,5,10,5,5,255,5,5,5,5,5,5,5,255,5,10,10,5,10,10,5,255,5,255,5,5,10,255,10,10,5,5,5,5,5,255,10,5,5,255,5,5,255,10,10,5
1780854612.912445,14996,1507633017,872,2080,2084,2087,2034,1414,1160,951,1088,2006,2078,2076,2104,2072,1334,1091,1288,1943,2089,2097,2095,2101,1915,1635,1231,1998,2067,2098,2087,2091,2095,1959,1278,1967,2107,2100,2099,2099,1980,1976,1264,1958,2102,2096,2128,2027,2455,874,1231,2047,2072,2134,1089,981,872,748,1175,1839,2021,1971,1045,1002,805,677,5,255,10,5,5,9,5,5,9,255,10,5,255,5,9,5,9,5,5,5,5,5,5,255,5,5,5,5,5,5,5,255,5,5,5,5,5,255,255,255,9,255,5,255,5,255,255,4,5,5,5,5,5,10,5,5,5,255,5,5,5,5,5,5
1780854613.013688,14997,1507733017,893,2094,2084,2045,2019,1455,1173,934,1133,1345,2043,2068,2070,2072,1383,1073,1262,1983,2079,2078,2095,2106,2165,1635,1296,2029,2043,2079,2084,2131,2020,1841,1296,1982,2093,2140,2100,2099,1164,1011,1268,2030,2102,2096,2128,922,921,780,1253,2035,2110,2112,1079,941,774,692,1181,1839,2040,2063,1012,802,725,537,5,10,255,5,5,5,5,5,5,10,5,5,10,255,9,5,9,5,5,5,255,5,5,255,5,5,5,5,5,5,5,10,5,5,5,5,5,255,255,10,5,10,5,255,255,255,10,5,9,5,5,5,5,5,5,5,5,255,5,5,5,4,5,5
1780854613.113819,14998,1507833017,882,2030,2098,2053,2019,1419,1183,928,1156,1345,2043,2082,2033,2072,1352,1055,1298,2074,2063,2086,2094,2106,1979,1669,1341,2025,2078,2095,2119,2110,2020,1941,1286,2087,2069,2066,2115,2099,1062,789,1267,2013,2099,2107,1150,902,788,565,1233,2028,2110,2145,982,748,688,492,1228,1839,2043,2063,915,681,673,430,5,5,10,5,255,5,5,5,5,255,255,5,5,255,5,5,5,5,5,5,10,255,5,10,5,5,5,5,5,5,255,5,5,5,5,5,5,255,5,4,5,5,5,10,10,5,5,4,5,5,255,5,255,4,5,4,5,255,5,255,255,5,5,5
1780854613.215306,14999,1507933017,878,2057,2001,2058,2066,1603,1180,945,1183,1462,2043,2082,2133,2072,1233,1144,1306,2019,2089,2089,2109,2106,2070,1669,1223,2071,2071,2097,2088,2110,1116,496,1305,2042,2069,2096,2134,2099,691,460,1256,2013,2120,2107,1008,709,675,403,1206,2052,2126,2112,683,664,610,398,1201,1839,2022,2045,682,652,609,413,5,5,5,5,10,3,5,5,5,10,255,255,5,255,9,5,5,5,5,5,5,255,5,255,5,5,5,5,5,255,10,4,5,5,5,5,5,255,4,4,5,255,5,255,5,5,5,5,5,5,10,5,4,4,5,5,5,255,5,10,4,5,5,5
1780854613.314112,15000,1508033017,885,2063,2001,2092,2013,1461,1194,950,1127,1440,2043,2060,2133,2072,1377,1073,1276,1961,2064,2127,2042,2106,450,437,1335,2032,2067,2097,2088,638,452,366,1256,2036,2069,2096,707,706,403,377,1325,2074,2113,681,667,640,485,372,1239,2082,2103,2136,671,629,537,374,1192,1845,2044,2057,1961,1935,609,413,5,5,255,5,5,5,5,5,5,5,255,10,255,255,5,5,5,5,5,5,5,255,4,255,5,5,5,5,255,10,4,5,5,5,255,255,4,10,4,5,5,10,5,10,4,5,5,5,5,5,5,5,5,5,5,5,5,10,5,5,4,4,255,255
1780854613.414652,15001,1508133017,902,2063,2001,2072,2071,1562,1138,955,1138,1440,2120,2060,2133,394,391,381,1298,2079,2119,2097,433,431,372,375,1325,2055,2039,685,642,407,371,370,1304,2051,692,667,657,532,369,377,1285,2042,2064,681,657,601,403,377,1250,1866,2133,2097,2079,629,1917,1982,1221,1845,1989,2076,1975,2018,609,413,5,255,255,5,5,5,5,5,5,255,10,255,255,255,4,4,5,5,5,5,4,10,5,5,5,5,5,4,10,5,5,5,5,5,10,10,5,5,5,5,5,5,5,255,5,5,5,255,5,4,5,5,4,255,5,4,5,255,5,5,5,3,255,255
1780854613.513768,15002,1508233017,868,2099,2001,2079,387,366,374,915,1116,1337,2120,403,397,356,367,394,1344,2033,676,631,391,372,368,366,1268,2020,2083,654,549,406,376,370,1304,2045,2104,678,654,532,369,377,1303,2096,2064,681,2110,2013,403,1925,1250,2058,2074,2124,2130,2002,2008,1953,1214,1845,2046,2053,1975,2018,609,413,5,10,255,5,4,4,4,5,5,10,255,10,10,5,5,255,5,5,4,4,5,5,5,5,5,5,5,5,5,5,5,255,255,5,5,5,5,255,255,255,5,5,255,255,4,4,255,4,9,5,5,5,5,10,5,5,5,255,5,5,255,255,255,255
1780854613.624073,15003,1508343017,866,2026,386,360,361,353,372,963,1101,620,577,483,375,484,406,1048,1327,2033,655,642,625,598,644,366,1235,2020,703,652,656,681,623,370,1369,2007,2102,2107,2065,2046,2094,377,1213,2027,2073,681,2078,2083,403,1925,1232,1990,2074,2103,2091,2004,1984,1953,1133,1845,2017,2054,1987,1965,609,413,5,5,10,5,5,5,5,5,5,4,10,5,5,5,5,4,5,255,5,5,4,4,4,255,5,5,5,5,5,4,4,255,10,5,5,4,4,10,10,255,5,5,10,255,5,5,255,255,5,5,5,5,5,5,5,255,5,255,5,5,10,10,255,255
1780854613.724699,15004,1508443017,871,2089,601,463,573,607,638,957,1118,673,643,615,600,634,642,1065,1242,1972,672,663,665,672,2069,1733,1279,2035,2071,2083,2093,2133,623,370,1259,2031,2049,2064,2147,2206,1999,377,1247,2027,2088,2095,2116,2083,1913,1996,1246,2034,2131,2114,2087,1985,1933,1953,1184,1845,2006,2054,1938,1979,609,413,5,5,4,5,4,4,4,5,5,4,5,5,4,5,4,5,5,10,5,5,5,5,4,10,5,5,5,5,4,5,255,255,5,5,5,5,5,5,5,255,5,255,5,10,5,255,10,10,5,5,5,5,5,5,5,255,5,255,5,255,5,5,255,255
1780854613.824637,15005,1508543016,877,667,629,612,633,652,1133,931,1110,1251,663,713,717,720,1299,1083,1242,1840,2076,2099,2139,2070,1940,1733,1236,2057,2064,2084,2102,2112,2082,1956,1268,2031,2089,2104,2107,2077,1991,377,1199,2027,2084,2102,2113,2040,1955,1996,1229,2045,2072,2115,2137,1938,1984,1967,1209,1845,2042,2031,2014,1896,609,413,5,5,5,5,5,5,5,5,9,4,5,5,5,255,4,5,5,9,5,5,4,4,5,255,5,5,5,5,5,5,10,10,5,255,5,5,5,5,5,255,5,255,5,5,5,10,5,255,5,5,5,5,5,5,5,10,5,255,5,10,5,5,255,255
1780854613.924365,15006,1508643017,897,701,698,722,752,793,1156,930,1158,1462,734,713,717,1945,1404,1047,1229,2037,2089,2076,2117,2098,2045,1733,1301,2057,2068,2084,2109,2108,2106,1956,1318,2047,2091,2104,2113,2077,2044,377,1256,2027,2091,2102,2105,1079,1944,1989,1236,2024,2105,2100,2114,1907,1944,2010,1220,1845,2040,2040,2024,1945,609,413,5,5,5,5,5,5,5,5,5,4,255,255,255,4,5,5,9,5,5,5,5,5,5,255,5,255,5,5,5,5,5,255,5,10,5,5,5,255,5,255,5,255,5,255,5,255,5,10,5,5,5,5,5,5,5,5,5,255,5,5,5,5,255,255
1780854614.025549,15007,1508743017,897,701,698,722,752,1434,1154,936,1113,1318,734,713,2103,1945,1319,1076,1233,1974,2081,2089,2140,2125,2045,1733,1307,2007,2067,2090,2066,2092,2112,1956,1313,2103,2087,2077,2102,2077,2066,377,1251,2027,2090,2115,2105,2074,1964,1981,1226,2048,2110,2125,2048,2005,1954,1989,1172,1936,2045,2061,1961,1945,609,413,5,255,255,255,255,4,5,5,5,4,255,255,10,255,5,5,5,5,5,5,5,5,255,255,9,10,5,5,5,5,5,255,5,5,5,5,5,255,5,255,5,255,5,10,255,10,5,5,5,5,5,5,5,5,5,255,5,10,5,5,5,255,255,255
1780854614.124514,15008,1508843018,893,701,698,722,752,1427,1179,946,1135,1304,734,2138,2103,1945,1312,1042,1261,2000,2093,2070,2057,2096,2035,1625,1262,2031,2056,2092,2066,2127,2024,1875,1318,2060,2086,2076,2089,2105,2066,377,1221,2027,2086,2186,2118,2074,1960,1982,1154,2022,2078,2069,2048,2005,1954,1961,1210,1936,2045,2093,1961,1945,609,413,5,255,255,255,255,9,5,5,5,255,255,10,255,255,5,5,5,5,5,5,5,255,10,10,5,5,5,5,5,5,5,10,5,5,5,5,5,10,255,255,5,255,5,5,10,255,5,5,5,5,5,5,255,255,255,5,5,255,255,5,255,255,255,255
1780854614.223520,15009,1508943016,871,2021,698,2084,2054,1435,1165,942,1127,1445,2027,2097,2126,2047,1278,1073,1301,1998,2074,2073,2114,2119,2004,1676,1281,2041,2073,2074,2110,2091,2096,1915,1270,2029,2075,2093,2144,2103,2010,377,1242,2027,2138,2071,2124,2017,1960,1944,1209,2034,2078,2105,2127,1967,2033,1961,1229,1678,2078,2011,1990,1986,609,413,5,10,255,10,10,5,5,5,5,5,10,5,10,10,5,5,9,5,5,5,5,5,5,5,5,5,5,5,5,5,5,5,5,5,5,5,5,5,10,255,5,255,5,5,5,10,255,5,5,5,255,5,10,10,10,255,5,10,10,5,10,10,255,255
1780854614.326263,15010,1509043017,889,2026,698,2059,2054,1485,1153,936,1142,1351,2027,2064,2067,2047,1269,1058,1302,1980,2115,2080,2113,2112,2043,1800,1221,2092,2075,2089,2104,2094,2079,1915,1283,2089,2063,2067,2115,2127,1985,377,1227,1961,2127,2071,2179,2017,1989,1984,1242,2045,2123,2083,2117,1942,1980,1990,1173,1678,1884,1996,1958,1986,609,413,5,5,255,5,255,9,5,5,5,5,255,5,5,255,5,5,5,5,5,5,5,5,5,5,5,5,5,5,5,5,5,255,5,5,5,5,5,5,5,255,5,10,5,255,5,255,10,5,5,5,10,5,5,5,5,10,5,255,5,5,5,255,255,255
1780854614.424676,15011,1509143017,891,2060,2100,2086,1978,1381,1158,944,1125,1351,2027,2124,2077,2047,1321,1060,1245,2119,2086,2077,2131,2116,1972,1620,1218,2007,2082,2074,2120,2089,2013,1915,1316,2044,2093,2095,2123,2083,2018,377,1271,2023,2076,2112,2069,2017,2018,1981,1204,2059,2116,2106,2077,1954,1954,1974,1173,1934,2006,2057,1947,1986,609,413,5,5,10,5,10,5,5,5,5,255,255,5,5,255,9,5,5,5,5,5,5,5,5,9,255,5,5,5,5,5,5,255,5,5,5,5,5,5,5,255,5,5,5,10,5,255,5,5,5,5,5,5,5,5,5,5,5,10,5,5,5,255,255,255
1780854614.525260,15012,1509243017,872,2095,2100,2053,1914,1392,1195,919,1137,1385,2081,2073,2077,2047,1414,1055,1283,2053,2087,2070,2122,2107,2062,1620,1219,2054,2088,2096,2082,2117,2034,1938,1316,2044,2127,2084,2107,2083,2022,377,1254,2061,2076,2102,2088,2108,2018,1969,1232,2080,2022,2097,2083,1966,2001,2002,1199,1934,2029,2012,1977,1937,609,413,5,5,255,5,9,5,5,5,5,10,10,5,255,255,5,5,5,5,5,5,5,5,5,255,255,5,5,5,5,5,5,10,5,255,5,5,5,255,5,255,5,5,255,5,5,10,255,5,5,5,5,5,5,5,5,5,5,255,5,5,9,10,255,255
1780854614.625424,15013,1509343017,902,2085,2100,2085,2063,1402,1151,923,1116,1470,2081,2088,2077,1911,1325,1060,1284,2030,2036,2101,2063,2138,2045,1620,1242,2084,2070,2082,2060,2103,2053,1822,1335,2046,2093,2093,2115,2083,2037,377,1265,2061,2075,2102,2114,2049,2018,2001,1250,2045,2070,2137,2130,1966,1976,2013,1222,1868,2117,2025,1990,1968,609,413,5,5,255,5,5,5,5,5,5,5,255,5,255,10,5,5,5,5,5,5,5,5,5,255,5,5,5,5,5,5,5,5,5,10,5,5,5,10,5,255,5,255,10,255,5,5,255,5,5,5,5,255,5,5,5,5,5,10,5,5,5,5,255,255
1780854614.725156,15014,1509443017,878,2069,2046,2030,2036,1471,1172,930,1128,1470,2028,2072,2077,1911,1376,1075,1344,2046,2118,2114,2095,2138,2084,1620,1328,2004,2086,2090,2111,2110,2105,1822,1293,2047,2148,2130,2130,2083,2037,377,1245,2050,2079,2102,2084,2059,2018,2001,1204,1995,2096,2065,2126,1959,1984,1994,1163,1809,2034,2072,1990,1956,609,413,5,5,10,5,5,9,5,5,5,255,10,5,10,255,5,5,5,5,5,5,5,255,5,255,5,5,5,5,5,5,5,255,5,5,5,5,5,255,255,255,5,10,5,255,5,5,255,255,5,5,5,5,5,5,5,5,9,5,5,5,255,5,255,255
1780854614.824862,15015,1509543017,890,2069,2060,2030,2053,1426,1165,929,1126,1238,2028,2081,2098,1911,1416,1070,1306,2003,2081,2074,2085,2087,2036,1693,1281,2015,2074,2089,2101,2118,2072,1846,1295,2046,2106,2086,2106,2083,1999,1968,1295,2089,2084,2102,2108,2042,1990,1969,1215,2037,2107,2116,2153,1965,1939,1961,1145,1809,2060,2048,1964,1956,609,413,5,255,5,255,5,5,5,5,9,10,255,5,5,255,5,5,5,5,5,5,5,10,5,10,5,5,5,5,5,5,5,10,5,5,5,5,5,255,10,10,5,5,5,255,5,5,10,10,5,5,5,5,5,5,5,5,9,255,5,5,10,255,255,255
1780854614.923402,15016,1509643017,884,2069,2073,2040,2011,1518,1150,947,1161,1958,2048,2093,2098,1911,1330,1096,1277,2012,2075,2063,2146,2087,2007,1693,1208,2056,2065,2087,2150,2114,2031,1846,1290,2046,2103,2088,2123,2160,1999,1935,1295,2089,2126,2142,2073,2072,1990,1949,1231,2063,2092,2157,2083,1965,1987,2022,1237,1809,1987,2038,1964,1949,609,413,5,3,5,10,5,5,5,5,5,4,10,5,255,255,5,5,5,5,5,5,5,255,5,255,5,5,5,5,5,5,5,255,5,255,5,5,5,10,255,5,255,255,5,10,5,5,255,5,5,5,5,5,5,255,5,5,5,255,5,5,255,10,255,255
1780854615.024083,15017,1509743017,895,2074,2092,2044,2068,1375,1161,948,1092,1387,2048,2068,2041,1642,1358,1124,1259,1990,2069,2112,2087,2063,2043,1693,1332,2012,2070,2069,2120,2114,2089,1846,1216,2013,2109,2074,2122,2105,2050,1935,1220,2089,2112,2142,2089,2095,1990,1985,1229,2041,2096,2108,2083,2072,1995,1920,1135,1809,2069,1988,1960,1949,609,413,5,5,5,5,5,5,5,5,5,5,255,5,10,10,5,5,9,5,5,5,5,10,5,255,5,5,5,5,5,5,5,255,5,10,5,5,5,5,10,255,10,255,5,255,5,5,255,5,5,5,5,5,255,10,5,5,5,255,5,5,10,255,255,255
1780854615.124137,15018,1509843017,907,2077,2133,2044,2068,1366,1138,941,1098,1387,2088,2080,2101,1963,1339,1130,1208,2040,2070,2110,2063,2076,2013,1693,1306,2041,2063,2073,2093,2119,2086,1846,1256,2034,2086,2086,2075,2059,2022,1935,1339,2089,2100,2142,2147,2129,1990,1939,1287,2021,2084,2091,2094,1951,1962,1920,1216,1809,2070,2010,1990,1949,609,413,5,5,5,255,255,5,5,5,5,255,10,5,5,4,5,5,5,5,5,5,5,5,5,255,5,5,5,5,5,5,5,255,5,5,5,5,5,5,5,255,5,255,5,255,5,5,255,5,5,5,5,5,10,5,5,255,5,255,5,5,5,255,255,255
1780854615.224905,15019,1509943017,886,2035,2053,2066,2005,1433,1176,936,1122,2064,2065,2046,2090,1963,1429,1050,1284,1959,2067,2076,2124,2061,2080,1693,1243,1939,2061,2088,2102,2115,2041,1922,1281,1997,2094,2080,2118,2165,2022,1935,1295,1834,2078,2142,2134,2119,1990,1941,1232,2076,2081,2118,2070,1934,1963,1993,1177,1809,2053,2084,1977,1942,609,413,5,5,5,10,10,5,5,5,5,10,5,5,5,255,5,5,9,5,5,5,5,5,5,255,5,5,5,5,5,5,5,10,9,5,5,5,5,5,255,255,5,10,255,255,5,5,255,5,5,5,5,5,5,5,5,10,5,255,5,5,5,10,255,255
1780854615.326422,15020,1510043016,891,2088,2049,2051,1993,1349,1159,938,1154,1303,2057,2012,2115,1963,1285,1046,1274,2018,2077,2077,2124,2103,2006,1693,1282,2018,2072,2085,2096,2091,2104,1889,1472,2027,2077,2120,2122,2101,2066,1935,1302,1834,2092,2070,2117,2009,1972,1979,1220,2079,2105,2086,2070,1999,1968,2008,1226,1809,2030,2033,1983,1942,609,413,5,5,5,5,5,5,5,5,5,9,5,5,5,255,5,5,5,5,5,5,255,5,5,255,5,5,5,5,5,5,5,5,5,5,5,5,5,5,10,255,5,255,5,10,5,5,10,5,5,5,5,5,5,5,5,5,5,255,5,5,5,255,255,255
1780854615.423476,15021,1510143016,885,2026,2046,2051,2110,1393,1170,934,1158,1498,2045,2081,2088,2056,1311,1105,1319,2006,2093,2082,2103,2137,2071,1640,1276,2047,2075,2092,2132,2120,2096,1877,1242,2039,2093,2083,2109,2101,2047,1935,1358,1981,2086,2071,2064,2098,1956,1972,1227,2059,2111,2101,2093,1964,1937,1961,1181,1809,2030,2025,1990,1902,609,413,5,5,5,5,5,5,5,5,5,5,5,5,5,10,5,5,5,5,5,5,10,5,5,10,5,5,5,5,5,5,5,5,4,5,5,5,5,255,5,255,5,10,5,5,5,5,5,5,5,5,5,5,5,5,5,5,5,255,5,5,5,10,255,255
1780854615.525378,15022,1510243017,878,2026,1981,2043,1972,1389,1174,947,1140,1498,2089,2116,2093,2056,1325,1035,1287,2010,2065,2099,2103,2085,2016,1640,1226,2044,2080,2089,2099,2130,2096,1877,1259,2027,2083,2094,2140,2101,2005,1935,1259,2014,2090,2096,2106,2104,1975,1980,1236,2054,2074,2102,2093,1937,1979,1996,1192,1918,2024,2039,2050,1911,609,413,5,255,5,5,5,5,5,5,5,255,5,5,5,255,255,5,5,5,5,5,255,5,5,255,255,5,5,5,5,5,5,255,5,5,5,5,5,255,5,255,5,5,5,5,5,5,5,5,5,5,5,5,255,5,5,5,5,10,5,5,5,5,255,255
1780854615.624680,15023,1510343017,890,2035,2092,2084,2036,1430,1170,924,1114,1242,2079,2114,2082,2056,1302,1053,1269,2040,2060,2113,2128,2063,1939,1679,1289,2012,2080,2102,2097,2103,2077,1877,1311,2032,2060,2106,2109,2137,2030,1935,1273,2014,2122,2097,2106,2058,2026,2019,1235,2003,2051,2114,2091,1970,1955,1973,1220,1918,1999,2072,2050,2010,609,413,5,10,5,5,5,5,5,5,5,255,5,5,5,255,5,5,5,5,5,5,10,5,5,10,255,5,5,5,5,5,5,255,5,5,5,5,5,10,5,255,5,255,5,5,255,5,5,5,5,5,5,5,10,5,5,5,5,255,5,5,255,5,255,255
1780854615.724315,15024,1510443017,879,2059,2092,2096,2036,1352,1140,924,1092,1242,2012,2090,2091,2056,1293,1045,1268,2012,2061,2083,2128,2074,2056,1679,1269,2075,2085,2089,2116,2126,2075,1877,1384,2085,2112,2110,2149,2114,2082,1935,1246,2070,2077,2097,2154,2095,2026,1960,1238,2056,2100,2118,2076,1934,1940,1973,1208,1942,1999,2010,2050,2010,609,413,5,5,255,5,255,5,5,5,5,255,5,5,5,255,5,5,5,5,5,5,255,5,5,255,5,5,5,5,5,5,5,255,5,5,5,5,5,5,5,255,9,10,5,255,10,5,255,5,5,5,5,5,5,5,5,5,5,10,255,5,255,255,255,255
1780854615.825204,15025,1510543017,886,2059,2037,2028,1896,1518,1150,917,1133,1304,2012,2120,2091,2056,1344,1072,1294,1988,2095,2094,2088,2098,1993,1679,1343,2045,2078,2087,2100,2121,2039,1877,1243,2080,2101,2091,2149,2114,1996,1935,1305,2070,2099,2028,2113,2044,1942,1931,1252,2055,2099,2085,2072,1975,1963,2002,1225,1942,2001,2060,2050,1955,2021,413,5,255,10,5,10,9,5,5,5,10,255,5,255,255,5,5,5,5,5,5,10,5,5,255,5,5,5,5,5,5,5,255,5,5,5,9,255,255,5,255,9,255,5,10,5,5,10,5,5,5,5,5,5,5,5,5,5,255,10,5,255,10,10,255
1780854615.924557,15026,1510643017,899,2071,2079,2078,1896,1382,1171,948,1137,1952,2017,2088,2065,2056,1376,1082,1330,2008,2112,2079,2139,2102,1993,1690,1348,2073,2089,2081,2109,2103,2112,1845,1275,2077,2075,2067,2124,2079,2021,1935,1190,2059,2110,2028,2113,2065,1942,1891,1295,2021,2062,2144,2041,1990,1963,2022,1133,1942,2057,2025,2025,1955,2021,413,5,10,5,5,255,9,5,5,5,4,10,5,10,255,5,5,5,5,5,5,5,5,5,10,5,5,5,5,5,5,5,10,5,5,5,5,10,10,5,255,9,10,5,255,255,5,255,5,5,5,5,5,5,5,255,5,5,255,5,5,10,255,255,255
1780854616.023699,15027,1510743016,903,2056,2090,2082,2064,1416,1173,932,1102,1274,2017,2090,2071,2056,1361,1057,1260,2032,2110,2064,2087,2116,2047,1690,1317,2042,2091,2092,2103,2120,2070,1845,1294,2060,2040,2100,2124,2091,2104,1935,1287,2059,2125,2088,2129,2073,1897,1998,1207,2008,2096,2101,2011,1997,1969,2013,1204,1686,2066,2010,1975,1988,2039,413,5,5,5,5,10,5,9,5,5,255,255,5,5,255,5,5,4,5,5,5,5,5,5,255,5,5,5,5,5,5,5,255,5,5,5,5,255,5,5,255,5,255,5,10,10,5,10,5,5,5,5,5,5,5,10,5,5,10,5,5,5,10,10,255
1780854616.123688,15028,1510843017,887,2030,2090,2067,1861,1396,1160,942,1126,2021,2057,2038,2071,2056,1300,1098,1255,1997,2070,2068,2143,2118,2073,1690,1307,2026,2082,2085,2104,2127,2000,1845,1324,2060,2134,2083,2126,2050,2060,1935,1280,2059,2096,2051,2088,2096,1955,1955,1272,2063,2081,2127,2099,1974,1952,1999,1171,1686,2009,2022,1975,1940,2039,413,5,5,255,5,4,5,5,5,5,10,10,5,255,255,5,5,5,5,5,5,5,5,5,255,5,5,5,5,5,5,5,255,5,255,5,5,10,5,5,255,5,255,5,5,5,5,5,5,5,5,5,5,5,5,5,5,9,255,5,5,255,5,255,255
1780854616.224048,15029,1510943016,885,1984,2030,2094,1861,1412,1132,908,1125,1384,2088,2100,2051,1676,1375,1077,1279,2060,2028,2089,2085,2104,2007,1727,1305,2015,2082,2088,2101,2129,2092,1845,1352,2038,2082,2094,2103,2122,1988,1935,1256,2059,2135,2137,2082,2097,1974,1934,1244,2003,2110,2129,2087,1996,1969,1978,1213,1686,2040,2057,2030,1945,2039,413,5,5,10,5,255,9,5,5,5,5,5,5,10,10,5,5,5,5,255,5,5,5,5,10,9,5,5,5,5,5,5,255,9,10,5,5,5,5,5,255,5,255,5,5,5,5,5,5,5,5,5,5,5,5,5,5,5,255,5,5,10,5,255,255
1780854616.336350,15030,1511053017,872,2093,2104,2080,1976,1346,1162,923,1138,1404,2088,2084,2051,1676,1284,1043,1306,1986,2078,2084,2078,2107,2029,1727,1283,2059,2055,2087,2130,2129,2106,1845,1301,2038,2140,2089,2079,2122,2000,1935,1293,1982,2091,2137,2118,2091,1974,1953,1231,2027,2109,2104,2065,1924,1993,1972,1187,1710,1955,2065,2030,1982,1995,413,5,5,9,5,10,5,5,5,5,5,255,5,255,255,5,5,5,5,5,5,5,5,5,255,5,5,5,5,5,255,5,255,5,255,5,5,5,255,5,255,5,10,5,255,5,5,255,5,5,5,5,5,5,5,5,5,5,10,5,5,255,5,10,255
1780854616.435095,15031,1511153017,893,2089,2049,2077,1976,1438,1130,949,1185,1361,2014,2048,2065,2055,1318,1104,1230,1971,2084,2087,2099,2082,2047,1736,1294,2088,2091,2081,2125,2111,2018,1931,1279,2087,2052,2096,2117,2159,2005,1935,1264,2070,2109,2087,2106,2091,1974,1953,1236,1996,2103,2031,2065,1954,1983,1943,1166,1710,2056,2067,1956,2048,1984,413,5,5,5,5,255,5,5,5,5,255,10,5,10,10,5,5,5,5,5,5,5,5,5,10,5,5,5,5,5,10,5,10,5,10,5,5,5,10,5,255,5,5,5,10,5,255,255,255,5,5,5,5,255,5,5,255,5,255,5,255,10,5,5,255
1780854616.533433,15032,1511253017,881,2089,2049,2106,1976,1419,1118,934,1111,1344,2014,2137,2097,2116,1265,1076,1318,1994,2094,2096,2111,2085,2039,1736,1287,2014,2079,2081,2080,2109,2089,1900,1386,2074,2112,2113,2084,2091,2005,1935,1266,2045,2078,2106,2138,2075,1974,1952,1193,2033,2086,2063,2035,1945,2022,1943,1158,1710,2057,2053,1956,2010,1984,413,5,5,255,5,255,5,5,5,5,5,255,5,5,5,5,5,5,5,5,5,5,5,5,255,5,5,5,5,5,5,5,5,5,5,5,5,5,5,255,255,5,5,5,5,5,10,255,10,5,5,5,5,10,5,5,255,5,255,5,5,255,5,255,255
1780854616.634143,15033,1511353017,894,2042,2075,2079,1976,1394,1153,954,1112,1420,2014,2102,2078,1952,1361,1040,1290,2029,2111,2101,2093,2058,2033,1662,1218,2053,2086,2088,2127,2134,2114,1900,1238,2056,2104,2120,2148,2134,2005,1935,1291,2045,2099,2104,2140,2075,1974,1926,1226,2012,2082,2117,2090,1945,1963,1943,1195,1710,2043,2089,1939,1955,1984,413,5,5,10,5,255,5,5,5,5,5,255,5,5,9,255,5,5,5,5,5,5,5,5,10,5,5,5,5,5,5,5,255,5,5,5,5,5,5,255,255,5,255,5,5,5,255,255,5,5,5,5,5,5,255,5,255,5,255,5,5,10,5,255,255
1780854616.733725,15034,1511453017,891,1986,2060,2077,1976,1405,1143,963,1135,1402,2085,2052,2052,1952,1399,1080,1318,2034,2044,2080,2102,2063,2039,1662,1334,2058,2074,2079,2085,2136,2061,1954,1278,2056,2106,2098,2124,2125,2050,1935,1257,2088,2088,2104,2147,2075,1974,1985,1221,2101,2114,2119,2112,1949,1963,1943,1197,1710,2059,2035,2028,1955,1984,413,5,5,5,5,255,5,5,5,5,5,10,5,5,255,5,9,5,5,5,5,5,5,5,255,5,5,5,5,5,5,5,10,5,255,5,5,5,5,10,255,5,10,5,255,5,255,255,5,5,5,5,5,5,10,255,255,5,255,5,5,5,255,255,255
1780854616.833935,15035,1511553017,879,2074,2035,2072,1976,1384,1157,915,1127,1287,2014,2070,2047,1952,1375,1077,1272,1968,2105,2068,2102,2063,2116,1702,1291,1997,2032,2086,2112,2098,2019,1954,1289,2075,2052,2099,2131,2125,2031,1900,1296,2088,2075,2118,2095,2050,1964,1986,1247,2043,2122,2117,2128,1974,1999,1956,1209,1710,2046,2035,1969,2022,1984,413,5,5,5,5,255,5,5,5,5,255,5,5,5,255,5,5,5,3,5,5,255,255,5,10,5,5,5,5,5,5,5,255,5,10,5,5,5,5,5,10,5,255,5,10,5,10,10,5,5,5,5,5,5,5,10,10,5,255,5,255,5,10,255,255
1780854616.934675,15036,1511653017,882,2074,2073,2054,1976,1438,1151,924,1098,1607,2078,2083,2073,1952,1300,1071,1306,2047,2089,2113,2115,2039,2068,1702,1315,1997,2093,2081,2115,2110,2051,1954,1331,2019,2071,2130,2139,2125,2048,1900,1219,2088,2092,2070,2101,2095,1969,1986,1252,2059,2100,2105,2128,1952,1999,1956,1178,1710,2104,2044,1969,1998,1984,413,5,255,5,5,255,5,5,5,5,4,5,5,5,255,5,5,5,5,5,5,10,10,5,255,5,255,5,5,5,5,5,255,5,5,5,5,5,255,5,255,5,255,5,5,5,5,5,255,5,5,5,5,255,5,255,255,5,255,5,10,255,5,255,255
1780854617.033581,15037,1511753016,891,2074,2076,2042,1980,1433,1155,922,1100,1479,2100,2074,2050,1876,1350,1051,1276,1980,2062,2074,2069,2098,1967,1702,1232,2010,2066,2101,2108,2144,2037,1937,1348,2038,2043,2106,2102,2125,2001,1981,1293,2088,2097,2103,2137,2095,1936,1986,1228,2003,2038,2118,2101,1878,1955,1956,1204,1710,2091,2006,1978,1962,1917,413,5,255,5,5,10,5,5,5,5,5,5,5,5,10,5,5,5,5,5,5,5,5,5,10,5,10,5,5,5,5,5,10,5,5,5,5,5,255,5,10,5,255,5,5,5,255,5,255,5,5,5,5,10,5,10,255,5,255,5,5,10,5,10,255
1780854617.135264,15038,1511853017,874,2076,2076,2055,1928,1467,1143,925,1122,1325,2116,2072,2090,1876,1360,1083,1311,2045,2029,2083,2083,2056,2082,1712,1232,2002,2063,2080,2087,2104,2059,1913,1268,2055,2075,2074,2143,2125,2041,1887,1274,2068,2110,2103,2137,2043,1936,1986,1231,2089,2128,2113,2085,2003,1949,2004,1198,1710,2006,2006,1998,1962,1917,413,5,10,255,5,5,5,5,5,5,5,5,5,5,255,9,5,5,5,5,5,5,5,5,5,255,5,5,5,5,5,5,5,5,5,5,5,5,255,5,5,5,10,5,255,255,10,255,255,5,5,5,5,5,5,5,10,5,255,5,255,5,255,255,255
1780854617.234145,15039,1511953017,904,2072,2104,2062,1928,1407,1144,933,1118,1545,2116,2118,2038,1944,1402,1077,1295,1961,2082,2094,2111,2105,1978,1712,1335,2002,2056,2095,2091,2130,2067,1884,1305,2041,2112,2101,2134,2125,2042,1887,1249,2052,2086,2145,2115,2043,1957,1969,1234,2009,2111,2124,2093,1939,1954,1978,1196,1710,2043,2025,1987,2009,1917,413,5,5,10,5,255,5,5,5,5,4,255,5,5,10,5,5,9,5,5,5,5,5,5,255,10,255,5,5,5,5,5,5,5,5,5,5,5,255,5,255,5,5,5,10,10,255,10,10,5,5,5,5,5,5,5,255,9,255,5,10,5,10,255,255
1780854617.334868,15040,1512053017,899,2072,2104,2070,1976,1379,1143,925,1121,1545,2064,2083,2121,1944,1351,1068,1312,1917,2058,2105,2110,2100,1989,1712,1252,2024,2076,2087,2080,2135,2054,1884,1285,2012,2112,2101,2134,2059,2042,1887,1297,2106,2077,2107,2107,2073,1957,1969,1267,2071,2074,2129,2103,1971,1949,1933,1168,1710,2020,2054,2052,1971,1917,413,5,255,255,5,10,5,5,5,5,255,10,5,5,255,5,5,5,5,5,5,5,5,5,255,5,10,5,5,5,5,5,255,5,5,255,5,255,10,255,255,5,5,5,5,5,10,255,255,5,5,5,5,5,5,5,5,5,255,255,5,5,5,255,255
1780854617.436187,15041,1512153017,892,2103,2092,2061,1970,1403,1150,936,1126,1285,2097,2049,2121,1944,1299,1113,1282,1956,2080,2065,2110,2097,2017,1712,1280,2062,2077,2086,2087,2119,2027,1823,1365,2016,2087,2070,2086,2087,1947,1887,1276,2106,2102,2107,2151,2073,1957,1947,1238,2063,2076,2083,2054,2004,1967,1975,1209,1710,2104,2070,1975,2005,1946,413,5,10,10,5,5,5,5,5,5,10,5,5,255,255,5,9,5,5,5,5,5,5,5,255,5,5,5,5,5,5,5,10,5,5,10,5,10,5,10,255,5,255,5,255,5,255,255,10,5,255,5,5,5,5,5,5,5,255,5,5,5,5,10,255
1780854617.534831,15042,1512253017,886,2103,2092,2075,1970,1397,1173,937,1154,1680,2063,2020,2088,1944,1354,1045,1261,2011,2120,2121,2100,2096,1951,1647,1289,2077,2082,2092,2102,2125,2046,1823,1328,2057,2071,2098,2103,2114,1947,1998,1246,2106,2083,2106,2151,2073,1972,1955,1253,1998,2092,2131,2054,1960,1928,1938,1220,1903,2065,2048,1921,1992,1946,2039,5,255,255,5,255,5,5,5,5,4,5,5,10,255,5,5,5,5,5,5,5,5,5,10,5,5,5,5,5,5,9,255,5,5,5,5,5,5,255,10,5,255,5,10,255,255,10,5,5,5,5,5,255,5,5,5,5,10,5,5,5,5,255,10
1780854617.634590,15043,1512353017,889,2075,2092,2053,2016,1417,1150,947,1118,1680,2101,2096,2061,1944,1309,1062,1282,2018,2050,2106,2124,2096,2035,1661,1376,2019,2085,2087,2101,2135,2069,1823,1248,2046,2088,2057,2105,2091,2040,1998,1276,2106,2110,2165,2095,2053,1972,1958,1264,2051,2062,2126,2083,1975,1956,1970,1181,1903,2021,1971,1907,1930,1946,2039,5,10,255,5,10,5,5,5,9,255,5,5,5,255,5,5,5,5,5,5,5,255,5,5,5,5,5,5,5,5,5,255,5,5,9,5,5,5,10,255,5,255,5,5,10,10,255,5,5,5,5,5,10,5,5,5,5,255,5,5,5,5,255,255
1780854617.734536,15044,1512453017,877,1149,2089,2065,2016,1449,1138,932,1135,1344,2027,2129,2064,1908,1380,1079,1282,1919,2068,2100,2124,2096,2060,1673,1249,2042,2070,2094,2107,2133,2069,1823,1357,2059,2092,2084,2056,2070,2044,1998,1269,2106,2104,2165,2107,2021,1972,1958,1235,2082,2128,2083,2133,2031,1944,1989,1233,1903,2060,2021,1967,1904,1946,2039,5,4,10,5,255,5,5,5,5,10,5,5,5,10,5,5,5,5,5,5,255,255,5,5,5,5,5,5,5,5,5,255,5,5,5,5,5,5,5,255,5,255,5,255,5,5,255,255,5,5,5,5,5,5,5,5,5,255,5,5,5,5,255,255
1780854617.836107,15045,1512553017,886,2117,2065,2063,1997,1398,1157,938,1174,1439,2044,2055,2105,2053,1331,1072,1316,2023,2033,2062,2064,2077,1999,1673,1304,2067,2090,2101,2113,2097,2057,1954,1344,2063,2092,2117,2114,2140,2077,1924,1288,2106,2104,2165,2112,2090,1972,1956,1219,2037,2128,2076,2087,1944,1978,1989,1173,1896,2035,2072,1958,1904,1946,2039,5,4,5,5,10,5,5,5,9,5,5,5,5,5,5,5,5,5,5,5,10,10,5,255,5,5,5,5,5,5,5,10,5,5,255,5,5,5,5,10,5,255,5,255,5,5,255,10,5,5,255,5,5,5,5,255,5,10,5,5,5,255,255,255
1780854617.934687,15046,1512653017,914,1976,2101,2102,2034,1382,1108,930,1084,1392,2094,2083,2105,2053,1332,1060,1239,2023,2052,2085,2106,2077,2081,1673,1239,2029,2091,2060,2092,2100,2074,1852,1305,2078,2084,2070,2092,2140,2002,1924,1268,2055,2090,2138,2152,2037,1972,1956,1246,2057,2063,2142,2095,1934,1957,1959,1188,1896,2020,2098,1958,1904,1946,2039,5,5,5,5,5,5,5,5,5,255,5,5,255,255,5,5,5,255,5,5,5,255,5,255,5,5,5,5,5,5,5,5,9,5,10,5,5,255,5,255,5,10,5,10,5,5,255,255,5,5,10,5,5,5,5,10,5,255,5,5,255,255,255,255
1780854618.036251,15047,1512753017,891,1976,2124,2049,2041,1401,1170,926,1104,1437,2056,2129,2105,2053,1364,1094,1255,2024,2058,2094,2106,2085,2023,1679,1357,2007,2064,2070,2089,2090,2087,1852,1315,2033,2055,2129,2130,2140,2059,1924,1275,2055,2086,2144,2152,2082,1944,1956,1223,1986,2101,2066,2094,1954,1935,1946,1195,1852,2043,2060,1972,1990,1946,2039,5,255,5,5,9,5,5,5,5,5,5,5,255,255,5,5,5,10,5,5,255,10,5,10,5,5,5,5,5,5,5,255,5,5,5,5,5,255,5,255,5,255,5,5,255,5,10,255,5,5,5,5,5,5,5,5,5,10,5,5,10,10,255,255
1780854618.133903,15048,1512853017,874,2076,2086,2094,2041,1465,1177,963,1146,1437,2056,2103,2098,2053,1292,1098,1272,1978,2096,2077,2069,2156,1955,1679,1240,2059,2092,2063,2079,2127,2119,1852,1273,1991,2087,2075,2130,2096,1983,1924,1187,2055,2102,2099,2110,2052,1981,1956,1230,1988,2105,2116,2061,2049,1952,1938,1204,1668,2043,2077,1987,1996,1946,2039,5,10,5,5,255,5,5,5,5,255,255,5,10,255,5,5,5,5,5,5,10,5,5,255,5,5,5,5,5,5,5,255,5,5,5,5,255,10,5,255,5,255,5,5,10,5,5,255,5,5,5,5,5,5,5,5,5,4,255,5,5,5,255,255
1780854618.233931,15049,1512953017,879,2076,1987,2086,2053,1458,1182,938,1103,1348,2104,2103,2072,2053,1332,1053,1324,2068,2068,2095,2075,2141,2002,1667,1306,2076,2091,2084,2096,2080,2096,1885,1330,2019,2049,2098,2118,2034,2020,1924,1268,2015,2114,2106,2101,2052,1981,1912,1243,2058,2052,2111,2086,1978,1931,1938,1166,1668,2001,2045,1955,1996,1946,2039,5,255,5,5,10,5,5,5,5,255,10,255,5,255,5,5,5,5,5,5,5,5,5,10,5,5,5,5,5,5,5,10,9,5,5,5,10,5,5,255,5,10,5,5,5,255,255,10,5,5,5,5,5,5,5,255,5,255,10,5,5,255,255,255
1780854618.334152,15050,1513053017,872,2054,2053,2102,2085,1458,1176,928,1115,1348,2070,2051,2072,2065,1351,1027,1280,1921,2097,2103,2176,2100,2065,1667,1366,2076,2085,2105,2104,2104,2065,1885,1344,2096,2054,2090,2071,2034,2037,2033,1328,2015,2074,2113,2100,2052,1989,2014,1269,2058,2086,2100,2088,1931,1931,1938,1194,1668,2084,2045,1997,1953,1946,2039,5,10,5,5,5,255,5,5,5,255,5,10,255,10,9,5,9,5,5,5,5,5,5,255,5,255,5,5,5,5,5,255,5,5,5,5,5,255,5,10,5,255,5,5,5,255,10,5,5,255,5,5,5,5,5,255,5,255,5,255,5,10,255,255
1780854618.436543,15051,1513153017,883,2054,2053,2065,2057,1458,1175,936,1089,2073,2070,2094,2015,2065,1361,1104,1268,1995,2053,2104,2148,2107,1988,1706,1266,2041,2099,2092,2077,2129,2030,1885,1304,2183,2124,2072,2091,2125,2002,2033,1253,2015,2104,2107,2098,2115,1985,1961,1221,2045,2086,2085,2090,1976,1963,1936,1221,1668,2066,2083,1997,1956,1946,2039,5,255,255,5,5,255,5,5,5,10,255,5,10,255,5,5,5,5,5,5,5,5,9,10,5,10,5,5,5,5,5,255,5,5,5,5,5,10,5,255,5,255,5,5,5,10,5,5,5,10,255,5,5,5,5,10,5,255,5,10,255,5,255,255
1780854618.535208,15052,1513253017,912,2048,2071,2065,2059,1763,1180,942,1108,1279,2070,2087,2015,2065,1344,1081,1247,1974,2087,2072,2133,2107,2050,1706,1274,2021,2063,2083,2115,2042,2078,1932,1314,2023,2080,2059,2130,2092,2095,1920,1218,2057,2098,2107,2098,2019,1925,1972,1219,1978,2084,2102,2106,1926,1963,2001,1214,1668,2031,2042,1942,1891,1946,2039,5,10,10,255,5,10,5,5,5,255,255,5,255,255,9,5,9,9,5,5,5,255,5,255,5,5,5,5,5,5,5,10,5,5,5,5,5,5,5,10,5,10,5,255,5,5,5,5,5,5,10,5,5,5,255,5,5,255,5,5,10,5,255,255
1780854618.634721,15053,1513353016,889,2048,2087,2079,2089,1763,1173,939,1075,1356,2053,2064,2100,2065,1263,1092,1245,2058,2081,2072,2087,2107,2100,1721,1230,2048,2068,2082,2092,2135,2029,1897,1300,2042,2085,2077,2121,2097,2001,1920,1256,2026,2095,2118,2121,2051,1925,1995,1259,2050,2088,2107,2047,1954,1998,1945,1186,1668,2071,2050,2040,1991,1946,2039,5,255,5,10,5,255,5,5,5,9,10,5,10,255,5,5,5,5,5,5,5,255,5,10,5,5,5,5,5,5,5,5,5,5,5,5,5,5,5,255,5,5,5,10,5,5,255,5,5,5,5,5,5,5,10,5,5,255,5,5,5,5,255,255
1780854618.735208,15054,1513453017,874,1981,2053,2081,2072,1763,1176,922,1111,1356,2057,2064,2100,2065,1280,1050,1285,2058,2089,2102,2124,2116,2012,1721,1332,2014,2079,2081,2091,2108,2002,1897,1291,2061,2096,2079,2115,2114,2001,1950,1296,2026,2089,2165,2077,2107,1936,1995,1216,2010,2088,2095,2133,1939,1988,1945,1196,1647,2063,2067,2002,1991,1946,2039,5,10,5,5,5,255,5,5,5,255,5,255,255,255,255,5,5,255,5,5,5,10,5,255,5,5,5,5,5,5,5,255,5,5,5,5,5,5,255,10,9,255,5,5,5,5,10,255,5,5,255,5,5,5,5,255,5,10,5,5,5,255,255,255
1780854618.835518,15055,1513553017,899,2076,2070,2017,2155,1763,1189,944,1129,1302,2055,2064,2100,2065,1401,1087,1295,2025,2014,2087,2099,2082,1994,1721,1316,1969,2063,2098,2097,2118,2080,1878,1303,2019,2093,2097,2111,2114,2047,1950,1259,2009,2120,2081,2119,2040,1936,1925,1245,1983,2087,2113,2083,2058,1925,1945,1210,1647,2035,2049,1984,1991,1946,2039,5,5,5,5,5,255,5,5,5,255,5,255,255,255,5,5,5,10,5,5,5,5,5,255,5,5,5,5,5,5,5,10,5,5,5,5,5,255,10,255,5,10,5,5,5,5,255,10,5,5,10,5,5,5,5,255,5,255,5,5,255,255,255,255
1780854618.934875,15056,1513653017,885,2076,2070,2069,2089,1763,1236,925,1127,1434,2015,2041,2100,2065,1323,1049,1329,2130,2076,2066,2087,2098,2018,1721,1315,2039,2064,2093,2132,2108,2081,1878,1183,1991,2092,2109,2097,2103,2073,1951,1249,2009,2089,2069,2104,2040,1936,1925,1231,2062,2087,2127,2074,2058,1958,1974,1214,1647,1996,2032,1984,1960,1946,2039,5,255,255,5,5,255,9,5,5,5,5,10,255,255,5,9,5,5,5,5,5,5,5,255,5,5,5,5,5,5,5,255,5,5,5,5,5,10,5,10,5,255,5,5,5,255,255,255,5,5,5,5,5,255,5,10,5,255,5,5,255,10,255,255
1780854619.036031,15057,1513753017,893,2076,2068,2069,2078,2117,1226,909,1116,1464,2015,2045,2099,1993,1419,1047,1265,2012,2091,2081,2087,2098,2041,1721,1219,2003,2087,2100,2100,2106,2068,1984,1268,2043,2068,2085,2111,2100,2042,1961,1254,2055,2112,2069,2078,2119,1938,1925,1271,2060,2068,2117,2082,2047,1971,1974,1223,1647,2055,1994,1941,1983,1946,2039,5,255,10,255,5,10,5,5,9,5,255,5,10,10,5,5,5,5,5,5,255,255,5,255,5,5,5,5,5,5,5,10,5,5,5,5,5,5,5,5,9,10,5,255,5,10,10,255,5,5,5,5,5,10,5,255,5,255,5,5,10,5,255,255
1780854619.144878,15058,1513863017,897,2035,2068,2088,2112,2117,1178,951,1135,1350,2082,2067,2099,1993,1298,1038,1320,2011,2067,2068,2075,2097,2023,1721,1315,2079,2074,2096,2112,2139,2037,1938,1308,2043,2104,2097,2117,2100,2042,2027,1268,2055,2089,2112,2073,2119,1938,1950,1224,1977,2038,2130,2104,1975,1977,2004,1126,1647,1971,2042,2011,1975,1946,2039,5,10,255,10,5,255,5,5,5,5,10,5,255,255,5,5,5,5,5,5,10,10,5,255,5,5,5,5,5,5,5,5,5,255,5,5,5,255,255,5,5,255,5,10,5,255,255,10,5,5,5,5,5,5,5,10,5,255,5,5,5,5,255,255
1780854619.244773,15059,1513963017,899,2035,2037,2071,2064,2117,1247,951,1104,1320,2025,2063,2094,1993,1340,1052,1265,2046,2056,2102,2105,2139,2066,1721,1278,2052,2080,2079,2115,2144,2097,1938,1265,2039,2093,2119,2119,2098,1969,1869,1208,2055,2092,2098,2094,2016,1961,1950,1224,2079,2099,2088,2054,2026,1954,1961,1184,1647,1992,2040,2020,1978,1946,2039,5,255,10,5,5,255,9,5,5,255,5,5,10,255,9,5,5,5,5,5,5,5,5,255,5,5,5,5,5,5,5,255,5,10,5,5,5,10,10,5,5,255,5,5,5,10,10,255,9,5,5,5,5,5,5,5,5,255,5,5,5,5,255,255
1780854619.349608,15060,1514063017,883,2096,2037,2071,2085,2117,1214,936,1111,1498,2025,2051,2094,2086,1341,1047,1286,2036,2055,2110,2093,2091,2094,1721,1287,2038,2087,2095,2092,2144,2063,1938,1241,2059,2093,2088,2106,2098,2028,1970,1279,2036,2075,2091,2073,2016,1982,1928,1226,2066,2143,2107,2132,1975,1988,1969,1139,1647,2129,1966,1912,1926,1946,2039,5,10,255,5,5,255,5,5,5,5,255,5,255,10,5,5,5,5,5,5,5,5,5,255,5,5,5,5,5,5,5,255,5,5,255,5,5,255,5,9,5,10,5,5,5,255,5,10,5,5,5,5,5,5,9,5,5,255,5,5,5,5,255,255
1780854619.443955,15061,1514163017,877,2032,2033,2044,2111,2117,1188,935,1098,1314,2053,2071,2094,2086,1321,1073,1311,1930,2093,2093,2076,2096,2054,1721,1287,2034,2064,2087,2086,2093,2068,1855,1333,2023,2067,2108,2085,2187,2002,1970,1292,2005,2125,2065,2140,2071,1982,1959,1240,2058,2090,2094,2077,1975,1988,2032,1204,1647,2018,2027,2003,1989,1946,2039,5,5,10,5,5,255,5,5,5,255,10,5,255,255,5,5,5,5,5,5,5,5,5,255,5,5,5,5,5,5,5,10,5,5,10,5,5,10,5,255,5,5,5,5,5,10,255,5,5,9,5,5,5,255,255,5,5,255,5,5,5,5,255,255
1780854619.544971,15062,1514263017,907,2099,2033,2087,2069,1955,1219,935,1070,1314,2036,2090,2094,2086,1358,1085,1275,2063,2091,2074,2052,2096,1996,1721,1306,1999,2066,2095,2108,2111,2050,1855,1293,2070,2100,2099,2128,2098,2031,1946,1275,2005,2107,2065,2140,2106,1982,1959,1271,2043,2109,2125,2129,1946,1988,2032,1251,1647,2098,2071,1996,1989,1946,1964,5,5,255,5,5,10,9,5,5,255,5,5,255,255,5,5,9,5,5,5,5,255,255,255,5,5,5,5,5,5,5,255,5,5,5,5,5,5,5,10,5,255,5,255,255,5,255,255,5,5,5,5,5,10,255,255,5,255,5,5,5,255,255,10
1780854619.645933,15063,1514363017,886,2099,2070,2092,2082,1955,1179,958,1125,1309,2038,2106,2094,2086,1380,1008,1248,2056,2044,2095,2152,2035,2074,1721,1256,2021,2095,2061,2099,2118,2074,1796,1313,2022,2112,2145,2130,2098,2036,1946,1242,2095,2097,2096,2113,2065,1969,1959,1210,2110,2099,2049,2127,2005,1966,1997,1173,1647,2067,2016,1950,2015,1946,1964,5,255,10,5,5,255,5,5,5,255,5,5,255,255,255,5,5,5,5,5,5,10,5,255,255,5,5,5,5,5,5,10,5,5,5,5,5,255,5,255,5,10,5,10,10,5,10,255,5,5,5,5,5,5,10,10,5,255,5,5,5,10,255,255
1780854619.744874,15064,1514463017,881,2099,2038,2106,2017,1955,1170,919,1142,1309,2055,2061,2094,2086,1317,1071,1278,1993,2094,2072,2099,2079,2073,1721,1265,2071,2059,2090,2070,2103,2074,1878,1255,2048,2114,2079,2124,2176,2082,1946,1314,2095,2088,2080,2135,2052,1969,1944,1168,2067,2070,2107,2062,2005,1966,1971,1184,1647,2051,2096,1950,2015,1946,1964,5,255,5,5,5,255,5,5,9,255,5,5,255,255,5,5,5,5,5,5,5,5,5,255,5,5,5,5,5,5,255,5,5,5,5,5,5,10,5,255,5,255,5,5,5,5,255,10,5,5,5,5,5,255,255,5,5,255,5,5,255,255,255,255
1780854619.846656,15065,1514563017,868,2071,2038,2102,2069,1955,1191,932,1136,1959,2055,2084,2031,2086,1335,1093,1303,2004,2067,2106,2127,2050,2081,1680,1253,2063,2074,2077,2085,2102,2042,1878,1268,2027,2095,2082,2097,2105,2013,1946,1303,2061,2105,2082,2102,2037,1960,1976,1190,2074,2096,2099,2106,1942,1980,1938,1161,1647,2040,2096,1950,1971,1946,1964,5,10,255,5,5,255,5,5,5,10,255,5,10,255,5,5,9,5,5,5,5,5,5,10,5,5,5,5,5,5,10,255,5,5,5,5,5,5,5,255,5,10,5,5,5,5,10,5,5,5,5,5,5,10,10,5,5,255,5,255,255,10,255,255
1780854619.944202,15066,1514663017,878,2051,2016,2112,2084,1955,1234,957,1119,2076,2055,2103,2031,2110,1344,1042,1342,2037,2110,2065,2127,2114,2082,1726,1327,1992,2079,2077,2076,2094,2063,1878,1303,2066,2144,2090,2090,2108,2064,1953,1214,2023,2120,2088,2143,2084,1960,1990,1158,1990,2110,2100,2081,1954,1977,1938,1227,1647,2040,2094,1950,1943,1946,1964,5,5,10,5,5,255,5,5,5,4,255,255,255,10,5,5,9,5,5,5,255,5,5,5,5,5,5,5,5,5,5,255,5,5,5,5,5,5,5,10,5,5,5,5,5,5,255,5,5,5,5,5,5,5,5,255,5,255,255,10,255,5,255,255
1780854620.044095,15067,1514763017,881,2075,2029,2104,2083,1955,1226,938,1107,1424,2037,2036,2031,2110,1308,1061,1292,1986,2078,2067,2127,2088,2066,1614,1284,2055,2075,2086,2091,2078,2057,1878,1317,2068,2063,2095,2136,2099,2064,1953,1256,2054,2122,2188,2130,2043,1963,1958,1267,1989,2120,2053,2087,1970,1971,1938,1213,1647,2043,2004,1948,1943,1946,1964,5,5,5,5,5,255,5,5,5,5,10,5,255,255,5,5,5,5,5,5,255,5,5,5,5,5,5,5,5,5,5,255,9,5,5,5,5,5,255,255,5,5,5,5,5,5,10,5,5,5,5,5,5,5,5,255,5,255,10,5,255,255,255,255
1780854620.143583,15068,1514863017,900,2015,2029,2104,2059,1955,1181,965,1106,1424,2049,2074,2031,2110,1349,1059,1272,1986,2068,2064,2109,2129,2095,1758,1302,2017,2070,2079,2084,2083,2071,1878,1204,2068,2110,2063,2071,2112,1979,1953,1349,1950,2091,2120,2126,2062,1925,1975,1291,2034,2062,2114,2057,1994,1972,1982,1207,1647,2043,2011,2053,1960,1946,1280,5,5,255,255,5,255,5,5,5,255,5,5,255,255,5,5,5,255,5,5,10,5,5,5,5,5,5,5,5,5,5,255,5,255,5,5,5,5,10,255,5,5,5,5,5,5,5,5,5,5,5,5,5,5,5,10,5,255,5,5,5,10,255,10
1780854620.243709,15069,1514963017,869,2015,2095,2096,2051,1471,1219,939,1101,1424,2091,2033,2137,2110,1367,1056,1315,1997,2128,2069,2108,2143,2095,1758,1288,2013,2066,2101,2096,2087,2023,1871,1323,2073,2079,2096,2095,2112,2014,1953,1227,2046,2122,2120,2133,2062,1973,1949,1220,2076,2117,2110,2083,1974,1942,1946,1170,1647,2078,2031,2053,1960,1946,1280,5,255,10,10,5,10,5,5,5,255,5,5,10,255,5,5,5,10,5,5,5,5,255,255,5,5,5,5,5,5,5,10,5,10,5,5,5,255,5,255,5,5,5,255,5,255,5,5,9,5,5,5,5,5,5,5,5,255,5,5,255,255,255,255
1780854620.344216,15070,1515063017,883,2015,2075,2096,2057,2045,1170,958,1112,1267,1997,2112,2137,2110,1244,1108,1267,2017,2118,2089,2087,2129,2062,1758,1250,2035,2074,2085,2093,2078,2063,1871,1284,2054,2087,2077,2094,2032,1995,1953,1290,2046,2046,2112,2133,2041,1973,1942,1236,2020,2148,2109,2073,1942,1987,1988,1193,1838,2017,2057,1983,1960,1946,1280,5,255,5,5,5,4,5,5,5,255,5,5,255,255,5,5,5,5,5,5,5,5,10,255,5,5,5,5,5,5,5,255,5,5,5,5,5,10,5,255,5,255,5,10,255,10,255,5,5,5,5,5,5,5,5,5,5,10,5,5,10,255,255,255
1780854620.444707,15071,1515163017,901,2064,2066,2078,2078,2045,1189,936,1139,1267,1997,2026,2137,2110,1299,1108,1290,2033,2048,2058,2087,2099,2062,1758,1328,2063,2073,2095,2093,2115,2039,1898,1248,2030,2080,2102,2111,2117,1987,1953,1249,2121,2081,2184,2133,2107,1920,1995,1235,2061,2114,2167,2096,1958,1917,1925,1182,1795,2025,2021,2055,1960,1946,1280,5,10,5,5,5,255,5,5,5,255,255,5,255,255,5,9,5,5,5,5,255,5,255,255,5,5,5,5,5,5,5,10,255,5,5,5,5,5,5,255,5,10,5,5,255,5,10,255,5,5,5,5,5,255,5,5,5,5,5,5,5,255,255,255
1780854620.543904,15072,1515263017,873,2054,2066,2102,2074,2045,1158,921,1091,1324,1997,2079,2108,2110,1307,1048,1235,2043,2076,2085,2077,2109,2054,1758,1252,2038,2072,2095,2128,2142,2073,1844,1295,2046,2080,2092,2078,2117,2010,1953,1264,2037,2083,2054,2165,2093,1920,1975,1244,2049,2084,2130,2114,1958,1974,1957,1161,1885,2052,1974,2046,1970,1946,1280,5,5,255,9,5,255,5,5,9,10,255,5,10,255,5,5,5,3,5,5,10,5,10,255,5,5,5,5,5,5,5,9,5,5,255,5,5,255,5,255,5,5,5,5,10,5,255,5,5,5,5,5,5,5,255,5,5,5,5,5,5,10,255,255
1780854620.646611,15073,1515363016,890,2044,2028,2000,2107,1487,1209,918,1119,1369,1967,2099,2108,2110,1342,1051,1261,1965,2067,2122,2118,2077,2015,1734,1283,2073,2085,2097,2140,2110,2101,1844,1306,2086,2071,2073,2108,2135,2027,1961,1291,2064,2076,2054,2117,2066,1920,1969,1255,2032,2117,2116,2087,1995,1970,1911,1207,1885,1987,2006,2008,2017,1946,1280,5,5,10,5,5,10,5,5,9,5,10,5,255,255,5,5,5,5,5,5,5,5,5,10,5,5,5,5,5,5,5,255,5,5,10,5,5,10,5,10,5,5,5,255,5,5,255,5,5,5,5,5,5,5,5,5,5,255,5,5,5,5,255,255
1780854620.745031,15074,1515463017,872,2069,2012,2077,2083,1487,1223,928,1115,1412,2050,2061,2108,2110,1265,1104,1272,1965,2044,2090,2078,2102,2032,1734,1282,2032,2073,2075,2105,2086,1996,1915,1312,2086,2131,2067,2160,2074,2045,1961,1337,2064,2060,2054,2104,2035,1920,1969,1248,1948,2107,2056,2082,1958,1976,1999,1201,1885,2105,1892,2037,1993,1946,1280,5,5,5,5,5,255,5,5,5,5,5,5,255,255,5,9,5,255,5,5,5,5,5,255,5,5,5,5,5,5,5,10,5,255,5,5,5,5,5,255,5,255,5,255,5,5,255,255,5,5,5,5,5,5,255,5,5,255,5,5,5,5,255,255
1780854620.846950,15075,1515563017,895,2046,2012,2067,2077,2067,1190,945,1122,1412,2089,2097,2108,2110,1382,1049,1252,2024,2059,2079,2078,2113,1881,1784,1259,2046,2077,2083,2095,2127,2011,1915,1259,2007,2131,2096,2132,2127,2045,1927,1263,2064,2064,2115,2102,2098,1968,1944,1251,2106,2136,2117,2084,1925,1973,1958,1170,1885,2024,2057,2037,1971,1946,1280,5,5,255,5,5,10,5,5,5,255,5,5,255,255,5,5,5,10,5,5,255,5,9,10,5,5,5,5,5,5,5,255,5,10,255,5,5,5,255,10,5,255,5,10,5,5,10,10,5,5,5,5,5,5,5,255,5,255,5,5,255,5,255,255
1780854620.944834,15076,1515663017,899,2046,2064,2063,2137,2067,1222,930,1121,1412,2057,2112,2108,2110,1294,1077,1292,1971,2075,2075,2112,2084,1987,1784,1220,2029,2070,2089,2088,2117,2080,2014,1333,2077,2122,2074,2132,2127,2045,1927,1251,2012,2103,2148,2102,2098,1968,1944,1211,2074,2075,2112,2098,1995,1993,2013,1196,1885,2037,2066,2013,1968,1946,1280,5,255,10,5,5,255,5,5,5,255,5,5,255,255,5,5,5,5,5,5,10,5,9,255,5,5,5,5,5,5,5,10,5,5,10,5,5,255,255,255,5,10,5,5,255,255,255,255,5,5,5,5,5,5,5,5,5,255,5,5,10,5,255,255
1780854621.046282,15077,1515763017,886,2116,2064,2026,2088,2067,1215,932,1120,1412,1993,2105,2108,2110,1285,1076,1278,1971,2107,2070,2076,2115,2023,1784,1220,2107,2082,2086,2110,2110,2054,2014,1293,2077,2129,2090,2106,2143,2045,1927,1277,2012,2093,2148,2084,2086,1968,1976,1232,2061,2088,2074,2067,1930,1940,1974,1211,1825,2085,2033,2002,1968,1946,1280,5,10,255,5,5,255,5,5,5,255,5,5,255,255,5,5,5,255,5,5,5,5,5,255,255,5,5,5,5,5,5,255,5,255,5,5,5,10,255,255,5,255,5,255,10,10,255,10,5,5,5,5,5,5,5,5,5,10,5,5,5,255,255,255
1780854621.143677,15078,1515863017,889,2073,2064,2054,2090,2067,1208,935,1175,1474,1993,2085,2108,2110,1291,1079,1285,2051,2064,2059,2076,2138,1992,1667,1273,2040,2059,2076,2107,2083,2054,2014,1321,1983,2062,2076,2077,2143,2058,1927,1268,2085,2086,2072,2161,2070,1964,1968,1233,2042,2081,2115,2082,1960,1911,2026,1160,1825,2015,2046,2002,1968,1946,456,5,5,255,5,5,255,5,5,5,10,255,5,255,255,5,5,9,10,5,5,255,5,5,10,10,5,5,5,5,5,255,255,255,10,5,5,5,255,10,255,5,10,5,10,5,5,10,5,5,5,5,5,5,5,5,5,5,255,5,5,255,255,10,10
1780854621.244165,15079,1515963017,897,2073,2064,2092,2082,2067,1150,952,1124,1474,1993,2080,2043,2110,1296,1072,1304,2051,2104,2066,2076,2123,2045,1693,1250,2008,2068,2083,2095,2079,2032,1872,1285,2054,2114,2097,2102,2166,2055,1927,1260,2015,2061,2072,2109,2070,1988,1968,1255,1995,2082,2127,2104,1973,1911,2026,1181,1825,2046,2007,1949,1957,1946,456,5,255,255,5,5,255,5,5,5,255,255,5,10,255,5,5,5,255,5,5,255,5,5,5,5,5,5,5,5,5,10,10,5,5,5,5,5,10,5,255,5,5,5,255,5,255,5,255,5,5,5,5,5,5,255,255,5,255,5,5,10,10,255,255
1780854621.346714,15080,1516063017,892,2030,2044,2100,2084,2067,1226,928,1081,1474,2083,2109,2102,2102,1275,1063,1264,2051,2061,2078,2076,2065,2011,1693,1263,2059,2057,2087,2118,2100,2053,1872,1265,2038,2092,2091,2096,2166,2045,1927,1256,2015,2063,2072,2107,2052,1988,1981,1204,1987,2071,2143,2104,1970,1988,2017,1217,1825,2032,2023,1949,1973,1946,456,5,10,10,5,5,255,5,5,9,255,10,5,5,10,5,5,5,255,5,5,255,5,5,255,5,5,5,5,5,5,5,255,5,5,5,5,5,255,5,255,5,255,5,255,5,10,255,10,5,5,5,5,255,5,255,10,5,255,5,5,255,5,255,255
1780854621.444827,15081,1516163017,896,2067,2038,2067,2022,2067,1181,921,1115,1474,2058,2089,2047,2102,1313,1104,1311,2056,2085,2088,2076,2104,2042,1699,1202,2059,2055,2091,2116,2127,2047,1872,1345,2147,2092,2107,2084,2166,2045,1927,1277,2015,2093,2098,2097,2052,1942,2013,1261,2059,2078,2095,2108,1942,1949,1968,1169,1825,2097,2063,2030,1968,1946,456,5,5,5,5,5,255,5,5,5,255,5,5,5,255,5,5,5,10,5,5,255,5,255,10,5,255,5,5,5,5,5,255,5,5,255,5,5,255,255,255,5,255,5,10,5,255,10,5,9,5,5,5,10,5,5,5,5,255,5,5,10,5,255,255
1780854621.544500,15082,1516263017,902,2045,2115,2056,2114,1832,1215,942,1145,1474,2058,2091,2047,2102,1362,1068,1331,2094,2093,2087,2076,2135,2104,1652,1259,2059,2066,2080,2074,2134,2079,1872,1289,2019,2097,2085,2090,2095,1972,1927,1286,2011,2109,2100,2090,2052,1986,2013,1219,2022,2141,2095,2073,2006,1967,1899,1204,1832,1944,2057,1946,1968,1946,2125,5,5,5,5,5,10,5,5,9,255,255,5,255,255,5,5,5,5,5,5,255,5,5,5,5,255,5,5,5,5,5,255,5,5,10,5,5,10,10,255,5,10,5,5,5,255,5,255,5,5,5,5,5,5,5,5,5,10,5,5,5,255,255,10
1780854621.644819,15083,1516363017,879,2068,2025,2082,2094,1832,1202,964,1114,1430,2005,2082,2061,2102,1301,1028,1301,2031,2069,2070,2076,2110,2100,1695,1315,2043,2065,2095,2088,2107,2048,1872,1304,2070,2098,2079,2118,2136,1998,1927,1236,2011,2111,2100,2123,2072,2004,1955,1229,1997,2088,2144,2081,1951,1958,1969,1165,1832,2023,2060,1996,1968,2000,2125,5,5,5,5,5,255,5,5,5,10,10,5,10,255,5,5,5,5,5,5,255,5,5,5,5,10,5,5,5,5,5,255,5,5,5,5,5,5,5,255,5,255,5,255,5,10,5,10,5,5,5,5,5,5,5,5,5,255,5,5,5,255,10,255
1780854621.744944,15084,1516463017,889,2074,2079,2071,2056,1832,1249,951,1150,2045,2100,2042,2061,2128,1320,1089,1343,1895,2085,2093,2062,2100,2088,1697,1314,2073,2090,2085,2106,2108,2070,1872,1318,2032,2035,2079,2108,2100,1998,1927,1312,2011,2074,2100,2136,2013,1929,1933,1229,2024,2105,2120,2059,1960,1971,2001,1210,1832,2101,2044,1996,1968,2000,2125,5,5,5,5,5,255,5,5,5,4,5,5,255,10,5,5,5,5,5,5,10,5,5,5,5,5,5,5,5,5,5,255,5,5,5,5,5,5,255,255,5,255,5,255,5,5,5,5,5,5,5,5,5,5,5,5,5,255,5,5,255,255,255,255
1780854621.854260,15085,1516573017,869,2012,2079,2062,2077,1832,1174,938,1124,1353,2089,2046,2063,2128,1383,1076,1323,2054,2076,2102,2088,2108,1972,1697,1249,1979,2057,2094,2093,2127,2081,1872,1255,2024,2035,2063,2108,2094,1984,1991,1280,1998,2106,2104,2136,2080,2050,2005,1208,2066,2094,2112,2132,1931,1990,1961,1225,1183,2064,2042,1938,1968,2043,2125,5,5,255,5,5,255,5,5,5,4,5,5,10,255,5,5,5,5,5,5,5,5,5,255,5,5,5,5,5,5,5,255,5,5,255,5,5,5,10,10,9,10,5,10,255,5,5,5,5,5,5,5,5,255,5,5,9,10,5,5,255,255,10,255
1780854621.954930,15086,1516673017,907,2049,2086,2066,2070,1832,1179,940,1155,1353,2089,2023,2063,2128,1390,1115,1281,2054,2097,2055,2066,2131,2058,1732,1218,2050,2072,2088,2115,2160,2031,1872,1355,2046,2110,2094,2108,2094,2006,1991,1217,1998,2070,2104,2065,2021,1922,1953,1218,2039,2106,2114,2095,1976,1914,1961,1168,1811,2064,2042,1946,1969,1981,2125,5,5,10,5,5,255,5,5,5,255,255,5,255,255,9,5,5,255,5,5,5,5,5,10,5,5,5,5,5,5,5,255,5,5,10,5,5,255,5,255,5,255,5,255,10,5,5,5,5,5,5,5,5,5,5,255,5,4,255,255,5,10,5,255
1780854622.054939,15087,1516773016,882,2057,2073,2069,2054,1832,1198,947,1127,1326,2069,2090,2062,2128,1389,1077,1287,2111,2118,2095,2078,2068,2057,1732,1286,2050,2088,2086,2097,2077,2034,1872,1329,2034,2115,2111,2081,2090,2003,2045,1277,1998,2078,2112,2084,2065,1907,1971,1242,2053,2117,2144,2080,2032,1917,1961,1195,1811,2020,2076,2008,1909,1888,2125,5,5,5,5,5,255,5,5,5,10,10,5,10,255,5,5,5,10,5,5,5,5,5,255,5,255,5,5,5,5,5,255,5,5,5,5,5,10,5,10,9,255,5,10,5,5,5,5,5,5,5,5,5,5,5,255,5,255,10,10,5,5,5,255
1780854622.153659,15088,1516873017,891,2056,2054,2099,2093,1832,1213,943,1121,1326,2069,2054,2081,2128,1296,1074,1292,2069,2084,2042,2078,2095,2065,1713,1262,2050,2090,2080,2112,2124,2058,1872,1335,2017,2095,2142,2107,2124,2003,2045,1289,1990,2080,2118,2110,2039,1907,1951,1242,2020,2100,2079,2055,1931,1965,1953,1189,1811,2075,2029,2008,1952,1888,2125,5,5,5,5,5,255,5,5,5,255,255,5,5,255,5,5,9,255,5,5,255,5,5,10,5,255,5,5,5,5,5,255,5,5,5,5,5,5,255,255,9,10,5,5,5,5,255,5,5,5,5,5,5,5,5,10,5,255,5,5,255,5,255,255
1780854622.254592,15089,1516973017,881,2123,2090,2114,2089,1832,1177,935,1132,1995,2044,2063,2081,2110,1326,1085,1309,2037,2079,2089,2112,2050,2029,1713,1262,2054,2073,2084,2062,2117,2125,1961,1263,2068,2116,2072,2134,2135,2037,1933,1279,1990,2109,2114,2128,2039,1907,1978,1200,2033,2098,2085,2090,1998,1952,2003,1201,1811,2023,1955,1986,1945,1888,2125,5,5,5,5,5,255,5,5,5,10,10,5,255,10,5,5,9,5,5,5,10,5,5,255,255,10,5,5,5,5,5,10,5,5,5,5,5,5,10,10,5,255,5,5,5,255,255,5,5,5,9,5,5,5,5,5,5,255,5,5,10,5,255,255
1780854622.354611,15090,1517073017,883,2123,2010,2094,2061,1832,1181,924,1151,1995,2060,2089,2076,2110,1371,1071,1239,2058,2073,2052,2102,2124,2027,1681,1287,2065,2080,2072,2077,2106,2078,1961,1222,2077,2116,2092,2105,2119,2037,1933,1267,2010,2096,2087,2115,2118,1892,1978,1243,2056,2098,2122,2118,1927,1957,1975,1135,1877,2027,1955,1959,1999,1888,2125,5,255,5,5,5,255,5,5,5,255,5,5,10,255,5,5,5,5,5,5,5,5,9,10,10,5,5,5,5,5,5,255,5,5,255,5,5,5,5,255,5,10,5,5,5,10,10,255,5,5,255,5,5,5,5,5,5,10,5,255,5,5,255,255
1780854622.453818,15091,1517173017,890,2065,2010,2028,2071,1832,1168,954,1121,1995,2081,2045,2104,2110,1290,1048,1305,2058,2083,2088,2097,2088,2073,1650,1284,2047,2083,2061,2132,2118,2033,1846,1247,2049,2096,2096,2044,2124,1962,1933,1263,2010,2093,2087,2126,2029,1892,1978,1242,2014,2084,2131,2089,2009,1951,2029,1185,1877,2058,2028,1964,1971,2046,2125,5,10,255,5,5,255,5,5,5,255,5,5,5,255,5,9,9,255,5,5,5,5,5,5,5,5,5,5,5,5,5,10,5,5,10,5,5,5,5,255,5,255,5,255,5,5,255,255,5,5,10,5,5,5,5,5,5,255,5,10,5,5,10,255
1780854622.555602,15092,1517273017,888,2065,2071,2094,2080,1832,1217,913,1137,1995,2081,2081,2078,2110,1384,1007,1278,2007,2061,2076,2075,2080,2073,1650,1332,2070,2067,2095,2105,2119,2079,1846,1315,2053,2127,2111,2123,2124,2022,1806,1209,2066,2088,2087,2095,2013,1892,1978,1250,2025,2101,2111,2066,2009,1935,1968,1178,1877,2060,2006,2009,1963,2046,2125,5,255,10,5,5,255,5,5,9,255,255,5,5,255,5,5,5,10,5,5,5,5,255,255,5,5,5,5,5,5,5,255,5,5,5,5,5,255,5,10,5,10,5,255,5,5,255,255,5,5,5,5,5,255,5,5,5,255,5,5,5,5,255,255
1780854622.654833,15093,1517373017,880,2089,2071,2040,2052,1621,1222,921,1120,1259,2040,2055,2106,2061,1421,1073,1287,1995,2063,2077,2085,2119,2054,1650,1300,2051,2087,2072,2094,2121,2062,1846,1323,2036,2063,2109,2096,2140,2022,1806,1314,2036,2090,2087,2081,2027,1892,1978,1243,1980,2080,2096,2047,2058,1923,1980,1196,1877,2084,1954,1967,1985,2046,2125,5,10,255,5,5,10,5,5,5,10,10,5,5,10,5,9,9,5,5,5,5,5,10,255,5,5,5,5,5,5,5,255,5,5,5,5,5,10,255,255,5,5,5,255,5,5,255,255,5,5,5,5,5,10,5,5,5,255,5,5,5,5,255,255
1780854622.754894,15094,1517473017,898,2089,2111,2058,2068,1621,1171,940,1127,1360,2075,2101,2125,2061,1419,1070,1234,1948,2051,2105,2085,2119,1988,1711,1277,2050,2086,2089,2101,2111,2062,1846,1235,2038,2094,2102,2072,2112,1991,1806,1306,2036,2099,2131,2081,2027,1925,1963,1272,2013,2080,2088,2098,1979,1968,1971,1212,1877,2084,2035,2067,1973,2046,2125,5,255,10,5,5,255,5,5,5,5,5,5,5,255,9,5,5,5,5,5,255,255,5,10,5,5,5,5,5,5,5,255,5,5,5,5,5,5,10,255,5,255,5,10,255,255,10,10,5,5,255,5,5,5,5,5,5,255,255,5,5,5,255,255
1780854622.853778,15095,1517573017,872,2089,2111,2036,2068,2030,1230,925,1126,1301,2036,2081,2110,2061,1296,1074,1285,2040,2050,2076,2076,2111,2000,1711,1330,2034,2105,2080,2108,2092,2113,1869,1279,2076,2086,2100,2112,2131,2027,1806,1301,2036,2084,2095,2118,2091,1963,1982,1245,2037,2028,2121,2082,2040,1940,1971,1189,1877,2049,2025,1987,1973,2046,2125,5,255,255,5,255,10,5,5,5,255,5,5,5,255,255,5,5,5,5,5,10,10,5,255,9,5,5,5,5,5,5,10,5,5,5,5,5,5,5,255,5,255,5,5,10,10,5,5,5,5,10,5,5,5,5,255,5,255,10,5,5,255,255,255
1780854622.954716,15096,1517673016,895,2080,2003,2065,2089,2039,1177,951,1141,1425,2065,2026,2127,2046,1386,1064,1282,1987,2066,2116,2076,2073,2002,1711,1284,2049,2072,2103,2092,2125,2059,1869,1309,2038,2097,2123,2087,2131,2018,1806,1258,2039,2088,2158,2105,2100,1961,1936,1202,2008,2067,2103,2100,1977,1940,1944,1213,1848,2092,2058,1987,1941,2046,2125,5,10,10,5,10,5,9,5,5,4,5,5,5,10,5,5,5,5,5,5,255,5,5,255,5,5,5,5,5,5,5,255,9,5,5,5,5,255,5,255,5,10,5,5,5,5,5,5,5,5,5,5,5,5,255,10,5,10,5,5,255,10,255,255
1780854623.055779,15097,1517773017,860,2080,2063,2070,2055,2039,1201,923,1127,1425,2010,2078,2127,2046,1345,1073,1285,1987,2072,2083,2101,2088,2098,1669,1275,2040,2072,2088,2118,2097,2047,1950,1316,2047,2079,2089,2115,2125,1983,1806,1303,2039,2131,2130,2100,2075,1965,1980,1218,2080,2090,2076,2084,1919,1980,1944,1189,1848,2046,2034,1892,1941,2046,2125,5,255,5,5,5,255,5,5,5,255,5,5,255,255,5,5,5,255,5,5,10,5,5,10,5,5,5,5,5,5,5,10,5,5,5,5,5,10,5,255,5,255,5,5,5,5,5,5,5,5,5,5,5,5,10,255,5,255,5,5,10,255,255,255
1780854623.155333,15098,1517873017,906,2080,1176,2093,2083,2039,1183,944,1112,1363,2037,2078,2127,2068,1400,1049,1275,1964,2108,2094,2103,2082,2007,1689,1287,2051,2092,2090,2098,2096,2075,1950,1279,2094,2070,2091,2108,2109,1983,1806,1260,2039,2094,2130,2100,2049,1965,1980,1244,2040,2126,2081,2084,1993,1963,1940,1175,1848,2085,2018,2186,1941,2046,2125,5,255,4,5,5,255,5,5,5,10,5,255,255,10,9,5,5,10,5,5,5,5,5,5,5,5,5,5,5,5,5,255,5,5,5,5,5,5,255,255,5,255,5,255,5,5,255,255,5,5,5,5,5,5,5,10,5,255,5,5,4,10,255,255
1780854623.255097,15099,1517973017,898,2080,1163,2021,2092,1902,1197,937,1134,1514,2106,2045,2127,2068,1332,1064,1263,2025,2032,2095,2103,2085,2054,1689,1313,1966,2076,2092,2068,2099,2066,1950,1287,2049,2087,2060,2102,2109,1983,1806,1275,2008,2114,2112,2111,2097,1935,1980,1208,2048,2116,2146,2116,1989,1951,1990,1233,1848,2065,2018,2107,1950,2046,2125,5,255,5,5,5,10,5,5,5,4,5,10,255,255,5,5,5,5,5,5,255,5,5,255,5,5,5,5,5,5,5,255,5,5,5,5,5,255,255,255,5,10,5,10,5,5,10,255,5,5,5,5,5,5,5,5,5,255,5,255,5,5,255,255
1780854623.354511,15100,1518073017,875,1009,1163,2021,2092,1902,1199,956,1114,1987,2086,2045,2127,2008,1381,1072,1282,1986,2064,2063,2073,2085,2054,1698,1313,1989,2092,2090,2096,2120,2035,1950,1260,2063,2104,2089,2111,2112,2006,1806,1300,2008,2114,2083,2079,2041,2029,1980,1257,2023,2094,2137,2074,1964,1956,2011,1184,1848,2051,2018,1986,1929,2046,2125,5,10,255,255,255,255,5,5,5,5,5,255,255,10,5,5,5,5,5,5,10,255,5,10,5,5,5,5,5,5,5,255,5,5,5,5,5,10,10,255,5,5,255,5,5,5,9,255,5,5,5,5,5,5,5,5,5,255,5,255,5,9,255,255
1780854623.454594,15101,1518173017,906,987,1045,1052,1123,1271,1209,943,1132,1368,2086,2045,2127,2008,1338,1107,1293,1919,2085,2075,2073,2091,2066,1768,1317,2063,2074,2085,2125,2077,2051,1950,1325,2033,2107,2081,2162,2112,1987,1973,1350,1967,2113,2148,2098,2056,2029,1980,1233,2034,2125,2091,2080,1974,1954,2011,1169,1848,2019,2092,1986,1979,2046,2125,5,5,10,10,255,10,5,5,5,9,255,255,255,255,5,5,5,5,5,5,255,10,5,5,9,5,5,5,5,5,5,255,5,5,5,5,5,255,5,10,5,5,10,5,5,5,255,255,5,5,5,5,5,5,5,255,5,255,5,10,255,5,255,255
1780854623.554156,15102,1518273017,917,987,924,912,926,1071,1151,939,1127,1341,2086,2045,2127,2008,1425,1047,1315,2004,2058,2050,2081,2074,1928,1613,1252,2024,2083,2085,2101,2148,2033,1925,1293,2060,2106,2060,2111,2112,1987,1973,1401,1967,2069,2069,2084,2010,1988,1957,1237,2025,2044,2091,2075,1973,1889,1962,1205,1848,2036,2036,2017,1966,1980,2125,5,255,5,5,5,4,5,5,5,9,255,255,255,255,5,5,5,5,5,5,10,5,5,5,9,5,5,5,5,5,5,10,5,5,5,5,5,255,255,255,5,255,5,5,5,5,10,10,5,5,5,255,5,5,5,10,5,255,5,5,10,5,10,255
1780854623.653954,15103,1518373017,866,694,663,704,696,687,1130,951,1132,1307,2086,783,877,2008,1275,1066,1314,2057,2042,2076,2081,2079,2042,1613,1252,2062,2080,2081,2153,2129,2088,1947,1313,2052,2072,2108,2130,2133,2012,1973,1229,1967,2093,2152,2113,2071,1988,1928,1240,2009,2109,2121,2106,2009,1933,2008,1222,1848,1989,2036,1968,1947,1980,2125,5,10,4,4,4,4,5,5,5,5,255,10,10,255,5,5,5,5,5,5,255,5,5,255,255,5,5,5,5,5,5,5,5,5,5,5,5,10,10,255,5,255,5,5,5,5,255,5,5,5,5,10,5,5,5,5,5,255,5,5,5,5,5,255
1780854623.755203,15104,1518473017,910,694,669,637,512,392,366,380,1142,1351,699,686,711,415,1115,380,1265,2006,2079,2055,760,2117,2042,1689,1369,2026,2056,2089,2102,2098,2110,1947,1324,2081,2134,2061,2081,2094,2007,1973,1284,1967,2082,2136,2153,2071,1964,1960,1245,1991,2070,2097,2106,2009,1946,2008,1137,1848,1933,2036,2071,1947,1980,2125,5,255,5,5,5,4,5,4,5,5,10,5,5,10,5,4,5,5,5,5,10,5,5,10,10,5,5,5,5,5,5,255,5,5,5,5,5,5,5,255,5,255,5,5,5,255,10,5,5,5,5,5,255,255,5,255,5,255,5,255,5,255,255,255
1780854623.856190,15105,1518573016,913,694,2048,676,403,376,374,392,1132,1365,664,664,528,393,370,365,1294,2027,716,705,573,409,378,380,1281,2063,2065,2076,2097,454,2067,414,1296,2055,2083,2107,2099,2094,2007,1982,1246,2074,2096,2121,2153,2088,1945,1971,1261,2036,2067,2091,2089,1968,1982,1935,1201,1848,2045,2066,1959,1947,1923,2125,5,255,4,5,5,5,5,5,5,5,5,5,9,5,5,5,5,5,4,4,9,4,5,4,5,5,5,5,5,4,5,10,5,5,5,5,5,255,255,10,5,10,5,5,255,10,5,5,5,5,5,5,10,10,5,10,5,255,5,10,5,255,10,255
1780854623.955081,15106,1518673017,870,694,2067,2076,2075,376,1176,927,1114,1342,664,664,576,393,378,1075,1273,2025,2082,686,607,396,383,379,1319,1998,2094,674,649,385,376,376,1338,2058,2056,746,2150,403,380,377,1271,2019,2079,2121,2090,412,421,386,1227,2021,2125,2089,2089,1961,1930,1970,1207,1848,2003,2013,1959,1947,2003,2125,5,255,5,5,4,255,4,4,5,5,255,255,5,255,5,4,5,5,4,5,5,5,5,5,5,5,5,5,4,5,5,5,5,5,5,4,5,10,10,4,5,5,5,255,10,4,4,4,5,5,5,5,255,5,5,5,5,255,5,5,255,255,5,255
1780854624.055326,15107,1518773017,899,694,2067,2058,2109,376,1111,952,1091,1384,2056,2075,576,393,1324,1094,1238,1971,2087,2092,724,689,668,639,1280,2029,2062,2092,674,649,505,623,1291,2039,2067,690,669,509,384,381,1303,2019,2104,717,647,429,376,372,1208,2019,2122,2101,2091,407,377,362,1142,1848,2003,2076,1959,424,401,390,5,255,255,5,5,255,5,5,5,255,10,10,255,255,4,5,5,5,5,4,5,4,4,4,4,5,5,4,5,4,5,4,5,5,5,5,5,9,5,5,5,255,5,10,4,5,5,5,5,5,5,5,10,4,5,4,5,255,255,5,255,255,4,10
1780854624.153633,15108,1518873017,861,2051,2067,2088,2114,376,1180,952,1118,1470,2050,2057,576,393,1282,1067,1290,2067,2074,2056,2070,689,2031,639,1332,2016,2075,2103,674,728,665,636,1258,2054,2067,2102,685,642,620,611,1232,2052,2065,717,664,629,582,564,1196,2035,2095,2127,678,620,472,385,1168,1848,2063,2065,1905,424,384,380,5,10,255,5,5,255,5,5,5,5,5,5,255,255,5,5,9,5,5,5,4,255,4,255,4,5,5,5,255,255,5,5,5,5,255,5,5,5,4,4,5,10,5,255,5,4,4,5,5,5,5,5,4,4,5,5,5,255,10,5,10,255,5,5
1780854624.254207,15109,1518973017,888,2052,2067,2060,2063,376,1198,947,1120,1470,2091,2072,576,393,1329,1060,1283,1883,2074,2076,2070,2085,2058,639,1273,2041,2072,2095,2087,2172,2043,705,1281,2045,2066,2072,2116,764,702,645,1249,2052,2092,2138,718,703,629,628,1231,2053,2099,2133,691,654,616,576,1192,1848,2059,2051,691,640,561,495,5,5,255,5,5,255,5,5,5,255,5,5,255,255,5,5,5,5,5,5,255,10,5,255,5,5,5,5,10,4,4,255,5,5,10,5,4,5,5,5,5,255,5,10,5,5,5,5,5,5,5,5,5,5,5,5,5,255,5,5,4,10,255,5
1780854624.355021,15110,1519073017,885,2012,2067,2050,2093,376,1227,937,1136,1324,2091,2068,576,393,1350,1094,1273,1909,2108,2097,2073,2085,2080,1695,1262,2066,2065,2097,2121,2083,2079,1924,1316,2077,2095,2094,2116,764,817,719,1278,2052,2110,2124,2077,817,728,700,1283,2028,2081,2125,2108,711,672,633,1194,1814,2087,2051,2004,704,630,608,5,5,255,5,5,255,5,5,5,10,255,5,255,255,5,5,5,5,5,5,10,255,5,10,5,5,5,5,5,5,5,4,5,5,5,5,255,255,255,5,5,255,5,5,4,255,5,5,5,5,5,5,4,5,5,5,5,10,5,255,4,5,5,5
1780854624.454452,15111,1519173017,899,2027,2067,2050,2054,376,1172,945,1168,1369,2039,2070,576,393,1363,1069,1319,1891,2069,2094,2085,2093,2048,1678,1258,2051,2063,2071,2098,2105,2002,1924,1275,2058,2052,2089,2116,764,2098,719,1277,2052,2102,2116,2077,817,894,820,1220,2010,2071,2106,2072,893,785,713,1184,1814,2067,2033,780,1899,689,679,5,5,255,255,5,255,5,5,5,5,10,5,255,255,5,5,9,5,5,5,5,10,5,5,5,5,5,5,5,5,5,255,5,5,5,5,255,255,4,255,5,255,5,5,255,255,255,5,5,5,5,5,5,255,5,5,5,255,5,10,255,4,5,5
1780854624.564664,15112,1519283017,899,2076,2067,2034,2054,376,1140,943,1085,1369,2000,2027,576,393,1352,1085,1298,2017,2110,2095,2085,2062,1979,1660,1343,2074,2056,2080,2130,2127,2138,1924,1254,2020,2112,2087,2165,764,2098,719,1217,2052,2111,2113,2101,817,894,962,1248,2031,2043,2084,2096,893,1017,816,1191,1814,2062,2075,1976,824,794,759,5,5,255,10,255,255,5,5,5,255,5,5,255,255,5,5,5,5,5,5,255,5,5,5,5,5,5,5,5,5,5,255,5,5,5,5,10,255,255,255,9,255,5,5,10,255,255,255,5,5,5,5,5,255,4,5,5,255,5,5,10,255,5,5
1780854624.665463,15113,1519383017,877,2090,2051,2059,2077,376,1205,949,1082,1369,2043,2088,576,393,1323,1092,1292,2017,2055,2071,2108,2099,2006,1664,1231,2050,2091,2095,2082,2074,2016,1924,1325,2063,2093,2131,2111,2098,1992,719,1237,2032,2101,2139,2144,2069,2033,962,1224,2046,2094,2085,2111,893,1056,961,1188,1814,1981,2037,1931,824,978,841,5,5,10,5,10,255,5,5,5,255,5,5,255,255,5,5,5,255,5,5,10,5,5,5,5,5,5,5,5,5,5,255,5,5,5,5,5,10,10,255,5,10,5,5,5,10,10,255,5,5,5,5,5,255,255,5,5,255,5,5,5,255,5,5
1780854624.764635,15114,1519483017,873,2047,2051,2082,2140,376,1192,930,1108,1355,2043,2101,2069,393,1415,1078,1303,2048,2111,2100,2108,2101,2039,1664,1335,2048,2062,2089,2120,2092,2059,1939,1287,2015,2062,2073,2161,2091,2052,2055,1298,2032,2097,2110,2093,2069,2033,962,1252,2048,2115,2104,2096,1518,1056,1006,1199,1814,2150,2044,1980,1958,978,985,5,5,255,5,5,255,5,5,9,10,255,5,10,255,5,4,9,10,5,5,255,5,5,255,5,5,5,5,5,5,5,10,5,5,5,5,5,5,5,10,5,255,255,5,5,255,255,255,9,5,5,5,5,10,255,255,5,255,5,5,5,10,255,5
1780854624.867097,15115,1519583017,862,2047,2051,2086,2104,376,1229,936,1127,1355,2123,2077,2069,393,1347,1072,1288,2040,2111,2070,2108,2070,2039,1654,1265,1981,2065,2078,2096,2144,2098,1939,1314,2025,2101,2089,2137,2091,2003,2055,1292,2032,2115,2046,2083,2069,1919,1972,1267,2067,2072,2085,2054,1990,1616,1006,1181,1814,2026,2016,1980,1971,978,985,5,255,255,5,5,255,5,5,9,255,10,5,255,255,5,9,5,5,255,5,10,5,255,10,5,5,5,5,5,5,5,255,5,5,5,5,5,255,5,255,9,255,5,5,5,255,10,10,5,5,5,5,5,4,10,255,5,255,5,5,255,5,255,255
1780854624.963943,15116,1519683017,874,2044,2088,2079,2112,376,1225,939,1135,2058,2072,2081,2069,393,1294,1061,1340,2040,2076,2097,2108,2084,2019,1654,1238,2003,2077,2076,2082,2119,2050,1936,1257,2084,2084,2082,2119,2097,2042,2055,1242,2021,2052,2046,2083,2069,1919,1972,1237,2035,2116,2085,2112,1990,1923,1006,1196,1814,2044,2016,1968,1914,978,985,5,10,10,5,5,255,5,5,5,10,5,5,255,255,255,5,5,255,10,5,255,5,10,255,5,5,5,5,5,5,5,10,5,5,5,5,5,10,5,255,5,10,5,255,255,255,255,255,5,5,5,5,5,5,4,255,5,255,5,255,10,5,255,255
1780854625.064446,15117,1519783017,876,2095,2046,2021,2095,376,1209,928,1118,1318,2071,2056,2069,2069,1305,1081,1327,2025,2060,2058,2096,2113,2083,1654,1341,2000,2087,2087,2113,2093,2018,1972,1291,2027,2117,2095,2118,2137,2003,2055,1255,2068,2070,2046,2084,2096,1975,1907,1254,1947,2078,2083,2104,1975,1909,1006,1192,1814,2058,2018,1968,1914,978,985,5,5,5,5,5,255,5,5,5,255,5,5,255,10,5,5,9,10,5,5,10,5,5,255,5,9,5,5,5,5,5,5,5,5,5,5,5,5,5,255,5,5,5,255,10,10,10,10,5,5,5,5,5,5,255,255,5,255,5,10,255,255,255,255
1780854625.165449,15118,1519883017,890,2095,2046,2086,2139,376,1159,927,1113,2077,2071,2071,2069,2069,1339,1091,1314,2049,2037,2075,2130,2113,2028,1688,1308,2053,2077,2088,2111,2086,2080,1908,1275,2027,2097,2073,2128,2090,2015,2055,1296,2003,2095,2148,2113,2096,2058,2027,1262,2008,2097,2148,2060,1986,1909,1006,1180,1814,2033,2018,1968,1959,978,985,5,255,255,5,5,255,5,5,5,10,255,5,255,255,5,5,5,5,5,5,5,255,5,10,5,5,5,5,5,5,5,5,5,255,5,5,5,5,5,255,5,5,5,10,5,255,5,5,5,5,5,5,5,5,255,255,5,255,5,255,255,10,255,255
1780854625.263709,15119,1519983017,881,2058,2056,2049,2057,376,1154,921,1119,1173,2051,2075,2097,2069,1316,1088,1278,2046,2093,2103,2113,2113,2031,1662,1270,2049,2094,2083,2125,2115,2090,1946,1296,2011,2073,2115,2118,2132,2030,2055,1321,2003,2097,2093,2113,2081,2058,2027,1237,1945,2097,2093,2054,2001,1875,1006,1180,1814,2105,2060,1968,1959,978,985,5,10,10,5,5,255,5,5,5,255,10,5,10,255,5,5,5,5,5,5,5,10,5,5,9,5,5,5,5,5,5,5,5,10,5,5,5,5,5,255,5,255,5,5,255,10,255,255,5,5,255,5,5,5,10,255,5,255,9,10,255,255,255,255
1780854625.363741,15120,1520083017,886,2070,2058,2074,2087,376,1204,936,1106,1346,2053,2066,2097,2027,1423,1082,1245,2046,2077,2100,2080,2079,2036,1665,1308,2053,2066,2088,2116,2137,2000,1946,1327,2039,2071,2102,2114,2152,2023,2055,1323,2011,2079,2128,2113,2112,1972,2027,1227,2031,2107,2098,2057,2038,1976,1006,1197,1814,2002,2060,2018,1959,978,985,5,5,5,5,5,255,5,5,5,10,5,5,255,10,5,5,9,255,5,5,5,5,5,5,5,5,5,5,5,5,5,255,5,5,5,5,5,5,5,255,5,10,5,5,255,5,10,255,5,5,10,5,5,5,255,255,5,255,5,255,10,255,255,255
1780854625.465500,15121,1520183017,880,2060,2058,2099,2087,376,1193,928,1138,1254,2021,2103,2099,2027,1356,1069,1282,1943,2062,2089,2070,2079,2038,1665,1311,2001,2050,2077,2104,2165,2131,1946,1302,2067,2096,2121,2109,2152,2004,2055,1300,2034,2076,2128,2107,2103,1950,1950,1226,2055,2074,2116,2126,1968,1976,1006,1248,1814,2002,2056,2018,1991,978,985,5,5,255,5,255,255,5,5,5,255,5,5,10,255,5,5,9,10,5,5,5,255,5,255,5,5,5,5,5,5,5,255,5,5,5,5,5,5,5,255,5,5,5,255,10,5,5,10,5,5,5,5,5,5,5,255,5,255,255,10,255,10,255,255
1780854625.564669,15122,1520283016,905,2076,2058,2121,2076,1461,1188,957,1110,1254,2025,2082,2065,2027,1364,1058,1256,2072,2081,2084,2070,2136,2130,1703,1321,2015,2078,2089,2095,2102,2019,1976,1348,2018,2131,2062,2090,2114,1989,2055,1187,2032,2119,2144,2107,2047,1944,1975,1227,2057,2103,2085,2039,1945,1951,1962,1164,1917,2088,2061,1977,1991,978,985,5,3,255,5,10,10,5,5,5,255,5,5,5,255,5,5,5,5,5,5,255,10,5,10,5,5,5,5,5,5,5,10,5,5,5,5,5,5,5,255,5,5,5,10,5,5,5,5,5,5,5,5,5,5,5,10,5,10,10,5,10,255,255,255
1780854625.664641,15123,1520383017,885,2049,2024,2071,2111,1461,1192,959,1091,1254,2091,2072,2065,2027,1327,1072,1257,2029,2078,2093,2070,2099,2082,1703,1306,2035,2062,2098,2110,2138,2082,1976,1284,2132,2086,2083,2090,2140,1963,2055,1265,2027,2097,2139,2109,2016,1944,1906,1189,2047,2116,2082,2098,1943,1965,1962,1149,1917,2051,2012,1977,1981,978,985,5,5,10,5,5,255,5,5,5,255,5,5,255,255,5,5,9,5,5,5,255,5,5,255,5,5,5,5,5,5,5,255,5,5,5,5,5,5,5,255,5,5,5,5,5,5,255,5,5,5,5,5,5,5,5,255,5,255,5,5,255,10,255,255
1780854625.765389,15124,1520483016,875,2046,2039,2051,2111,1461,1155,927,1166,1345,2028,2119,2065,2027,1361,1089,1288,2029,2096,2106,2092,2025,2007,1703,1399,2044,2076,2075,2074,2133,2104,1931,1294,2033,2073,2072,2097,2111,1970,1945,1257,1978,2064,2140,2119,2084,1941,1998,1193,2087,2080,2079,2057,1987,1963,1971,1186,1732,2072,2018,2033,1981,978,985,5,5,5,5,255,255,9,5,5,10,5,5,255,255,5,5,9,255,5,5,10,5,5,255,5,5,5,5,5,5,5,10,5,5,5,5,5,5,5,10,9,5,5,5,5,5,10,5,5,5,5,5,5,5,5,10,5,10,5,5,10,255,255,255
1780854625.864708,15125,1520583017,873,2046,2030,2092,2122,1461,1227,931,1129,1345,2084,2080,2090,2027,1293,1048,1219,2047,2070,2086,2132,2066,2047,1703,1311,2020,2077,2085,2096,2087,2086,1931,1274,2033,2081,2105,2091,2135,1985,1945,1272,1978,2117,2140,2119,2047,1941,1998,1224,2040,2093,2126,2078,1938,1949,1996,1181,1732,1956,2069,2033,1981,978,985,5,255,5,5,10,255,9,5,5,255,5,5,10,255,5,9,5,10,5,5,5,5,5,255,5,5,5,5,5,5,5,255,5,255,5,5,5,5,5,255,5,255,5,255,5,5,255,255,5,5,5,5,5,5,5,5,5,255,9,5,255,255,255,255
1780854625.963597,15126,1520683017,894,2046,2021,2100,2108,1461,1177,932,1084,1264,2018,2067,2104,2027,1334,1099,1278,2027,2084,2096,2112,2087,2031,1703,1305,2058,2075,2099,2079,2084,2078,1931,1296,2033,2101,2090,2099,2081,2010,1945,1245,2029,2094,2101,2119,2047,1941,1908,1222,2045,2078,2109,2054,2010,1953,1992,1164,1936,2071,2076,2033,1981,978,985,5,255,5,5,5,255,5,5,5,255,5,5,5,255,5,5,5,9,5,5,5,5,5,255,255,5,5,5,5,255,5,255,9,255,5,5,5,5,5,255,5,10,5,10,255,255,255,10,5,5,5,5,5,5,5,5,5,10,5,5,255,255,255,255
1780854626.064658,15127,1520783017,879,2036,2030,2094,2087,1461,1231,945,1068,1264,2018,2068,2064,2027,1381,1099,1241,2027,2106,2036,2160,2072,1978,1663,1263,2045,2084,2078,2076,2097,2032,1931,1289,2033,1985,2089,2097,2147,2063,1945,1293,1991,2102,2101,2119,2021,1894,1917,1249,2045,2080,2083,2086,1970,1956,1992,1197,1820,2045,2037,1967,1967,978,985,5,10,5,5,5,255,5,5,5,255,255,5,5,255,5,5,5,255,5,5,5,5,5,10,5,5,5,5,5,5,5,255,5,255,5,5,5,5,5,255,5,5,5,255,255,10,10,5,5,5,5,5,5,5,5,255,5,5,5,5,10,10,255,255
1780854626.165054,15128,1520883017,876,1980,2039,2057,2097,1461,1215,943,1123,1417,2100,2041,2056,2027,1313,1117,1279,2009,2105,2084,2103,2072,2070,1672,1369,2045,2089,2074,2118,2132,2082,1931,1209,2077,2117,2091,2137,2061,2023,1945,1261,2011,2089,2092,2090,2112,1894,1945,1242,2021,2061,2081,2086,1899,2001,1992,1189,1715,2002,2037,1948,1967,978,985,5,5,5,5,5,255,5,5,5,10,10,5,5,255,9,5,5,10,5,5,5,255,5,5,5,5,5,5,5,5,5,255,9,10,5,5,5,5,5,255,9,5,5,10,10,5,255,5,9,5,5,5,255,5,5,255,5,5,5,255,5,255,255,255
1780854626.266543,15129,1520983017,879,1980,2039,2119,2088,1461,1184,942,1137,1492,2055,2041,2073,2027,1342,1059,1250,2030,2048,2087,2143,2116,1997,1686,1303,2045,2074,2100,2092,2108,2053,1931,1291,2083,2080,2096,2079,2125,2042,1900,1272,2011,2108,2081,2102,2074,1976,1977,1236,2042,2059,2100,2071,1945,1951,1969,1176,1715,2018,2079,1955,1995,978,985,5,255,255,5,5,255,5,9,9,5,5,255,5,255,5,5,5,5,5,5,5,10,5,5,5,255,5,5,5,5,5,255,255,5,5,5,5,5,5,10,5,255,5,5,5,5,10,5,5,5,5,5,10,5,5,10,5,255,5,10,5,10,255,255
1780854626.365415,15130,1521083017,886,2031,2039,2119,2088,1461,1157,935,1140,1414,2055,2053,2073,2027,1352,1053,1254,2052,2083,2078,2093,2120,2104,1686,1323,2068,2085,2072,2072,2133,1972,1941,1317,2077,2091,2089,2126,2125,1994,1900,1294,1990,2083,2090,2126,2074,1939,1937,1244,2092,2059,2085,2064,1958,1956,1998,1187,1715,2059,2079,2005,1990,2037,985,5,10,255,255,255,255,5,5,5,9,255,10,255,255,5,5,5,5,5,5,5,5,5,255,5,10,5,5,5,5,9,10,5,5,5,5,5,255,5,255,5,10,5,5,5,255,5,5,5,5,255,5,5,5,255,5,9,255,5,255,5,5,10,255
1780854626.466695,15131,1521183017,890,2051,2087,2038,2086,1461,1213,940,1093,1414,2055,2067,2073,2027,1347,1056,1282,1964,2090,2076,2044,2104,2019,1686,1315,2019,2079,2090,2090,2130,2112,1941,1273,2094,2086,2136,2097,2125,1994,1900,1291,2059,2095,2112,2203,2110,1939,1969,1213,2086,2064,2137,2075,1958,1928,1965,1201,1715,2072,2063,1995,1990,2037,985,5,5,10,10,10,255,5,5,9,255,255,5,255,255,5,5,5,5,5,5,5,5,5,255,5,5,5,5,5,5,9,255,5,5,5,5,5,255,255,255,9,5,5,5,5,10,255,255,5,5,10,5,5,255,5,5,5,255,5,10,5,255,255,255
1780854626.565335,15132,1521283017,886,2052,2087,2072,2031,1461,1138,933,1106,1350,2076,2067,2123,2027,1356,1065,1321,2130,2066,2066,2110,2098,2049,1626,1315,2061,2072,2094,2105,2073,2052,1941,1273,2086,2104,2099,2093,2125,2036,1936,1291,2113,2127,2112,2203,2047,1939,1969,1206,2002,2086,2116,2066,1951,1967,1974,1211,1715,2028,2034,1964,1990,2037,985,5,5,255,5,5,255,5,5,5,10,10,5,10,255,5,5,9,5,5,5,5,5,5,10,255,5,5,5,5,5,5,255,255,5,5,5,5,255,10,10,255,9,5,255,255,5,255,255,5,5,5,5,5,10,5,5,5,255,5,5,5,255,255,255
1780854626.665657,15133,1521383017,890,2052,2087,2064,2112,1461,1173,940,1105,1291,2076,2071,2123,2027,1262,1073,1249,2001,2076,2100,2110,2118,2057,1626,1303,2075,2068,2087,2121,2116,2032,1903,1272,2042,2024,2086,2130,2089,2005,1936,1256,2113,2091,2100,2030,2047,1939,2003,1287,2053,2084,2085,2102,1995,1967,1957,1211,1715,2059,2067,2001,1969,2037,985,5,255,255,5,5,255,5,5,5,255,255,5,255,255,5,5,5,5,5,5,255,5,5,255,10,5,5,5,5,5,5,10,10,5,5,5,5,10,5,255,10,255,5,10,10,255,255,10,5,5,5,5,5,5,5,5,5,255,5,5,5,10,255,255
1780854626.765455,15134,1521483017,905,2007,2087,2091,2096,1461,1203,934,1112,1298,2057,2134,2123,2027,1357,1056,1298,2043,2066,2075,2075,2071,2106,1626,1296,2072,2082,2085,2101,2101,2067,1954,1301,2042,2061,2087,2139,2105,2015,1936,1242,2113,2147,2129,2155,2054,1939,1929,1255,2017,2102,2098,2116,1990,1957,1953,1156,1715,1994,2001,2000,1976,2037,985,5,10,255,5,5,255,5,5,5,5,10,5,255,255,5,5,5,5,5,5,10,5,5,255,5,5,5,5,5,5,5,5,5,255,5,5,5,5,5,255,5,255,5,5,5,10,255,5,9,5,5,5,5,5,5,5,5,255,5,5,5,5,255,255
1780854626.864727,15135,1521583017,893,2039,2074,2043,2071,1461,1180,925,1093,2014,2057,2034,2123,2027,1355,1079,1276,2094,2034,2111,2119,2116,2018,1673,1299,2049,2078,2077,2071,2148,2129,1954,1225,2004,2104,2082,2133,2105,1997,1936,1304,2028,2083,2098,2116,2054,1945,1945,1217,2034,2121,2091,2059,2007,1963,1980,1156,1795,2028,2095,2000,1990,2037,985,5,5,10,5,5,255,9,5,5,5,255,5,255,255,9,5,5,5,5,5,5,5,5,10,255,5,5,5,5,5,5,255,5,10,5,5,5,255,5,255,5,10,5,5,5,255,10,5,5,5,5,5,5,5,5,5,5,10,5,5,255,5,255,255
1780854626.965278,15136,1521683017,897,2048,2074,2041,2071,1461,1157,921,1132,2124,2104,2073,2123,2027,1375,1022,1289,2046,2045,2072,2063,2119,2023,1707,1251,2015,2093,2092,2095,2114,2107,1954,1329,2004,2104,2105,2132,2080,2016,1936,1331,2028,2069,2098,2132,2023,1945,1950,1269,2027,2089,2105,2126,1934,1924,1984,1213,1795,2003,2095,2000,1921,2037,985,5,5,255,5,5,255,5,5,5,5,10,5,255,255,5,5,5,5,5,5,5,5,5,3,5,5,5,5,5,5,5,255,5,5,255,5,5,10,5,255,5,255,5,255,5,10,255,5,5,5,5,5,5,5,5,5,5,255,5,255,255,5,255,255
1780854627.065336,15137,1521783016,873,2071,2045,2041,2106,1461,1204,955,1124,1369,2035,2086,2079,1953,1340,1062,1293,1917,2078,2123,2063,2088,2026,1707,1318,2001,2064,2077,2107,2094,2096,1884,1242,2058,2108,2102,2116,2118,2022,1964,1328,2028,2105,2069,2120,2026,1945,1982,1274,1923,2074,2104,2118,1923,1879,2004,1196,1795,1958,1994,1986,2009,2037,985,5,5,10,255,5,255,5,5,5,5,5,5,10,10,5,5,5,5,5,5,5,5,5,255,5,5,5,5,5,5,5,10,9,5,10,5,5,5,5,10,5,255,5,10,5,5,255,5,5,5,5,5,5,5,5,5,5,255,5,10,255,5,255,255
1780854627.164591,15138,1521883017,890,2077,2025,2040,2089,1461,1170,977,1143,2001,2035,2133,2105,1953,1341,1100,1255,1917,2064,2063,2195,2093,2111,1707,1417,2043,2062,2094,2111,2104,2001,1884,1325,2058,2108,2091,2075,2118,2071,1964,1262,2028,2088,2160,2093,2002,1957,1919,1230,2050,2084,2072,2095,1968,1879,1946,1237,1795,2027,2016,1986,2009,2037,985,5,5,5,10,5,255,5,5,9,4,255,5,5,255,5,5,5,255,5,5,5,5,5,255,5,5,5,5,5,5,5,255,5,255,255,5,5,255,5,255,5,255,5,5,5,5,10,5,5,5,5,5,5,5,255,5,5,255,5,5,255,255,255,255
1780854627.263721,15139,1521983017,884,2043,2025,2040,2089,1461,1224,929,1140,1360,2069,2037,2105,1953,1365,1081,1349,2047,2101,2081,2116,2116,1979,1649,1365,2039,2096,2087,2083,2083,2028,1884,1285,2060,2075,2052,2095,2062,2004,1964,1266,2028,2088,2124,2137,2002,1975,1985,1222,2053,2102,2104,2109,1984,1984,2011,1177,1795,2008,1982,1986,2009,2037,985,5,5,255,255,5,255,5,5,5,4,10,5,255,255,5,5,9,10,5,5,5,5,5,10,4,5,5,5,5,5,5,255,9,10,10,5,5,10,5,255,5,255,5,5,5,255,5,5,5,5,5,5,5,5,10,5,5,255,9,5,255,255,255,255
1780854627.374055,15140,1522093017,877,2039,2025,2063,2080,1461,1167,961,1111,1360,2060,2084,2080,1953,1334,1047,1280,2056,2097,2062,2100,2097,2017,1797,1310,2052,2068,2103,2133,2129,1944,1668,1278,2030,2075,2102,2086,2062,2032,1964,1249,2028,2102,2124,2137,2004,1991,1956,1256,2017,2111,2115,2077,1974,1962,2010,1193,1795,2138,1982,1960,1935,2037,985,5,5,255,10,5,255,5,5,5,255,5,5,10,255,5,9,5,5,5,5,5,255,5,5,5,5,5,5,5,5,5,10,5,5,255,5,5,255,5,255,5,255,5,255,255,10,5,5,5,5,5,5,5,5,5,5,5,255,5,255,10,10,255,255
1780854627.474051,15141,1522193017,897,2069,2025,2076,2061,1961,1168,951,1147,1324,2055,2092,2080,1953,1276,1052,1293,2047,2080,2099,2155,2098,2088,1797,1235,2043,2104,2081,2079,2097,2063,1668,1298,2060,2059,2106,2143,2062,2059,2006,1210,2028,2088,2124,2111,2004,1933,1956,1238,2026,2103,2133,2094,1936,1966,2045,1159,1949,2016,2005,1939,2006,2037,985,5,5,10,5,5,10,5,5,5,255,5,5,255,255,5,5,5,5,5,5,5,5,5,255,5,5,5,5,5,5,5,255,5,5,10,5,5,255,5,10,5,255,5,255,10,255,5,255,5,5,5,5,5,5,5,5,5,10,5,10,5,5,255,255
1780854627.574694,15142,1522293017,886,2026,2025,2076,2031,1961,1293,952,1144,1344,2058,2126,2111,1953,1368,1060,1322,2106,2086,2107,2094,2097,2046,1699,1264,2043,2067,2073,2101,2090,2068,1912,1348,2060,2090,2085,2114,2062,2035,2006,1244,2028,2078,2124,2120,2036,1933,1869,1235,1993,2081,2097,2106,1932,1933,1996,1172,1902,2030,2051,2013,1973,2037,985,5,5,255,255,5,255,5,5,5,9,5,5,10,255,9,5,5,5,5,5,5,5,5,10,5,255,5,5,5,5,5,10,5,255,5,5,5,255,5,255,5,255,5,255,5,10,255,10,5,5,5,5,5,5,5,5,5,5,5,5,5,5,255,255
1780854627.676062,15143,1522393017,899,2066,2025,2080,2037,1961,1194,934,1128,1392,2053,2117,2111,1953,1369,1064,1274,1989,2062,2067,2070,2094,1997,1699,1267,2043,2086,2084,2097,2111,2042,1912,1348,2042,2084,2099,2090,2062,2020,2006,1252,2022,2089,2135,2137,2036,1933,1891,1249,2061,2121,2103,2069,1968,1920,1997,1174,1902,2063,2030,1947,1982,2037,985,5,5,255,10,5,255,5,5,5,5,5,5,255,255,5,5,5,5,5,5,5,5,5,255,5,255,5,5,5,5,5,255,255,10,5,5,5,255,5,255,5,10,5,10,5,255,255,5,5,5,5,5,5,5,5,5,5,255,5,5,5,5,255,255
1780854627.776090,15144,1522493017,846,2112,2025,2012,2077,2153,1162,927,1110,1392,2073,2117,2111,1953,1300,1036,1276,2024,2086,2070,2127,2063,2039,1667,1286,2058,2077,2096,2057,2093,2085,1912,1300,2005,2106,2094,2097,2130,2045,2006,1226,2022,2088,2135,2105,2031,1944,1891,1232,1904,2132,2115,2060,1993,1926,1935,1165,1935,2093,2030,2044,1998,2037,985,5,5,255,5,5,10,5,5,5,255,5,255,255,255,5,9,9,5,5,5,5,5,5,10,5,10,5,5,5,5,5,255,10,5,5,5,5,10,5,255,5,255,5,255,5,10,10,255,5,5,5,5,5,5,5,5,5,10,5,255,5,5,255,255
1780854627.873571,15145,1522593017,883,2112,2025,2080,2047,2153,1254,938,1102,1392,2073,2092,2075,1953,1369,1154,1259,1996,2079,2110,2130,2111,2043,1686,1392,2028,2056,2097,2146,2116,2065,1976,1312,2011,2114,2075,2117,2087,2039,2006,1348,2022,2084,2135,2118,2069,1954,2004,1192,2018,2132,2135,2098,1986,1972,1973,1172,1935,2083,2057,1973,1998,2037,985,5,5,255,5,5,255,5,5,5,255,255,10,10,255,5,5,5,5,5,5,5,5,5,5,5,5,5,5,5,5,5,10,5,5,5,5,5,5,5,255,5,255,5,255,5,5,5,10,5,5,255,5,5,5,5,5,5,255,5,10,5,255,255,255
1780854627.974046,15146,1522693017,878,2063,2037,2080,2051,2153,1178,941,1106,1392,2073,2109,2075,1953,1386,1069,1265,1964,2100,2105,2100,2069,2024,1686,1310,2038,2076,2086,2094,2099,1969,1976,1300,2032,2113,2102,2097,2163,2047,2006,1236,2022,2120,2135,2129,2043,1954,1991,1236,2049,2099,2124,2071,1950,1942,2015,1199,1935,2018,2032,1990,1998,2037,985,5,5,10,255,255,255,5,5,5,255,255,5,255,255,5,5,5,5,5,5,5,255,9,255,5,5,5,5,5,5,5,255,5,5,5,5,5,5,5,255,5,255,5,255,5,5,255,5,5,5,10,5,5,5,5,5,5,255,5,5,5,255,255,255
1780854628.075261,15147,1522793017,887,2063,2037,2081,2073,2153,1214,926,1110,1392,2047,2086,2075,1953,1498,1123,1287,2023,2061,2088,2107,2077,2047,1613,1334,2038,2066,2077,2095,2104,1969,1976,1291,2013,2091,2061,2061,2101,2111,2006,1299,1985,2108,2067,2143,2103,1954,1957,1225,2013,2084,2093,2121,2029,1973,1982,1222,1935,2083,1964,1993,2025,2037,985,5,255,255,10,5,255,5,5,5,255,10,5,255,255,5,5,5,5,5,5,5,5,5,10,5,255,5,5,5,5,255,255,5,5,5,5,5,5,5,255,5,10,5,10,5,5,255,5,5,5,5,5,5,5,5,5,5,255,5,5,5,10,255,255
1780854628.174862,15148,1522893018,885,2063,2037,2098,2078,2153,1236,938,1135,1442,2058,2125,2075,1953,1266,1044,1274,1990,2039,2076,2122,2110,2020,1613,1317,2037,2074,2092,2073,2145,2077,1976,1347,2043,2091,2086,2083,2101,2033,2006,1282,1985,2115,2110,2143,2103,1954,1957,1280,2016,2106,2112,2084,1978,1936,1982,1165,1935,2046,2059,1934,2025,2037,985,5,255,255,5,5,255,5,5,5,10,5,5,255,255,4,5,5,5,5,5,5,5,5,255,5,10,5,5,5,5,10,255,5,5,255,5,5,255,5,255,5,255,5,5,255,255,255,255,5,5,5,5,5,5,255,5,5,255,5,5,5,255,255,255
1780854628.275817,15149,1522993017,895,2030,2034,2067,2103,2153,1165,908,1108,1389,2017,2039,2075,1953,1341,1060,1257,2000,2098,2070,2043,2087,2029,1613,1284,2031,2080,2091,2138,2103,2070,1976,1239,2098,2042,2113,2092,2101,2093,2006,1254,1985,2083,2094,2119,2016,1954,1961,1243,2098,2124,2092,2070,1978,1984,1982,1241,1935,1996,2022,1948,2025,2037,985,5,10,10,5,5,255,5,5,5,255,5,5,10,255,5,5,5,5,5,5,5,5,5,255,5,5,5,5,5,5,5,255,5,5,10,5,5,255,5,255,5,255,5,5,10,10,255,10,5,5,5,5,5,255,5,255,5,255,5,5,5,255,255,255
1780854628.375591,15150,1523093017,884,2030,2034,2101,2103,2153,1174,943,1077,1420,2055,2098,2075,1953,1341,1067,1315,2038,2022,2062,2118,2087,2085,1613,1218,2048,2060,2096,2110,2082,2071,1952,1298,2035,2042,2070,2082,2188,2093,1901,1277,1985,2120,2104,2105,2072,1970,1974,1206,2081,2080,2074,2074,1930,1953,2016,1188,1935,2034,2028,2012,2025,2037,985,5,255,255,5,255,255,5,5,5,5,5,5,255,255,255,5,5,5,5,5,5,255,5,255,5,5,5,5,5,5,5,10,5,5,255,5,5,10,255,10,5,255,5,5,5,5,10,5,5,5,5,5,5,10,5,10,5,255,5,5,5,255,255,255
1780854628.475437,15151,1523193017,872,2030,2034,2055,2120,2109,1222,937,1104,1420,2033,2083,2075,1953,1339,1096,1260,2022,2050,2091,2104,2087,2094,1613,1308,2023,2083,2077,2105,2095,2047,1804,1298,2035,2061,2119,2148,2092,1998,1901,1363,1985,2084,2104,2075,2106,2013,1972,1286,2011,2113,2064,2100,1930,1958,1986,1175,1935,2077,2001,1966,2025,2037,985,5,255,255,5,10,10,5,5,5,255,5,5,255,255,10,5,9,5,5,5,5,255,5,255,5,5,5,5,5,5,5,5,255,255,10,5,5,5,10,255,5,255,5,255,5,5,5,5,5,9,5,5,5,255,5,5,5,255,5,5,5,255,255,255
1780854628.575114,15152,1523293018,890,2030,2034,2087,2063,2109,1153,941,1095,1420,2043,2046,2075,1953,1352,1122,1301,1956,2079,2089,2108,2072,2071,1613,1254,2011,2086,2077,2099,2114,2020,1804,1357,2035,2118,2080,2117,2092,1998,1901,1219,1985,2088,2120,2075,2106,2013,1972,1220,2009,2091,2127,2102,1994,1956,1953,1181,1935,2087,2074,1966,2032,1970,985,5,255,255,5,5,255,5,5,9,255,5,5,255,255,5,9,5,5,5,5,5,10,5,255,9,5,5,5,5,5,5,255,10,255,5,5,5,255,255,255,5,255,5,10,255,255,255,255,5,5,5,5,5,10,255,5,5,255,5,5,255,10,10,255
1780854628.673749,15153,1523393017,893,2040,2034,2087,2063,2109,1193,944,1122,1420,2052,2079,2061,1953,1381,1109,1316,1954,2066,2057,2095,2092,2050,1725,1263,2051,2055,2080,2122,2096,2063,1804,1266,2068,2033,2096,2124,2092,1974,1901,1293,1985,2091,2104,2078,2106,1995,1984,1251,2013,2101,2097,2062,1900,1919,2006,1187,1935,2064,1987,1946,1974,1970,985,5,10,255,255,255,255,5,5,5,255,5,5,10,255,5,5,5,5,5,5,5,5,5,10,5,5,5,5,5,5,5,255,5,10,5,5,5,255,10,255,5,255,5,5,10,255,10,10,5,5,5,5,5,5,255,5,5,255,5,5,10,5,255,255
1780854628.774839,15154,1523493017,870,2040,2078,2021,2094,2109,1152,943,1129,1267,2026,2062,2061,1953,1343,1090,1235,2030,2073,2105,2083,2106,2010,1735,1306,2019,2109,2071,2131,2123,2054,1804,1286,2055,2081,2096,2123,2075,1974,1901,1310,2047,2086,2142,2102,2093,1995,1944,1200,2049,2088,2061,2078,1990,1951,2006,1184,1881,2062,2028,1946,1990,1970,985,5,255,10,10,10,255,5,5,5,255,5,5,255,255,5,5,5,5,5,5,5,5,9,5,5,5,5,5,5,5,5,255,5,5,5,5,5,10,255,255,5,10,5,5,5,10,255,5,5,5,5,5,5,5,5,255,5,10,5,5,255,5,255,255
1780854628.874455,15155,1523593017,890,2040,2078,2094,2071,2109,1152,936,1081,1456,2049,2102,2061,1953,1326,1042,1287,2027,2023,2086,2076,2106,2079,1735,1353,2068,2082,2099,2119,2116,2043,1944,1281,2074,2079,2095,2119,2054,1959,1986,1237,2047,2105,2125,2110,2074,1995,1914,1236,2044,2082,2091,2059,1953,1941,1983,1211,1881,2019,2062,2013,1942,1970,985,5,10,255,5,5,255,255,5,5,9,5,5,255,255,5,5,5,5,5,5,5,255,5,255,5,5,5,5,5,5,5,10,5,5,5,5,5,5,10,10,5,255,5,5,5,5,255,5,9,5,5,5,5,5,255,10,5,255,5,5,10,5,255,255
1780854628.974166,15156,1523693017,877,2040,2043,2041,2103,2109,1231,937,1107,1533,2038,2039,2061,1953,1358,1109,1249,2049,2103,2073,2131,2068,2063,1640,1255,2028,2080,2072,2106,2108,2025,1944,1264,2074,2091,2077,2144,2054,2025,1986,1296,2022,2110,2125,2049,2090,1874,1914,1249,2057,2078,2092,2090,2009,1973,1983,1253,1868,2022,2071,2013,1942,1970,985,5,255,10,5,5,255,10,5,5,5,5,5,255,255,9,5,9,5,5,5,5,10,5,10,5,5,5,5,5,5,5,255,5,255,5,5,5,255,5,255,5,10,5,255,5,5,10,255,9,5,5,5,5,5,5,255,5,10,5,5,255,255,255,255
1780854629.075104,15157,1523793017,878,2096,2043,2089,2068,2109,1226,955,1122,1273,2038,2075,2078,1953,1349,1063,1249,2026,2070,2053,2123,2116,2095,1640,1304,2065,2063,2074,2118,2112,2087,1944,1351,2001,2109,2100,2163,2116,2042,1986,1243,2022,2082,2112,2100,2065,1874,1914,1229,2042,2061,2106,2087,2009,1935,1962,1196,1868,2039,2083,1973,1943,1970,2015,5,10,255,5,5,255,5,5,5,4,255,5,10,255,5,5,5,5,5,5,5,5,5,255,9,5,5,5,5,5,5,255,5,10,5,5,5,10,5,255,5,255,5,10,5,5,255,255,5,5,5,5,5,255,5,10,5,255,5,5,3,10,255,10
1780854629.174746,15158,1523893017,897,2091,2056,2069,2050,2109,1200,932,1113,1273,2132,2048,2078,1678,1321,1164,1302,2112,2121,2093,2134,2045,2019,1640,1283,2016,2077,2092,2088,2129,2075,1944,1279,2038,2109,2089,2117,2071,2051,1986,1297,2022,2088,2112,2083,2099,1953,2020,1202,1996,2061,2085,2087,2066,1983,1958,1218,1868,2045,2055,1973,1943,1970,2015,5,5,10,5,5,255,5,5,5,255,10,5,255,10,5,9,5,4,5,5,5,9,5,255,5,5,5,5,5,5,5,255,5,5,255,5,5,5,5,255,5,255,5,255,5,5,10,10,5,5,255,5,255,10,5,5,5,255,5,5,255,255,255,255
1780854629.274362,15159,1523993017,875,2061,2098,2058,2040,2109,1154,933,1158,1313,2020,2060,2078,1678,1353,1160,1332,1973,2076,2062,2103,2092,2083,1640,1321,2076,2094,2079,2104,2126,2072,1944,1257,2073,2082,2092,2119,2119,1996,1986,1306,2022,2060,2106,2093,2086,1953,1984,1267,2008,2106,2078,2084,1986,1988,1988,1200,1740,2039,1954,2015,1937,1970,2015,5,5,5,5,5,255,5,5,5,10,5,5,255,255,9,5,9,4,5,5,5,5,5,255,5,5,5,5,5,5,5,255,5,5,10,5,5,5,5,255,5,255,5,10,5,5,255,5,5,5,10,5,10,5,5,5,5,10,5,5,10,10,255,255
1780854629.373711,15160,1524093017,901,2102,2098,2087,2109,2109,1216,946,1105,1997,2007,2082,2078,1678,1321,1092,1315,2037,2087,2082,2103,2137,2160,1643,1359,2073,2071,2089,2078,2127,2012,1944,1336,2027,2106,2129,2116,2119,2031,1900,1264,2022,2100,2106,2083,2072,1953,1919,1252,1947,2088,2088,2094,2003,1930,1988,1248,1749,2054,2057,2015,1937,1970,2015,5,5,255,5,5,255,5,5,5,4,5,5,255,255,5,5,5,5,5,5,255,5,5,10,5,5,5,5,5,5,5,255,5,5,5,5,5,255,5,10,5,255,5,255,5,5,255,5,5,5,5,5,5,5,5,255,5,5,5,5,255,255,255,255
1780854629.473629,15161,1524193017,873,2102,2017,2090,2059,2109,1212,953,1112,1318,2007,2027,2088,1678,1313,1040,1292,2060,2076,2070,2086,2137,2092,1643,1246,2030,2090,2074,2097,2083,2045,1944,1258,2027,2093,2074,2090,2068,2004,1896,1313,2024,2097,2106,2134,2023,1953,1968,1236,2054,2079,2149,2123,1982,1938,1974,1252,1749,2056,2051,1981,1906,1970,2015,5,255,10,5,5,255,5,5,9,5,255,5,10,255,5,5,5,5,5,5,10,255,5,255,5,5,5,5,5,5,5,255,255,255,5,5,5,10,5,5,5,10,5,255,5,5,255,5,5,5,5,5,5,5,255,10,5,255,5,5,10,10,255,255
1780854629.574852,15162,1524293017,904,2060,2057,2100,2059,2109,1215,927,1106,1311,2007,2172,2083,1678,1343,1085,1277,1925,2076,2078,2086,2091,2012,1726,1249,2054,2073,2080,2103,2071,2123,1937,1339,1971,2093,2068,2090,2114,2004,1896,1373,1991,2096,2124,2104,2086,1953,1977,1267,2063,2090,2128,2087,1982,1978,1944,1192,1749,2056,2051,1966,1906,1970,2015,5,10,5,5,255,255,5,5,5,5,255,5,5,255,5,5,5,4,5,5,255,10,5,10,5,5,5,5,5,5,5,10,5,10,255,5,255,5,255,255,9,5,5,10,5,5,255,5,5,5,5,5,5,5,5,5,5,255,255,255,5,255,255,255
1780854629.673909,15163,1524393018,876,2060,2057,2067,2059,2109,1154,921,1127,1403,2007,2077,2083,1678,1297,1106,1210,2020,2054,2068,2086,2131,1982,1726,1251,2033,2068,2089,2112,2114,2064,1870,1329,2033,2085,2108,2084,2114,2017,1896,1323,1991,2096,2124,2110,2086,1953,1971,1222,1982,2077,2098,2087,2009,1978,1992,1160,1749,2012,2022,2007,1906,1970,2015,5,255,255,5,255,255,5,5,5,5,255,5,255,255,5,5,5,5,5,5,255,5,5,255,5,5,5,5,5,5,5,5,5,5,10,5,10,255,10,255,5,255,255,255,5,255,255,5,5,5,5,5,5,5,255,5,5,255,10,10,5,255,255,255
1780854629.775848,15164,1524493017,883,2060,2057,2077,2041,2109,1185,936,1091,1327,2130,2077,2083,1678,1413,1049,1295,2024,2095,2092,2139,2047,2102,1726,1223,2045,2073,2086,2118,2097,2119,1870,1295,2026,2085,2080,2164,2147,2017,1970,1288,1991,2098,2124,2114,2073,1959,1971,1215,2033,2117,2126,2118,1967,1943,1938,1195,1749,2061,2088,1996,1975,1970,2015,5,255,255,5,10,255,5,5,9,255,10,255,255,255,5,5,5,5,5,5,10,5,9,255,5,5,5,5,5,5,5,255,255,5,255,5,5,10,255,10,5,255,10,255,5,10,10,255,5,5,5,5,5,5,10,5,5,255,5,5,5,10,255,255
1780854629.874297,15165,1524593017,892,2060,2089,2067,2041,1579,1210,938,1137,1351,2059,2063,2079,1678,1359,1056,1233,1976,2090,2064,2089,2127,2062,1726,1212,2042,2069,2090,2116,2099,2088,1968,1304,2063,2134,2079,2050,2019,2017,1970,1306,2010,2072,2124,2145,2073,1959,1915,1224,2081,2101,2142,2061,1946,1953,1991,1186,1749,2071,1987,1996,2025,1970,2015,5,255,10,5,255,10,5,5,5,5,5,10,10,255,5,5,5,5,5,5,5,5,5,255,5,9,5,5,5,5,5,10,5,5,10,5,255,5,255,255,5,10,5,255,5,255,255,10,5,5,5,5,5,5,5,5,5,255,5,5,255,5,255,255
1780854629.985046,15166,1524703017,893,2040,2089,2043,2073,1579,1144,941,1087,1348,2059,2051,2152,1678,1377,1042,1297,2036,2082,2085,2102,2119,2055,1686,1296,2071,2042,2083,2085,2086,2027,1968,1304,1995,2097,2084,2119,2071,2064,1970,1364,2010,2104,2106,2136,2073,1959,1915,1244,2067,2099,2090,2061,1990,1932,1938,1206,1749,2090,2054,2006,1972,1970,2015,5,10,255,5,10,255,5,5,9,5,255,5,5,255,5,5,5,5,5,5,5,5,5,10,5,5,5,5,5,5,5,255,255,5,5,5,255,5,10,255,5,255,5,10,5,255,255,255,5,5,5,5,255,5,255,5,5,255,5,5,10,5,255,255
1780854630.085293,15167,1524803017,887,2032,2089,2099,2115,1579,1167,947,1125,1348,2039,2054,2071,1678,1350,1084,1267,1980,2091,2088,2098,2151,2058,1686,1258,2071,2081,2088,2080,2091,2071,1932,1277,2054,2055,2076,2117,2106,2023,1970,1254,2010,2086,2099,2129,2058,1990,1975,1259,2067,2081,2082,2089,1937,1989,1950,1164,1913,1992,1981,1968,1926,1970,2015,5,5,255,5,5,255,5,5,5,255,10,5,5,255,5,5,5,5,5,5,5,5,5,255,5,255,5,5,5,5,5,10,10,5,5,5,5,5,5,255,5,255,5,5,5,10,10,10,5,5,5,5,10,5,5,5,5,10,5,5,5,5,255,255
1780854630.185965,15168,1524903017,888,2032,2089,2088,2121,1579,1186,943,1117,2112,2039,2127,2128,1678,1369,1087,1239,1889,2112,2084,2098,2181,2011,1686,1299,2013,2060,2085,2112,2114,2026,1932,1305,2023,2054,2088,2091,2170,2042,1970,1201,2020,2097,2099,2085,2046,1972,1960,1214,2070,2107,2111,2073,2033,2002,1962,1189,1913,1992,1949,1988,1917,1970,2015,5,255,255,5,5,255,5,5,5,10,255,5,5,255,9,5,5,5,5,5,255,5,255,255,5,10,5,5,5,5,5,255,5,5,5,5,5,5,5,255,5,10,5,255,5,5,5,5,5,5,5,5,5,5,5,5,5,255,255,5,5,5,255,255
1780854630.284590,15169,1525003017,890,2069,2023,2088,2079,1579,1162,950,1117,1345,2039,2074,2128,2107,1284,1045,1327,2055,2077,2063,2086,2043,2069,1686,1273,2056,2072,2079,2096,2089,2083,1891,1313,2036,2106,2102,2104,2170,1968,1970,1261,2020,2078,2099,2103,2040,1922,1960,1216,2044,2093,2101,2092,1950,1971,1935,1174,1913,2036,2016,1988,1970,1970,2015,5,10,10,5,5,255,5,5,5,255,255,5,255,10,5,5,5,5,5,5,10,5,5,255,5,5,5,5,5,5,5,10,5,5,5,5,5,255,5,255,5,255,5,255,5,5,5,255,5,5,5,5,5,5,5,5,5,255,10,5,255,5,255,255
1780854630.383651,15170,1525103017,881,2046,2023,2087,2091,1579,1198,937,1102,1310,2051,2143,2121,1969,1320,1096,1218,2055,2072,2052,2103,2067,1955,1686,1253,2051,2066,2081,2090,2128,2014,1891,1285,2049,2155,2096,2137,2101,1968,1986,1247,2020,2077,2097,2110,2098,1922,1958,1218,2003,2085,2107,2087,1937,1956,1935,1201,1913,1998,1977,1988,1970,1970,2015,5,5,255,5,5,255,5,5,5,5,10,5,10,5,5,5,5,255,5,5,5,5,5,255,5,5,5,5,5,5,5,255,5,5,5,5,5,10,255,10,5,255,5,10,5,5,255,10,5,5,5,5,5,5,5,255,5,255,5,5,255,255,255,255
1780854630.484640,15171,1525203017,876,2089,2066,2068,2125,2133,1214,938,1056,1463,2051,2060,2086,1969,1337,1044,1332,2001,2061,2083,2090,2084,2033,1729,1288,2076,2088,2090,2086,2102,2067,1891,1287,2049,2105,2102,2149,2101,2016,1977,1278,2020,2128,2120,2073,2098,1922,1951,1177,2081,2057,2074,2106,1999,1995,2006,1181,1957,2022,2078,1988,1989,1970,2015,5,5,10,5,5,10,5,5,5,5,255,5,5,255,5,5,5,10,5,5,5,5,5,10,5,5,5,5,5,5,5,255,5,255,5,5,5,255,10,5,5,255,5,5,5,255,255,5,5,5,5,5,5,5,5,10,5,10,5,5,255,10,255,255
1780854630.584971,15172,1525303017,891,2028,2067,2068,2125,2133,1163,918,1140,1959,2051,2095,2086,1969,1372,1019,1299,2001,2089,2111,2090,2158,2025,1729,1224,2073,2064,2087,2092,2113,2078,1891,1321,2047,2072,2119,2117,2094,2026,1977,1251,2074,2092,2104,2112,2105,1931,1940,1217,2007,2121,2110,2090,1973,1966,1953,1199,1957,2095,2078,1970,1993,1970,2015,5,5,5,255,255,255,5,5,5,4,255,5,255,255,5,5,5,255,5,5,255,5,5,255,5,5,5,5,5,255,3,255,5,10,5,5,5,10,5,255,5,10,5,5,5,10,10,5,5,5,5,5,5,5,5,5,5,255,5,255,10,5,255,255
1780854630.684548,15173,1525403017,853,2028,2086,2066,2051,2133,1167,949,1110,1316,2071,2097,2086,2119,1305,1064,1244,2023,2067,2096,2082,2109,2018,1729,1181,2045,2072,2090,2104,2098,2065,1884,1278,2068,2082,2087,2085,2115,1993,1977,1248,2074,2079,2104,2112,2037,1931,1960,1227,2002,2063,2103,2089,2026,1941,1971,1176,1957,2018,1995,1983,1926,2044,2015,5,255,5,10,10,255,5,5,5,4,10,5,255,10,5,5,5,10,5,5,10,5,5,255,5,5,5,5,5,5,5,10,5,5,5,5,5,5,5,255,5,255,5,255,255,5,255,5,5,5,5,5,5,5,255,5,5,255,5,10,255,5,10,255
1780854630.786284,15174,1525503018,885,2028,2015,2077,2051,2093,1180,963,1088,2072,2071,2051,2086,2119,1357,1060,1279,2067,2081,2099,2148,2117,2069,1729,1273,2011,2082,2082,2070,2093,2072,1884,1278,2089,2099,2096,2107,2130,1993,1977,1230,2042,2089,2104,2112,2037,1974,1987,1285,2007,2140,2055,2048,1951,1961,1971,1178,1957,2072,2062,1983,1926,2060,2015,5,255,5,5,255,10,5,5,5,4,255,5,255,255,255,5,9,5,5,5,5,5,5,255,5,5,5,5,5,5,5,255,255,5,5,5,5,5,255,255,5,10,5,255,255,255,10,5,5,5,5,5,5,5,5,255,5,255,5,5,255,255,5,255
1780854630.885643,15175,1525603017,890,2028,2015,2071,2074,2093,1180,945,1133,1286,2047,2043,2057,2119,1449,1093,1301,1958,2035,2084,2107,2098,2065,1729,1310,2058,2075,2091,2095,2071,2074,1885,1329,2047,2119,2129,2151,2156,1976,1977,1337,1986,2084,2077,2117,2079,1936,1977,1283,2035,2140,2099,2135,1985,1956,1990,1174,1957,2028,2062,1983,1926,2060,2015,5,255,255,5,10,255,5,5,5,255,10,5,10,255,5,5,9,9,5,5,5,5,5,255,5,5,5,5,5,5,5,10,10,5,5,5,5,5,10,255,5,5,5,10,10,10,5,5,5,5,255,5,5,5,5,10,5,255,5,255,255,255,255,255
1780854630.985495,15176,1525703017,883,2028,2072,2050,2074,2093,1211,956,1109,1278,2047,2085,2094,2119,1337,1072,1253,1998,2089,2077,2084,2098,2062,1729,1321,2002,2084,2093,2094,2128,2080,1885,1295,2080,2083,2067,2125,2113,2001,1977,1284,2017,2070,2071,2117,2055,2005,1985,1255,2082,2117,2108,2104,2042,1958,1967,1225,1957,1979,2097,1914,1882,2060,2015,5,255,10,5,255,255,5,5,5,10,255,5,5,255,5,5,5,5,5,5,5,255,5,255,5,5,5,5,5,5,5,255,5,5,5,5,5,5,5,255,5,5,5,5,255,5,5,5,5,5,10,5,5,5,5,5,9,255,5,10,10,10,255,255
1780854631.086058,15177,1525803017,900,2086,2066,2038,2074,2093,1158,944,1131,1423,2047,2115,2132,2119,1316,1125,1312,2047,2096,2085,2084,2145,2054,1573,1256,2080,2073,2083,2102,2118,2026,1885,1328,2091,2080,2101,2121,2231,2029,1977,1267,2054,2102,2071,2114,2053,1939,1985,1273,2002,2084,2110,2076,1980,1944,1967,1172,1957,2055,2045,1977,2000,2060,2015,5,10,5,5,255,255,5,5,5,5,255,5,5,255,255,5,5,5,5,5,255,10,5,10,5,5,5,5,5,5,5,255,5,5,5,5,5,5,5,255,9,5,5,255,10,5,5,255,5,5,5,5,5,5,5,255,5,255,5,5,5,5,255,255
1780854631.184929,15178,1525903017,904,2055,2066,2053,2074,1890,1211,932,1109,1273,2047,1998,2048,2119,1344,1039,1277,2036,2106,2081,2115,2129,2077,1573,1238,2037,2070,2090,2076,2128,2067,1952,1280,2063,2082,2103,2137,2231,2016,2010,1337,2054,2096,2071,2114,2091,1926,1960,1196,2016,2065,2085,2104,1876,1939,1952,1208,1957,1999,2017,1952,2000,2060,2015,5,5,255,5,10,10,5,5,5,5,255,5,5,255,5,5,5,5,5,5,10,5,5,255,5,5,5,5,5,5,5,10,5,5,5,5,5,255,5,10,5,255,5,255,255,5,5,10,5,5,5,255,5,5,5,10,5,255,5,5,5,255,255,255
1780854631.284250,15179,1526003017,891,2055,2066,2043,2132,1890,1192,948,1138,1976,2068,2090,2048,2119,1402,1105,1292,2101,2075,2074,2092,2111,2027,1708,1275,2045,2081,2091,2122,2094,2014,1913,1267,2058,2100,2079,2151,2231,2062,1966,1221,2057,2112,2071,2102,2065,1909,1960,1287,1969,2146,2135,2087,1967,1995,1952,1205,1957,1987,2075,1952,1976,2060,2015,5,255,255,5,5,255,5,5,5,4,10,5,255,255,5,5,9,5,5,5,5,5,5,10,5,5,5,5,5,5,5,5,5,5,5,5,5,255,5,5,5,10,5,255,10,5,5,255,5,5,5,5,5,5,5,255,5,255,5,5,255,10,255,255
1780854631.384881,15180,1526103017,854,2088,2062,2078,2040,1890,1239,940,1147,1269,2068,2100,2048,2119,1349,1060,1309,1997,2056,2098,2092,2103,2126,1708,1294,2061,2073,2078,2101,2082,2074,1893,1310,2038,2100,2058,2110,2116,2006,1966,1231,2012,2108,2100,2147,2065,1952,1080,1243,2021,2080,2108,2091,1944,1896,1952,1181,1909,2000,2122,1990,1957,2060,2015,5,10,10,5,5,255,5,5,5,255,255,5,255,255,5,5,5,5,5,5,255,5,5,255,5,5,5,5,5,5,5,5,5,5,255,5,5,10,5,255,5,5,5,10,5,255,5,10,5,5,5,5,5,5,255,255,5,10,5,5,10,5,255,255
1780854631.484829,15181,1526203016,858,2033,2069,2062,2080,1890,1241,935,1128,2068,2068,2082,2021,1580,1307,1073,1286,2046,2062,2061,2078,2060,2015,1659,1255,2043,2067,2086,2095,2117,2054,1775,1305,2040,2109,2072,2140,2155,2009,1966,1292,2030,2091,2100,2124,2065,1946,1074,1232,2071,2056,2092,2068,1944,1944,1952,1144,1909,2064,2014,2000,1972,1938,2015,5,5,5,5,5,255,5,5,5,10,255,5,10,10,5,5,5,5,5,5,10,5,5,10,5,5,5,5,5,5,5,5,5,5,10,5,5,5,5,255,5,5,5,255,5,255,5,5,5,5,5,5,5,255,5,255,5,255,5,5,5,5,10,255
1780854631.585942,15182,1526303017,855,2033,2134,2062,2103,1890,1228,932,1116,2068,2059,2088,2084,1580,1361,1090,1289,2039,2100,2082,2078,2131,1939,1667,1291,2101,2062,2088,2110,2092,2028,1971,1357,2102,2087,2099,2113,2083,2055,1040,1243,2030,2065,2100,2085,2065,1946,1060,1277,2065,2092,2114,2112,1986,1944,1952,1180,1962,1983,2065,1979,1972,1938,948,5,255,5,5,5,255,5,5,5,255,10,5,5,255,5,5,5,5,5,5,255,5,5,5,5,5,5,5,5,5,5,5,5,5,5,5,5,5,5,10,5,255,5,255,5,255,255,5,5,5,5,5,5,10,255,255,5,10,5,5,5,255,255,10
1780854631.685364,15183,1526403018,882,2033,2134,2062,2115,1890,1185,926,1115,1356,2098,2099,2084,1580,1330,1038,1345,2005,2037,2075,2039,2131,2105,1700,1381,2049,2064,2089,2110,2113,1995,1971,1284,2047,2083,2097,2136,2083,1992,1040,1246,2030,2070,2098,2060,2072,1946,1060,1203,2104,2110,2121,2101,1933,1944,981,1177,1962,2080,1999,1979,1972,1938,888,5,255,255,255,5,255,5,5,5,10,5,5,255,255,5,5,9,5,5,5,10,255,5,5,5,5,5,5,5,5,5,255,9,5,5,5,5,255,5,255,9,255,5,10,5,10,255,255,9,5,5,5,5,5,255,255,5,255,5,5,255,255,255,5
1780854631.785183,15184,1526503017,886,2083,2035,2060,2108,1890,1164,930,1147,1995,2026,2053,2084,1580,1358,1132,1336,2005,2065,2094,2114,2105,1962,1704,1221,2008,2073,2079,2114,2119,2110,1971,1335,2059,2083,2116,2136,2083,2031,1040,1238,2028,2080,2073,2151,2072,1946,1060,1214,2019,2088,2106,2087,1933,1944,930,1209,1962,1997,2057,1970,1036,1938,814,5,10,10,10,5,255,5,5,5,4,5,5,255,255,5,5,5,255,5,5,5,10,5,5,5,5,5,5,5,5,5,255,5,5,255,5,255,255,5,255,5,10,5,5,5,255,255,255,5,5,5,5,5,255,255,5,5,255,5,5,10,255,255,5
1780854631.884910,15185,1526603017,904,2067,2035,2059,2086,1566,1218,932,1114,1158,2026,2040,2084,1580,1268,1118,1258,2005,2064,2088,2068,2091,2090,1711,1312,2057,2060,2094,2106,2089,2109,1971,1281,2058,2049,2114,2104,2083,2031,1040,1358,2030,2148,2098,2151,2072,1946,965,1254,2014,2077,2117,2097,1933,955,847,1160,1962,1961,2047,1088,993,894,693,5,5,255,5,5,10,5,5,5,4,255,5,255,255,5,5,5,255,5,5,5,5,5,5,5,5,5,5,5,5,5,255,5,5,10,5,10,255,255,255,5,5,5,5,255,255,255,10,9,5,5,5,5,255,10,5,5,255,5,5,5,5,10,5
1780854631.984558,15186,1526703017,887,2080,1991,2081,2071,1566,1204,927,1121,1158,2026,2094,2082,1580,1362,1051,1223,2005,2054,2091,2068,2121,2098,1711,1348,2025,2100,2094,2114,2094,2029,1971,1353,2025,2095,2085,2079,2095,2031,1040,1304,2030,2133,2109,2128,2072,1946,774,1227,1986,2102,2085,2097,1006,833,707,1220,1962,1961,2072,2040,969,765,635,5,5,10,5,5,255,5,5,9,255,255,5,10,255,5,5,5,255,5,5,255,5,5,255,5,5,5,5,5,5,5,255,5,5,5,5,5,10,255,255,5,255,5,5,10,255,255,5,5,5,5,5,255,10,5,5,5,255,255,5,4,5,5,5
1780854632.084601,15187,1526803016,909,2080,1991,2035,2105,1566,1204,940,1124,1294,2058,2084,2082,1580,1265,1071,1327,2046,2062,2090,2068,2096,2093,1711,1278,2031,2066,2101,2101,2088,2105,1911,1340,2082,2086,2102,2121,2095,1217,1043,1301,2030,2096,1990,1100,906,823,690,1244,2049,2088,2085,1062,809,722,540,1208,1962,2089,2070,963,727,682,426,5,255,255,5,5,255,5,5,5,10,10,5,255,255,5,5,5,10,5,5,255,5,5,255,5,5,5,5,5,5,5,10,5,5,5,5,5,255,10,10,5,10,5,5,4,10,10,5,5,5,5,5,10,5,5,5,5,255,10,5,4,4,5,4
1780854632.183992,15188,1526903017,887,2037,2081,2008,2089,1566,1198,946,1133,1294,2058,2064,2095,1580,1283,1071,1278,1983,2062,2093,2093,2113,1931,1711,1293,2020,2099,2090,2121,2116,2105,1911,1313,2069,2086,2110,2121,2095,747,1043,1264,1998,2077,1990,1135,803,727,408,1224,1993,2069,966,790,721,484,385,1211,1962,2006,1956,714,666,498,376,5,10,10,5,5,255,5,5,5,255,255,5,10,255,5,5,5,5,5,5,10,5,5,255,5,5,5,5,5,5,255,255,5,5,255,5,255,255,4,255,5,5,5,255,9,5,5,4,5,5,5,4,4,5,4,5,5,255,5,5,4,5,5,5
1780854632.285476,15189,1527003017,869,2061,2079,2069,2070,1566,1174,971,1118,1412,2058,2047,2095,1580,1375,1118,1254,2029,2087,2081,2093,2124,2084,1711,1278,2078,2051,2097,2113,2081,1080,1911,1328,2043,2094,2110,2121,789,440,399,1266,2031,2105,1990,858,550,411,358,1211,2047,2067,717,668,573,359,348,1218,1962,2043,675,667,416,369,349,5,5,5,5,5,255,9,5,9,10,255,5,255,255,5,5,9,5,5,5,255,5,5,255,5,5,5,5,5,5,10,255,5,5,10,255,255,10,4,255,5,5,5,255,4,4,4,5,5,5,5,4,5,5,5,5,5,255,5,4,5,4,5,5
1780854632.383431,15190,1527103017,876,2039,2079,2069,2106,1566,1196,954,1104,1406,2035,2047,2095,1580,1252,1036,1264,1982,2087,2088,2073,2077,1988,1711,1295,2040,2084,2059,2104,387,387,400,1287,2022,2094,2110,417,397,363,368,1273,2031,2119,678,586,363,359,353,1229,2012,2140,670,546,373,355,355,1201,1962,2066,2011,667,2009,362,349,5,5,255,255,5,255,5,5,9,5,10,255,255,255,5,5,5,5,5,5,10,5,5,255,5,5,5,5,5,4,4,255,5,5,255,255,255,4,5,5,5,255,5,10,4,5,5,5,9,5,5,5,9,5,5,5,5,255,5,4,255,4,5,255
1780854632.485520,15191,1527203017,868,2042,2090,2080,2095,1566,1188,927,1119,1339,2033,2014,2095,400,1297,1068,1330,2062,2087,442,385,372,372,1652,1243,2040,2131,1034,375,352,366,380,1305,2022,680,423,362,351,348,367,1261,2026,2093,613,382,357,357,353,1301,2036,2140,588,446,374,1902,2011,1209,1902,2021,2018,2019,1954,362,349,5,5,10,10,5,255,5,5,5,5,5,10,255,255,5,5,5,5,255,4,4,4,255,10,9,255,5,5,4,5,5,255,5,255,10,10,5,5,5,5,5,10,5,5,4,5,5,255,5,5,255,5,255,255,4,4,5,10,5,5,10,5,255,255
1780854632.594330,15192,1527313016,865,2083,2054,2081,393,353,1228,950,1110,1445,2033,373,357,362,1273,1081,1260,1980,389,362,345,341,364,1724,1264,2022,455,364,357,351,341,682,1343,2047,637,447,353,362,429,653,1324,2059,552,584,2260,672,619,464,1332,1998,2131,2089,2047,1940,1975,1937,1260,1877,2047,1997,1976,1954,362,349,5,5,5,5,4,255,5,5,5,5,255,4,10,5,5,5,5,5,10,5,5,5,5,5,5,10,5,5,5,5,5,4,5,10,5,5,5,5,5,4,5,5,5,5,4,3,4,255,5,5,10,5,4,4,5,5,5,9,5,5,5,255,255,255
1780854632.694369,15193,1527413017,884,2049,396,344,344,371,1171,944,1158,1445,376,350,346,347,384,1072,1298,594,535,363,367,362,449,1858,1309,677,635,607,369,589,597,666,1268,2046,613,640,632,616,645,653,1267,2059,2138,2114,410,2116,619,1943,1202,2066,2131,2103,2087,1922,1952,1998,1217,1661,2012,1996,1947,1954,362,349,5,5,4,5,5,5,5,5,5,255,10,5,5,5,255,5,5,4,5,5,5,5,5,5,5,5,5,4,5,4,4,5,5,5,5,5,4,4,4,255,5,255,5,4,255,4,255,4,5,5,255,5,5,5,5,5,5,4,5,5,5,255,255,255
1780854632.793449,15194,1527513017,906,2033,407,365,366,355,1082,954,1185,650,560,480,376,483,1193,1071,1290,694,657,622,609,601,668,1750,1304,2032,654,648,632,661,655,666,1329,1995,2124,561,2113,616,2032,1919,1324,2059,2128,2114,2093,2116,1933,1943,1253,2033,2107,2088,2128,1979,1972,1990,1133,1661,2078,1996,2015,1965,362,349,5,5,5,5,5,5,5,5,5,10,9,5,5,5,4,5,9,5,5,4,4,4,4,5,5,5,5,5,4,5,5,255,5,5,4,5,4,255,4,10,5,255,5,255,10,255,10,255,9,5,10,5,5,5,5,5,5,255,5,255,5,10,255,255
1780854632.893292,15195,1527613017,875,2033,660,568,505,467,1185,934,1140,1355,661,647,627,651,1207,1076,1302,2059,726,673,690,684,739,1750,1285,2049,2116,2081,2101,2068,2066,666,1309,2027,2079,2072,2092,2069,2032,1919,1250,2114,2129,2111,2070,2130,1995,1930,1233,2010,2107,2126,2063,1979,1966,1983,1184,1661,2019,1958,2027,1919,362,349,5,255,4,4,5,5,5,5,5,4,5,5,4,5,5,5,9,4,255,5,5,5,5,255,5,5,4,5,4,4,5,255,5,5,5,5,5,10,255,255,5,10,5,10,5,10,5,10,5,5,255,5,5,255,5,5,5,255,5,10,5,5,255,255
1780854632.994043,15196,1527713017,868,697,657,647,646,650,724,955,1103,1367,702,743,720,737,735,1065,1309,1890,2073,2128,690,2113,2139,1622,1269,2055,2084,2087,2095,2165,2054,666,1251,2025,2114,2084,2132,2131,2063,1919,1250,2064,2091,2090,2056,2068,1995,1994,1274,2053,2110,2105,2063,1958,1944,1945,1163,1661,2064,2030,2024,1919,362,349,5,255,5,5,5,5,4,5,5,255,5,5,5,5,5,5,5,5,4,4,255,4,4,10,5,5,5,5,5,5,5,255,5,5,5,5,5,5,10,255,9,5,5,5,5,5,255,5,5,5,10,5,255,10,5,5,5,255,5,5,5,255,255,255
1780854633.094398,15197,1527813017,893,697,720,724,743,720,1160,947,1079,1355,702,743,720,737,1350,1078,1299,1896,2053,2127,2078,2064,2059,1606,1284,2055,2051,2090,2095,2118,2045,666,1259,1985,2052,2054,2124,2116,2002,1919,1310,2071,2102,2090,2161,2174,1937,1901,1205,2031,2094,2086,2114,1982,1957,2050,1197,1661,2054,2001,2024,1951,362,349,5,255,5,5,5,5,4,5,5,5,255,255,255,255,4,5,5,5,5,5,10,5,5,5,5,5,5,5,5,5,5,255,5,5,5,5,5,5,5,255,5,5,5,255,5,5,10,5,5,5,5,5,10,5,5,5,5,255,5,5,255,10,255,255
1780854633.194682,15198,1527913018,890,2055,720,724,743,720,1175,929,1100,1355,702,743,720,737,1340,1032,1293,2057,2056,2073,2090,2108,1939,1606,1283,2000,2064,2090,2091,2122,2003,666,1396,1985,2059,2109,2054,2116,2002,1925,1241,2071,2098,2059,2144,2049,1955,2003,1249,2085,2088,2097,2120,2013,1965,1999,1213,1661,2054,2001,2066,1943,362,349,5,10,255,255,255,255,5,5,5,255,255,255,255,255,5,5,5,5,5,5,5,5,9,255,5,5,5,5,5,5,5,255,5,255,5,5,5,255,255,10,5,255,5,10,5,5,5,5,5,5,5,5,5,5,5,5,5,255,255,255,10,5,255,255
1780854633.295874,15199,1528013017,878,2055,720,724,743,720,1185,918,1156,1320,702,2074,720,2131,1278,1042,1276,2057,2069,2049,2092,2127,2075,1606,1276,2081,2063,2085,2072,2108,2018,2009,1265,2009,2120,2073,2124,2062,1988,1925,1239,2104,2083,2098,2148,2049,1965,1943,1191,2017,2086,2094,2085,1917,1955,1983,1217,1661,2040,2071,2066,1943,362,349,5,255,255,255,255,255,5,5,5,10,255,10,255,10,4,5,5,255,5,5,5,9,5,255,5,5,5,5,5,5,5,10,5,10,5,5,5,10,10,255,5,10,5,5,5,255,5,5,9,5,5,5,5,5,5,5,5,255,10,10,255,255,255,255
1780854633.393958,15200,1528113016,874,2055,2096,724,2070,1793,1207,943,1116,1432,2065,2050,2092,2131,1391,1084,1271,2025,2128,2131,2092,2057,1978,1606,1300,2025,2067,2089,2120,2096,2063,1916,1317,2040,2104,2081,2123,2072,2002,1874,1254,2063,2122,2108,2136,2114,1965,1982,1292,2051,2117,2121,2091,1941,1914,1943,1236,1661,2034,2038,1969,1991,362,349,5,255,10,255,10,10,5,5,5,4,10,5,10,255,4,5,5,10,5,5,255,5,5,255,5,5,5,5,5,5,5,5,5,5,5,5,5,5,5,10,5,5,5,5,5,10,255,5,5,5,5,5,5,5,5,5,5,255,5,5,10,10,255,255
1780854633.493271,15201,1528213017,876,2055,2066,2055,2080,1793,1180,948,1107,1452,2060,2123,2104,2131,1383,1018,1260,1955,2062,2051,2092,2079,2064,1606,1333,2029,2071,2076,2107,2132,2067,1911,1315,2048,2079,2092,2112,2083,2002,1874,1251,2063,2088,2124,2087,2114,1965,1956,1257,2049,2098,2095,2114,1948,2008,1980,1196,2027,1930,2071,1994,1991,362,349,5,255,5,10,5,255,5,5,5,5,5,5,5,255,5,5,5,5,5,9,255,5,5,255,5,5,5,5,5,5,5,5,5,5,5,5,5,5,255,255,5,255,5,5,5,255,255,5,5,5,5,5,5,5,5,5,5,10,5,5,5,255,255,255
1780854633.594869,15202,1528313017,900,2111,2081,2061,2135,1793,1275,942,1144,1972,2029,2076,2114,2035,1356,1081,1286,2053,2063,2093,2075,2103,2086,1606,1227,2023,2085,2088,2099,2085,2053,1911,1360,2051,2112,2081,2147,2159,2064,1874,1249,2063,2101,2040,2143,2114,1965,1956,1313,2055,2089,2083,2083,1995,1971,1983,1244,2027,2050,2025,2090,1957,362,349,5,10,5,5,5,255,5,5,5,4,5,5,5,10,5,5,5,5,5,5,10,5,5,255,255,5,5,5,5,5,5,255,5,5,5,5,5,5,10,255,5,255,5,5,5,255,255,255,5,5,5,5,5,5,255,5,5,255,5,5,5,10,255,255
1780854633.693709,15203,1528413017,893,1045,2067,2052,2052,1793,1178,939,1127,1322,2092,2055,2104,2035,1352,1066,1298,2047,2076,2073,2118,2115,2094,1606,1285,2047,2093,2079,2103,2082,2104,1912,1288,2063,2100,2091,2097,2146,2035,1874,1284,2063,2094,2092,2111,2114,1962,1956,1182,2022,2064,2096,2104,1968,1938,1983,1194,2027,2057,1952,1961,1982,362,349,5,4,5,5,5,255,5,5,5,9,5,5,5,255,5,5,5,5,5,5,5,5,5,255,5,5,5,5,5,5,5,10,5,5,5,5,5,5,5,255,5,255,5,5,5,255,10,255,5,5,5,5,5,5,5,255,5,255,5,5,5,5,255,255
1780854633.795051,15204,1528513017,886,2077,2049,2054,2098,1793,1219,934,1136,2061,2072,2115,2040,2035,1302,1037,1247,1935,2104,2077,2067,2107,2086,1696,1326,2047,2068,2084,2083,2131,2139,1912,1288,2054,2106,2062,2060,2075,2055,1874,1237,2070,2093,2061,2111,2114,1993,1956,1244,2069,2097,2126,2086,2004,1960,1975,1230,2027,2041,2071,1994,1982,362,349,5,4,5,5,5,255,5,5,9,5,5,5,5,255,5,5,5,5,5,5,5,5,5,10,5,255,5,5,5,5,9,255,255,5,5,5,5,5,5,255,5,10,5,5,255,255,5,255,5,5,5,5,5,5,5,10,5,255,5,5,5,255,255,255
1780854633.896152,15205,1528613017,883,2077,2084,2083,2086,2042,1200,944,1177,2056,2062,2049,2115,2017,1292,1045,1280,1987,2085,2095,2067,2135,2048,1696,1295,2021,2068,2091,2117,2134,2059,1912,1228,2040,2082,2106,2109,2153,2055,1874,1352,2100,2107,2100,2122,2027,1993,1951,1247,2057,2082,2089,2076,2003,1986,1954,1208,2027,2046,2077,1994,1965,362,349,5,255,5,5,5,10,5,5,5,5,5,5,5,10,5,5,5,5,5,5,255,5,5,255,5,255,5,5,5,5,5,255,10,5,5,5,5,5,255,255,5,5,5,5,10,10,255,10,5,5,5,5,5,5,5,5,5,255,5,5,255,10,255,255
1780854633.994457,15206,1528713017,883,2006,2060,2117,2073,2042,1206,931,1110,2056,2062,2077,2115,2017,1325,1070,1243,1956,2101,2089,2110,2119,2023,1696,1319,2047,2061,2082,2086,2112,2026,1785,1320,2027,2053,2112,2134,2120,1998,1874,1272,2078,2113,2100,2105,2081,1952,1951,1235,2033,2056,2106,2087,2001,1972,1980,1215,2027,2068,2011,2019,1990,362,349,5,10,5,5,5,255,5,5,5,255,255,5,255,255,5,5,5,5,5,5,10,5,5,255,5,5,5,5,5,5,5,10,5,5,5,5,5,5,10,255,5,5,5,255,5,5,10,255,5,5,5,5,5,5,5,5,5,255,5,5,10,5,255,255
1780854634.093730,15207,1528813017,896,2006,2060,2119,2098,2042,1154,953,1080,2056,2041,2080,2115,2017,1351,1075,1271,1997,2077,2069,2098,2098,2090,1592,1324,2029,2076,2075,2108,2123,2023,1943,1355,2055,2078,2092,2112,2082,1998,1934,1267,2078,2107,2110,2077,2081,1985,1958,1242,2072,2081,2101,2051,2001,1910,1997,1164,2027,2018,2003,1938,1990,362,349,5,255,255,5,5,255,5,5,5,255,10,5,255,255,5,5,5,5,5,5,5,5,5,10,5,5,5,5,5,5,5,5,255,5,5,5,5,5,255,10,5,255,5,10,5,255,5,10,5,5,5,5,5,255,5,255,5,255,5,5,5,255,255,255
1780854634.194762,15208,1528913017,873,2006,2060,2067,2085,2042,1191,932,1117,2056,2034,2055,2115,2017,1267,1088,1257,1997,2042,2069,2095,2092,2040,1592,1218,2006,2072,2094,2131,2095,2106,1857,1307,2080,2096,2128,2106,2107,1998,1930,1284,2063,2069,2107,2095,2081,2009,1979,1241,2033,2061,2137,2095,1931,1993,1967,1164,2027,2058,2073,1977,1990,362,349,5,255,255,5,5,255,5,5,5,255,5,5,255,255,5,5,5,255,5,5,5,5,5,255,5,5,5,5,5,5,5,5,5,5,5,5,5,5,255,5,5,10,5,5,5,255,5,5,5,5,5,5,5,10,5,5,5,255,5,5,5,10,255,255
1780854634.294622,15209,1529013017,886,2006,2011,2054,2125,2042,1234,928,1178,2056,2039,2086,2115,2003,1330,1023,1268,1971,2068,2082,2055,2123,2054,1592,1264,2065,2073,2089,2076,2124,2041,1915,1334,2104,2108,2127,2099,2058,1998,1930,1279,1991,2100,2094,2077,2081,2009,1994,1249,1976,2097,2108,2097,1931,2001,1967,1171,1895,2084,2040,1988,1952,362,349,5,255,10,5,5,255,5,5,9,255,5,5,255,10,5,5,5,10,255,5,5,5,5,255,5,5,5,5,5,5,5,5,5,5,5,5,5,5,255,255,5,5,5,5,5,255,255,5,5,5,5,5,5,255,5,255,5,10,5,5,5,5,255,255
1780854634.394653,15210,1529113018,893,2006,2039,2054,2107,2042,1178,910,1129,2056,2038,2083,2115,2003,1319,1096,1286,2050,2068,2082,2055,2091,1989,1592,1259,2063,2048,2105,2115,2100,2017,1915,1323,2093,2103,2088,2115,2096,1998,1930,1312,1991,2129,2094,2077,1989,2009,1923,1210,2028,2086,2085,2097,1930,2000,2021,1202,1895,2034,2040,1988,1952,362,349,5,255,5,255,5,255,5,5,5,255,5,5,255,255,5,5,5,5,255,5,255,5,5,255,5,5,5,5,5,5,5,255,5,5,5,5,5,5,255,255,5,255,5,255,255,10,255,5,5,5,5,5,255,10,5,10,5,255,5,255,255,255,255,255
1780854634.493519,15211,1529213017,876,2088,2039,2067,2060,2042,1173,926,1103,1984,2043,2033,2085,2003,1367,1070,1280,2028,2053,2072,2107,2094,2048,1592,1288,2043,2069,2096,2123,2119,2063,1916,1310,2005,2100,2105,2099,2126,2037,1930,1277,2067,2101,2111,2087,2071,2009,1954,1193,2033,2051,2082,2064,1990,1959,1967,1209,1895,2095,2037,1975,1952,362,349,5,10,255,10,5,255,5,5,5,10,5,5,10,255,5,5,9,5,10,5,10,5,5,255,5,5,5,5,5,5,5,10,5,5,5,5,5,5,10,255,5,10,5,10,10,5,255,5,5,5,5,5,10,5,5,5,9,255,5,10,10,255,255,255
1780854634.594405,15212,1529313017,881,2090,2074,2070,2065,2042,1182,909,1112,1466,2037,2033,2085,2003,1298,1070,1295,2034,2079,2105,2112,2070,2016,1648,1310,2012,2067,2082,2103,2077,2127,1916,1270,2034,2090,2101,2132,2126,2037,1930,1257,2067,2086,2126,2087,2060,1945,1967,1240,2063,2129,2106,2064,1990,1969,1971,1235,1868,2085,2039,1981,1957,362,349,5,5,10,5,5,255,5,5,5,4,5,255,255,255,5,5,5,5,5,5,5,5,5,10,5,5,5,5,5,255,5,255,5,5,5,5,5,255,255,255,5,255,5,5,255,5,10,5,5,5,5,5,255,255,5,5,5,10,5,5,5,10,255,255
1780854634.693704,15213,1529413017,873,1984,2091,2053,2091,2042,1217,937,1123,1415,2066,2042,2085,2163,1389,1043,1306,2039,2068,2068,2077,2107,2047,1648,1378,2054,2076,2085,2124,2090,2057,1916,1311,2027,2090,2093,2066,2126,2028,1930,1236,2019,2090,2126,2117,2060,1946,1967,1246,2023,2129,2117,2092,1970,1987,1971,1200,1868,1984,2025,1981,1957,362,349,5,5,5,5,5,255,5,5,5,5,5,10,255,10,9,5,5,5,5,5,5,5,5,255,5,5,5,5,5,5,5,255,5,5,5,5,5,255,10,255,5,10,5,255,10,255,5,255,5,5,5,5,10,10,5,255,5,255,5,5,255,255,255,255
1780854634.795790,15214,1529513017,882,1035,2091,2026,2091,2042,1165,964,1177,1366,2028,2096,2106,2163,1254,1077,1236,2022,2109,2062,2077,2102,2006,1648,1384,2054,2100,2087,2083,2098,2065,1877,1261,2025,2061,2104,2158,2131,2062,1930,1299,2019,2116,2126,2070,2076,1946,2010,1212,2004,2096,2109,2090,1970,1954,1935,1202,1893,2041,2018,2016,1890,362,349,5,4,255,5,5,255,5,5,9,5,5,5,10,255,5,5,5,5,5,5,255,255,5,255,5,255,5,5,5,5,5,10,5,5,5,5,5,10,5,255,5,255,5,255,5,10,255,10,5,5,5,5,5,255,5,255,5,10,5,5,10,10,255,255
1780854634.894254,15215,1529613016,909,2097,2033,2064,2082,2042,1211,937,1122,2046,2043,2086,2111,2163,1348,1075,1308,2001,2082,2072,2129,2043,2020,1670,1231,2002,2071,2099,2132,2106,2033,1877,1229,2024,2065,2121,2085,2131,2010,1863,1282,2019,2094,2064,2121,2101,1946,1980,1240,2042,2096,2160,2086,1955,1980,1993,1211,1893,2058,2032,1994,1927,1948,349,5,4,10,5,5,255,5,5,5,4,5,5,5,255,5,5,5,5,5,5,10,5,5,10,5,10,5,5,5,5,5,255,5,5,5,5,5,255,5,10,5,255,5,10,5,5,255,5,5,5,255,5,5,10,5,5,5,255,5,5,5,5,10,255
1780854634.994365,15216,1529713017,891,2097,2077,2102,2060,2042,1162,928,1140,1340,2043,2050,2096,2163,1281,1100,1333,2001,2095,2047,2104,2148,2020,1733,1252,2045,2084,2096,2105,2126,2066,1877,1291,2030,2076,2105,2094,2131,2075,1863,1289,1986,2093,2117,2123,2076,1946,1980,1247,2012,2104,2085,2067,1972,1938,2015,1225,1893,2051,2034,1917,1914,1948,349,5,255,5,5,5,255,9,5,5,4,255,5,5,255,5,9,5,255,5,5,5,5,5,5,5,5,5,5,5,5,5,255,5,5,5,5,5,255,5,255,5,10,5,5,5,5,255,255,9,5,10,5,5,5,5,5,5,255,5,5,5,5,255,255
1780854635.094895,15217,1529813017,907,2065,2032,2085,2053,2042,1195,945,1123,1301,2053,2128,2090,2163,1347,1080,1285,2000,2101,2065,2104,2059,2012,1733,1362,2043,2072,2090,2112,2123,2145,1877,1290,2056,2110,2101,2123,2088,2037,1975,1284,1986,2083,2087,2121,2063,1901,1952,1205,2049,2055,2103,2092,1958,1938,1968,1185,1893,2069,2006,1953,1914,1948,349,5,10,5,5,5,255,5,5,5,5,10,5,5,255,5,5,5,10,5,5,255,5,5,255,5,5,5,5,5,5,5,255,5,5,5,5,5,10,5,10,5,255,5,5,5,5,10,10,5,5,5,5,5,5,255,5,5,255,5,5,5,255,255,255
1780854635.193578,15218,1529913018,891,2035,2032,2084,2068,2042,1167,951,1103,1301,2048,2128,2090,2163,1351,1049,1327,2029,2071,2065,2104,2083,2074,1733,1296,2030,2086,2100,2107,2116,2154,1871,1288,2012,2128,2068,2123,2117,1972,1975,1292,1986,2094,2108,2121,1999,1901,1963,1187,2100,2129,2105,2074,1964,1938,1974,1189,1893,2029,2130,1953,1945,1948,349,5,5,255,5,5,255,5,5,5,255,5,255,255,255,5,5,9,5,5,5,255,5,255,255,5,5,5,5,5,5,5,10,5,5,5,5,255,5,5,255,5,255,5,5,255,5,255,5,5,5,5,5,5,5,255,5,5,255,5,5,255,10,255,255
1780854635.293786,15219,1530013017,865,2052,2032,2052,2092,1503,1209,948,1093,1240,2060,2083,2117,2163,1320,1066,1272,2025,2039,2066,2102,2014,2069,1733,1359,2025,2069,2077,2090,2076,1981,1871,1250,2081,2084,2087,2106,2117,1936,1881,1254,1986,2107,2128,2134,1999,1901,1973,1223,2043,2072,2106,2074,1923,1956,2020,1174,2010,2058,2000,1986,1978,1948,349,5,5,255,5,5,10,5,5,5,255,5,10,10,255,5,9,5,5,5,5,10,5,5,255,5,5,5,5,5,5,9,255,5,5,5,5,10,255,5,10,5,255,5,5,10,255,255,5,5,5,5,5,255,255,10,5,5,10,5,5,10,5,255,255
1780854635.405826,15220,1530123017,892,2052,2103,2081,2082,1503,1173,919,1095,1329,2100,2075,2095,2051,1320,1051,1281,1924,2071,2066,2102,2014,2091,1733,1259,2022,2078,2069,2068,2160,2093,1871,1319,2069,2073,2097,2118,2146,2058,1881,1235,1986,2102,2118,2133,2091,1901,1938,1193,2065,2136,2103,2101,2008,1997,1975,1185,2010,2034,2000,1986,1978,1948,349,5,255,10,5,5,255,5,5,9,5,5,5,5,10,255,5,5,5,5,5,255,255,5,255,5,5,5,5,5,5,5,255,5,5,5,5,5,10,5,255,5,255,5,5,5,10,255,5,5,5,5,5,10,5,5,5,5,255,5,255,255,255,255,255
1780854635.504064,15221,1530223017,865,2048,2103,2064,2074,2061,1229,937,1136,2067,2100,2140,2095,2051,1352,1029,1261,1985,2071,2055,2127,2079,2067,1665,1323,2042,2077,2099,2119,2113,2060,1834,1303,2030,2096,2104,2112,2125,2071,1862,1230,1972,2086,2118,2118,2025,1901,2010,1201,2060,2044,2093,2063,1962,1963,1973,1204,2010,2078,1991,1986,1959,1948,349,5,10,255,5,5,10,5,5,9,4,255,5,255,255,10,5,5,5,255,5,10,10,5,10,5,5,5,5,5,5,5,10,5,5,5,5,5,5,5,10,5,10,5,255,5,5,255,5,5,5,5,5,5,5,5,5,5,255,5,10,255,10,255,255
1780854635.603634,15222,1530323017,924,2048,2072,2064,2101,2061,1179,957,1198,1288,2100,2057,2095,2068,1400,1109,1321,2039,2071,2065,2085,2056,2003,1665,1264,2071,2082,2091,2129,2119,2063,1834,1312,2030,2149,2078,2136,2189,2038,1936,1276,1972,2079,2118,2106,2085,1983,2010,1212,2038,2075,2087,2044,1997,1940,2011,1226,2010,2042,2090,1986,1959,1948,349,5,255,10,255,5,255,5,5,5,255,255,5,255,10,5,9,5,5,255,5,5,5,5,255,5,5,5,5,5,5,5,255,5,255,5,5,5,5,5,5,5,255,5,255,5,5,10,255,5,5,5,5,5,5,5,5,5,255,5,5,255,255,255,255
1780854635.704662,15223,1530423017,892,2052,2072,2073,2101,2061,1198,948,1108,2065,2083,2076,2095,2068,1410,1086,1258,2007,2074,2092,2110,2114,2016,1665,1264,2054,2061,2088,2114,2104,2012,1834,1331,2005,2093,2062,2116,2179,2047,1936,1267,1995,2101,2158,2131,2124,1983,1953,1221,2056,2134,2071,2103,2035,1958,1981,1222,1871,2054,2042,2031,1954,1948,349,5,10,255,10,255,255,5,5,5,10,10,5,255,255,5,5,5,5,10,5,5,5,5,255,5,5,5,5,5,5,5,255,5,10,5,5,5,5,255,255,5,10,5,10,5,5,255,10,5,5,5,5,5,5,5,5,5,10,5,5,10,10,255,255
1780854635.804132,15224,1530523017,871,2064,2072,2039,2083,2061,1166,951,1141,2065,2083,2083,2106,2068,1301,1058,1288,2025,2066,2070,2070,2086,2043,1665,1297,2026,2091,2074,2123,2108,2053,1834,1312,2010,2044,2101,2073,2179,2029,1936,1251,1995,2112,2112,2087,2063,1930,1984,1273,1993,2125,2132,2095,2035,2018,2002,1179,1871,2017,2028,1999,1991,1948,349,5,5,255,5,10,255,5,5,5,255,255,5,10,255,5,5,5,5,5,5,5,5,5,255,5,5,5,5,5,5,5,255,5,5,5,5,5,255,5,255,5,255,5,5,5,5,10,5,5,5,5,5,5,255,5,5,5,255,5,5,5,5,255,255
1780854635.904143,15225,1530623018,889,2046,2072,2097,2053,2061,1194,955,1121,1386,2032,2070,2080,2068,1400,1073,1290,2023,2042,2099,2070,2109,2047,1665,1286,2077,2052,2094,2094,2075,2073,1834,1335,2033,2078,2096,2114,2179,2058,1936,1250,2038,2103,2147,2087,2063,1930,1973,1241,2042,2065,2124,2047,1984,1957,2002,1184,1871,2060,2076,1989,1991,1948,349,5,5,255,5,5,255,5,5,5,10,10,5,5,255,5,5,5,5,5,5,255,5,5,255,255,5,5,5,5,255,5,255,5,5,5,5,5,255,5,255,5,10,5,5,255,255,255,5,5,5,5,5,5,10,255,255,5,255,5,5,5,255,255,255
1780854636.005147,15226,1530723017,911,2046,2076,2047,2070,2061,1183,966,1148,1366,2032,2078,2080,2068,1532,1090,1277,1888,2109,2054,2070,2079,2091,1665,1268,2075,2052,2089,2078,2083,2027,1834,1308,2033,2081,2109,2123,2117,2035,1964,1309,2038,2080,2081,2107,2087,1930,1973,1251,2049,2114,2070,2076,1992,1977,2002,1212,1871,2114,2076,1917,2034,1948,349,5,255,10,5,5,255,5,5,5,5,255,5,255,255,5,9,5,5,5,5,255,5,5,255,5,5,5,5,5,5,5,255,5,255,5,5,5,10,5,10,4,255,5,5,10,10,255,255,5,5,5,5,5,5,5,10,5,255,5,255,5,10,255,255
1780854636.105366,15227,1530823017,911,2085,2004,2086,2082,2061,1138,926,1114,1366,2032,2076,2101,2068,1334,1076,1246,1930,2067,2104,2083,2142,2039,1665,1306,2056,2073,2077,2120,2106,2043,1834,1308,2069,2035,2082,2098,2105,2007,1964,1219,2038,2103,2067,2127,1936,1930,1973,1275,2084,2115,2077,2056,1994,1985,1890,1218,1871,2034,2126,1959,1952,1948,349,5,10,5,5,5,255,5,5,5,255,255,5,10,255,5,5,5,9,5,5,10,5,5,255,5,5,5,5,5,5,5,255,255,10,5,5,5,5,5,255,5,255,5,5,5,5,255,255,5,5,5,5,5,5,5,5,5,255,5,10,5,5,255,255
1780854636.204024,15228,1530923017,898,2052,2004,2067,2125,2061,1173,910,1111,1366,2032,2093,2055,2068,1386,1129,1298,1964,2061,2090,2104,2024,1965,1731,1284,2089,2086,2080,2108,2088,2059,1834,1346,1952,2107,2111,2101,2103,2039,1964,1265,2038,2083,2067,2094,2055,1892,1978,1265,2070,2081,2110,2073,1979,1989,1990,1174,1871,1993,2043,2004,1952,1948,349,5,5,255,5,5,255,5,5,9,255,255,5,5,255,5,5,9,5,5,5,5,5,5,10,5,5,5,5,5,5,5,255,10,5,5,5,5,5,5,255,5,255,5,255,5,5,10,10,5,5,5,5,5,5,255,5,5,255,5,5,5,255,255,255
1780854636.303782,15229,1531023017,889,2052,2004,2078,2063,2061,1193,938,1108,1419,2032,2099,2055,2121,1407,1056,1238,2025,2068,2077,2126,2152,2041,1731,1304,2027,2061,2100,2083,2170,2039,1834,1237,2060,2077,2092,2116,2103,1997,1964,1285,2021,2110,2116,2107,2045,1943,1978,1225,2034,2072,2079,2104,1961,1956,2015,1244,2012,2057,1927,2004,1965,1948,349,5,255,255,5,5,255,5,5,5,10,255,5,255,10,5,5,5,5,5,5,5,5,5,255,5,5,5,5,5,5,5,255,5,5,5,5,5,255,5,255,5,10,5,10,5,5,5,255,5,5,5,5,5,5,5,5,5,10,5,5,255,10,255,255
1780854636.404896,15230,1531123017,879,2052,2024,2067,2055,2061,1155,936,1149,1459,2032,2079,2115,2121,1246,1036,1250,1935,2099,2104,2129,2110,2041,1731,1296,2049,2070,2097,2054,2150,2075,1834,1322,2031,2087,2091,2105,2103,2030,2024,1205,2021,2044,2116,2156,2066,1943,1978,1232,1975,2079,2124,2098,1977,1960,1993,1208,2012,2029,2059,2004,1974,1948,349,5,255,10,5,5,255,5,5,5,5,255,5,10,255,5,5,5,5,5,5,5,5,255,255,5,5,5,5,5,5,5,255,5,5,5,5,5,255,5,10,5,255,5,255,5,5,255,255,5,5,5,5,5,5,255,5,5,255,5,5,255,5,255,255
1780854636.504040,15231,1531223017,885,2065,2037,2067,2067,2061,1192,958,1159,1459,2024,2093,2115,2121,1231,1040,1297,1983,2087,2047,2155,2090,2042,1731,1306,2055,2089,2090,2124,2133,2061,1871,1266,2056,2058,2086,2142,2103,2030,1881,1280,2021,2112,2116,2072,2059,1943,1959,1220,2024,2056,2111,2087,1974,1962,1946,1149,1903,2078,1985,2004,2020,1948,349,5,10,5,5,5,255,5,5,5,255,10,5,255,255,5,5,5,5,5,5,5,5,10,255,5,5,5,5,5,5,5,10,5,5,5,5,5,255,255,5,5,255,5,255,5,5,255,10,5,5,5,5,5,5,5,5,5,10,5,5,255,5,255,255
1780854636.603761,15232,1531323017,880,2033,2037,2067,2096,2061,1301,919,1132,1251,2016,2075,2115,2121,1330,1098,1301,2002,2033,2109,2081,2119,2043,1731,1253,2019,2077,2102,2114,2114,2057,1871,1351,2035,2072,2100,2131,2125,2038,1919,1278,2005,2049,2073,2072,2059,1943,1938,1257,2097,2139,2114,2069,1919,1986,1950,1209,1903,2018,2088,1999,2020,1948,349,5,5,255,255,5,255,5,5,9,10,5,5,255,255,5,9,5,5,5,5,5,5,5,255,5,5,5,5,5,5,5,255,5,5,5,5,5,10,10,5,5,10,5,10,255,255,255,5,5,5,5,5,5,5,5,5,5,255,5,5,10,255,255,255
1780854636.704576,15233,1531423017,882,1997,2037,2088,2130,2051,1182,937,1097,1309,2057,2013,2149,2121,1316,1093,1312,1968,2073,2093,2120,2091,1978,1619,1294,2053,2083,2099,2110,2167,2043,1871,1287,2069,2121,2101,2087,2125,1981,1919,1266,2005,2085,2118,2107,2067,1943,1938,1212,2063,2139,2125,2090,2001,1923,1996,1180,1903,2024,2045,2008,2020,1945,349,5,5,255,10,5,10,5,5,5,255,5,5,10,255,5,5,5,5,5,5,5,5,5,10,5,5,5,5,5,5,5,255,255,5,5,5,5,255,5,255,5,255,5,5,10,10,255,255,5,5,255,5,5,5,5,5,9,255,5,5,5,255,10,255
1780854636.805501,15234,1531523017,860,2093,2067,2054,2087,1869,1186,976,1072,1316,2057,2097,2149,2121,1392,1102,1306,2051,2087,2074,2120,2091,2034,1629,1269,2025,2070,2085,2112,2096,2072,1871,1316,2063,2065,2106,2116,2081,2036,1919,1286,2005,2118,2052,2160,2007,1943,1938,1256,2046,2101,2078,2067,2001,1923,2017,1204,1852,2067,2057,1888,1978,1945,349,5,5,10,5,5,9,5,5,5,5,255,5,255,255,5,5,5,5,5,5,255,255,5,5,5,5,5,5,5,5,5,255,5,5,5,5,5,10,5,255,5,255,5,5,5,5,255,255,5,5,10,5,5,255,255,255,5,10,5,5,5,10,255,255
1780854636.904696,15235,1531623017,864,2058,2009,2062,2068,1869,1183,928,1146,1394,2063,2100,2072,2121,1427,1102,1222,1999,2050,2095,2127,2104,2062,1647,1262,2012,2086,2089,2087,2142,2088,1871,1268,2051,2097,2102,2101,2071,2025,1919,1268,2005,2120,2052,2137,2125,1943,1938,1202,2038,2144,2097,2067,1972,1966,1955,1179,1852,2015,2061,2013,1978,1945,349,5,5,5,5,5,255,5,5,5,5,10,5,10,255,5,5,5,5,5,5,10,10,5,5,5,5,5,5,5,5,5,255,5,5,5,5,5,5,5,255,5,255,5,255,5,5,255,255,5,5,5,5,255,10,10,5,5,255,5,5,5,255,255,255
1780854637.004798,15236,1531723018,879,2058,2009,2066,2090,1869,1150,924,1127,1327,2063,2103,2072,2121,1326,1095,1290,2033,2084,2105,2127,2090,2082,1647,1245,2014,2062,2082,2111,2074,2057,1871,1243,2051,2107,2061,2135,2094,2025,1919,1311,2005,2081,2057,2138,2125,1960,1938,1209,2036,2115,2154,2095,1968,1971,1959,1198,1852,2062,2052,2005,1978,1945,349,5,255,255,5,5,255,5,5,5,5,255,5,255,255,5,5,5,5,5,5,255,5,5,255,5,5,5,5,5,5,5,255,5,255,5,5,5,5,255,255,5,255,5,10,5,255,10,255,5,5,5,5,10,5,5,5,5,255,5,5,5,255,255,255
1780854637.106053,15237,1531823017,900,2051,2086,2065,2084,1869,1190,919,1100,1327,2063,2061,2072,2121,1382,1083,1328,2042,2077,2085,2127,2127,2088,1647,1266,2047,2066,2099,2096,2153,2134,1871,1277,1984,2103,2093,2079,2105,1990,1919,1254,2005,2115,2118,2107,2059,1956,1945,1266,2035,2122,2076,2079,1968,1929,1956,1235,1852,2068,2095,2023,1978,1959,349,5,10,10,5,5,255,5,5,5,255,255,5,255,255,5,5,5,5,5,5,255,5,5,255,5,5,5,5,5,5,5,255,5,10,5,5,5,5,10,255,5,255,5,5,5,10,5,10,5,5,5,5,5,5,5,5,5,255,5,5,5,255,10,255
1780854637.203990,15238,1531923017,895,2051,2030,2054,2090,1869,1186,924,1141,1439,2063,2082,2072,2121,1334,1057,1267,1993,2101,2103,2116,2084,2019,1768,1286,2023,2059,2103,2066,2144,2089,1871,1292,2034,2103,2089,2105,2105,2102,1919,1295,2005,2097,2076,2098,2042,1956,1945,1252,2059,2043,2096,2087,2000,1979,1951,1220,1852,2066,2004,2023,2018,1959,349,5,255,5,5,5,255,5,5,5,10,255,5,255,255,5,9,5,5,5,5,10,5,5,10,5,5,5,5,5,5,5,255,5,5,255,5,5,255,5,255,5,255,5,5,5,5,255,255,5,5,5,5,5,5,5,5,5,255,5,5,255,10,255,255
1780854637.304550,15239,1532023017,900,2055,2030,2062,2042,1869,1189,937,1125,1351,2102,2105,2072,2121,1392,1098,1218,2020,2093,2109,2108,2107,2011,1768,1349,2031,2089,2094,2076,2086,2068,1871,1292,2034,2103,2105,2103,2132,2032,1919,1297,2005,2083,2092,2129,2078,1967,1965,1257,2070,2067,2093,2060,1990,1994,1996,1239,1852,1980,2044,1977,1938,1959,2014,5,10,255,5,5,255,9,5,5,255,10,5,255,255,5,5,5,5,5,5,5,5,5,255,5,5,5,5,5,5,5,255,5,255,255,5,5,10,5,255,5,255,5,5,5,5,10,10,5,5,5,5,5,5,5,5,5,255,255,5,10,5,255,10
1780854637.404864,15240,1532123018,886,2055,2032,2059,2068,1869,1209,941,1148,1366,2102,2083,2072,2121,1252,1042,1250,1987,2069,2072,2116,2092,2145,1768,1312,2042,2082,2084,2097,2096,1993,1871,1307,2034,2105,2101,2100,2119,2032,1919,1292,1978,2077,2059,2101,2132,2009,1965,1170,2004,2134,2080,2060,1990,1932,1962,1180,1653,2051,2046,1977,1938,1959,2014,5,255,10,5,5,255,5,5,5,255,255,5,255,255,5,5,5,5,5,5,5,5,5,255,5,5,5,5,5,255,5,255,5,255,10,5,5,5,255,255,5,10,5,5,5,5,5,255,5,5,5,5,255,255,5,5,9,10,5,5,255,255,255,255
1780854637.503719,15241,1532223017,865,2108,2101,2043,2069,1869,1177,927,1141,1366,2059,2062,2072,2121,1309,1146,1314,1987,2132,2088,2132,2092,2072,1768,1300,1984,2084,2085,2033,2163,2042,1871,1325,1991,2079,2100,2107,2119,1986,1919,1262,1978,2073,2089,2095,2132,1935,1970,1283,1975,2052,2109,2097,1974,1952,2011,1183,1653,2053,2079,1998,1936,1959,2014,5,10,5,5,5,255,5,5,9,255,10,5,255,255,9,9,5,255,5,5,5,255,5,255,5,5,5,5,5,5,5,255,5,10,5,5,5,255,10,255,5,255,5,5,5,255,5,10,5,5,5,5,10,10,5,5,5,255,5,5,10,10,255,255
1780854637.603676,15242,1532323017,867,1999,2101,2084,2107,1927,1220,953,1136,1822,2046,2056,2072,2121,1471,1142,1301,2049,2065,2067,2121,2060,2095,1705,1245,2049,2093,2091,2104,2071,2014,1871,1325,2071,2102,2074,2085,1973,2014,1919,1310,1978,2082,2105,2123,2132,1935,1970,1192,2067,2046,2101,2087,1917,1923,1983,1188,1653,2030,2017,1934,1957,1959,2014,5,5,255,5,5,10,5,5,5,10,5,5,255,255,5,5,5,10,5,5,5,10,5,10,5,5,5,5,5,5,5,255,255,5,5,5,5,10,5,255,5,255,5,5,5,255,255,255,5,5,5,5,5,5,5,5,5,255,5,5,5,5,255,255
1780854637.705077,15243,1532423017,881,2088,2101,2076,2105,1927,1172,923,1125,1399,2073,2112,2072,2121,1319,1081,1238,2030,2074,2086,2060,2060,2029,1658,1304,2068,2073,2089,2109,2079,2053,1871,1305,2025,2079,2093,2108,2128,2066,1919,1265,1978,2064,2119,2075,2132,1974,1993,1212,2029,2046,2136,2111,2014,2010,1983,1238,1653,2108,2047,1934,1910,2005,2014,5,5,255,5,5,255,5,5,5,5,5,5,255,255,5,5,5,5,5,5,5,255,5,5,5,5,5,5,5,5,5,255,10,5,5,5,5,5,5,255,5,255,5,5,5,255,10,10,5,5,255,5,5,5,5,255,5,255,5,5,255,5,10,255
1780854637.803587,15244,1532523018,886,2055,2101,2071,2069,1927,1177,938,1120,1399,2073,2090,2072,2121,1339,1046,1281,1997,2062,2086,2082,2060,2077,1658,1205,2073,2072,2093,2086,2149,2044,1871,1328,2017,2045,2072,2126,2128,2027,1919,1251,2090,2130,2119,2023,2062,1957,1993,1251,1968,2117,2106,2093,1983,1943,1983,1231,1653,1961,2037,2003,1910,2005,2014,5,5,255,5,5,255,5,5,5,255,255,5,255,255,255,5,5,5,5,5,5,255,5,255,255,5,5,5,5,5,5,255,5,5,5,5,5,255,5,255,5,10,5,255,5,10,5,255,5,9,10,5,5,5,5,255,5,255,5,5,10,255,255,255
1780854637.903545,15245,1532623017,875,2020,2101,2103,2069,2114,1250,920,1086,1307,2073,2096,2072,2121,1371,1073,1331,2024,2065,2081,2147,2120,1991,1658,1205,2033,2089,2088,2095,2120,2066,1871,1297,2013,2065,2103,2134,2128,1955,1919,1272,2016,2104,2094,2132,2062,1925,2000,1236,2015,2113,2098,2081,1947,1948,1967,1222,1653,2010,2093,2020,1988,2005,2014,5,5,255,5,5,10,5,5,5,255,255,5,255,255,5,5,5,5,5,5,5,10,5,255,255,5,5,5,5,5,5,255,5,5,5,5,5,255,5,255,5,5,5,10,5,255,5,10,5,9,5,5,5,5,5,10,5,255,5,5,5,10,255,255
1780854638.004778,15246,1532723017,903,2078,2101,2060,2071,1972,1199,957,1146,1264,2073,2074,2105,2121,1369,1115,1281,2024,2062,2098,2147,2095,2053,1658,1317,1985,2074,2083,2111,2120,2072,1931,1287,2056,2068,2079,2120,2128,1955,1919,1287,2016,2116,2178,2070,2062,1925,2000,1188,2004,2055,2127,2076,2015,1984,1957,1229,1932,2031,1923,2002,1988,1998,2014,5,5,255,5,5,5,5,5,5,5,255,5,10,255,5,5,5,255,5,5,255,5,5,255,10,5,5,5,5,255,5,10,5,5,5,5,5,255,255,255,5,255,5,5,5,255,255,255,5,5,5,5,5,5,5,5,5,10,5,5,5,255,10,255
1780854638.104584,15247,1532823017,893,2078,2006,2135,2065,1972,1219,937,1154,1264,2072,2085,2105,2121,1362,1065,1250,2009,2066,2078,2147,2095,2008,1658,1292,2071,2080,2084,2119,2110,2072,1873,1231,1959,2073,2113,2099,2133,1955,1919,1207,2044,2063,2104,2129,2016,1925,1993,1234,1996,2116,2079,2090,1967,1947,1980,1199,1932,2032,2031,1945,1988,1998,2014,5,255,10,5,5,255,5,5,5,255,10,5,255,255,9,5,5,10,5,5,255,255,5,255,5,5,5,5,5,10,5,5,5,5,5,5,5,10,255,255,5,10,5,5,5,10,255,10,5,5,5,5,5,5,5,5,5,255,5,5,5,255,255,255
1780854638.214688,15248,1532933017,867,2086,2006,2014,2075,1972,1229,932,1106,1264,2078,2111,2105,2068,1299,1055,1219,2023,2024,2064,2108,2095,2080,1662,1283,1946,2071,2084,2087,2142,2093,1873,1283,2032,2081,2111,2131,2133,2039,1919,1265,2077,2064,2127,2144,2016,1946,1943,1257,1969,2091,2083,2054,1967,1996,1954,1234,2014,2102,2065,1994,1988,1959,2014,5,10,255,5,5,255,5,5,5,255,5,5,255,10,5,5,5,5,5,5,10,255,5,10,5,5,5,5,5,5,5,255,5,5,5,5,5,255,255,255,5,5,5,5,5,255,10,5,5,5,5,5,5,255,5,5,5,10,5,5,5,255,10,255
1780854638.313322,15249,1533033017,894,2028,2053,2070,2080,1972,1192,963,1114,1264,2078,2024,2092,2068,1398,1087,1304,2022,2065,2090,2083,2123,1995,1662,1283,2074,2077,2089,2088,2116,2020,1873,1248,2040,2106,2104,2115,2096,2029,1864,1285,2021,2076,2086,2102,2103,1901,1985,1236,1980,2089,2097,2097,1995,1919,1954,1201,2014,2067,2052,2011,1965,1959,2014,5,5,10,5,5,255,5,5,5,255,255,5,10,255,5,5,5,5,5,5,5,10,5,255,5,5,5,5,5,5,9,255,5,5,5,5,5,10,5,10,5,5,5,5,5,10,5,5,5,5,5,5,5,10,5,255,5,255,5,5,5,255,255,255
1780854638.414330,15250,1533133017,885,2043,2077,2101,2082,1972,1231,933,1114,1406,2118,2119,2092,2068,1351,1111,1241,2022,2050,2079,2131,2035,1995,1662,1241,1978,2063,2077,2119,2133,2062,1873,1260,2035,2109,2084,2105,2121,2025,2037,1352,2021,2113,2086,2100,2103,1901,1995,1236,2046,2089,2101,2073,1906,1969,1972,1210,1776,2090,2046,1972,1986,1959,2014,5,5,5,5,5,255,5,5,5,10,10,5,255,255,5,5,5,255,5,5,5,5,255,255,5,5,5,5,5,5,5,255,5,5,5,5,255,5,5,5,5,255,5,255,5,255,255,5,5,5,255,5,5,5,5,10,5,10,5,5,5,5,255,255
1780854638.514791,15251,1533233017,895,2043,2077,2056,2049,1972,1159,934,1106,1406,2118,2101,2092,2068,1291,1107,1371,2022,2086,2079,2145,2035,2069,1662,1256,2046,2069,2098,2051,2126,2076,1954,1262,1986,2062,2112,2105,2095,2016,2037,1255,2021,2088,2113,2122,2040,1929,1995,1235,2017,2074,2101,2080,1967,1960,1978,1216,1776,2077,1991,1960,1986,1959,2014,5,255,255,5,5,255,5,5,5,255,255,5,255,255,9,5,5,255,5,5,5,255,10,255,5,5,5,5,5,5,5,10,5,5,5,5,5,5,5,255,5,255,5,10,5,10,10,255,5,5,10,5,5,5,5,5,5,255,5,5,5,255,255,255
1780854638.613595,15252,1533333017,884,2043,2077,2104,2084,1972,1181,922,1106,2070,2073,2116,2224,2068,1218,1056,1316,2021,2050,2094,2125,2035,2059,1753,1269,2003,2074,2094,2118,2080,2039,1954,1278,2043,2068,2125,2138,2145,2071,2037,1273,2021,2109,2113,2091,2027,2003,1978,1248,2027,2086,2111,2059,1967,1928,1977,1151,1776,2062,2032,1960,1937,1959,2014,5,255,255,5,5,255,5,5,5,10,10,5,10,255,9,5,9,10,5,5,5,255,5,10,5,5,5,5,5,5,5,255,5,5,5,5,5,5,5,255,5,255,5,255,5,5,5,10,5,5,5,5,5,255,5,5,5,255,5,5,255,10,255,255
1780854638.713960,15253,1533433017,883,2081,2074,2025,2101,1972,1207,919,1132,2070,2023,2084,2224,2068,1331,1081,1288,2054,2084,2072,2125,2105,2036,1713,1283,2014,2081,2087,2058,2130,2081,1951,1284,2067,2129,2096,2139,2145,1968,2037,1293,2047,2113,2113,2084,2051,2003,1971,1179,2036,2072,2127,2135,1974,1969,1977,1214,1855,2066,2120,1960,1937,1959,2014,5,10,10,5,5,255,5,5,9,255,5,5,255,255,5,5,5,5,5,5,255,10,5,5,5,5,5,5,5,5,5,10,5,5,5,5,5,255,5,255,5,10,5,255,5,5,255,5,5,5,5,5,5,10,5,5,5,10,5,5,255,255,255,255
1780854638.813815,15254,1533533017,913,2081,2074,2102,2106,1972,1182,935,1080,2070,2089,2088,2105,2068,1303,1070,1308,2043,2076,2079,2097,2151,2008,1713,1261,2019,2091,2085,2099,2127,2050,1936,1269,2035,2112,2100,2101,2128,2039,2037,1225,2047,2086,2144,2084,2085,1996,1991,1246,2033,2067,2125,2075,1974,1969,1990,1197,1855,2029,2027,1970,2019,1959,2014,5,255,255,5,5,255,5,5,5,255,5,5,10,255,5,5,5,5,5,5,10,5,5,255,5,5,5,5,5,5,5,5,9,5,5,5,5,10,5,255,5,255,5,10,255,5,10,5,5,5,5,5,5,255,255,5,5,255,5,5,10,10,255,255
1780854638.914475,15255,1533633016,886,2061,2026,2051,2115,1972,1211,951,1125,1355,2068,2084,2105,2068,1513,1063,1374,2043,2091,2072,2115,2086,2022,1648,1302,2008,2077,2084,2093,2103,2107,1936,1300,2085,2098,2089,2102,2089,2035,2037,1239,2073,2090,2120,2084,2072,1985,1982,1240,2048,2092,2101,2011,1988,1933,1972,1180,1750,2013,2075,2010,2044,1959,2014,5,10,10,5,5,255,5,5,5,10,5,5,255,255,4,5,5,255,5,5,5,5,5,10,5,5,5,5,5,5,5,255,5,5,5,5,5,5,5,255,5,10,5,5,255,5,5,5,5,5,5,5,5,10,10,5,5,10,5,5,5,5,255,255
1780854639.015455,15256,1533733017,884,2042,2026,2051,2077,1972,1202,922,1146,1355,1990,2049,2105,2068,1353,1023,1288,2008,2087,2072,2115,2048,2023,1667,1264,2056,2066,2076,2092,2097,2082,1974,1284,2033,2079,2091,2118,2154,2035,1932,1251,2073,2124,2120,2160,2010,1985,1929,1222,2052,2078,2096,2011,1947,1984,1987,1159,1750,2034,2075,1984,2044,1959,2014,5,5,255,255,5,255,5,5,5,255,5,5,255,255,5,5,5,10,5,5,255,5,5,5,5,5,5,5,5,5,5,10,5,5,5,5,5,5,255,10,5,255,5,255,10,5,255,5,5,5,5,5,255,5,5,5,5,255,5,255,5,255,255,255
1780854639.115158,15257,1533833017,884,2042,2026,2082,2069,1972,1178,961,1146,1377,2085,2083,2095,2068,1366,1085,1298,2051,2091,2078,2107,2057,2027,1667,1293,2038,2071,2089,2117,2107,2079,1974,1287,2048,2077,2103,2103,2131,2059,1932,1245,2073,2103,2130,2107,2020,1957,1940,1229,2066,2083,2081,2093,1979,1976,1969,1167,1750,2017,2077,1983,2044,1959,2014,5,255,255,10,5,255,9,5,5,10,5,5,10,255,5,5,5,5,5,5,10,5,5,255,5,5,5,5,5,5,5,255,5,5,5,5,5,5,10,255,5,255,5,10,5,9,10,5,5,5,5,5,10,5,5,5,5,255,5,10,5,255,255,255
1780854639.215622,15258,1533933017,922,2062,2026,2082,2080,1972,1225,946,1108,1298,2085,2083,2095,2068,1336,1081,1270,2048,2097,2082,2107,2101,2036,1667,1277,2001,2073,2085,2131,2128,2083,1974,1281,2110,2055,2108,2083,2106,2073,1932,1275,2040,2098,2114,2089,2094,2026,1961,1247,2055,2115,2109,2044,1983,1976,2043,1205,1750,2102,2029,2022,2044,1959,2014,5,10,255,255,5,255,9,5,5,255,255,255,255,255,5,5,9,5,5,5,255,5,5,255,5,5,5,5,5,5,5,255,5,5,5,5,5,5,5,255,5,10,5,5,5,5,5,5,5,5,5,5,5,5,255,5,5,255,5,5,5,255,255,255
1780854639.315562,15259,1534033017,892,2059,1075,2082,1140,1972,1217,946,1136,1427,1240,2042,2086,2068,1380,1079,1277,2078,2043,2104,2052,2068,2017,1667,1258,2016,2067,2088,2123,2137,2069,1974,1303,2025,2075,2117,2119,2118,1975,1932,1341,2027,2081,2080,2128,2094,2026,1947,1236,2061,2092,2113,2092,1977,1976,2001,1172,1750,2075,2015,2022,2044,1959,2014,5,5,10,255,4,255,5,5,9,9,10,10,10,255,9,5,5,255,5,5,10,5,5,255,5,5,5,5,5,5,5,255,5,5,5,5,5,5,5,255,5,5,5,5,5,255,255,5,5,5,5,5,5,5,255,5,5,255,5,5,255,255,255,255
1780854639.413527,15260,1534133017,887,947,994,2082,1122,1972,1208,927,1126,2024,1104,2042,2086,2068,1353,1095,1265,1981,2078,2065,2097,2075,1991,1644,1288,2023,2077,2083,2127,2144,2023,1974,1309,2018,2092,2094,2133,2095,1975,3860,1274,2094,2081,2035,2130,1993,2026,1947,1243,2036,2076,2083,2092,1929,1956,2001,1231,1862,2078,2021,1991,1991,1959,2014,5,5,5,255,5,255,5,5,9,5,255,255,255,255,5,5,5,9,5,5,5,5,9,10,5,5,5,5,5,5,5,255,5,5,5,5,5,5,255,2,5,5,255,5,5,10,255,255,9,5,5,5,255,5,10,255,5,10,5,5,10,10,255,255
1780854639.514251,15261,1534233017,881,820,884,977,1088,1121,1170,945,1136,1380,1017,2042,2086,1987,1339,1061,1286,2034,2028,2068,2097,2088,2059,1759,1268,2029,2092,2088,2096,2109,2006,1955,1235,2035,2091,2103,2124,2072,2026,3860,1256,2094,2118,2035,2093,2075,1997,1956,1237,2055,2103,2083,2092,2093,1972,2009,1237,1862,2061,2045,1947,1936,1959,2014,5,5,5,10,255,10,5,5,9,5,5,255,255,10,5,5,5,5,5,5,255,5,5,5,5,5,5,5,5,5,5,10,5,5,5,5,5,5,10,255,5,255,10,255,5,5,10,10,5,5,5,5,255,5,5,255,5,255,5,5,5,5,255,255
1780854639.613791,15262,1534333017,881,711,711,758,784,998,1197,926,1127,1206,888,898,1229,1089,1317,1103,1278,1954,2080,2013,2097,2105,2081,1759,1289,2026,2061,2087,2115,2145,2099,1955,1291,2027,2117,2121,2121,2072,2031,3860,1285,2019,2100,2035,2101,2105,1962,1961,1296,2008,2073,2088,2139,1980,1959,1939,1189,1862,2000,2045,1984,1936,1959,2014,5,5,5,4,4,5,5,5,5,5,5,10,10,4,5,5,5,5,5,5,255,5,5,255,5,5,5,5,5,5,5,255,5,5,5,5,5,255,5,255,5,10,5,255,5,5,5,5,5,5,5,5,10,5,5,5,5,255,5,255,5,255,255,255
1780854639.713377,15263,1534433017,896,711,665,660,600,435,410,922,1142,1206,713,694,740,881,1323,1025,1263,1995,847,972,2097,2105,2042,1718,1254,2056,2093,2092,2095,2078,2030,1955,1239,2081,2062,2114,2134,2138,2021,3860,1310,2019,2091,2035,2086,2030,1953,1961,1297,2089,2083,2092,2139,1909,2033,1952,1203,1862,2046,2086,1984,1956,1959,2014,5,255,5,5,5,4,4,5,5,255,5,4,4,4,5,5,5,5,5,5,255,255,5,10,5,5,5,5,5,5,5,255,5,5,5,5,5,10,5,255,5,255,5,255,5,5,5,255,5,5,5,5,255,5,5,5,5,255,5,10,255,10,255,255
1780854639.813625,15264,1534533017,889,711,2051,641,621,431,371,369,1099,1206,684,636,639,506,409,372,1284,2010,681,680,686,722,446,418,1190,2057,2096,2084,2101,2139,2045,470,1306,2083,2088,2115,2090,2114,2021,3860,1261,2019,2075,2088,2098,2095,1953,1961,1333,2040,2123,2134,2104,1954,1937,1999,1211,1862,2069,1995,1955,1954,1959,2014,5,255,4,5,5,5,5,4,9,255,5,5,5,5,4,4,5,5,5,4,10,10,4,4,5,5,5,5,5,5,5,255,5,5,5,5,5,5,255,255,5,255,5,10,5,5,255,255,5,5,5,5,10,5,5,5,5,255,5,5,10,5,255,255
1780854639.915091,15265,1534633017,882,2088,2097,2068,2066,431,371,370,1126,1420,684,636,621,612,395,367,1272,2010,2089,646,631,609,489,364,1264,1995,2065,666,659,664,1999,378,1328,2083,2140,2115,657,2080,2021,409,1276,2019,2129,2088,2106,2080,1991,1943,1232,2058,2085,2131,2108,1989,1929,1999,1156,1862,1971,2041,1955,1954,1959,2014,5,10,5,4,4,255,255,5,5,10,255,255,5,5,5,5,5,255,5,5,5,5,5,5,5,5,5,5,4,4,5,5,5,255,5,255,4,5,255,10,5,255,5,255,5,5,10,10,5,5,5,5,5,5,5,255,5,255,5,5,255,255,255,255
1780854640.014924,15266,1534733017,873,2060,2051,2078,2081,431,1176,952,1122,1420,684,2096,621,612,649,928,1277,2046,2046,2040,669,628,637,619,1293,2095,2066,692,648,629,575,550,1221,2083,2054,679,659,653,589,417,1261,2054,2056,2088,656,672,1991,426,1274,2070,2111,2098,2108,2009,1962,435,1158,1859,2040,2005,2012,1954,2015,2014,5,5,5,5,5,255,10,4,5,255,255,10,255,255,4,4,5,10,5,4,5,5,5,4,5,5,5,5,5,5,5,5,5,255,5,10,5,4,10,5,5,10,5,255,4,4,255,4,5,5,5,5,255,5,5,10,5,10,5,5,10,255,10,255
1780854640.114530,15267,1534833017,880,2046,2004,2078,2119,431,1161,931,1167,1358,2026,2097,621,612,1328,1063,1305,1699,2062,2076,2105,628,1991,700,1306,2095,2064,2081,735,729,643,659,1386,2047,2056,2089,714,659,633,606,1263,2054,2074,875,690,655,616,592,1271,2052,2061,2104,2084,1967,1946,1929,1193,1953,2072,1979,2018,2011,2015,2014,5,5,5,255,5,255,9,5,5,10,10,5,255,255,4,5,9,4,5,5,4,255,4,5,5,255,5,5,255,5,5,5,5,10,5,4,5,5,5,5,5,255,5,10,5,5,10,5,5,5,5,5,10,5,5,5,5,5,5,5,5,10,255,255
1780854640.214688,15268,1534933017,893,2066,2004,2103,2074,431,1179,954,1094,1358,2076,2056,621,2067,1413,1061,1289,2059,2098,2068,2123,2124,1993,1753,1317,2029,2082,2081,2122,2068,2110,659,1240,2047,2112,2066,714,783,736,680,1294,2054,2093,875,797,742,655,669,1295,1978,2151,2133,738,694,659,627,1162,1953,2040,2085,1961,687,2015,609,5,5,255,10,5,255,5,5,5,255,5,5,255,10,5,5,5,4,5,5,5,10,5,4,5,10,5,5,4,4,4,255,5,255,5,5,255,255,5,5,5,255,5,255,5,5,5,5,5,5,5,5,5,5,5,5,5,255,5,5,5,4,255,10
1780854640.316185,15269,1535033016,896,2095,2073,2045,2106,431,1221,944,1175,1377,2049,2024,2062,2067,1270,1064,1283,2043,2110,2068,2126,2058,2020,1723,1276,2075,2079,2087,2052,2144,2091,659,1368,2035,2038,2097,2097,783,1080,680,1271,2072,2095,2079,797,991,825,777,1222,2045,2095,2121,1016,852,728,698,1209,1953,2003,2060,1992,788,679,653,5,5,10,5,5,255,5,5,9,10,5,5,10,255,5,5,9,5,5,5,5,5,5,9,5,5,5,5,5,5,5,255,5,10,5,5,10,255,4,255,5,10,5,10,255,4,5,5,5,5,5,5,4,5,5,5,5,255,5,5,5,5,10,5
1780854640.413770,15270,1535133017,904,2095,2073,2095,2056,431,1217,939,1176,1335,2049,2110,2087,2067,1319,1058,1264,1942,2072,2084,2136,2099,1937,1723,1330,2092,2078,2083,2120,2140,2085,659,1251,2010,2083,2083,2100,783,1080,680,1303,2072,2119,2079,2130,2036,959,896,1213,1955,2040,2092,2103,1081,907,763,1190,1953,2068,2060,1992,970,742,707,5,255,255,5,5,255,5,5,5,9,255,5,5,255,5,5,9,5,5,5,5,5,5,255,5,5,5,5,5,5,5,255,5,5,5,5,5,255,255,255,5,255,5,255,10,4,255,255,5,5,5,5,4,5,5,5,5,255,5,255,255,255,5,5
1780854640.513461,15271,1535233017,911,2057,2085,2080,2061,431,1168,946,1217,1308,2017,2064,2087,2067,1361,1054,1262,2043,2072,2100,2136,2102,1937,1744,1241,2065,2070,2100,2074,2131,2060,1923,1299,1986,2087,2102,2125,2129,1995,1977,1256,2072,2086,2130,2110,2036,959,1728,1225,2063,2126,2082,2123,1899,984,855,1208,1953,2031,2031,1967,1969,832,773,5,10,10,5,5,255,5,5,5,5,10,5,255,255,5,5,5,5,255,5,255,5,255,10,5,5,5,5,5,5,5,10,5,5,5,5,5,10,10,10,5,255,5,10,5,255,255,4,5,5,5,5,5,4,255,5,5,255,5,10,10,4,5,5
1780854640.613435,15272,1535333017,893,2059,2085,2008,2102,431,1213,925,1090,1449,2093,2066,2087,2067,1428,1068,1257,2025,2087,2085,2136,2102,1977,1737,1334,2065,2063,2100,2118,2063,2023,1959,1335,2047,2081,2115,2090,2129,2091,1972,1300,2072,2109,2106,2161,2026,959,1984,1180,2034,2126,2095,2078,1915,984,927,1261,1953,2083,2031,1967,1969,958,865,5,5,255,5,5,255,9,5,5,9,5,5,255,255,5,5,5,5,10,5,255,255,10,5,5,255,5,5,5,5,5,5,5,5,5,5,5,255,5,5,5,255,5,5,5,10,255,4,5,5,255,5,5,5,255,5,5,255,5,255,255,255,5,5
1780854640.714583,15273,1535433017,903,2059,2117,2108,2143,431,1175,891,1107,1449,2098,2067,2087,2067,1352,1038,1230,1932,2072,2102,2082,2075,2042,1699,1319,2065,2070,2081,2099,2105,2068,1959,1302,2047,2096,2075,2134,2123,2015,1913,1360,2093,2098,2091,2077,2035,959,1984,1254,1979,2082,2115,2104,1963,984,995,1137,1953,2009,2098,1967,1945,958,948,5,255,10,5,5,255,5,5,5,255,5,5,255,255,9,5,5,5,5,5,10,10,5,5,5,255,5,5,5,5,5,255,9,255,5,5,5,10,5,5,5,10,5,5,5,5,255,255,5,5,10,5,5,5,255,255,5,255,5,10,255,10,255,5
1780854640.824738,15274,1535543017,886,2049,2117,2091,2101,431,1181,918,1114,1449,2033,2096,2072,2067,1292,1116,1300,1932,2069,2107,2082,2131,2072,1699,1245,2065,2084,2096,2097,2131,2085,1959,1379,2044,2096,2069,2105,2123,1998,1913,1315,2115,2086,2090,2107,2039,959,1985,1216,2020,2111,2106,2079,2031,1880,995,1167,1914,2059,2013,1967,1916,958,948,5,10,255,5,5,255,5,5,5,255,5,5,10,255,5,5,5,255,5,5,255,5,5,255,255,255,5,5,5,5,5,255,5,10,255,5,5,255,5,255,5,5,5,5,5,5,255,10,9,5,5,5,5,5,10,255,5,10,5,5,255,5,255,255
1780854640.925621,15275,1535643017,918,2049,2117,2066,2061,431,1182,936,1109,1346,2033,2096,2072,2068,1356,1113,1266,1987,2054,2082,2047,2113,2031,1678,1281,1988,2052,2096,2083,2121,2056,1959,1444,2058,2088,2107,2072,2123,2048,1969,1216,2046,2085,2139,2095,2055,1943,1968,1265,2053,2111,2113,2078,2031,1918,995,1172,1914,2021,2013,2007,1916,958,948,5,255,255,5,5,255,5,5,5,10,255,255,255,10,5,5,5,10,5,5,10,5,5,10,5,10,5,5,5,5,5,255,5,5,10,5,5,255,5,10,5,5,5,5,5,5,10,5,5,5,255,5,5,255,5,255,5,255,5,5,10,255,255,255
1780854641.023994,15276,1535743017,909,2049,2117,2031,2086,431,1234,921,1126,1346,2079,2080,2072,2068,1367,1077,1261,1986,2099,2079,2126,2133,2082,1678,1333,2039,2080,2096,2088,2122,2063,1959,1240,2015,2081,2110,2115,2114,2002,1969,1260,1989,2069,2139,2098,2020,1943,1968,1247,2055,2118,2119,2099,2031,1910,995,1182,1914,1991,2043,1996,1919,958,948,5,255,255,5,5,255,5,5,5,255,10,10,255,255,5,5,5,5,5,5,5,5,5,255,5,5,5,5,5,5,5,255,5,5,5,5,5,10,5,255,9,5,5,255,5,5,255,255,9,5,10,5,5,255,5,255,5,255,5,5,5,10,255,255
1780854641.124114,15277,1535843017,872,2049,2117,2067,2118,1926,1197,932,1107,1346,2076,2061,2072,2068,1278,1071,1273,2093,2107,2094,2096,2141,2045,1623,1218,2011,2074,2091,2099,2108,2068,1776,1295,2004,2065,2081,2101,2131,2005,1926,1313,1989,2102,2124,2096,2062,1943,1972,1228,2027,2120,2116,2087,2031,1859,995,1164,1949,2022,2070,1967,1919,958,948,5,255,255,5,5,10,5,5,5,255,5,5,255,255,5,5,5,5,5,5,5,5,5,10,5,5,5,5,5,5,5,10,5,5,5,5,5,5,5,10,5,255,5,10,5,5,255,10,5,5,5,5,5,255,3,255,5,10,5,5,5,255,255,255
1780854641.227154,15278,1535943017,891,2073,2076,2069,2082,1926,1203,939,1150,1933,2097,2103,2072,2068,1362,1102,1291,2011,2062,2082,2110,2053,2015,1623,1257,2024,2082,2084,2064,2081,2071,1925,1320,2053,2060,2057,2111,2131,2059,1926,1270,2036,2080,2127,2082,2028,1949,1913,1259,2038,2084,2100,2072,2031,1943,1995,1182,1949,2103,1990,2024,1919,958,948,5,10,10,5,5,255,5,5,5,3,5,5,255,255,5,5,5,5,5,5,5,5,5,255,5,5,5,5,5,5,5,5,5,5,5,5,5,255,5,255,5,10,5,5,5,5,10,5,5,5,5,5,5,255,5,10,5,255,5,5,5,255,255,255
1780854641.325193,15279,1536043017,874,2073,2049,2073,2101,1926,1203,949,1108,1275,2043,2103,2055,2068,1352,1086,1342,2011,2048,2081,2090,2137,2038,1658,1282,2041,2096,2085,2115,2108,2070,1925,1299,2044,2040,2095,2115,2131,2027,1926,1272,2047,2100,2100,2087,2027,1949,1938,1242,1965,2097,2092,2086,2031,2007,1837,1181,1949,1980,2073,1977,1919,958,948,5,255,5,5,5,255,255,5,5,4,5,255,10,255,5,5,5,255,5,5,5,5,5,10,5,5,5,5,5,5,5,255,5,5,5,5,5,10,5,255,5,5,5,5,5,5,255,5,5,5,5,5,5,255,255,5,5,255,5,5,5,255,255,255
1780854641.425303,15280,1536143017,871,2073,2049,2056,2117,1926,1201,928,1161,1276,2079,2103,2055,2068,1310,1066,1301,1975,2057,2094,2090,2126,2048,1805,1248,2039,2059,2088,2139,2159,2058,1879,1329,2020,2110,2082,2132,2131,2076,1926,1254,2047,2073,2100,2056,2128,1949,1948,1218,2049,2122,2105,2086,2010,1969,2005,1154,1949,2044,2043,1994,1919,958,948,5,255,255,5,5,255,10,5,5,5,5,255,255,255,5,5,9,10,5,5,255,5,5,5,5,5,5,5,5,5,5,10,5,5,5,5,5,255,5,255,5,255,5,255,5,5,255,5,5,5,5,5,255,10,5,5,5,255,5,5,5,255,255,255
1780854641.524693,15281,1536243017,875,2029,2051,2087,2086,1926,1192,953,1110,1276,2061,2046,2055,2068,1363,1056,1266,2037,2090,2081,2119,2102,2056,1805,1285,2024,2070,2088,2131,2085,2098,1879,1254,2035,2074,2081,2136,2123,2030,1878,1302,2047,2068,2091,2070,2036,1949,1990,1224,2046,2128,2150,2106,1960,1949,1905,1204,1879,1976,1933,1982,1919,958,948,5,10,10,5,5,255,5,5,5,255,5,10,255,255,5,5,5,5,5,5,10,5,5,255,9,5,5,5,5,5,5,255,5,5,5,5,5,10,5,10,5,255,5,10,5,5,255,5,5,5,5,5,10,5,5,5,5,10,5,5,5,255,255,255
1780854641.623887,15282,1536343017,897,2061,2051,2128,2065,2075,1200,937,1074,1979,2129,2075,2075,2068,1336,1047,1245,2020,2078,2075,2083,2119,2004,1726,1241,2040,2080,2090,2099,2144,2050,1879,1236,2008,2119,2061,2123,2123,2001,1878,1269,2047,2111,2104,2091,2130,1954,1990,1318,2076,2119,2083,2126,1987,1986,1972,1221,1879,2031,2007,1994,2075,958,948,5,5,255,5,5,10,5,5,5,10,5,5,10,255,9,5,5,5,5,5,5,5,5,10,5,5,5,5,5,5,5,255,5,5,5,5,5,255,5,255,5,255,5,5,5,5,10,255,5,5,5,5,5,5,5,5,5,255,5,5,5,10,255,255
1780854641.723497,15283,1536443017,880,2061,2044,2057,2065,2075,1175,950,1095,1979,2129,2069,2083,2068,1311,1064,1251,2045,2069,2069,2082,2119,2034,1739,1256,2003,2077,2094,2117,2108,2034,1879,1268,2069,2067,2054,2114,2123,2069,1959,1281,2021,2095,2104,2117,2043,1961,1962,1202,2010,2096,2135,2093,1955,1949,1972,1234,1879,1980,1993,1926,1975,958,948,5,255,10,5,255,255,5,5,5,255,255,5,5,255,5,5,5,5,5,5,5,5,5,5,5,5,5,5,5,5,5,255,5,5,5,5,5,255,5,10,5,10,5,255,5,5,5,10,5,5,5,5,5,5,5,255,5,255,5,5,5,5,255,255
1780854641.823600,15284,1536543017,902,2074,2080,2067,2098,2075,1151,950,1117,1312,2048,2115,2083,2068,1493,1032,1270,2052,2076,2053,2082,2065,2030,1739,1305,2045,2060,2077,2112,2126,2045,1879,1330,2061,2058,2088,2119,2123,2034,1959,1270,2021,2107,2104,2121,2063,1992,1962,1277,2005,2089,2118,2093,1966,1958,1950,1178,1879,2069,1923,2018,1975,2034,948,5,10,5,5,10,255,5,5,5,10,10,5,255,255,9,5,5,5,5,5,255,5,5,255,5,5,5,5,5,5,5,255,5,5,5,5,5,255,5,255,5,255,5,255,5,5,5,255,5,5,5,5,5,5,5,10,5,255,5,5,5,255,10,255
1780854641.925257,15285,1536643017,904,2055,2080,2027,2094,2075,1206,917,1109,1477,2048,2072,2083,2068,1438,1050,1329,1975,2092,2065,2153,2094,1995,1573,1315,2010,2080,2086,2079,2130,2126,1879,1323,2074,2077,2080,2079,2081,2034,1959,1257,2029,2046,2081,2137,2063,1992,1962,1267,2028,2094,2110,2085,2041,1951,1947,1202,1879,2034,2049,1994,1931,2034,948,5,5,255,5,5,255,5,5,5,5,255,5,255,255,5,5,9,5,5,5,10,5,5,10,5,5,5,5,5,5,5,255,9,5,5,5,5,10,255,255,5,10,5,10,5,255,255,255,5,5,5,5,5,5,5,5,5,255,5,5,5,10,255,255
1780854642.024903,15286,1536743017,883,2135,2080,2118,2099,2075,1190,951,1092,1897,2049,2039,2083,2068,1361,1073,1297,1972,2102,2052,2130,2073,2106,1573,1265,2017,2060,2075,2108,2116,2063,1879,1332,2040,2054,2080,2129,2081,1979,1959,1383,2057,2101,2118,2103,2063,1992,1967,1252,1998,2085,2097,2097,1980,1967,1996,1120,1879,2080,2117,1980,1931,2034,948,5,5,255,5,5,255,5,5,5,4,10,5,255,255,5,5,5,5,5,5,5,5,5,255,5,5,5,5,5,255,5,255,5,5,5,5,5,255,10,255,5,5,5,5,5,255,255,10,5,5,5,5,5,5,5,5,5,255,5,5,5,255,255,255
1780854642.125324,15287,1536843017,900,2024,2067,2044,2093,2075,1182,937,1089,1306,2069,2092,2083,2068,1388,1056,1312,2007,2061,2077,2079,2073,2041,1721,1247,2030,2073,2081,2121,2130,2115,1879,1272,2045,2093,2085,2120,2121,2098,1861,1225,2057,2072,2091,2116,2089,1992,1967,1240,2053,2115,2131,2039,1961,1932,1946,1203,1850,2059,1965,1986,1931,2034,948,5,5,10,5,5,255,5,5,9,4,5,5,255,255,5,5,5,5,5,5,5,255,5,10,5,5,5,5,5,5,5,255,5,5,5,5,5,10,5,10,5,255,5,5,5,10,255,255,9,5,5,5,5,5,5,5,5,10,5,5,5,255,255,255
1780854642.224671,15288,1536943017,893,2024,2054,2064,2085,2075,1214,937,1122,1502,2074,2092,2083,2068,1356,1046,1350,2038,2034,2123,2079,2125,2066,1665,1275,2058,2083,2100,2115,2144,2084,1866,1294,2033,2093,2079,2109,2129,1982,1861,1279,2057,2083,2062,2124,2071,1995,1967,1267,2005,2081,2130,2063,1961,1968,1959,1196,1850,2006,2016,2001,1931,2034,948,5,255,5,5,5,255,5,5,5,5,5,255,255,255,5,5,5,5,5,5,255,10,9,5,5,5,5,5,5,5,5,10,5,5,255,5,5,5,5,255,5,255,5,5,5,5,10,255,5,5,5,5,5,255,5,5,5,255,5,5,5,255,255,255
1780854642.324952,15289,1537043017,887,2090,2113,2057,2099,2075,1180,945,1142,1484,2074,2057,2083,2046,1294,1050,1269,2038,2077,2082,2085,2125,2034,1676,1281,2067,2063,2082,2094,2110,2121,1905,1245,2015,2097,2080,2106,2103,2039,1990,1284,2003,2090,2110,2124,2039,1957,1958,1218,2094,2095,2135,2084,1993,1962,1963,1177,1850,2062,2058,1950,1988,2034,948,5,10,5,255,5,255,5,5,5,5,255,10,255,10,5,5,5,255,5,5,10,255,5,5,5,5,5,5,5,5,5,5,5,5,10,5,5,5,5,10,5,10,5,5,255,5,5,10,5,5,5,5,5,10,5,5,5,255,5,5,5,10,255,255
1780854642.424940,15290,1537143018,897,2039,2113,2071,2079,2075,1193,939,1128,1263,2055,2083,2083,2046,1269,1051,1292,2033,2059,2101,2085,2092,2042,1676,1269,2065,2047,2088,2110,2110,2093,1905,1346,2019,2066,2094,2134,2103,1968,1990,1325,2003,2073,2059,2144,2033,1952,1924,1196,2025,2095,2113,2049,1956,1969,1963,1242,1850,2062,2058,1950,1988,1987,948,5,5,255,5,5,255,9,5,5,4,10,5,255,255,5,5,5,10,5,5,255,10,5,255,5,5,5,5,5,255,5,255,5,5,5,5,5,255,5,255,5,255,5,5,10,5,5,5,255,5,255,5,5,5,5,255,5,255,255,255,5,255,10,255
1780854642.523680,15291,1537243017,902,2021,2064,2096,2079,2075,1193,921,1110,1263,2081,2076,2116,2046,1351,1064,1273,1976,2065,2085,2130,2111,1994,1628,1213,2055,2084,2087,2116,2108,2104,1905,1301,2040,2068,2090,2113,2103,2034,1922,1246,2003,2111,2109,2107,2088,1992,2002,1268,2077,2087,2103,2052,1956,1966,2002,1163,1850,2055,2040,1948,1951,2046,948,5,255,10,5,5,255,5,5,5,255,5,5,10,255,5,5,5,5,5,5,10,5,5,10,5,5,5,5,5,10,5,255,5,5,5,5,5,255,5,10,9,255,5,5,5,5,5,5,5,5,10,5,5,255,5,10,5,255,10,10,5,10,5,255
1780854642.624928,15292,1537343017,883,2051,2064,2072,2079,2075,1224,906,1133,1251,2039,2100,2061,2046,1349,1090,1290,2042,2080,2084,2054,2063,1988,1628,1213,2094,2069,2077,2084,2133,2013,1940,1235,2086,2107,2101,2127,2103,2084,1922,1259,2003,2083,2109,2132,2074,1965,2002,1198,1988,2113,2100,2088,1946,1943,2004,1183,1850,2055,2060,2044,1988,2046,948,5,5,255,5,255,255,5,5,9,10,5,5,5,255,5,5,5,5,5,5,5,5,5,255,255,5,5,5,5,5,5,10,5,5,5,5,5,255,5,255,5,255,5,255,5,5,5,255,5,5,5,5,5,10,5,5,9,255,255,5,5,5,255,255
1780854642.723659,15293,1537443017,893,2052,2070,2043,2080,2075,1192,935,1142,1251,2043,2078,2104,2046,1293,1079,1257,1930,2079,2096,2054,2041,2081,1784,1263,2033,2063,2084,2121,2133,2118,1940,1297,2042,2107,2095,2126,2168,1988,1922,1331,2003,2081,2125,2110,2130,1935,2002,1176,1984,2119,2084,2059,1941,2009,1996,1187,1744,2049,2064,1990,1949,2046,948,5,5,10,5,10,255,9,5,5,255,5,5,5,255,5,5,5,5,5,5,255,5,5,10,10,5,5,5,5,255,5,255,5,5,255,5,5,10,5,255,5,255,5,10,5,5,5,255,5,5,5,5,5,5,5,5,9,10,10,5,5,5,255,255
1780854642.826080,15294,1537543017,901,1962,2070,2035,2098,2075,1215,932,1090,1251,2043,2095,2104,2046,1271,1066,1328,1979,2079,2098,2130,2041,2114,1784,1257,2018,2055,2088,2092,2137,2076,1940,1306,1957,2102,2093,2126,2112,1924,1922,1271,1980,2071,2125,2019,2012,1939,1948,1251,2021,2092,2126,2069,1941,1934,1976,1174,1741,2104,1987,2024,1949,2046,948,5,5,255,5,5,255,5,5,9,255,255,5,255,255,5,5,9,5,255,5,10,255,5,255,5,5,5,5,5,10,5,255,5,5,10,5,5,5,5,255,5,10,5,255,5,5,5,10,5,5,5,5,5,255,5,5,5,5,5,5,5,255,255,255
1780854642.925165,15295,1537643017,888,2060,2070,2067,2053,2062,1207,923,1120,1251,2043,2136,2104,2046,1254,1031,1284,1961,2078,2060,2078,2090,2054,1784,1246,2018,2081,2090,2111,2142,2038,1940,1288,1957,2079,2080,2085,2083,2045,1922,1281,1980,2125,2133,2019,2012,1935,1937,1218,2080,2096,2103,2069,2040,1963,1962,1188,1741,2018,1997,1924,1915,2046,948,5,9,255,5,5,10,5,5,5,255,255,5,255,255,5,5,5,5,10,5,5,10,5,255,5,255,5,5,5,5,5,255,9,255,5,5,5,5,5,255,5,255,5,10,255,255,5,5,9,5,5,5,5,10,5,5,5,255,5,5,5,10,255,255
1780854643.025271,15296,1537743017,903,2060,2070,2022,2058,2062,1142,939,1129,1251,2012,2136,2104,2046,1335,1075,1255,1961,2060,2025,2116,2098,2091,1784,1307,2065,2107,2071,2080,2125,2017,1940,1367,2027,2117,2065,2060,2111,2051,1922,1289,2034,2072,2133,2019,2012,1949,1937,1287,2099,2121,2119,2077,1991,1971,1953,1211,1865,1997,2041,2076,1986,2046,948,5,255,255,5,5,255,5,5,5,255,10,255,255,255,5,5,5,255,5,5,5,5,5,255,5,10,5,5,5,5,5,255,5,10,5,5,5,5,5,255,5,10,5,255,255,255,5,255,5,5,5,5,5,5,5,5,5,10,5,5,9,5,255,255
1780854643.125962,15297,1537843017,884,2060,2070,2049,2106,2062,1187,937,1112,1367,2012,2031,2104,2046,1330,1053,1292,1961,2054,2054,2082,2135,2072,1784,1307,1966,2089,2082,2096,2133,2050,1919,1404,2027,2077,2101,2126,2114,1966,1922,1215,2027,2090,2127,2094,2012,1929,1937,1248,2009,2077,2094,2092,1980,1927,1962,1152,1913,2064,2068,2076,1986,2046,948,5,255,255,5,5,255,5,5,5,10,255,10,255,255,5,5,9,255,5,5,5,5,5,255,255,5,5,5,5,5,5,10,5,5,5,5,5,5,5,255,9,5,5,10,10,255,5,255,5,5,5,255,5,5,5,5,5,5,5,5,255,255,255,255
1780854643.225309,15298,1537943017,880,2073,2070,2015,2082,2062,1170,953,1094,1367,2012,2031,2104,2046,1351,1086,1275,1987,2080,2079,2082,2091,2095,1784,1363,2079,2081,2081,2113,2131,2059,1919,1292,2060,2102,2057,2116,2077,2008,1961,1287,2089,2089,2133,2134,2012,1898,1918,1226,2075,2062,2094,2094,1976,1984,2017,1189,1913,2057,1999,1971,1997,2046,948,5,10,255,5,5,255,5,5,5,255,255,255,255,255,5,5,5,10,5,5,255,5,5,255,10,5,5,5,5,5,5,255,5,5,5,5,5,5,5,10,5,5,5,5,5,255,5,10,5,5,5,5,5,5,5,5,5,255,5,5,10,10,255,255
1780854643.325461,15299,1538043017,882,2073,2037,2056,2074,2062,1131,965,1099,1529,2056,2061,2104,2046,1302,1070,1236,2013,2057,2101,2082,2105,2055,1784,1347,2079,2074,2074,2118,2103,1973,1919,1299,2009,2128,2070,2105,2077,2010,1961,1308,2089,2102,2092,2085,2143,2014,1979,1255,2040,2102,2121,2081,1978,1905,1983,1171,1651,1931,2018,2030,1949,2046,948,5,255,10,5,5,255,5,5,5,10,10,10,255,255,5,5,5,5,5,5,255,5,5,255,5,255,5,5,5,5,5,255,5,5,5,5,5,255,5,255,5,255,5,5,5,10,5,5,5,5,5,5,5,5,5,5,5,10,5,5,5,5,255,255
1780854643.426908,15300,1538143017,909,2076,2145,2045,2031,2062,1155,943,1077,1352,2056,2061,2104,2046,1414,1100,1277,1975,2068,2116,2098,2118,2042,1784,1286,1965,2083,2084,2120,2154,2040,1919,1345,2037,2099,2072,2107,2077,1994,1961,1287,1978,2094,2085,2085,2045,1967,1960,1271,2045,2068,2130,2059,1994,1974,1993,1229,1651,2013,2045,2030,1949,2046,948,5,10,5,5,5,255,5,5,5,5,255,255,255,255,4,5,5,9,5,5,10,5,5,255,5,10,5,5,5,5,5,255,5,5,5,5,5,255,5,255,5,10,5,5,255,5,5,5,5,5,5,5,5,5,5,5,5,255,5,5,255,255,255,255
1780854643.526377,15301,1538243017,891,2097,2145,2085,2048,2065,1209,943,1165,1352,2056,2058,2104,2042,1333,1068,1296,2091,2061,2100,2098,2127,1991,1746,1286,2070,2087,2082,2098,2086,2026,1919,1310,1910,2085,2082,2128,2077,2106,1961,1284,2009,2079,2119,2055,2065,1967,1971,1242,2080,2097,2138,2153,1939,1949,1977,1222,1651,2078,2080,1971,1962,1948,948,5,5,255,5,5,10,5,5,5,255,255,255,255,10,5,5,5,5,5,5,255,5,5,10,255,5,5,5,5,5,5,255,5,5,5,5,5,255,5,255,5,5,5,5,10,5,255,5,5,5,5,5,5,5,5,5,5,255,5,5,10,10,10,255
1780854643.635183,15302,1538353017,881,2004,2145,2054,2096,2065,1207,937,1120,1352,2056,2071,2053,2078,1362,1067,1290,2091,2083,2086,2098,2108,2076,1724,1270,2068,2075,2079,2081,2083,2026,1879,1217,2090,2104,2116,2086,2101,2069,1961,1323,2009,2083,2110,2097,2099,1968,1944,1201,2009,2096,2109,2113,2008,1966,1981,1203,1651,2043,2080,2022,1962,1948,948,5,5,255,5,5,255,5,5,5,255,255,5,10,5,5,5,5,255,5,5,255,5,5,5,10,5,5,5,5,5,5,10,5,5,5,5,5,10,5,255,5,255,5,5,5,5,10,255,5,5,5,5,5,255,5,5,5,255,5,255,5,255,255,255
1780854643.733615,15303,1538453016,872,2054,2070,2085,2081,2065,1194,938,1128,2047,2083,2030,2106,2078,1353,1083,1231,2080,2070,2080,2098,2079,2079,1718,1296,2018,2083,2075,2089,2144,2097,1947,1325,1997,2110,2097,2125,2110,1995,1961,1249,2007,2093,2110,2094,2020,1992,1955,1241,2045,2120,2140,2079,1975,1959,1942,1235,1651,2004,2060,1961,1968,1948,948,5,5,10,5,5,255,5,5,5,10,10,5,5,255,9,5,5,10,5,5,255,5,5,5,5,5,5,5,5,5,5,5,5,5,5,5,5,5,5,255,5,10,5,255,5,5,5,5,5,5,5,5,5,5,255,5,5,255,5,10,5,10,255,255
1780854643.835061,15304,1538553017,899,2020,2070,2085,2030,2065,1209,946,1178,2047,2043,2091,2106,2078,1424,1087,1292,2010,2047,2086,2118,2133,2070,1718,1287,2038,2085,2100,2097,2144,2141,1947,1248,2007,2056,2077,2084,2052,2017,1648,1254,2023,2071,2110,2075,2046,1953,1948,1251,2127,2135,2099,2047,2030,1971,1993,1139,1774,1961,2058,1998,1968,1964,948,5,5,255,255,5,255,5,5,5,255,5,5,255,255,5,5,5,5,5,5,10,5,5,255,5,5,5,5,5,5,5,255,5,5,5,5,5,5,5,10,5,5,5,255,5,5,5,5,5,5,5,5,5,5,5,5,5,10,5,5,5,255,10,255
1780854643.936250,15305,1538653017,899,2028,2074,2087,2064,2065,1204,963,1104,1309,2049,2078,2106,2078,1345,1082,1260,1937,2041,2079,2088,2064,2020,1718,1287,2009,2087,2083,2124,2118,2048,1819,1267,2119,2084,2085,2136,2123,2029,1648,1262,1949,2111,2110,2118,2071,1953,2001,1254,2080,2070,2094,2039,1943,1970,1971,1229,1774,2095,2057,1964,1911,1964,948,5,5,10,10,5,255,5,5,9,255,5,5,255,255,5,5,5,5,5,5,5,5,5,255,9,5,5,5,5,5,5,10,5,5,5,5,5,5,5,255,5,5,5,255,5,5,255,5,5,5,5,5,5,5,5,5,5,255,5,5,5,10,255,255
1780854644.034271,15306,1538753017,903,2057,2120,2018,2058,2065,1189,937,1139,1368,2088,2064,2106,2019,1239,1061,1287,2040,2068,2067,2092,2085,2021,1718,1267,2056,2092,2086,2099,2147,2056,1961,1355,2076,2105,2055,2117,2132,2116,1648,1180,1949,2131,2137,2118,2065,1883,1963,1224,2051,2084,2091,2087,1944,1970,1952,1237,1774,2010,1989,1988,2024,1964,948,5,5,5,5,5,255,5,5,5,9,5,5,255,10,5,4,5,5,5,5,5,5,5,255,5,5,5,5,5,5,5,5,5,5,5,5,5,5,5,255,5,255,5,10,255,5,10,5,5,5,5,5,5,5,255,5,5,255,5,5,9,5,255,255
1780854644.134420,15307,1538853017,916,2064,2072,2072,2059,2065,1213,951,1167,1498,2057,2093,2082,2029,1315,1060,1259,2015,2090,2072,2087,2080,2022,1718,1251,2067,2068,2078,2092,2108,2066,1964,1244,2071,2083,2089,2083,2117,2066,1648,1262,2069,2111,2110,2118,2060,1883,1954,1214,1971,2131,2077,2081,1944,1984,1976,1180,1774,2027,1989,2026,1962,1964,948,5,5,5,5,5,255,5,5,5,9,5,5,10,5,5,5,5,5,5,5,5,5,5,255,5,5,5,5,5,5,5,5,5,5,5,5,5,5,5,255,4,10,5,5,255,5,255,5,5,5,5,5,5,255,10,5,5,255,5,255,5,5,255,255
1780854644.233467,15308,1538953017,877,2097,2053,2052,2070,2065,1178,937,1140,1302,2107,2061,2082,2029,1257,1049,1304,2015,2057,2085,2087,2135,2062,1764,1249,2065,2080,2089,2068,2151,2054,1869,1262,2041,2080,2116,2079,2121,2027,1648,1268,2069,2099,2111,2057,2060,1889,1915,1221,2057,2084,2074,2081,1992,1941,1966,1231,1774,2077,1989,1804,1952,1964,948,5,5,5,5,5,255,5,5,5,5,5,5,255,255,5,5,5,255,5,5,255,5,5,10,5,5,5,5,5,5,5,5,5,5,5,5,9,5,5,255,5,255,5,5,10,255,10,5,5,5,5,5,255,10,5,5,5,255,5,255,4,5,255,255
1780854644.334388,15309,1539053016,871,2071,2053,2076,2100,2065,1161,919,1100,1326,2082,2047,2071,2029,1414,1065,1274,1991,2095,2068,2104,2119,1967,1764,1274,2064,2093,2094,2079,2122,2078,1869,1357,2075,2134,2083,2099,2085,2003,1997,1279,2018,2053,2121,2126,2089,2002,1968,1262,2042,2084,2106,2088,1976,1955,1997,1184,1774,2045,2030,1804,1957,1964,948,5,5,255,5,5,255,5,5,5,5,5,5,10,255,9,5,5,10,5,5,10,5,5,255,5,5,5,5,5,5,5,255,5,5,5,5,5,5,5,10,5,10,5,5,5,10,5,5,5,5,5,5,10,5,5,5,5,255,5,10,255,5,255,255
1780854644.433528,15310,1539153017,875,2046,2053,2042,2051,2065,1135,931,1147,1816,2076,2061,2071,2029,1377,1057,1297,1986,2068,2082,2104,2112,2042,1697,1365,1979,2068,2088,2135,2110,2044,1942,1315,2013,2071,2119,2123,2089,2086,1997,1335,2018,2085,2128,2126,2056,1962,1975,1227,2028,2096,2092,2116,1976,1973,1996,1214,1902,2065,2076,1998,2037,1964,948,5,5,255,5,5,255,5,5,5,4,5,5,255,255,5,5,9,5,5,5,255,5,5,10,5,5,5,5,5,5,5,10,9,5,5,5,5,5,5,255,5,255,5,5,255,5,5,5,5,5,5,5,5,255,5,5,5,10,5,5,10,5,255,255
1780854644.534739,15311,1539253016,876,2058,2081,2051,2104,2065,1194,928,1131,1231,2101,2067,2077,2101,1338,1096,1301,2040,2079,2085,2089,2112,2057,1701,1377,2071,2061,2077,2113,2118,2093,1859,1315,2082,2051,2117,2124,2117,1993,1938,1301,2050,2125,2128,2142,2044,1969,1949,1253,2021,2064,2118,2081,1954,2019,2020,1173,1902,2048,2067,2021,1917,1977,948,5,5,10,5,5,255,5,5,5,4,5,5,10,10,5,5,5,5,5,5,10,255,5,5,5,5,5,5,5,5,5,5,255,5,5,5,5,5,5,10,5,10,5,255,10,5,5,5,5,5,5,5,5,10,5,5,5,255,5,5,5,5,10,255
1780854644.634876,15312,1539353017,904,1985,2081,2051,2086,2065,1215,939,1091,1231,2101,2105,2134,2101,1377,1049,1298,1983,2083,2061,2078,2130,2116,1701,1326,2027,2076,2089,2112,2094,2189,1877,1327,2015,2101,2081,2120,2117,2024,1938,1246,2041,2089,2080,2131,2113,1969,1949,1252,2035,2142,2085,2037,1989,1996,2026,1198,1902,2075,2029,1951,1917,1948,948,5,5,255,255,5,255,5,5,5,255,255,5,5,255,5,5,5,5,5,5,5,10,5,255,5,5,5,5,5,5,5,5,10,5,5,5,5,255,5,255,9,5,5,10,5,5,255,255,5,5,5,5,5,5,5,5,5,255,5,5,5,255,5,255
1780854644.733561,15313,1539453017,867,1985,2038,2064,2085,2065,1154,919,1113,1459,2047,2105,2134,2101,1321,1041,1293,2034,2053,2100,2078,2124,1945,1664,1277,2057,2062,2097,2117,2143,2081,1877,1369,2040,2112,2086,2089,2115,2040,1938,1262,2041,2089,2128,2132,2113,1919,2036,1204,1993,2086,2073,2054,1963,1941,1974,1204,1964,2013,2036,1992,1964,1948,948,5,255,10,10,5,255,5,5,5,10,10,255,255,255,255,5,5,5,5,5,255,5,5,10,9,5,5,5,5,5,5,255,5,5,5,5,5,10,5,255,5,255,5,5,5,255,10,10,5,5,5,5,5,5,5,5,9,10,5,5,5,10,255,255
1780854644.834860,15314,1539553017,903,2059,2098,2081,2073,2065,1170,938,1100,1459,2084,2105,2134,2101,1313,1069,1321,2036,1998,2081,2078,2124,2021,1664,1348,2057,2064,2094,2111,2171,2043,1877,1302,2069,2085,2089,2139,2125,2013,1938,1253,2041,2094,2115,2109,2055,1971,2036,1249,2066,2084,2112,2108,1981,1925,2002,1218,1987,2053,2042,1928,2030,1948,948,5,10,5,5,5,255,5,5,5,255,5,255,255,255,5,5,5,5,5,5,255,255,5,255,3,255,5,5,5,5,5,255,5,5,5,5,5,5,5,255,5,255,5,5,5,10,5,255,5,5,5,5,5,5,255,5,5,5,5,5,5,5,255,255
1780854644.936451,15315,1539653017,885,2028,2098,2118,2090,1965,1164,944,1127,2126,2086,2066,2134,2101,1483,1085,1266,2023,2085,2115,2097,2072,2011,1664,1289,2049,2082,2082,2091,2095,2040,1877,1354,2069,2054,2065,2109,2069,2008,1851,1243,2047,2125,2115,2136,2116,1971,1955,1254,2074,2084,2144,2034,1949,1926,1991,1146,1987,2084,2011,1987,1957,1948,948,5,5,255,5,5,10,5,5,5,10,5,10,255,255,9,5,5,5,5,5,10,10,5,255,9,10,5,5,5,5,5,255,5,255,5,5,5,5,5,10,5,10,5,255,5,5,255,10,5,5,255,5,5,5,5,5,5,255,5,5,5,5,255,255
1780854645.035439,15316,1539753017,867,2018,2098,2055,2116,1935,1179,930,1141,2126,2086,2113,2134,2101,1300,1061,1277,1943,2087,2102,2177,2072,2009,1664,1313,2112,2068,2085,2062,2105,2041,1877,1341,2070,2063,2071,2122,2100,1968,1851,1274,2047,2094,2088,2136,2007,1971,1959,1258,1981,2101,2111,2094,1947,1926,2020,1147,1902,2058,2011,1975,1913,1948,948,5,5,255,5,5,5,5,5,9,255,255,5,255,255,5,5,5,5,5,5,5,255,5,255,5,5,5,5,5,5,5,255,5,10,5,5,5,5,5,255,5,255,5,10,255,5,255,5,5,5,10,5,5,5,255,5,5,10,5,255,5,5,255,255
1780854645.136420,15317,1539853017,891,2100,2042,2088,2067,1935,1259,938,1117,1493,2078,2125,2134,2101,1391,1047,1272,2024,2073,2082,2071,2131,2034,1664,1276,2029,2077,2093,2087,2155,2087,1941,1310,2017,2049,2061,2176,2100,2044,1851,1269,2082,2086,2118,2102,2007,2036,1945,1261,2036,2076,2113,2069,2005,1975,1953,1154,1888,1989,2020,1927,1964,1948,948,5,5,10,5,5,255,5,5,5,10,10,5,255,255,5,5,9,5,5,5,5,10,5,255,5,5,5,5,5,5,5,10,5,5,5,5,5,255,5,255,5,10,5,5,10,255,10,5,5,5,5,5,5,5,255,5,5,5,5,10,5,5,255,255
1780854645.235213,15318,1539953017,893,2075,2042,2083,2083,1935,1166,934,1092,1493,2090,2073,2134,2101,1340,1113,1307,1995,2113,2097,2060,2098,2159,1664,1315,2065,2070,2103,2090,2129,2060,1941,1294,2048,2070,2111,2105,2100,2057,1851,1307,2082,2072,2118,2100,2053,2036,1975,1274,2060,2069,2106,2073,2005,2000,2033,1171,1888,2032,2099,1927,1959,1948,948,5,5,255,5,5,255,5,5,5,255,5,5,255,255,5,5,5,5,5,5,5,5,5,255,5,5,5,5,5,5,5,255,5,5,5,5,5,255,5,255,5,255,5,5,5,10,255,255,5,5,5,5,5,255,5,5,5,255,5,5,255,5,255,255
1780854645.334973,15319,1540053017,886,2094,2042,2085,2087,1935,1214,922,1124,1493,2090,2143,2134,2101,1371,1074,1275,2014,2069,2117,2060,2102,2075,1617,1239,2043,2069,2087,2086,2105,2062,1941,1335,2015,2092,2099,2098,2098,1967,1953,1211,2082,2107,2118,2156,2053,1964,1956,1229,2021,2132,2074,2109,1963,1912,1994,1213,1942,2078,2051,2003,1959,1948,948,5,5,255,5,5,255,5,5,5,255,255,5,255,255,5,5,5,5,5,5,255,5,5,10,5,5,5,5,5,5,5,255,5,5,5,5,5,10,5,10,5,255,5,255,5,255,10,5,5,5,5,5,5,10,5,5,9,10,5,5,10,255,255,255
1780854645.434346,15320,1540153018,908,2094,2074,2067,2056,1935,1209,928,1132,1493,2090,2085,2134,2101,1342,1045,1238,2014,2072,2061,2123,2122,2058,1617,1259,2005,2074,2083,2120,2096,2084,1790,1363,1978,2096,2059,2127,2098,1994,1953,1194,2082,2089,2118,2102,2051,1964,1961,1241,2044,2119,2150,2109,1999,1967,2012,1180,1942,2032,1999,2003,1959,1948,948,5,255,10,5,5,255,5,5,9,255,255,5,255,255,5,5,5,255,5,5,10,5,5,255,5,5,5,5,5,5,5,10,5,5,5,5,5,255,5,255,5,255,5,255,5,10,255,5,5,5,5,5,255,5,5,5,5,255,5,5,255,255,255,255
1780854645.534976,15321,1540253017,893,2094,2067,2067,2087,1967,1172,923,1161,1840,2090,2080,2134,2101,1370,1053,1297,2005,2076,2101,2095,2079,2011,1786,1218,2067,2081,2082,2096,2148,2076,1790,1319,2034,2134,2073,2127,2098,2039,1953,1330,2023,2114,2122,2124,2029,1952,1948,1229,2023,2093,2069,2084,1970,1951,1933,1195,1942,2019,2071,2005,1973,1948,948,5,255,5,255,5,10,5,5,5,10,255,5,255,255,5,5,5,10,5,5,5,5,5,10,5,5,5,5,5,5,5,255,5,5,5,5,5,255,5,255,5,10,5,10,5,5,10,5,5,5,5,5,10,5,5,5,5,255,5,5,10,10,255,255
1780854645.635689,15322,1540353017,909,2094,2076,2044,2086,1967,1155,932,1101,1840,2070,2105,2114,2101,1317,1060,1285,2001,2081,2107,2095,2125,2105,1786,1319,2026,2069,2079,2140,2094,1881,1790,1313,2102,2080,2109,2122,2130,2039,1953,1305,2023,2130,2086,2045,2100,1952,1941,1221,2027,2093,2082,2050,2026,1994,1973,1197,1942,2058,2078,1968,1973,1948,948,5,255,5,10,5,255,5,5,5,255,10,5,10,255,5,5,5,5,5,5,255,5,5,255,5,5,5,5,5,5,5,255,5,5,5,5,5,10,255,255,5,255,5,5,5,9,255,5,5,5,255,5,5,5,5,5,5,255,5,5,5,255,255,255
1780854645.734128,15323,1540453017,909,2080,2073,2043,2079,1967,1210,935,1122,2034,2018,2094,2074,2101,1306,1050,1272,2052,2103,2112,2095,2037,2042,1786,1179,2026,2075,2093,2083,2130,1881,1935,1285,2090,2098,2107,2105,2122,1995,1953,1246,2023,2097,2087,2119,2113,1952,1941,1244,2048,2076,2104,2037,1933,1950,1973,1222,1942,2078,2077,1983,1973,1906,948,5,10,5,5,5,255,5,5,5,10,5,5,5,255,5,5,9,5,5,5,255,5,5,255,255,255,5,5,5,5,255,10,5,5,5,5,5,5,10,255,5,255,255,5,5,5,255,255,9,5,10,5,5,5,5,255,5,255,5,5,5,255,10,255
1780854645.833767,15324,1540553017,905,2069,1996,2104,2084,1967,1194,969,1126,2034,2018,2006,2074,2101,1390,1073,1292,1962,2097,2078,2141,2078,1935,1702,1273,2011,2065,2090,2122,2084,2124,1935,1285,2014,2104,2086,2098,2122,1996,1953,1329,2023,2082,2087,2144,2113,1944,1941,1278,2022,2107,2094,2096,1933,1979,1973,1220,1873,2049,1983,2016,1995,1906,948,5,5,5,5,5,255,5,5,5,255,255,5,255,255,9,5,9,5,5,5,10,5,5,10,5,10,5,5,5,5,10,255,255,5,5,5,5,255,5,255,9,255,5,255,5,255,10,255,5,5,5,5,5,255,5,255,5,10,5,5,5,10,255,255
1780854645.935935,15325,1540653017,886,2073,1996,2054,2084,1967,1155,916,1111,2034,2055,2114,2098,2101,1449,1065,1294,1958,2058,2077,2101,2089,2090,1702,1319,2095,2074,2091,2129,2101,2048,1935,1309,2041,2086,2125,2134,2116,1985,1953,1261,2047,2119,2087,2144,2049,1978,1941,1231,1872,2068,2104,2089,1963,1931,1973,1224,1873,2049,2040,2007,1943,1906,948,5,5,255,5,255,255,5,5,5,255,10,5,10,255,5,5,9,5,5,5,5,5,5,255,5,5,5,5,5,5,5,255,10,5,5,5,5,10,255,255,5,10,5,255,255,10,5,255,5,5,5,5,5,10,8,255,5,255,5,5,5,5,255,255
1780854646.034565,15326,1540753017,900,2068,1996,2056,2084,1967,1185,961,1115,1393,2055,2110,2098,2101,1383,1052,1220,1958,2092,2100,2101,2124,2056,1702,1319,2055,2066,2098,2077,2065,2065,1937,1228,2042,2047,2093,2107,2116,1985,1953,1257,1987,2095,2101,2089,2072,1978,2019,1195,2061,2080,2091,2081,1969,1947,1973,1151,1873,2050,2037,2038,1973,1906,948,5,5,255,5,10,255,5,5,5,10,255,5,255,255,9,9,9,255,5,5,255,5,5,255,255,5,5,5,5,5,5,10,5,5,5,5,5,255,255,255,5,5,5,10,10,5,255,10,5,5,5,5,5,5,5,255,5,255,5,5,5,5,255,255
1780854646.134986,15327,1540853017,865,2002,2051,2102,2084,1967,1212,930,1147,1330,2032,2100,2098,2101,1323,1089,1290,1994,2072,2105,2088,2128,1997,1705,1275,2010,2061,2090,2115,2119,2050,1878,1262,2030,2060,2103,2107,2116,2099,1921,1308,1995,2062,2134,2089,2072,1978,2007,1243,2073,2078,2098,2100,1969,1947,1973,1164,1873,2015,2112,1987,1986,1906,948,5,5,10,5,255,255,9,5,5,255,10,5,255,255,5,5,5,10,5,5,10,5,5,10,10,5,5,5,5,5,5,5,5,5,5,5,255,255,10,10,5,5,5,5,255,255,255,5,5,5,5,5,5,255,255,255,5,255,5,5,5,5,255,255
1780854646.234710,15328,1540953018,895,2070,2037,2044,2087,1967,1215,953,1148,1330,2032,2068,2098,2101,1292,1049,1276,2062,2036,2074,2088,2136,2007,1644,1317,2051,2082,2098,2085,2099,2046,1878,1300,2071,2046,2097,2138,2116,2015,1921,1312,1995,2097,2134,2089,2090,1951,1968,1242,2082,2111,2116,2093,1902,1947,1973,1250,1873,2061,2047,1987,1986,1906,948,5,5,5,5,10,255,5,5,5,255,255,5,255,255,5,5,5,5,5,5,255,5,9,5,5,5,5,5,5,5,5,255,5,5,5,5,10,255,5,255,5,255,5,255,255,10,10,5,5,5,5,5,5,10,255,255,5,255,5,5,255,255,255,255
1780854646.335278,15329,1541053017,881,2049,2084,2065,2101,1967,1167,949,1125,1317,2032,2034,2098,2101,1377,1074,1322,1978,2105,2083,2126,2136,2094,1644,1258,2065,2065,2079,2073,2085,2093,1878,1330,2035,2143,2061,2154,2143,2041,1921,1290,1995,2099,2107,2113,2007,1951,1968,1202,2063,2093,2105,2068,2058,1947,1973,1167,1873,2033,2044,1967,1986,1906,981,5,5,5,5,5,255,5,5,5,10,255,5,255,255,9,5,9,5,5,5,10,255,5,255,5,5,5,5,5,5,5,255,5,5,5,5,5,10,5,255,5,255,5,10,10,5,255,255,5,5,5,5,5,5,255,255,5,255,5,5,10,255,255,10
1780854646.444460,15330,1541163017,889,2049,2051,2046,2045,1967,1221,942,1182,1486,2122,2037,2098,2101,1400,1071,1311,1928,2056,2064,2126,2056,1995,1669,1222,2065,2080,2086,2108,2115,2054,1878,1228,2088,2038,2101,2120,2143,2041,1921,1290,1995,2103,2153,2137,2005,1965,1909,1238,2040,2039,2064,2068,1944,1947,1973,1175,1873,2037,2042,2086,1986,1906,921,5,255,5,5,5,255,5,5,5,5,10,5,255,255,5,5,5,5,5,5,255,10,5,10,5,255,5,5,5,5,5,255,5,5,5,5,5,255,5,255,5,255,5,5,5,5,10,10,5,5,5,5,255,5,255,255,5,255,5,5,5,255,255,5
1780854646.544467,15331,1541263017,890,2037,2067,2062,2071,1967,1203,927,1120,1486,2122,2074,2082,2101,1413,1131,1274,2054,2023,2099,2073,2111,2162,1690,1244,2038,2089,2074,2101,2131,2104,1950,1242,2086,2070,2100,2124,2143,1999,1921,1232,2062,2087,2153,2100,2005,1965,1909,1239,2057,2110,2091,2115,1944,1947,999,1216,1873,2078,2029,1955,1986,996,826,5,10,5,5,5,255,5,5,5,255,255,5,10,255,5,5,5,5,5,5,10,5,5,5,5,10,5,5,5,5,5,10,5,5,5,5,5,255,5,255,5,10,5,255,5,255,255,255,5,5,5,5,10,255,255,10,5,255,5,5,5,255,10,5
1780854646.645743,15332,1541363017,902,2060,2067,2080,2079,1967,1182,941,1129,1486,2075,2074,2082,2101,1358,1087,1345,2009,2083,2082,2112,2111,2046,1690,1222,2101,2086,2095,2136,2117,2104,1950,1298,2011,2098,2144,2159,2143,2051,1921,1290,2029,2075,2048,2071,2005,1965,1071,1277,2054,2110,2088,2115,1944,969,912,1236,1873,2078,2064,1092,1013,925,745,5,5,255,5,5,255,5,5,5,255,10,255,255,255,5,9,5,5,5,5,5,255,5,255,5,5,5,5,5,5,5,255,5,5,5,5,5,255,5,255,5,5,5,10,5,255,255,10,5,5,255,5,255,255,10,5,5,255,255,5,4,10,5,5
1780854646.744669,15333,1541463017,867,2060,2067,2087,2097,1776,1201,949,1157,1486,2075,2072,2082,1958,1381,1027,1265,1964,2092,2061,2115,2102,2050,1649,1289,2079,2082,2083,2083,2099,2104,1903,1308,2037,2097,2076,2112,2143,2051,1053,1223,2029,2060,2048,2071,2005,1965,826,1250,2028,2109,2072,1143,1944,920,770,1199,1873,2078,2016,1031,1037,791,718,5,255,255,5,5,10,5,5,5,255,255,10,255,10,9,5,5,5,5,5,5,10,5,10,9,5,5,5,5,5,255,10,5,5,5,5,5,255,255,255,5,255,5,255,255,255,255,4,5,5,10,5,10,255,5,5,5,255,255,5,255,5,5,5
1780854646.844062,15334,1541563017,912,2091,2015,2064,2036,1776,1206,940,1159,1486,2068,2097,2082,1958,1360,1069,1295,1931,2065,2088,2032,2084,2100,1649,1308,2018,2070,2085,2101,2105,2063,1903,1317,1976,2097,2091,2086,2143,1116,956,1259,2018,2114,2048,2071,2005,952,769,1221,2028,2068,2167,1097,1017,791,723,1195,1873,2051,2029,1003,878,734,661,5,10,10,5,5,255,5,5,5,255,10,5,255,255,5,5,5,9,5,5,5,5,5,255,5,5,5,5,5,5,10,255,5,5,255,5,5,255,10,255,5,10,5,255,255,255,255,5,5,255,5,5,5,10,5,5,5,255,10,5,5,5,5,5
1780854646.945508,15335,1541663017,895,2049,2026,2076,2116,1776,1203,926,1111,1486,2081,2080,2105,1993,1352,1097,1271,1978,2098,2084,2107,2084,2027,1792,1283,1989,2078,2082,2071,2114,1104,1903,1290,2053,2112,2063,2086,2143,877,820,1313,2018,2114,2139,1150,895,791,707,1261,2022,2090,2119,985,820,701,657,1231,1873,2027,2029,864,700,676,612,5,5,5,5,5,255,5,5,5,255,5,5,10,10,5,5,5,5,5,5,5,255,255,10,5,5,5,5,5,5,5,255,5,5,10,5,255,255,4,5,5,255,5,10,10,10,5,5,5,10,5,5,5,5,5,5,9,255,5,255,255,5,5,5
1780854647.045420,15336,1541763017,892,2057,2079,2083,2047,1776,1164,950,1144,2051,2106,2073,2082,1993,1324,1097,1269,1978,2048,2092,2107,1161,2003,1663,1255,2079,2085,2094,2072,2107,1037,785,1276,2079,2127,2085,1080,874,739,664,1249,2018,2096,2139,1056,725,692,576,1240,1960,2096,2097,804,679,646,603,1181,1873,1980,2024,1996,663,662,612,5,5,5,5,5,255,5,5,5,10,5,5,5,255,5,5,5,255,5,5,255,10,5,5,5,5,5,5,5,5,5,10,5,5,5,5,255,10,5,5,5,255,5,255,5,5,5,5,5,5,5,5,5,5,5,5,5,255,5,10,4,255,5,255
1780854647.144525,15337,1541863017,881,2044,2079,2064,2071,1776,1204,937,1205,1353,2093,2105,2082,1993,1279,1052,1300,2007,2053,2075,2107,1161,1069,480,1255,2020,2081,2077,1095,798,697,437,1283,2054,2038,2108,749,704,652,443,1267,2003,2091,2139,711,668,645,434,1227,2020,2104,2124,2075,664,1968,450,1169,1873,1980,2062,1966,663,662,612,5,5,255,5,5,255,5,5,5,5,5,5,255,255,9,9,5,10,5,5,255,255,5,4,5,5,5,5,4,4,4,4,5,5,5,5,4,5,5,4,5,10,5,255,4,5,5,5,9,5,5,5,4,5,4,5,5,255,255,5,5,255,255,255
1780854647.243979,15338,1541963017,902,2044,2006,2043,2092,1888,1209,940,1141,1478,2093,2028,2082,2083,462,377,1288,2012,2066,2075,2107,575,408,380,1311,1992,2082,2086,753,628,426,374,1324,2038,2038,2117,683,660,434,396,1228,2003,2118,2139,705,677,557,390,1247,2001,2131,2116,2102,2006,1958,450,1218,1873,2087,2026,1966,1970,662,612,5,255,10,5,5,10,5,5,5,5,255,5,255,10,4,4,5,5,5,255,255,10,4,5,5,5,5,5,4,9,4,5,5,5,255,5,5,5,4,5,5,255,5,255,5,255,5,255,9,5,5,5,5,4,5,255,5,255,10,5,255,10,255,255
1780854647.345169,15339,1542063017,889,2044,2064,2083,2101,377,361,380,1118,1333,2038,2028,427,369,363,364,1292,1971,2087,675,611,393,374,377,1271,1992,2093,698,662,622,393,429,1271,1992,2027,2137,657,649,1993,396,1260,2003,2112,2164,705,677,557,1938,1225,2014,2095,2120,2053,1994,1962,1971,1183,1949,1985,2016,2027,2011,1994,612,5,255,5,5,5,4,4,4,5,5,10,255,255,5,5,5,5,5,5,10,10,5,5,5,5,255,5,5,5,5,5,255,5,5,10,5,5,5,4,255,5,255,5,10,255,255,255,4,5,5,5,5,5,5,5,10,5,10,5,5,10,5,10,255
1780854647.444402,15340,1542163017,876,2089,2077,451,376,365,369,372,1136,1361,602,641,556,569,369,668,1269,1983,2036,662,639,639,653,1715,1317,2053,2058,2078,624,2158,2047,429,1274,2033,2089,2111,2080,2066,1993,396,1228,2091,2086,2164,705,2106,557,1938,1220,2032,2117,2085,2069,1997,1963,1998,1213,1949,2019,2068,1936,1996,1994,612,5,10,5,4,5,5,5,5,5,5,4,10,5,5,5,4,5,5,5,5,5,4,4,4,5,10,5,5,5,4,4,255,9,5,5,5,5,4,255,255,5,10,5,255,255,10,255,255,5,5,5,5,5,5,5,5,5,255,5,5,5,5,255,255
1780854647.543877,15341,1542263016,876,2064,2051,626,599,610,659,910,1142,1336,682,661,635,683,679,1068,1332,2007,2083,712,639,2073,2059,1715,1288,2034,2074,2089,2107,2139,2075,429,1341,2082,2123,2086,2106,2172,1985,396,1277,2010,2075,2164,2115,2056,2008,1983,1218,1978,2088,2118,2134,2026,1958,1989,1196,1949,2055,2068,1994,1989,1916,612,5,5,5,5,4,4,4,4,5,5,5,5,5,5,4,4,5,5,5,5,255,4,5,255,5,5,5,5,5,5,5,255,5,5,5,5,5,5,10,255,5,5,5,255,10,5,10,10,5,5,5,5,5,5,5,5,5,255,5,255,5,5,10,255
1780854647.645851,15342,1542363016,888,731,680,665,699,697,1108,953,1204,1357,2038,661,2655,2034,1388,1032,1273,1998,2041,2063,2096,2104,2141,1728,1270,2035,2071,2089,2106,2160,2078,429,1291,2058,2081,2098,2108,2087,1985,396,1303,2010,2074,2102,2132,2088,1897,2025,1204,2041,2103,2117,2112,1964,1955,1960,1192,1949,2023,2068,1920,1934,1916,612,5,4,5,5,5,5,4,5,5,5,4,255,4,4,4,5,9,5,5,5,10,5,5,10,5,5,5,5,5,5,5,255,5,5,5,5,5,5,255,255,5,255,5,10,5,5,5,5,5,5,5,5,5,5,5,5,5,255,5,255,5,5,255,255
1780854647.743741,15343,1542463017,885,731,766,767,699,697,1187,962,1104,1984,710,661,2116,2034,1296,1073,1284,2028,2053,2074,2156,2089,2004,1728,1279,2027,2064,2089,2098,2132,1995,429,1318,2080,2088,2115,2118,2127,2018,396,1304,2007,2105,2102,2131,2019,1933,1946,1265,2077,2100,2088,2116,2000,1980,1978,1205,1949,1946,2031,2024,1980,1916,612,5,255,5,5,255,255,5,5,5,4,255,255,4,255,5,5,9,5,5,5,5,5,5,255,5,5,5,5,5,5,5,255,5,5,5,5,5,5,10,255,5,10,5,255,5,5,5,5,5,5,5,5,5,5,5,255,5,255,5,10,5,5,255,255
1780854647.843457,15344,1542563017,883,2033,766,767,2089,2017,1202,942,1143,1431,2019,661,2106,2034,1237,1081,1257,2001,2087,2076,2156,2124,1998,1629,1227,2121,2072,2082,2121,2142,2038,429,1344,2055,2084,2067,2126,2143,2018,2011,1279,2007,2075,2102,2085,2136,1879,1969,1233,2074,2067,2097,2101,1974,1930,1978,1217,1949,2049,2080,1980,1943,1916,612,5,10,255,255,255,10,5,5,5,4,10,255,5,255,5,5,5,5,5,5,255,5,5,10,5,5,5,5,5,5,5,255,5,5,5,5,5,5,255,10,5,255,5,255,5,5,5,5,5,5,5,5,5,5,5,255,5,255,5,5,5,5,255,255
1780854648.037444,15345,1542663017,887,2009,766,767,2089,2022,1275,939,1135,1434,2019,2068,2129,2034,1263,1086,1283,1908,2085,2096,2156,2077,2008,1723,1228,2100,2085,2095,2096,2110,2050,1922,1254,2108,2101,2082,2100,2147,1994,1865,1247,2007,2089,2102,2082,2010,1879,1991,1250,2063,2066,2107,2084,1991,1949,1946,1205,1949,2024,2086,2009,1991,1916,612,5,5,255,255,255,5,5,5,9,5,255,10,5,255,5,5,5,5,5,5,255,5,5,5,5,5,5,5,5,5,5,10,5,5,5,5,5,5,10,5,5,255,5,255,5,5,255,5,5,5,5,5,5,5,5,255,5,255,5,5,5,5,255,255
1780854648.044719,15346,1542763018,876,2009,766,2070,2089,2022,1202,921,1124,1380,2019,2056,2129,2034,1317,1042,1283,2006,2053,2067,2156,2109,2029,1723,1327,1997,2080,2082,2120,2110,2008,1922,1233,2028,2047,2110,2093,2013,2011,1865,1249,2007,2075,2067,2131,2115,1922,1951,1234,2038,2066,2100,2084,1951,1972,1950,1174,1949,2033,2086,2009,1991,1916,612,5,255,255,10,255,255,5,5,5,5,255,5,255,255,5,5,5,5,5,5,255,5,5,255,5,5,5,5,5,5,5,255,5,5,5,5,5,5,5,255,9,255,5,10,5,5,10,5,5,5,5,5,255,5,5,5,5,255,5,255,255,255,255,255
1780854648.144460,15347,1542863017,885,2038,2064,2067,2100,2022,1199,930,1141,1331,2074,2074,2081,2034,1358,1077,1250,1982,2104,2081,2156,2075,2058,1753,1279,2026,2076,2080,2125,2080,2080,1987,1268,2104,2080,2070,2075,2108,2023,1849,1210,2034,2086,2091,2139,2045,1939,2022,1270,2050,2085,2068,2103,1975,1951,1950,1182,1905,2038,2083,2009,1942,1916,612,5,10,10,5,10,255,5,5,5,255,10,5,10,255,5,5,5,5,5,5,255,5,5,10,255,5,5,5,5,5,5,10,255,5,5,5,5,5,5,10,5,10,5,5,5,5,5,5,5,5,5,5,10,5,5,255,5,10,5,10,255,10,255,255
1780854648.243784,15348,1542963017,884,2046,2034,2008,2109,2022,1162,935,1115,1414,2052,2078,2081,2034,1300,1054,1255,2004,2061,2100,2099,2108,2066,1770,1305,2054,2075,2079,2101,2103,2001,1987,1334,2056,2104,2041,2135,2163,1944,1849,1247,2067,2095,2091,2085,2089,1939,2022,1198,2049,2072,2134,2103,2000,1967,1978,1194,1905,2040,2069,2009,1956,1916,612,5,5,5,5,5,255,5,5,5,5,5,5,255,255,5,5,5,5,5,5,10,5,5,5,5,5,5,5,5,5,5,255,5,5,5,5,5,5,5,255,5,5,5,255,5,5,255,255,5,5,5,5,255,5,5,10,5,255,5,5,255,5,255,255
1780854648.344018,15349,1543063017,901,2073,2039,2070,2090,2022,1205,930,1123,1379,2033,2083,2081,2034,1309,1035,1272,2028,2040,2062,2083,2084,2043,1675,1285,2051,2069,2091,2106,2093,2054,1987,1313,2022,2106,2091,2088,2113,2012,1849,1299,2065,2079,2076,2068,2089,1939,1961,1213,2031,2138,2084,2064,1991,1952,1970,1191,1905,2046,2006,1931,2002,1916,612,5,5,5,5,5,255,5,5,5,5,5,5,255,255,5,5,5,5,5,5,5,5,5,5,5,5,5,5,5,5,5,255,5,5,5,5,5,5,5,255,5,5,5,10,5,255,255,10,5,5,5,5,10,5,5,5,5,255,5,5,10,5,255,255
1780854648.443582,15350,1543163018,910,2100,2039,2070,2075,2022,1190,925,1115,1379,2057,2097,2081,2034,1309,1092,1275,2007,2111,2080,2083,2130,1995,1675,1367,2013,2077,2101,2097,2116,2016,1987,1222,2022,2071,2076,2102,2113,2015,1849,1304,2077,2104,2076,2114,2089,1941,1963,1228,2075,2076,2147,2083,2046,1953,1970,1177,1905,2016,2031,1931,1970,1916,612,5,5,255,255,5,255,9,5,5,255,5,5,255,255,255,5,5,5,5,5,255,5,5,255,5,5,5,5,5,5,5,255,5,255,5,5,5,255,5,255,5,5,5,255,5,255,10,5,5,5,5,5,5,5,5,255,5,255,5,5,255,5,255,255
1780854648.544485,15351,1543263016,907,2061,2066,2047,2066,2022,1191,941,1087,1483,2108,2051,2064,2034,1308,1054,1316,1979,2077,2074,2085,2082,2047,1692,1262,2051,2074,2076,2095,2146,2054,1935,1314,2014,2082,2068,2107,2113,1990,1849,1266,2077,2144,2063,2099,2087,1941,1968,1224,2028,2127,2105,2090,2001,1970,1950,1200,1879,2045,2042,1980,2026,1916,1992,5,5,10,10,5,255,5,5,9,10,5,5,10,255,10,9,5,5,5,5,10,5,5,10,5,5,5,5,5,5,5,10,5,10,5,5,5,255,5,255,9,255,5,10,5,10,255,5,5,5,5,5,5,5,5,255,5,10,5,5,10,5,255,10
1780854648.644457,15352,1543363017,886,2061,2066,2107,2081,2022,1214,921,1117,1408,2108,2045,2064,2034,1315,1056,1307,2029,2087,2086,2073,2122,2064,1692,1287,2081,2062,2078,2103,2101,2143,1935,1235,2082,2049,2092,2107,2128,2000,1849,1366,2023,2086,2119,2068,2024,1947,1968,1248,2021,2081,2103,2090,1914,2080,1973,1201,1879,2080,2033,1980,2048,1916,1992,5,255,255,5,5,255,5,5,5,5,255,5,255,255,5,9,5,5,5,5,5,5,5,255,5,5,5,5,5,5,5,255,5,5,5,5,255,10,5,255,5,10,5,5,5,5,10,255,5,5,5,5,255,5,5,5,5,255,5,5,255,5,255,255
1780854648.743397,15353,1543463017,884,2046,2066,2042,2060,2022,1212,926,1150,1407,2058,2052,2089,2034,1365,1051,1288,2105,2058,2073,2092,2102,2045,1692,1255,2005,2069,2096,2101,2089,2094,1935,1280,2082,2085,2122,2092,2128,1985,1849,1287,2085,2098,2119,2085,2025,1947,1975,1293,2058,2067,2114,2080,1952,1986,1973,1184,1879,2079,2090,1980,2048,1978,1992,5,10,255,5,5,255,5,5,5,5,10,5,10,255,9,5,5,5,5,5,5,5,5,255,5,5,5,5,5,5,5,255,5,5,5,5,10,255,5,255,5,5,5,255,5,5,255,10,5,5,5,5,10,5,5,5,5,255,5,5,255,255,10,255
1780854648.843400,15354,1543563017,907,2091,2066,2042,2049,2022,1209,930,1149,2047,2056,2072,2089,2034,1373,1040,1290,2044,2080,2062,2087,2092,2038,1716,1247,2061,2075,2089,2108,2113,2053,1935,1259,2011,2096,2072,2127,2128,2015,1849,1290,2012,2108,2121,2085,2025,1993,1943,1229,2061,2109,2098,2073,1994,1995,1983,1201,1916,2047,2014,2001,1948,1978,2036,5,5,255,255,5,255,5,5,5,5,5,5,255,255,5,5,5,5,5,5,5,5,5,10,5,5,5,5,5,5,5,255,9,5,5,5,5,255,5,255,5,5,5,10,255,255,10,5,9,5,5,5,5,5,5,5,5,10,5,5,10,10,255,10
1780854648.946685,15355,1543663017,905,2046,2077,2054,2058,2051,1210,964,1142,2047,2068,2097,2128,2034,1319,1066,1247,2044,2080,2086,2078,2092,2078,1716,1328,2051,2074,2081,2090,2140,2053,1935,1341,2023,2109,2069,2102,2131,2051,1849,1238,2012,2065,2067,2117,2025,2000,1943,1261,2036,2112,2082,2018,1957,1910,1954,1226,1967,2006,2059,1996,1925,1978,2036,5,9,10,10,5,10,5,5,5,255,5,5,10,255,5,5,5,255,5,5,5,255,5,255,5,5,5,5,5,5,255,255,5,5,5,5,5,10,5,255,5,255,5,5,10,255,5,255,5,5,5,5,5,5,255,5,5,5,5,5,5,5,255,255
1780854649.054497,15356,1543773017,879,2077,2055,2073,2083,2051,1157,932,1131,2047,2049,2127,2128,2034,1286,1090,1329,1990,2093,2083,2118,2085,2078,1786,1255,2002,2104,2086,2099,2149,2053,1934,1349,2029,2082,2079,2104,2131,2003,1984,1319,2012,2090,2067,2117,1975,2000,1931,1210,2007,2054,2132,2066,1985,1976,1952,1130,1967,2027,2059,1940,1989,1978,2036,5,5,5,5,5,255,5,5,5,255,5,5,255,255,9,5,9,10,5,5,5,10,255,10,5,5,5,5,5,5,255,10,9,5,5,5,5,255,5,10,5,255,5,255,255,10,255,10,5,5,5,5,5,5,5,5,5,255,5,255,5,255,255,255
1780854649.153708,15357,1543873017,889,2077,2052,2066,2094,2051,1221,925,1145,1394,2099,2080,2128,2034,1245,1081,1307,1986,2085,2070,2094,2114,2102,1771,1321,2092,2071,2084,2122,2080,2110,1934,1336,2027,2092,2096,2090,2131,2008,1931,1331,2016,2125,2069,2127,2090,1957,1995,1193,2055,2074,2121,2100,1983,1966,1953,1165,1967,2044,2022,2083,1989,1978,2036,5,255,5,5,5,255,5,5,9,255,5,5,255,255,5,5,5,5,5,5,5,5,10,5,5,5,5,5,5,5,10,255,9,5,5,5,5,255,5,5,5,10,5,10,10,5,10,5,5,5,5,5,5,5,5,5,9,255,5,10,9,255,255,255
1780854649.255007,15358,1543973017,865,2077,2052,2108,2060,2051,1235,936,1121,1394,2099,2079,2128,1992,1322,1087,1242,2036,2074,2095,2093,2106,1970,1700,1289,2076,2080,2093,2142,2120,2058,1934,1337,2054,2090,2087,2074,2131,2019,1931,1277,2016,2103,2026,2127,2090,2005,1967,1221,2042,2074,2097,2081,1960,1953,1975,1180,1967,2013,2022,2083,1963,1978,2036,5,255,255,5,5,255,5,5,9,255,255,5,255,10,5,9,5,5,5,5,5,5,5,5,5,5,5,5,5,5,5,255,5,5,5,5,5,255,5,255,5,255,5,5,255,255,5,5,5,5,255,5,5,5,5,5,5,255,5,255,255,10,255,255
1780854649.353336,15359,1544073017,871,2077,2052,2087,2060,2051,1179,935,1147,1314,2043,2063,2094,1992,1319,1057,1231,2064,2065,2017,2081,2102,2071,1700,1261,1996,2081,2081,2104,2099,2100,1883,1281,2047,2079,2070,2097,2084,2088,1931,1301,2142,2082,2095,2068,2092,1974,1921,1253,2063,2098,2067,2042,2009,1994,1952,1188,1967,2063,2017,1949,1971,1978,2036,5,255,255,5,255,255,5,5,5,10,10,5,10,255,255,5,5,5,5,5,5,5,5,255,5,5,5,5,5,5,5,10,5,5,5,5,5,10,5,255,5,10,5,5,10,10,5,5,5,5,10,5,5,5,5,5,5,255,5,10,10,5,255,255
1780854649.453187,15360,1544173017,892,2069,2035,2047,2081,2051,1154,955,1149,1314,1988,2060,2094,1992,1288,1062,1316,2028,2113,2057,2052,2104,2015,1700,1268,2004,2082,2092,2112,2106,2086,1883,1270,2016,2129,2082,2095,2113,2059,1958,1273,2142,2071,2088,2149,2019,1974,1933,1254,2062,2132,2069,2071,1971,2036,1944,1261,1967,2028,2079,1949,1937,1978,2036,5,10,10,5,10,255,5,5,5,255,5,5,255,255,5,5,5,5,5,5,5,5,9,255,9,5,5,5,5,5,5,255,5,5,5,5,5,5,5,10,5,255,5,5,5,5,255,5,5,5,5,5,5,5,5,5,5,255,5,5,255,5,255,255
1780854649.553291,15361,1544273017,906,2069,2035,2079,2112,1956,1165,940,1126,2078,2071,2092,2094,2072,1344,1067,1336,2009,2079,2071,2130,2068,2029,1692,1302,2115,2058,2079,2122,2110,2079,1883,1287,2065,2072,2074,2119,2062,2067,1958,1234,2033,2069,2088,2144,2079,1954,1970,1252,2024,2056,2111,2045,1954,1956,1965,1182,1967,2043,2064,1993,1951,1978,2036,5,255,255,5,5,10,5,5,5,10,5,5,255,10,5,5,5,5,5,5,5,5,5,10,255,5,5,5,5,5,5,255,5,5,5,5,5,5,5,255,5,10,5,255,5,5,10,255,5,5,5,5,5,255,5,5,5,255,5,5,10,5,255,255
1780854649.651982,15362,1544373016,894,2038,2073,2079,2112,1956,1179,930,1086,1157,2022,2093,2087,1909,1321,1067,1270,2047,2113,2080,2075,2083,2066,1637,1256,2076,2090,2100,2110,2108,2056,1883,1265,2056,2086,2116,2094,2176,2146,1958,1247,2084,2091,2078,2140,2101,1954,1934,1263,2026,2049,2136,2120,1954,1968,2015,1187,1914,2083,2041,1992,1991,1978,2036,5,10,10,255,255,255,5,5,5,4,5,5,10,5,9,5,5,5,5,5,5,5,5,5,5,5,5,5,5,5,5,255,5,5,5,5,5,5,5,255,5,5,5,10,5,5,255,5,5,5,5,5,5,5,5,5,5,10,5,5,5,5,255,255
1780854649.753320,15363,1544473017,888,2089,2073,2076,2033,1956,1215,924,1124,1411,2022,2064,2095,1909,1246,1020,1363,1844,2062,2095,2140,2101,1970,1637,1352,2069,2074,2092,2134,2108,2021,1944,1257,2058,2115,2089,2123,2176,2018,1958,1285,2033,2100,2106,2085,2064,1943,1966,1231,2046,2049,2109,2121,1954,1922,1983,1264,1868,2112,2079,1990,1991,1978,2036,5,5,255,10,10,255,5,5,5,4,255,5,5,255,5,5,5,4,5,5,5,5,5,255,5,5,5,5,5,5,5,10,5,5,5,5,5,255,5,255,5,5,5,5,5,5,10,5,5,5,255,5,5,255,5,5,5,5,5,5,5,255,255,255
1780854649.854002,15364,1544573017,879,2085,2073,2048,2113,1956,1193,943,1137,2061,2062,2069,2096,1909,1371,1119,1264,2015,2061,2094,2089,2066,2016,1646,1218,2073,2081,2089,2104,2066,2055,1944,1279,2048,2078,2097,2171,2176,1995,1958,1280,2033,2104,2126,2107,2064,1971,1908,1247,2036,2089,2146,2111,1981,1929,1960,1236,1868,2019,2084,1998,1991,1978,2036,5,5,255,5,5,255,5,5,5,4,10,5,5,255,255,5,5,5,5,5,5,5,5,10,255,5,5,5,5,5,5,255,5,5,5,5,5,255,5,255,5,255,5,5,5,255,5,5,5,5,10,5,5,10,255,5,5,255,5,5,5,255,255,255
1780854649.953701,15365,1544673017,882,2085,2073,2089,2038,1956,1193,942,1107,2005,2027,2103,2096,1909,1409,1074,1299,2003,2087,2070,2102,2067,1942,1685,1357,2070,2064,2078,2110,2093,2053,1944,1320,2015,2078,2090,2085,2176,1998,1958,1271,2033,2068,2126,2107,2064,1934,1976,1259,2040,2098,2071,2084,1987,1931,1960,1202,1868,2064,1977,1952,1963,1978,2036,5,255,255,5,5,255,5,5,5,5,5,5,255,255,5,5,5,5,5,5,5,5,5,5,5,5,5,5,5,5,9,255,5,5,255,5,5,255,5,255,5,255,5,255,255,255,5,5,5,5,5,5,5,5,5,255,5,255,5,5,5,10,255,255
1780854650.053596,15366,1544773017,889,2085,2073,2089,2172,1956,1180,928,1151,1439,2027,2078,2128,2072,1238,1073,1258,2003,2072,2051,2068,2094,2049,1779,1302,2066,2062,2078,2128,2142,2057,1944,1213,2079,2117,2096,2118,2099,1989,1958,1290,2070,2073,2086,2099,2065,2032,1968,1225,2040,2076,2089,2084,2010,1968,1987,1176,1868,2072,2018,1965,1963,1978,2036,5,10,255,5,255,255,5,5,5,4,255,5,10,10,255,5,5,255,5,5,5,5,5,5,5,5,5,5,5,5,5,255,5,5,10,5,5,10,5,255,5,10,5,10,10,10,5,5,5,5,5,5,255,5,5,10,5,255,5,5,5,255,255,255
1780854650.153983,15367,1544873017,863,2085,2037,2086,2116,1956,1184,934,1124,1973,2027,2036,2128,2072,1284,1069,1300,2000,2120,2076,2068,2116,2087,1779,1292,2040,2083,2102,2106,2102,2113,1944,1317,2124,2073,2104,2098,2099,1975,1958,1347,2070,2078,2095,2093,2049,2032,1958,1227,2001,2137,2130,2111,1972,1960,1987,1254,1868,2033,2076,1965,1963,1978,2036,5,255,10,5,5,255,5,5,5,4,255,5,255,255,5,5,5,10,5,5,255,5,5,255,5,5,5,5,5,5,5,255,5,5,5,5,5,255,5,255,5,255,5,5,5,5,255,5,9,5,5,5,10,5,5,255,5,255,5,5,255,255,255,255
1780854650.254025,15368,1544973017,908,2085,2037,2067,2066,1956,1135,943,1155,1430,2049,2058,2128,2072,1358,1066,1275,2007,2076,2061,2068,2118,2087,1779,1292,2038,2068,2088,2114,2051,2108,1944,1331,2060,2073,2124,2081,2103,2019,1958,1259,2070,2112,2094,2114,2040,1976,1933,1233,2046,2092,2120,1982,2000,1973,1976,1207,1868,2045,1992,1961,1963,1978,2036,5,255,255,5,5,255,5,5,5,4,10,5,255,255,5,5,5,5,5,5,255,5,255,255,255,5,5,5,5,5,5,255,5,5,255,5,5,10,5,255,5,255,5,5,5,5,10,5,5,5,5,5,5,5,5,10,5,255,5,5,10,255,255,255
1780854650.354382,15369,1545073017,884,2059,2037,2061,2067,1956,1205,946,1132,1430,2069,2030,2064,2072,1264,1070,1337,2011,2101,2101,2100,2164,2003,1705,1233,2069,2067,2090,2103,2091,2080,1944,1292,2027,2087,2085,2107,2104,1996,1958,1275,2048,2086,2094,2159,2124,1925,1916,1282,2053,2092,2089,2098,1967,1954,1962,1198,1870,2021,2069,1958,2027,1978,2036,5,10,255,5,5,255,5,5,5,255,5,5,10,255,5,5,5,5,5,5,10,5,10,10,10,5,5,5,5,5,5,255,5,5,10,5,5,5,5,255,5,10,5,255,5,5,5,5,5,5,255,5,5,5,5,5,5,10,5,5,5,10,255,255
1780854650.453665,15370,1545173017,879,2059,2037,2070,2065,1956,1180,938,1168,1430,2040,2114,2064,2072,1381,1097,1285,1999,2062,2094,2100,2138,2081,1705,1289,1997,2098,2090,2072,2098,2080,1846,1395,1991,2080,2078,2109,2104,1996,1888,1323,2048,2114,2104,2125,2022,2004,1946,1263,1818,2092,2098,2098,2011,1943,1972,1180,1870,1988,2069,1958,1996,1978,2036,5,255,255,5,5,255,9,5,9,255,5,5,255,255,5,5,5,5,5,5,255,5,5,255,5,5,5,5,5,5,5,3,5,5,5,5,5,255,255,10,5,255,5,10,5,5,5,5,5,4,10,5,255,5,5,5,5,255,5,255,255,5,255,255
1780854650.554954,15371,1545273017,878,2061,2037,2102,2052,1956,1203,927,1123,1432,2082,2108,2064,2090,1270,1073,1316,2005,2055,2102,2147,2046,2101,1705,1311,2055,2076,2078,2072,2078,2069,1899,1312,1991,2112,2063,2125,2151,1996,1888,1248,2064,2097,2083,2098,1990,1968,1942,1219,2062,2092,2111,2087,2011,1923,1971,1158,1899,2028,2087,1958,1957,1978,2036,5,10,255,5,5,255,5,5,5,10,5,5,255,10,5,5,9,5,5,5,10,5,5,255,5,5,5,5,5,5,5,5,5,255,5,5,5,10,255,255,5,10,5,5,5,5,5,5,9,4,255,5,10,255,255,5,5,10,5,10,255,5,255,255
1780854650.654253,15372,1545373017,912,2053,2037,2067,2064,1956,1170,947,1136,1292,2082,2081,2023,2090,1330,1068,1296,2037,2081,2076,2053,2127,2051,1705,1286,2036,2061,2091,2098,2058,2050,1910,1335,2021,2093,2058,2143,2204,2007,1888,1249,1967,2065,2130,2122,2038,1968,1942,1262,2031,2097,2123,2029,1977,2016,1941,1196,1887,2064,2050,1958,1983,2011,2036,5,5,255,5,5,255,5,5,5,255,255,5,10,255,5,5,5,5,5,5,5,5,5,255,5,5,5,5,5,5,5,5,5,10,5,5,5,5,10,255,5,5,5,5,5,5,255,255,5,5,10,5,5,10,5,5,5,9,5,5,255,5,10,255
1780854650.754840,15373,1545473017,927,2053,2037,2099,2087,1651,1157,932,1107,1546,2080,2050,2023,2090,1357,1094,1291,2028,2069,2071,2053,2068,2088,1613,1277,2021,2065,2076,2119,2095,2032,1916,1286,2036,2115,2106,2095,2107,2032,1957,1251,1967,2054,2126,2110,2038,1968,1965,1233,2042,2112,2087,2114,1986,1957,1986,1202,1850,2011,2072,1958,1983,1988,2036,5,255,255,5,5,10,5,5,5,4,10,5,255,255,5,5,5,5,5,5,255,5,5,10,5,5,5,5,5,5,5,5,9,5,5,5,5,5,5,10,5,255,5,5,5,255,255,10,5,5,5,5,5,5,5,5,5,5,5,5,255,255,5,255
1780854650.854595,15374,1545573017,886,2074,2086,2104,2072,1651,1170,930,1103,1546,2062,2067,2023,2090,1378,1083,1269,2015,2059,2122,2053,2064,2022,1613,1326,2021,2066,2096,2079,2095,2037,1916,1280,2027,2112,2111,2111,2107,2006,1894,1311,1967,2086,2126,2135,2044,1930,1970,1233,2072,2062,2124,2114,1990,1929,1903,1172,1911,2002,2022,1938,1983,1988,2036,5,10,10,5,5,255,5,5,5,255,5,5,255,255,5,5,5,5,5,5,255,5,5,255,9,255,5,5,5,255,5,255,5,5,5,5,5,255,5,5,5,255,5,255,5,10,10,5,255,5,5,5,255,5,5,5,5,5,5,5,10,255,255,255
1780854650.954134,15375,1545673017,881,2078,2081,2034,2088,1651,1172,929,1152,1349,2019,2127,2023,2090,1299,1033,1330,1964,2058,2097,2109,2104,2084,1613,1265,2051,2073,2092,2098,2102,2079,1916,1292,2031,2085,2114,2111,2141,2072,1894,1278,2060,2112,2117,2073,2044,1952,1957,1210,1947,2072,2125,2099,1957,1978,1978,1200,1895,2076,2068,1938,1988,1988,2036,5,5,5,5,5,255,5,5,5,255,5,5,255,255,5,5,5,5,5,5,10,5,5,255,5,10,5,5,5,10,5,255,5,5,5,5,255,10,5,255,9,10,5,10,5,255,5,5,10,5,5,5,10,5,5,5,9,5,5,5,255,10,255,255
1780854651.055447,15376,1545773017,865,2078,2081,2099,2119,1651,1192,940,1124,1349,2084,2107,2023,2041,1320,1047,1284,1964,2060,2078,2092,2062,1995,1737,1231,2039,2081,2072,2092,2108,2045,1916,1332,2016,2088,2113,2097,2141,2031,1894,1304,2060,2137,2150,2095,2092,1952,1958,1294,1976,2080,2095,2070,1925,1945,1968,1198,1895,1992,2012,1988,1982,2004,2036,5,255,255,5,5,255,5,5,5,255,5,5,255,10,5,5,5,255,5,5,5,5,5,10,5,5,5,5,5,5,5,255,5,5,5,5,10,255,5,255,5,255,5,5,5,10,255,5,5,5,5,5,5,5,5,5,5,255,5,5,10,5,10,255
1780854651.154563,15377,1545873016,893,2056,2081,2067,2104,1651,1213,936,1132,2045,2057,2100,2082,2027,1305,1071,1335,2005,2127,2067,2117,2105,2022,1866,1262,2102,2091,2089,2102,2082,2092,1916,1358,2023,2065,2075,2124,2141,1983,1894,1352,2092,2067,2102,2120,2073,1959,1960,1294,2010,2075,2151,2075,1971,1971,1970,1204,1895,2023,2075,1918,1982,2004,2036,5,10,255,5,5,255,5,5,9,10,5,5,10,5,5,5,9,10,5,5,5,5,5,5,5,5,5,5,5,5,5,255,5,5,5,5,5,255,5,255,5,10,5,5,5,5,10,5,5,5,5,5,5,5,5,5,9,255,5,5,5,255,255,255
1780854651.254033,15378,1545973016,893,2065,2061,2062,2066,1651,1171,934,1135,1990,2057,2051,2066,2027,1263,1102,1283,2033,2072,2076,2057,2056,2052,1866,1291,2043,2066,2082,2090,2120,2076,1956,1285,2073,2087,2105,2094,2192,2032,1894,1303,2092,2108,2149,2100,2073,1926,1881,1269,2012,2091,2072,2102,2009,1949,1982,1196,1897,2092,2023,2011,1971,2004,2036,5,3,10,5,5,255,5,5,5,5,255,5,5,255,5,5,5,5,5,5,5,5,5,255,5,9,5,5,5,5,5,10,5,5,5,5,5,10,5,255,5,255,5,5,5,255,5,5,5,5,5,5,5,5,5,5,5,10,5,5,5,10,255,255
1780854651.354614,15379,1546073016,868,2020,2031,2082,2108,1651,1226,940,1138,1305,2073,2054,2066,2027,1426,1067,1301,1984,2031,2079,2119,2112,2083,1699,1319,2010,2081,2083,2116,2095,2034,1947,1233,2036,2105,2115,2140,2177,1977,1934,1271,2092,2090,2060,2100,2053,1992,1988,1272,2043,2088,2085,2018,1946,1964,1972,1211,1897,2076,2041,1964,1971,2004,2036,5,5,5,5,5,255,5,5,5,5,10,5,255,255,5,5,5,5,5,5,5,5,5,10,5,9,5,5,5,5,5,5,5,5,5,5,5,5,5,10,5,255,5,5,255,10,5,5,5,5,5,5,5,5,5,5,5,255,5,5,5,255,255,255
1780854651.454512,15380,1546173017,867,2072,2053,2063,2033,1651,1205,927,1075,1276,2073,2058,2066,2027,1287,1082,1287,1984,2088,2070,2084,2112,2032,1699,1293,2002,2073,2081,2068,2109,2099,1947,1259,2088,2079,2081,2145,2177,1996,1936,1344,2092,2104,2149,2221,2131,1992,1969,1247,2050,2111,2124,2119,1942,1954,1958,1189,1814,2037,2022,1934,2011,2004,2036,5,5,5,5,5,255,9,5,5,5,255,5,255,255,9,5,5,255,5,5,5,255,5,255,5,5,5,5,5,5,5,255,5,5,5,5,5,255,5,5,5,255,5,5,10,5,255,5,5,5,5,5,5,5,5,5,5,10,5,5,5,10,255,255
1780854651.554994,15381,1546273017,895,2040,2108,2015,2104,1651,1226,932,1146,1333,2073,2024,2122,2027,1302,1057,1226,2035,2032,2078,2093,2112,2047,1699,1273,2005,2067,2084,2082,2087,2090,1947,1278,2082,2048,2093,2102,2118,2026,1936,1284,2092,2062,2149,2221,2031,2051,1927,1214,2050,2127,2126,2122,1983,1980,1934,1243,1814,1961,2026,2013,2011,2004,2036,5,5,5,5,5,255,5,5,5,255,255,5,10,255,5,5,5,10,5,5,5,255,5,255,5,5,5,5,5,5,5,255,5,5,5,5,5,10,5,255,5,255,5,255,255,5,10,5,5,5,5,5,5,5,5,5,5,255,5,5,5,255,255,255
1780854651.654540,15382,1546373017,879,1980,2079,2068,2064,1651,1220,923,1147,2022,2021,2071,2122,2027,1275,1084,1227,2035,2080,2097,2079,2094,2072,1699,1359,2025,2077,2101,2094,2076,2132,1888,1431,2057,2107,2130,2104,2118,1989,1936,1244,2047,2073,2041,2115,2067,2051,1927,1249,2042,2127,2075,2122,1990,1946,2037,1201,1830,2045,2090,1997,1971,2004,2036,5,5,5,5,9,255,5,5,5,4,10,255,255,255,5,5,5,255,5,5,5,10,5,255,5,5,5,5,5,5,5,10,5,5,5,5,5,255,5,255,5,10,5,10,10,5,255,255,5,5,255,5,255,5,5,5,5,10,5,5,5,10,255,255
1780854651.753146,15383,1546473017,895,2072,2043,2061,2114,1651,1169,929,1131,2022,2109,2097,2122,2027,1316,1070,1236,1936,2061,2090,2112,2087,2008,1681,1200,2038,2072,2075,2112,2103,2033,1888,1276,2033,2099,2088,2097,2118,2023,1936,1268,2002,2099,2041,2080,2062,2051,2014,1319,2051,2118,2119,2067,2004,1923,2037,1201,2016,1990,2015,1958,1971,2004,2036,5,5,5,5,5,255,5,5,5,255,5,5,255,255,5,5,5,10,5,5,5,5,5,10,9,5,5,5,5,5,5,255,5,5,5,5,5,255,5,255,9,5,5,255,5,5,255,10,5,5,10,5,10,5,5,255,5,5,5,5,5,255,255,255
1780854651.863459,15384,1546583017,897,2032,2041,2127,2078,1651,1158,931,1134,1438,2109,2097,2043,2027,1282,1083,1278,2076,2094,2079,2112,2064,1972,1688,1230,2045,2060,2087,2095,2116,2119,1888,1320,2030,2079,2099,2058,2063,2023,1936,1271,2009,2109,2041,2122,2068,1917,1977,1236,2063,2061,2095,2106,2004,1947,1979,1224,1879,2035,2015,1958,1971,2004,2036,5,5,5,5,5,255,5,5,5,10,255,255,10,255,5,5,5,5,5,5,255,5,5,5,5,5,5,5,5,5,4,255,5,5,5,5,5,10,255,255,5,5,5,255,5,255,10,5,5,5,5,5,5,255,5,10,5,5,5,255,255,255,255,255
1780854651.963479,15385,1546683017,883,2047,2041,2055,2085,1651,1151,947,1121,1438,2109,2027,2043,2027,1286,1095,1281,2084,2077,2069,2108,2064,2053,1699,1251,2056,2074,2095,2098,2094,2066,1888,1300,2043,2126,2074,2137,2063,2042,1951,1303,2009,2088,2093,2165,2116,1917,1995,1216,2062,2073,2099,2072,1982,1974,2008,1173,1879,2026,2072,2025,1971,2004,2036,5,5,255,5,5,255,5,5,5,255,255,10,255,255,5,5,5,5,5,5,10,255,5,5,5,5,5,5,5,5,5,255,5,5,5,5,5,255,10,10,9,255,5,10,5,5,255,5,5,5,5,5,5,10,5,5,5,255,5,10,10,255,255,255
1780854652.064916,15386,1546783017,883,2043,2053,2073,2091,1651,1229,943,1130,1438,2089,2143,2043,2027,1270,1099,1369,2084,2049,2099,2076,2110,1997,1735,1306,2055,2081,2088,2081,2098,2061,1888,1334,2002,2086,2099,2125,2063,2028,1951,1194,2039,2082,2093,2126,2052,1917,1973,1251,1978,2072,2114,2084,2014,1914,1995,1186,1961,2069,2072,2025,1956,2004,2036,5,5,10,5,5,255,5,5,5,255,10,5,255,255,9,5,5,255,5,5,5,10,9,5,5,5,5,5,5,5,5,255,5,5,5,5,5,255,5,255,5,10,5,255,5,5,255,5,5,5,5,5,5,5,5,5,5,10,5,255,255,10,255,255
1780854652.164524,15387,1546883017,861,2083,2039,2073,2087,2017,1191,930,1134,1438,2042,2070,2036,2027,1369,1055,1344,1992,2084,2072,2116,2110,1994,1735,1309,2034,2064,2078,2115,2128,2063,1983,1233,1997,2090,2112,2132,2098,2045,1909,1281,2039,2078,2165,2121,2052,1917,1952,1234,2031,2101,2082,2058,1986,1940,1980,1195,1851,2118,1984,1985,1956,2004,2036,5,5,5,255,5,10,5,5,5,255,5,5,10,255,5,9,5,10,5,5,5,255,5,255,5,5,5,5,5,5,5,10,5,5,5,5,5,10,5,10,5,255,5,10,5,255,255,5,5,5,5,5,5,5,5,5,5,5,5,10,10,255,255,255
1780854652.263834,15388,1546983017,897,2039,2053,2061,2087,2017,1125,966,1061,1409,2045,2070,2036,2027,1314,1050,1311,2026,2084,2088,2116,2123,2070,1735,1298,2037,2057,2085,2125,2104,2105,1983,1262,2009,2088,2066,2142,2115,2045,1921,1336,2036,2072,2165,2100,2054,1917,1952,1221,2083,2093,2097,2058,1939,1981,1959,1143,1851,2024,1993,1985,1920,1966,2036,5,5,5,10,255,255,5,5,9,10,5,255,255,255,5,5,5,5,5,5,255,10,5,255,5,5,5,5,5,5,5,255,5,5,5,5,5,5,255,5,5,10,5,255,5,10,255,255,5,5,5,5,255,5,5,5,5,255,5,5,255,10,10,255
1780854652.365584,15389,1547083017,881,2043,2053,2061,2096,2017,1255,930,1111,1416,2058,2091,1995,2027,1402,1103,1269,1986,2066,2066,2077,2109,2056,1735,1275,2020,2062,2092,2066,2155,2059,1983,1298,2041,2090,2094,2117,2100,2027,1921,1309,2036,2122,2063,2123,1946,1917,1951,1220,2020,2114,2117,2116,1983,1918,1959,1195,1851,2043,2063,1973,1965,1966,2036,5,5,255,5,10,255,5,5,5,5,5,10,10,255,5,5,5,5,5,5,10,5,5,255,5,5,5,5,5,5,5,255,5,5,5,5,5,5,10,255,5,255,5,10,5,5,255,10,5,5,5,5,10,5,5,255,5,255,5,5,10,5,255,255
1780854652.465274,15390,1547183017,888,2029,2053,2077,2052,2017,1205,936,1075,1416,2058,2091,2095,2027,1310,1070,1331,2036,2090,2072,2100,2112,1915,1669,1252,2009,2087,2089,2114,2112,2105,1983,1324,2027,2090,2090,2097,2100,2030,1921,1340,2065,2064,2199,2105,2127,1917,1944,1259,2049,2110,2105,2067,1983,1965,1965,1185,2004,2004,2057,1949,1971,1966,2104,5,5,255,5,5,255,5,5,5,255,255,255,5,255,9,5,5,5,5,5,5,5,5,10,5,5,5,5,5,5,5,255,5,5,255,5,5,255,5,255,255,10,5,5,5,5,255,5,5,5,5,5,5,255,5,10,5,10,5,5,5,5,255,10
1780854652.565966,15391,1547283017,881,2068,2067,2049,2088,2017,1179,932,1084,1212,2038,2110,2095,2027,1312,1024,1294,2011,2092,2028,2046,2113,2029,1658,1277,2067,2049,2086,2106,2102,2053,2001,1234,2055,2110,2100,2117,2125,2030,1921,1221,2065,2093,2131,2109,2127,1917,1975,1259,2073,2093,2115,2080,2002,1942,1980,1193,2004,2011,2073,2004,1971,2003,2104,5,5,10,5,5,255,5,5,5,255,10,10,255,255,9,5,9,5,5,5,5,5,5,5,255,5,5,5,5,5,5,10,5,5,10,5,5,10,255,255,5,255,5,5,5,255,255,5,5,5,5,5,5,10,5,5,5,255,5,5,5,5,10,255
1780854652.664824,15392,1547383017,856,2075,2081,2050,2107,2017,1154,945,1152,1452,2023,2039,2091,2027,1397,1100,1302,2002,2062,2146,2039,2113,2016,1658,1302,2016,2076,2087,2111,2090,2079,2001,1338,2058,2104,2095,2110,2104,2077,1951,1297,2078,2103,2095,2165,2040,1917,1975,1208,2049,2066,2131,2070,2029,1982,1989,1212,2004,2121,2011,1959,1971,2003,2104,5,5,5,5,5,255,5,5,5,4,5,5,10,255,5,5,9,5,5,5,5,255,5,255,5,5,5,5,5,5,5,255,5,5,5,5,5,5,10,10,9,10,5,5,5,10,255,255,5,5,5,5,5,5,5,5,5,255,5,5,5,255,255,255
1780854652.764916,15393,1547483017,884,2011,2097,2059,2107,1660,1207,922,1155,1366,2023,2051,2067,2067,1330,1121,1246,2013,2093,2100,2045,2110,2056,1658,1268,2049,2061,2092,2130,2082,2088,2001,1177,2008,2138,2058,2080,2104,1979,1951,1350,2004,2058,2079,2107,2093,1900,1937,1239,2079,2083,2113,2112,1966,1949,1983,1257,2004,2035,2045,1959,2008,1979,2104,5,5,5,5,255,10,5,5,5,4,255,5,5,10,5,5,5,255,5,5,5,10,5,255,5,5,5,5,5,5,5,255,5,5,5,5,5,255,5,255,5,5,5,5,5,5,10,10,5,5,5,5,5,5,5,5,5,255,5,5,255,10,10,255
1780854652.864817,15394,1547583017,908,2046,2097,2059,2087,1660,1192,935,1110,1393,2113,2070,2056,2015,1235,1059,1274,2034,2062,2078,2045,2110,2020,1658,1268,2026,2069,2105,2094,2114,2096,1951,1237,2036,2113,2068,2124,2080,1977,1951,1193,2050,2130,2079,2122,2064,1954,1962,1203,2074,2069,2088,2118,1966,1891,1965,1161,2004,1997,2057,1959,2008,1979,2104,5,5,255,255,10,255,5,5,9,5,10,5,5,5,255,5,5,5,5,5,255,255,5,255,255,5,5,5,5,5,5,10,5,5,5,5,5,10,5,255,5,5,5,255,5,5,5,5,5,5,5,5,5,255,5,5,5,255,5,5,255,255,255,255
1780854652.963234,15395,1547683017,893,2040,2097,2112,2083,1660,1180,924,1159,1397,2093,2061,2038,2015,1303,1100,1290,2100,2060,2076,2030,2057,2072,1658,1343,2026,2078,2076,2092,2100,2075,1951,1328,2063,2132,2096,2113,2140,2019,2032,1241,2063,2086,2079,2094,2065,1954,1943,1247,2025,2092,2104,2096,1990,1891,2008,1205,2004,2062,2045,1971,2017,1979,2104,5,5,255,10,5,255,5,5,5,5,5,5,5,255,5,5,5,5,5,5,10,10,5,255,10,5,5,5,5,5,5,255,5,5,5,5,5,5,5,10,5,5,5,255,5,5,255,5,5,5,5,5,5,10,255,5,5,255,5,5,10,10,255,255
1780854653.064078,15396,1547783018,879,2020,2097,2088,2095,1660,1173,946,1130,1379,2025,2061,2038,2015,1331,1116,1273,2012,2063,2099,2030,2060,2041,1658,1310,2027,2070,2095,2080,2117,2084,1951,1377,1988,2062,2063,2122,2128,2047,2032,1267,2063,2095,2132,2137,2065,1954,1943,1212,2012,2116,2106,2096,1955,1977,1988,1187,1960,2038,2045,1971,2017,1979,2104,5,5,255,5,5,255,5,5,9,5,5,255,255,255,9,5,5,5,255,5,255,5,5,255,5,5,5,5,5,5,5,255,5,5,5,5,5,5,5,255,5,255,5,10,5,255,255,255,5,5,5,5,255,5,10,5,5,10,5,255,5,255,255,255
1780854653.164637,15397,1547883016,887,2012,1280,2081,2069,1637,1160,937,1141,1468,2069,2055,2078,2015,1355,1088,1300,1974,2053,2062,2086,2101,2083,1699,1302,2018,2067,2088,2104,2108,2075,1936,1326,2056,2083,2092,2111,2131,1988,1952,1290,2063,2137,2111,2118,2065,1928,1963,1201,1999,2134,2059,2083,1990,1946,1987,1220,1960,2001,2063,1960,2002,1982,2104,5,5,255,5,5,10,5,5,5,5,5,10,10,255,5,5,9,5,5,5,10,5,5,10,5,5,5,5,5,5,9,10,5,5,5,5,5,5,255,10,5,255,5,5,5,255,10,10,5,5,5,5,10,5,5,5,5,255,5,10,5,10,10,255
1780854653.263750,15398,1547983017,910,1023,1023,2081,2069,1637,1177,951,1072,1268,2018,2055,2078,2015,1364,1052,1236,2081,2049,2084,2104,2095,1993,1725,1183,2055,2088,2093,2089,2079,2061,1936,1332,2076,2102,2077,2123,2144,1995,1952,1249,2063,2041,2111,2082,2105,1928,1958,1249,2014,2102,2107,2102,1967,1974,1968,1211,1960,2040,2063,2020,2002,1982,2104,5,5,4,255,255,255,5,5,9,255,5,255,255,255,9,5,5,5,5,5,5,5,5,5,5,5,5,5,5,5,5,255,5,5,5,5,5,5,5,255,5,255,5,255,5,10,255,5,5,5,5,5,5,5,5,5,5,255,5,255,5,255,255,255
1780854653.363316,15399,1548083017,898,1014,916,995,2069,1637,1188,932,1133,1268,1037,2055,2078,2015,1297,1066,1308,2020,2067,2052,2087,2094,2090,1692,1293,1986,2062,2090,2083,2144,2092,1936,1301,2009,2103,2078,2088,2108,2008,1828,1256,2028,2122,2104,2142,2047,1960,1985,1252,1981,2090,2104,2042,1969,1964,1963,1193,1960,2022,1997,2000,2018,2072,2104,5,5,5,255,255,255,5,5,5,255,4,255,255,255,5,5,5,5,5,5,5,5,5,5,5,5,5,5,5,5,5,255,5,5,5,5,5,5,5,10,5,10,5,10,5,5,10,5,5,5,5,5,5,5,5,5,5,255,5,10,5,10,10,255
1780854653.464292,15400,1548183017,883,710,700,745,782,629,1165,917,1165,1343,938,1033,2078,1285,1309,1072,1320,2031,2153,2075,2042,2089,2054,1657,1373,2035,2081,2071,2101,2144,2095,1936,1319,2057,2099,2061,2119,2108,2028,1828,1293,2033,2137,2104,2105,2040,1960,1985,1248,2003,2100,2078,2123,1954,1979,2051,1209,1960,2037,2041,1906,2018,2072,2104,5,5,4,4,10,10,5,5,5,10,5,255,255,255,5,5,9,5,5,5,5,5,5,5,5,5,5,5,5,5,5,255,9,5,5,5,5,255,5,255,5,5,5,255,5,5,255,5,5,5,5,5,5,5,5,5,5,255,5,5,5,255,255,255
1780854653.563352,15401,1548283017,889,710,675,672,633,433,402,879,1127,1284,720,693,770,493,1365,431,1315,1899,2046,1000,2042,2089,2048,1657,1244,2052,2062,2051,2096,2077,2100,1968,1318,2051,2081,2233,2126,2108,2015,1828,1277,2041,2054,2081,2064,2104,1960,1947,1241,2053,2090,2121,2123,1982,1963,2017,1185,1960,2068,2027,2015,1965,2072,2104,5,255,5,5,5,5,4,5,5,9,4,4,10,4,5,4,5,5,5,5,255,255,5,255,5,5,5,5,5,5,5,10,5,5,5,5,5,255,5,255,5,5,5,10,5,5,255,5,5,5,5,5,255,5,5,5,5,255,5,5,3,10,255,255
1780854653.664525,15402,1548383017,873,710,2077,661,632,575,403,373,1137,1240,688,658,668,613,414,387,1277,2099,2058,696,682,700,444,427,1261,2039,2107,746,2182,2094,2044,438,1288,2051,2081,2139,2086,2108,2015,500,1306,2025,2101,2081,2107,2042,1960,1949,1249,2019,2085,2129,2070,1981,1952,1986,1183,1960,2075,2056,1979,1959,2072,2104,5,255,4,5,5,5,5,5,5,5,255,5,5,5,5,5,5,5,5,4,10,10,4,10,5,5,5,4,5,5,5,4,5,255,255,5,5,255,255,255,5,5,5,255,5,5,255,5,5,5,5,5,10,5,5,5,5,255,5,5,5,5,255,255
1780854653.765243,15403,1548483017,873,710,2069,661,2041,575,1128,909,1110,1240,2065,2097,637,614,582,544,1283,1969,2109,676,641,627,566,406,1307,2042,2092,687,669,654,2078,436,1316,2011,2067,2139,630,2108,2015,461,1264,2025,2088,2107,2107,2087,1968,1955,1220,2046,2107,2111,2105,1914,1971,1974,1227,1960,1978,2065,1957,1981,2072,2104,5,255,5,255,4,255,4,4,5,255,4,4,5,5,5,5,5,5,5,5,5,5,5,5,5,5,5,5,4,4,5,5,5,10,10,255,4,255,255,5,5,255,5,10,255,5,10,5,9,5,5,5,5,5,3,5,5,255,5,5,5,5,255,255
1780854653.863401,15404,1548583017,894,2062,2069,2103,2119,575,1203,925,1125,1240,2072,2109,637,614,645,691,1335,2064,2043,2127,664,645,625,605,1367,2053,2086,2071,665,640,604,571,1303,2033,2060,2159,669,647,630,529,1233,2025,2050,2107,2107,652,1968,1967,1245,2056,2127,2076,2070,1914,1890,2024,1235,1960,2007,2048,1957,1948,2072,2104,5,10,255,10,5,255,9,5,5,255,5,5,255,255,5,5,5,5,5,5,5,5,5,5,5,5,5,4,5,5,5,5,5,5,5,10,5,10,10,255,5,255,5,255,255,4,255,5,5,5,5,5,5,255,5,5,5,255,5,5,255,5,255,255
1780854653.963897,15405,1548683017,901,2063,2069,2073,2067,575,1181,928,1157,1240,2104,2038,637,614,1372,1063,1327,1987,2080,2070,2076,2129,1991,683,1293,2041,2089,2088,2108,703,645,652,1307,2040,2093,2096,729,677,636,599,1328,2025,2086,2057,687,682,645,613,1251,2039,2124,2124,2073,1993,1946,1950,1199,1960,2029,2077,1957,1983,2072,2104,5,5,255,5,5,255,5,5,5,255,5,5,255,255,255,5,5,5,5,5,4,4,4,5,5,5,5,5,4,255,5,5,5,5,5,5,5,5,5,5,5,255,5,10,255,5,10,4,5,5,5,5,5,10,5,5,9,255,5,5,255,5,255,255
1780854654.064756,15406,1548783017,885,2069,2087,2035,2067,575,1235,936,1105,1240,2083,2075,637,614,1375,1069,1292,1998,2050,2100,2084,2113,2084,683,1343,2032,2072,2084,2083,2116,2120,740,1318,1966,2093,2080,2114,750,722,691,1250,2029,2076,2057,794,745,665,659,1226,2018,2126,2110,2073,711,675,634,1202,1960,2054,2034,1955,1983,2072,2104,5,5,10,5,255,255,5,5,5,255,5,5,255,255,5,5,9,5,5,5,5,5,5,255,5,5,5,5,5,4,4,5,5,5,255,5,4,255,5,5,5,10,5,255,255,5,5,5,5,5,5,5,255,4,4,4,5,255,5,5,10,255,255,255
1780854654.164513,15407,1548883017,893,2060,2087,2067,2076,575,1235,950,1136,1455,2032,2058,637,614,1374,1060,1295,2053,2026,2140,2084,2137,2031,683,1385,2058,2074,2101,2095,2104,2107,1863,1258,2009,2083,2075,2132,750,722,796,1302,2005,2083,2094,794,745,785,774,1225,2056,2088,2087,2073,875,757,681,1209,1960,1981,2067,2009,810,708,673,5,5,255,5,10,255,9,5,5,3,5,5,255,255,5,5,5,5,5,5,255,5,5,255,5,5,5,5,5,5,5,4,5,5,10,5,5,255,255,255,9,5,5,10,255,255,5,5,5,5,5,5,255,5,5,5,5,255,5,5,5,255,10,10
1780854654.263511,15408,1548983017,901,2063,2031,2085,2058,575,1154,934,1143,1455,2088,2096,637,614,1352,1115,1267,2018,2026,2065,2111,2122,2010,1658,1390,2032,2074,2080,2132,2191,2107,1942,1254,2055,2078,2040,2101,750,722,796,1308,2005,2072,2094,2116,745,1034,939,1239,1993,2117,2128,2028,1962,972,778,1175,1960,2022,2058,1910,963,795,734,5,5,10,5,5,255,5,5,5,255,5,5,255,255,5,9,5,5,255,5,10,5,5,10,5,5,5,5,5,5,255,5,5,5,5,5,5,255,255,255,5,255,5,255,10,255,4,5,5,5,5,5,10,4,4,5,5,255,5,5,5,255,5,5
1780854654.364525,15409,1549083017,883,2044,2031,2091,2069,2090,1251,920,1122,1987,2066,2076,2039,614,1372,1089,1278,2018,2078,2089,2111,2095,1993,1658,1326,2042,2075,2090,2073,2093,2094,1942,1327,2048,2106,2091,2062,750,1985,796,1306,2005,2091,2077,2187,745,1034,1030,1233,2045,2107,2119,2102,2046,972,930,1191,1960,2066,2034,1934,2006,795,807,5,5,255,5,5,10,5,5,5,10,5,5,10,255,5,5,5,5,10,5,255,5,5,255,9,5,5,5,5,5,10,255,9,5,5,5,5,255,10,255,5,255,5,10,5,255,255,255,5,5,5,5,5,5,255,5,5,255,5,5,5,4,255,5
1780854654.475273,15410,1549193017,883,2044,2093,2091,2068,2090,1185,937,1102,2055,2084,2108,2039,614,1290,1059,1273,2074,2090,2089,2111,2144,2065,1658,1335,2042,2083,2086,2087,2105,2046,1942,1270,2046,2149,2056,2108,750,2044,1975,1213,1969,2110,2129,2164,1972,1034,1030,1221,2066,2107,2114,2035,1957,972,955,1183,1960,2083,2103,1981,2006,795,949,5,255,10,255,5,255,5,5,5,4,5,5,255,255,9,5,5,5,5,5,255,5,5,255,5,255,5,5,5,5,5,255,255,5,5,5,5,255,5,10,5,10,5,5,5,10,255,255,5,5,5,5,5,5,255,5,5,255,5,5,5,255,255,5
1780854654.575734,15411,1549293017,892,2044,2081,2046,2088,2090,1210,921,1093,1430,2074,2087,2039,614,1310,1095,1286,2002,2072,2103,2095,2074,2055,1658,1258,2036,2063,2088,2092,2130,1996,1942,1291,2063,2054,2102,2056,2088,2040,1975,1241,1969,2086,2073,2140,2056,1034,1945,1224,2045,2095,2077,2126,1961,972,955,1196,2027,2016,2024,2012,2006,795,949,5,255,5,10,5,255,5,5,5,5,5,5,255,255,5,5,5,5,5,5,10,5,5,255,5,10,5,5,5,5,5,255,5,5,5,5,5,10,5,255,5,255,5,5,5,5,255,10,5,5,5,5,5,5,255,255,5,10,5,5,5,255,255,255
1780854654.675771,15412,1549393018,901,2044,2077,2052,2109,1408,1204,940,1132,1430,2066,2097,2129,614,1376,1069,1279,1985,2099,2107,2128,2041,2043,1658,1248,2036,2077,2097,2137,2098,1987,1925,1302,2051,2054,2080,2091,2088,2004,1975,1255,2082,2091,2073,2096,2056,1034,1945,1309,2025,2095,2088,2144,1932,972,955,1194,2027,2066,2024,2012,1905,795,949,5,255,5,5,5,10,5,5,9,255,5,5,10,255,5,9,5,5,5,5,5,5,5,255,9,255,5,5,5,5,5,10,255,5,255,5,5,255,5,255,5,10,5,255,5,255,255,255,5,5,255,5,255,5,255,255,5,255,5,255,255,10,255,255
1780854654.773829,15413,1549493017,882,2058,2077,2060,2055,2010,1182,949,1099,1241,2030,2063,2129,2020,1299,1061,1281,2040,2076,2068,2060,2079,2042,1658,1250,2013,2080,2094,2113,2118,2101,1925,1209,2016,2070,2075,2066,2088,2034,1975,1231,1988,2091,2136,2094,2047,1034,1945,1217,2066,2088,2118,2093,1926,972,955,1189,1770,2018,2072,1968,1968,795,949,5,10,255,5,5,4,5,5,5,255,5,5,255,10,5,5,5,5,5,5,5,5,5,255,5,10,5,5,5,5,5,255,5,5,10,5,5,255,5,255,9,5,5,10,5,10,255,255,5,5,10,5,5,5,255,255,5,10,5,10,10,255,255,255
1780854654.873510,15414,1549593017,891,2058,2077,2072,2069,2010,1188,945,1125,1474,2019,2063,2069,2020,1388,1038,1287,2067,2059,2073,2166,2153,2015,1750,1263,2037,2109,2087,2109,2083,2063,1925,1255,2082,2109,2100,2131,2088,2128,1975,1262,2034,2088,2136,2086,2047,1953,1894,1206,2080,2089,2134,2127,1926,1918,955,1244,1770,2006,2051,1968,1997,795,949,5,255,255,5,5,255,5,5,9,3,5,255,10,255,5,5,5,5,5,5,5,5,5,10,5,5,5,5,5,5,5,255,5,5,5,5,5,255,5,255,5,5,5,255,5,255,10,10,5,5,5,5,5,255,255,255,5,255,5,5,255,5,255,255
1780854654.975779,15415,1549693016,890,2040,2083,2022,2078,2056,1216,944,1098,1355,2053,2087,2069,2020,1448,1065,1279,2048,2075,2087,2099,2109,2078,1715,1293,2037,2080,2089,2099,2103,2030,1925,1280,2010,2080,2105,2112,2056,2006,1975,1266,2052,2068,2136,2111,2054,1900,1967,1227,2033,2067,2130,2092,1996,1977,1946,1176,1770,2022,1966,1915,2002,795,949,5,10,10,5,5,10,5,5,5,5,5,10,255,255,5,5,9,5,5,5,5,5,5,5,5,255,5,5,5,5,5,255,5,5,5,5,5,10,5,255,5,5,5,255,5,10,5,5,5,5,5,5,5,10,5,10,5,255,5,5,10,5,255,255
1780854655.075275,15416,1549793018,895,2045,2083,2097,2064,2056,1240,933,1099,1355,2053,2087,2069,2020,1258,1087,1300,2012,2112,2091,2099,2158,2041,1715,1240,2075,2060,2086,2149,2118,1984,1925,1363,2088,2130,2107,2105,2056,2006,1975,1222,2052,2118,2106,2126,2076,1900,1975,1255,2025,2105,2129,2116,1996,1928,1946,1274,1771,2072,2028,1958,1964,795,949,5,5,255,5,5,255,9,5,5,255,255,255,255,255,5,5,5,5,5,5,255,5,5,255,5,10,5,5,5,255,5,255,5,5,5,5,5,255,255,255,255,255,5,10,5,5,255,5,5,5,5,5,5,255,5,255,5,10,5,5,5,5,255,255
1780854655.174813,15417,1549893017,897,2045,2100,2050,2060,1786,1174,940,1121,1234,2053,2131,2069,2020,1339,1037,1314,2012,2061,2042,2099,2119,2047,1715,1241,2076,2084,2087,2095,2148,2061,1792,1349,2036,2131,2113,2122,2056,2044,1975,1291,2064,2112,2084,2126,2076,1900,1956,1167,2055,2103,2072,2083,2006,1973,2028,1195,1749,2072,2075,1958,1943,795,949,5,255,10,5,5,10,9,5,5,10,255,10,255,255,5,5,5,255,5,5,255,5,5,255,9,5,5,5,5,5,5,10,5,5,5,5,5,255,10,255,5,10,5,5,255,255,255,5,5,5,5,5,5,10,5,10,5,9,5,5,255,5,255,255
1780854655.275220,15418,1549993016,895,2093,2066,2050,2029,1786,1220,935,1139,2030,2151,2071,2065,2020,1325,1040,1325,2045,2071,2063,2099,2128,2146,1715,1179,2021,2075,2094,2122,2097,2031,1792,1293,2099,2042,2098,2152,2179,2044,1967,1270,2064,2081,2084,2090,2075,1962,1941,1266,2007,2056,2145,2091,1918,1980,1974,1185,1881,2040,2022,2022,1974,2027,949,5,10,5,255,5,255,5,5,5,3,10,5,10,255,5,5,5,10,5,5,255,5,5,255,5,5,5,5,5,5,5,255,5,5,5,5,5,10,255,10,5,255,5,5,10,10,10,5,5,5,5,5,5,5,5,5,5,5,5,5,10,5,10,255
1780854655.376347,15419,1550093017,875,2014,2066,2085,2029,1786,1179,929,1114,1258,2151,2047,2143,2020,1267,1063,1298,2079,2121,2086,2101,2117,2068,1658,1281,2033,2079,2083,2124,2142,1999,1792,1278,2015,2097,2074,2106,2136,2058,1935,1300,2064,2094,2079,2113,2068,1954,1959,1170,2051,2081,2081,2047,1997,1964,1939,1207,1881,2019,1964,1994,1983,2027,949,5,5,255,10,255,255,5,5,5,255,255,5,5,255,5,5,5,5,5,5,10,5,5,10,5,5,5,5,5,5,5,255,5,5,5,5,5,5,10,5,5,10,5,5,5,5,5,5,5,5,5,5,5,5,5,5,5,255,5,5,5,5,255,255
1780854655.473719,15420,1550193017,896,2014,2066,2072,2042,1786,1239,913,1124,1378,2151,2092,2143,2020,1319,1047,1284,2018,2122,2073,2146,2061,2053,1684,1301,2073,2064,2077,2112,2113,2049,1792,1319,2046,2070,2092,2099,2086,2006,1935,1265,2064,2126,2079,2141,2080,1954,1992,1250,2031,2114,2111,2047,1925,1960,2004,1190,1881,2040,2040,2032,1985,1954,949,5,255,255,5,10,255,5,5,5,10,255,5,255,255,5,5,5,5,5,5,5,5,5,5,5,5,5,5,5,5,5,255,5,5,5,5,5,9,5,255,5,255,5,255,5,5,255,5,9,5,5,5,255,5,5,5,5,255,5,5,5,5,10,255
1780854655.573446,15421,1550293017,877,2069,2071,2077,2090,1786,1221,921,1111,1378,2151,2092,2143,2020,1376,1101,1276,2018,2053,2120,2082,2075,2041,1684,1288,2051,2081,2076,2088,2133,2029,1888,1312,2019,2076,2082,2109,2086,2036,1935,1257,2063,2097,2079,2090,2083,1963,1949,1277,2028,2059,2110,2101,1970,1942,1971,1200,1881,2045,2000,1992,1985,1954,949,5,10,10,5,5,255,5,5,5,255,255,255,255,255,9,5,5,255,5,5,5,5,5,255,5,5,5,5,5,5,5,10,5,5,5,5,5,255,5,255,5,10,5,255,5,5,10,5,5,5,5,5,10,5,5,5,5,255,5,5,5,255,255,255
1780854655.674240,15422,1550393017,881,2068,2042,2077,2082,1786,1160,924,1092,1378,2151,2090,2115,2020,1337,1051,1307,2020,2068,2065,2134,2132,2000,1612,1306,2051,2069,2091,2105,2058,2073,1888,1275,2060,2104,2099,2166,2088,2061,1935,1332,2063,2104,2082,2095,2069,1963,1929,1245,2069,2121,2106,2057,2000,1940,1983,1184,1881,1998,2044,1992,1985,1954,949,5,5,5,255,5,255,5,5,9,255,255,10,10,255,5,5,9,10,5,5,5,5,9,10,5,255,5,5,5,5,5,255,5,5,5,5,5,10,5,255,5,255,5,10,5,5,255,5,5,5,5,5,5,255,5,5,5,255,5,5,255,255,255,255
1780854655.775830,15423,1550493017,898,2069,2042,2065,2118,1786,1207,945,1119,1378,2077,2067,2094,2020,1341,1074,1321,2020,2050,2076,2143,2148,2049,1686,1324,2054,2082,2091,2124,2108,2085,1888,1306,2060,2106,2084,2105,2125,1999,1936,1395,2000,2105,2082,2080,2069,1963,1929,1193,2006,2113,2095,2095,2000,1977,1973,1200,1881,2022,2065,1979,1985,1954,949,5,5,255,10,5,255,5,5,5,255,10,5,5,255,9,5,9,255,5,5,5,5,5,9,5,10,5,5,5,5,5,255,5,255,5,5,5,5,5,10,5,10,5,255,5,255,255,255,5,5,5,5,5,255,5,5,5,255,5,5,10,255,255,255
1780854655.875952,15424,1550593017,897,2069,2042,2065,2129,1786,1137,952,1121,1435,2048,2086,2094,2020,1351,1063,1311,2081,2102,2110,2143,2118,2027,1665,1375,2000,2089,2100,2103,2095,2036,1905,1306,2053,2098,2099,2098,2085,2089,1936,1292,2107,2088,2136,2044,2121,1952,1933,1204,2071,2111,2119,2127,1950,1927,1973,1244,1881,2094,2069,1978,2002,1954,949,5,255,255,255,5,255,5,5,9,10,5,5,255,255,5,5,5,10,5,5,255,5,9,5,5,5,5,5,5,5,5,10,255,10,5,5,5,5,5,255,5,5,5,10,5,10,10,10,5,5,5,5,5,10,5,255,5,255,5,5,5,10,255,255
1780854655.974403,15425,1550693017,897,2112,2095,2150,2071,1786,1190,923,1129,1348,2048,2082,2094,2020,1315,1076,1300,2016,2067,2074,2071,2118,2076,1694,1287,2039,2080,2090,2101,2102,2070,1905,1240,2073,2103,2109,2091,2089,2043,1923,1260,2107,2085,2136,2098,2083,1968,1933,1221,2028,2117,2095,2078,2006,1927,1993,1222,1881,2057,2069,2010,1984,1954,949,5,10,10,10,5,255,5,5,5,5,255,5,255,255,5,5,9,5,5,5,10,255,5,5,5,5,5,5,5,5,5,255,10,5,5,5,5,5,5,10,5,255,5,255,5,5,5,255,5,5,5,5,5,5,255,10,5,255,5,255,5,5,255,255
1780854656.073541,15426,1550793017,880,2020,2095,2067,2057,1786,1187,923,1103,1348,2067,2102,2096,2020,1374,1072,1294,1989,2061,2039,2091,2132,2067,1694,1299,2012,2080,2097,2096,2040,2054,1905,1314,2060,2086,2085,2109,2148,2052,1934,1197,2107,2107,2136,2068,2083,1968,1961,1217,2130,2121,2076,2083,2006,2023,2002,1202,1881,2032,2007,2003,1984,1954,949,5,5,255,5,5,255,5,5,5,255,10,5,10,255,5,5,5,5,5,5,5,10,5,255,5,5,5,5,5,5,5,255,5,5,5,5,5,5,5,5,5,255,5,255,5,255,5,10,5,5,5,5,5,255,10,5,5,255,5,10,5,255,255,255
1780854656.174359,15427,1550893017,884,2056,2095,2151,2061,1786,1216,954,1145,1425,2017,2089,2089,2016,1294,1092,1273,1999,2061,2085,2115,2133,2017,1694,1295,2080,2084,2080,2105,2116,2072,1905,1259,2060,2107,2103,2089,2148,2021,1934,1289,1934,2136,2054,2086,2079,1968,1950,1276,2039,2100,2072,2069,1972,1944,1994,1181,1881,2082,2075,2003,1984,1954,949,5,5,255,5,5,255,9,5,5,10,5,5,5,10,5,5,5,5,5,5,5,5,5,10,5,5,5,5,5,5,5,255,5,255,5,5,5,255,5,255,5,10,5,10,5,10,255,5,5,5,5,5,5,10,5,5,5,255,5,5,255,255,255,255
1780854656.274539,15428,1550993017,898,2065,2045,2067,2096,1786,1193,934,1111,1425,2048,2025,2142,2059,1330,1094,1327,1937,2097,2080,2096,2133,2010,1742,1281,2091,2076,2081,2101,2114,2065,1905,1259,2060,2053,2095,2111,2120,1939,1934,1221,2057,2083,2054,2130,2080,1926,1968,1263,2018,2100,2098,2077,1979,2038,2029,1214,2044,2032,2071,2003,1969,1954,949,5,5,10,5,5,255,5,5,9,255,5,5,5,5,5,5,5,5,5,5,5,255,5,5,9,5,5,5,5,5,5,255,255,10,5,5,5,10,5,255,5,5,5,255,5,5,10,5,5,5,255,5,5,5,5,5,5,10,5,5,255,10,255,255
1780854656.374358,15429,1551093017,884,2072,2045,2081,2109,1786,1214,934,1078,1425,2080,2067,2142,2059,1348,1062,1275,1908,2072,2051,2112,2038,2123,1690,1319,2054,2082,2100,2097,2100,2042,1875,1335,2043,2068,2090,2099,2073,2000,1934,1244,2057,2104,2099,2130,2064,1939,1955,1229,2029,2065,2100,2083,2022,1942,2029,1234,1930,2040,2004,2068,1969,1954,949,5,5,255,5,5,255,5,5,5,255,5,5,255,255,9,5,5,5,5,5,5,10,5,5,5,5,5,5,5,5,5,10,10,5,5,5,5,5,5,255,9,255,5,10,255,5,5,5,5,5,10,5,5,5,5,255,5,5,5,5,10,255,255,255
1780854656.474053,15430,1551193017,871,2038,2045,2070,2126,1786,1217,943,1107,1316,2046,2067,2142,2059,1324,1041,1277,1975,2110,2076,2112,2067,2067,1734,1399,2074,2081,2083,2120,2108,2117,1875,1306,2025,2177,2100,2106,2073,2039,1934,1388,2057,2097,2176,2071,2092,1974,1948,1249,2075,2097,2130,2098,2041,1961,2029,1196,1930,2047,2004,1983,1978,1954,949,5,5,255,5,5,255,5,5,5,10,5,255,255,255,5,5,5,5,5,5,255,5,5,5,5,5,5,5,5,5,5,255,5,5,5,5,5,255,5,255,5,255,5,5,10,5,5,5,5,5,5,5,5,5,5,255,5,255,5,255,5,10,255,255
1780854656.575543,15431,1551293017,870,2038,2056,2135,2101,1786,1169,918,1116,1316,1995,2050,2142,2045,1362,1055,1289,2126,2055,2091,2094,2143,2027,1734,1273,2045,2084,2089,2099,2130,2011,1940,1231,2017,2051,2100,2093,2073,2046,1934,1200,2055,2084,2093,2121,2036,1974,1948,1255,2058,2077,2097,2074,1951,1941,2000,1195,1930,2006,2008,2064,1968,1975,949,5,255,10,3,5,255,9,5,5,255,5,10,255,10,5,5,5,5,5,5,10,5,5,255,5,5,5,5,5,5,5,10,5,5,9,5,5,255,5,255,5,10,5,5,5,5,255,255,5,5,5,5,5,255,5,10,5,255,5,10,5,5,10,255
1780854656.676367,15432,1551393017,887,2038,2056,2071,2101,1786,1212,936,1129,1977,2083,2063,2142,2045,1333,1049,1295,2020,2069,2092,2017,2130,2068,1626,1261,1988,2077,2080,2126,2118,2045,1940,1270,2037,2093,2074,2095,2115,2014,1934,1247,2028,2094,2088,2223,2085,1974,1953,1295,2070,2072,2104,2091,1867,1955,2000,1219,1967,2032,2052,1946,1968,1975,949,5,255,255,5,255,255,5,5,5,10,5,5,255,255,5,5,5,5,5,5,5,5,5,10,5,5,5,5,5,5,5,255,5,5,5,5,5,10,5,255,5,5,5,5,5,5,255,10,5,5,5,5,5,5,5,255,5,10,5,5,5,255,255,255
1780854656.773061,15433,1551493017,887,2059,2058,2080,2059,1786,1169,937,1143,1977,2040,2100,2093,1978,1335,1018,1292,2020,2055,2090,2092,2111,2017,1626,1312,2065,2054,2090,2088,2148,2136,1940,1306,2060,2120,2109,2093,2165,2028,1934,1226,1984,2086,2116,2084,2085,1974,2019,1266,1999,2106,2101,2064,2000,1975,1990,1158,1967,2047,2092,1851,1968,1975,949,5,10,10,5,10,255,5,5,5,255,5,5,10,10,5,5,9,255,9,5,5,5,5,255,5,5,5,5,5,5,5,255,5,5,5,5,5,5,5,255,5,5,5,5,5,255,255,5,5,5,5,5,5,5,5,10,5,255,5,5,5,255,255,255
1780854656.876665,15434,1551593017,900,2049,2054,2048,2078,1786,1182,941,1141,1977,2040,2074,2051,1978,1369,1078,1335,1988,2053,2073,2092,2111,1957,1652,1265,2077,2057,2075,2103,2096,2118,1940,1295,2047,2105,2064,2138,2165,2025,2017,1231,1984,2083,2147,2191,2085,1974,1954,1214,2024,2111,2113,2067,1997,1986,1987,1209,1967,2019,2040,1971,1968,1975,949,5,5,5,5,5,255,5,5,5,255,255,5,5,255,5,5,5,10,5,5,5,255,5,10,5,5,5,5,5,5,5,255,5,5,5,5,5,255,5,10,5,255,5,5,5,255,255,5,5,5,5,5,5,5,5,5,5,255,5,5,5,255,255,255
1780854656.975312,15435,1551693017,874,2022,2077,2093,2126,1786,1190,959,1160,1282,2040,2070,2051,1978,1311,1061,1295,2003,2084,2075,2075,2093,2031,1662,1246,2089,2088,2078,2091,2102,2058,1940,1341,2000,2088,2099,2103,2081,2015,2017,1246,1984,2099,2047,2100,2085,2002,1967,1246,2037,2107,2104,2129,1997,1905,2028,1183,1816,2034,2102,1936,1968,2046,949,5,5,5,5,5,255,5,5,5,10,255,5,255,255,5,5,5,5,5,5,5,10,9,5,5,5,5,5,5,5,5,255,5,5,5,5,5,10,5,255,5,255,5,5,5,255,10,5,5,5,5,5,5,255,5,5,5,3,5,5,5,255,10,255
1780854657.073309,15436,1551793017,886,2032,2077,2096,2063,1756,1227,925,1138,1282,2091,2090,2051,1978,1358,1090,1270,1977,2087,2049,2050,2120,2057,1618,1295,2079,2069,2097,2095,2094,2109,1923,1273,2023,2044,2112,2136,2077,1946,1963,1252,2064,2051,2100,2120,1979,2002,1944,1247,2056,2081,2137,2080,1997,1965,2015,1165,1816,1978,2000,1936,1980,2046,949,5,255,255,5,5,10,5,5,5,255,10,5,255,255,5,5,9,5,5,5,5,5,5,5,5,5,5,5,5,5,5,10,9,5,5,5,5,5,5,10,5,10,5,5,5,10,255,5,5,5,5,5,5,255,5,5,5,255,5,5,255,10,255,255
1780854657.174661,15437,1551893017,895,2004,2047,2058,2094,1756,1251,928,1124,1282,2091,2046,2091,1978,1273,1080,1274,1935,2068,2062,2109,2106,2048,1618,1290,2103,2078,2101,2091,2101,2121,1923,1383,2023,2044,2112,2084,2151,2010,1963,1229,2064,2088,2049,2120,1979,1863,1971,1260,2028,2078,2088,2080,1967,1934,1974,1174,1816,2040,1997,2008,2021,2046,949,5,5,10,5,5,255,9,5,9,255,255,5,10,255,5,5,5,5,5,5,5,5,5,255,5,5,5,5,5,5,5,255,5,255,255,5,5,5,5,255,5,255,5,5,5,255,10,5,5,5,5,5,5,10,5,5,5,255,5,5,10,5,255,255
1780854657.286466,15438,1552003017,888,2086,2076,2041,2124,1756,1257,934,1124,1282,2091,2071,2091,1978,1317,1107,1290,2010,2049,2079,2103,2107,1977,1618,1303,2033,2103,2100,2092,2053,2034,1923,1277,2015,2068,2095,2091,2151,2010,1963,1395,2064,2110,2159,2141,2105,1863,1914,1251,2056,2035,2127,2080,1990,2036,1975,1135,1816,1993,2066,1960,1954,2046,949,5,5,5,5,5,255,9,5,5,255,255,5,255,255,5,5,5,5,5,5,5,5,5,255,5,5,5,5,5,5,5,255,5,10,10,5,5,255,255,255,9,255,5,5,5,10,255,5,5,5,5,5,255,5,5,5,5,255,5,5,5,5,255,255
1780854657.385997,15439,1552103017,896,2067,2066,2065,2084,1756,1170,928,1105,1351,2114,2086,2061,1978,1352,1115,1290,2010,2085,2114,2091,2145,2066,1708,1284,2037,2075,2101,2094,2068,2049,1923,1283,2065,2063,2103,2116,2151,2038,1947,1321,2018,2121,2078,2127,2101,1948,1981,1253,2079,2114,2100,2039,1959,1948,1955,1197,1816,2033,2054,1960,1938,2046,949,5,5,5,5,5,255,5,5,5,255,10,5,10,255,9,9,9,255,5,5,5,5,5,10,5,5,5,5,5,5,5,255,5,5,5,5,5,255,10,10,5,10,5,5,5,5,10,5,5,5,5,5,10,5,255,5,5,255,5,5,255,5,255,255
1780854657.483162,15440,1552203016,869,2031,2051,2052,2086,1950,1195,917,1110,1351,2116,2078,2093,1978,1308,1149,1300,1997,2050,2064,2102,2066,2030,1708,1291,2100,2079,2079,2062,2115,2103,1877,1306,2048,2125,2107,2150,2057,2077,1947,1270,2034,2085,2078,2064,2080,1944,1940,1210,2021,2069,2102,2025,1989,1990,1944,1265,1898,2060,2054,1963,1926,2046,949,5,5,5,5,5,10,9,5,5,255,5,5,5,255,9,5,5,10,5,5,5,5,5,255,5,5,5,5,5,5,5,10,5,5,5,5,5,10,5,255,9,5,5,255,5,5,5,5,9,5,5,5,5,5,5,5,5,10,5,255,10,5,255,255
1780854657.584223,15441,1552303017,891,2089,2051,2081,2053,1950,1193,951,1119,1371,2070,2101,2093,1978,1312,1056,1317,2011,2079,2074,2109,2099,2050,1708,1348,2032,2076,2094,2108,2130,2018,1963,1333,2016,2087,2082,2107,2057,2025,1947,1281,2028,2089,2078,2151,2032,1944,1977,1218,2043,2073,2100,2093,1983,1945,1972,1196,1898,2040,2076,1963,1926,2046,949,5,5,255,5,5,255,5,5,5,255,5,5,255,255,5,5,5,5,5,5,5,5,5,255,5,5,5,5,5,5,5,5,5,5,5,5,5,255,5,255,5,5,5,255,5,5,255,5,5,5,5,5,5,5,5,5,5,255,5,10,255,255,255,255
1780854657.685225,15442,1552403017,876,2089,2051,2077,2121,1950,1154,954,1114,1307,2079,2035,2093,1978,1317,1042,1290,2007,2059,2085,2109,2156,1925,1689,1283,2075,2077,2077,2132,2121,2007,1898,1317,2072,2087,2069,2078,2092,2030,1947,1236,2028,2122,2078,2084,2011,1944,1953,1220,2067,2055,2071,2123,2037,1949,1972,1185,1898,2082,2025,1963,1926,2046,949,5,255,255,5,5,255,5,5,5,9,5,5,255,255,9,5,5,5,5,5,255,5,5,10,5,5,5,5,5,5,5,5,5,5,255,5,5,10,5,255,5,255,5,255,5,5,255,5,5,5,5,5,5,5,5,255,5,255,5,5,255,255,255,255
1780854657.786501,15443,1552503017,902,2036,2051,1999,2066,1950,1212,947,1124,1276,2079,2088,2093,2106,1334,1056,1328,2023,2070,2093,2074,2057,2045,1694,1314,2017,2060,2087,2112,2101,2108,1915,1307,2037,2082,2067,2078,2105,2027,1960,1268,2028,2129,2078,2078,2066,1944,1943,1258,2054,2103,2106,2077,1938,1970,2043,1186,1898,2072,2057,1989,2015,2046,949,5,10,255,5,5,255,9,5,5,255,255,5,255,10,9,5,9,5,5,5,10,5,5,5,5,5,5,5,5,5,5,5,5,5,10,5,255,5,5,10,5,255,5,255,5,5,255,5,5,5,5,5,5,5,5,10,5,255,5,5,10,10,255,255
1780854657.885026,15444,1552603017,881,2026,2046,2087,2101,1950,1187,958,1109,1317,2054,2087,2093,2106,1404,1033,1373,1982,2099,2091,2069,2057,2048,1694,1281,2070,2078,2080,2084,2140,2003,1915,1297,2006,2109,2076,2079,2105,2027,1960,1293,2039,2112,2047,2095,2078,1944,1964,1250,2016,2103,2126,2115,2034,1937,2043,1233,1898,2087,2048,2019,2015,1977,949,5,5,10,5,5,255,5,5,5,255,10,5,255,255,5,5,5,5,5,5,5,255,5,255,5,5,5,5,5,5,5,255,5,5,5,5,10,255,255,255,5,10,5,10,5,5,255,5,5,5,255,5,5,5,5,255,5,255,5,5,5,255,10,255
1780854657.984002,15445,1552703017,897,2026,2064,2152,2080,1950,1195,932,1093,1317,2069,2074,2113,2106,1325,1061,1278,2031,2093,2123,2090,2077,2044,1684,1302,2032,2071,2074,2105,2119,2028,1915,1281,1955,2067,2091,2094,2086,2127,1960,1271,2066,2100,2047,2095,2050,1986,1948,1205,2060,2101,2106,2084,1968,1961,1957,1220,1898,2062,2036,2019,2015,1977,949,5,255,5,5,5,255,5,5,5,255,5,5,10,255,5,5,5,5,5,5,5,10,5,10,5,5,5,5,5,5,5,255,5,5,5,5,5,10,10,255,5,5,5,255,255,5,10,5,5,5,10,5,5,5,5,10,5,255,5,5,255,255,255,255
1780854658.083690,15446,1552803017,885,2076,2094,2055,2100,1950,1180,937,1110,1254,2123,2074,2103,2106,1310,1077,1255,2046,2067,2094,2090,2095,2079,1723,1289,2028,2090,2076,2081,2110,2024,1915,1316,2077,2093,2111,2091,2086,2022,1906,1256,2066,2138,2092,2098,2138,1986,1929,1254,1970,2098,2130,2105,1991,1961,1977,1202,1898,2026,1990,1950,2015,1977,949,5,10,5,5,5,255,5,5,5,10,5,255,5,255,5,5,5,5,5,5,255,5,5,5,5,5,5,5,5,5,5,255,5,5,5,5,5,255,5,10,5,255,5,10,10,5,255,5,5,5,5,5,5,5,5,5,5,255,5,5,10,255,255,255
1780854658.183829,15447,1552903017,872,2088,2094,2040,2064,1950,1135,932,1124,1487,2123,2052,2039,2106,1326,1067,1271,1848,2085,2076,2043,2088,2101,1678,1337,2057,2056,2079,2095,2110,2095,1893,1300,2021,2103,2075,2091,2086,2055,1906,1288,2066,2061,2092,2144,2119,1947,1929,1220,1882,2061,2111,2087,1991,1988,1977,1180,1898,2046,2047,2013,2015,1977,949,5,5,255,5,5,255,5,5,5,4,255,10,5,255,9,5,5,5,5,5,10,5,5,5,5,5,5,5,5,5,5,10,5,5,5,5,255,255,5,255,5,255,5,255,5,5,10,255,5,5,5,5,5,255,5,255,5,255,5,5,5,255,255,255
1780854658.284429,15448,1553003017,880,2088,2061,2062,2074,1950,1216,936,1121,1487,2019,2091,2039,2106,1415,1081,1309,2007,2120,2087,2192,2088,1988,1654,1213,2054,2079,2104,2122,2101,2095,1913,1223,2021,2076,2084,2089,2092,2007,1906,1308,2066,2112,2195,2144,2119,1958,1946,1266,2063,2127,2125,2122,1954,1941,1955,1182,1898,2110,2022,1924,2015,1977,949,5,255,10,5,5,255,5,5,5,255,10,5,255,255,5,5,5,5,5,5,5,255,5,9,5,5,5,5,5,5,255,9,5,255,5,5,10,10,5,255,5,255,5,10,255,255,5,10,5,5,5,5,5,10,5,10,5,255,5,5,5,255,255,255
1780854658.384463,15449,1553103017,882,2080,2104,2062,2053,1950,1256,925,1122,1487,2041,2097,2095,2106,1358,1088,1298,2023,2059,2119,2192,2103,1960,1703,1336,2054,2061,2082,2066,2145,2035,1975,1296,2020,2076,2087,2104,2115,2083,1906,1295,2146,2093,2111,2103,2119,1902,1949,1178,1985,2112,2126,2110,1967,1949,1982,1244,1668,2010,2072,1924,2015,1977,949,5,10,5,255,5,255,9,5,5,255,5,5,10,255,5,5,5,5,5,5,255,10,5,5,5,255,5,5,5,5,10,5,5,10,255,5,5,5,5,255,5,10,5,5,10,255,5,5,5,5,5,5,5,5,5,5,5,10,5,5,255,255,255,255
1780854658.486471,15450,1553203017,900,2050,2072,2062,2119,2091,1243,939,1159,1346,2041,2081,2069,2106,1284,1066,1279,2023,2093,2123,2089,2101,2059,1703,1245,2035,2064,2074,2140,2102,2061,1975,1273,2025,2046,2081,2098,2120,2083,1906,1267,2074,2044,2073,2109,2077,1996,1949,1245,1995,2081,2103,2110,1965,1925,1982,1230,1668,2003,2030,1984,1951,1977,949,5,5,5,10,5,10,5,5,5,255,255,5,5,255,5,5,9,255,5,5,10,5,5,255,5,10,5,5,5,5,5,255,5,5,10,5,5,5,255,255,5,5,5,5,5,10,5,255,5,5,5,5,255,5,5,255,5,255,5,5,10,10,255,255
1780854658.586377,15451,1553303017,893,2050,2019,2018,2066,2091,1199,942,1123,1285,2085,2090,2069,2028,1321,1051,1276,1867,2096,2094,2089,2072,2071,1665,1310,2088,2058,2092,2101,2124,2074,1975,1259,2058,2108,2110,2114,2113,1996,1906,1262,2021,2095,2054,2129,2091,1996,1949,1213,2077,2104,2131,2072,1981,2031,1982,1192,1668,2069,2038,1984,1982,1950,949,5,255,5,5,5,255,5,5,5,255,10,255,255,10,9,5,5,10,5,5,5,5,5,10,5,5,5,5,5,5,5,255,5,5,5,5,5,5,10,255,5,5,5,5,5,5,255,255,5,5,5,5,10,5,5,255,5,255,5,5,255,5,10,255
1780854658.683243,15452,1553403017,879,2050,2094,2065,2126,2091,1199,929,1108,1285,2085,2075,2106,2098,1308,1081,1373,2037,2088,2080,2149,2086,2084,1693,1334,2084,2046,2081,2081,2119,2103,1800,1286,2060,2104,2109,2100,2113,2034,1906,1265,2021,2090,2054,2067,2090,1996,1963,1257,2051,2088,2079,2110,1939,1939,1964,1198,1841,2038,2002,2012,2012,1950,949,5,255,5,5,5,255,5,5,5,255,255,5,10,5,5,5,5,5,5,5,5,5,5,5,5,5,5,5,5,5,5,10,5,5,5,5,5,5,5,255,5,255,5,255,5,5,255,10,5,5,5,5,5,5,5,255,5,10,5,5,10,5,255,255
1780854658.787422,15453,1553503017,902,2050,2028,2043,2126,2091,1214,933,1158,1285,2054,2060,2087,2098,1278,1106,1223,1997,2100,2135,2096,2054,2003,1693,1324,2057,2085,2086,2079,2114,2020,1860,1280,2030,2059,2079,2100,2138,2034,1967,1263,2041,2090,2120,2137,2090,1996,1937,1253,2014,2086,2087,2087,1983,1994,2008,1188,1841,2006,2072,1981,2012,1950,949,5,255,5,5,255,255,5,5,9,255,10,5,5,255,5,5,5,5,5,5,5,5,5,255,5,5,5,5,5,5,5,5,5,5,5,5,5,5,255,10,5,10,5,10,5,5,255,5,5,5,5,5,5,5,5,5,5,255,5,5,5,255,255,255
1780854658.886783,15454,1553603017,866,2027,2028,2062,2075,2091,1231,911,1156,1285,2068,2101,2087,2008,1387,1059,1321,2003,2061,2093,2096,2133,2057,1693,1292,2046,2074,2084,2107,2082,2072,1885,1246,2030,2067,2114,2088,2163,2022,1967,1284,2041,2099,2120,2120,1994,1963,1970,1191,2074,2105,2202,2095,2010,1945,2008,1179,1861,2006,2072,2102,2012,1950,949,5,10,255,5,10,255,5,5,5,255,5,5,255,10,5,5,9,5,255,5,255,5,5,255,5,5,5,5,5,5,5,5,5,255,5,5,255,5,10,255,5,255,5,255,5,5,10,5,5,5,5,5,5,5,5,255,5,10,255,5,5,255,255,255
1780854658.985922,15455,1553703017,867,2058,2028,2066,2056,2091,1193,938,1141,1285,2018,2105,2077,2008,1358,1111,1256,1998,2076,2067,2096,2108,2070,1693,1238,2018,2074,2090,2114,2115,2120,1925,1279,2080,2133,2105,2097,2106,2000,1967,1290,2087,2065,2059,2146,2024,1963,1970,1247,2036,2090,2085,2034,2052,1968,1935,1213,1861,1982,2052,1980,2012,1950,949,5,5,255,5,5,255,5,5,5,255,5,5,10,255,5,5,5,5,5,5,255,5,5,255,5,5,5,5,5,5,5,5,9,10,5,5,5,5,5,255,5,10,5,10,5,5,255,255,5,5,5,5,5,5,5,10,5,255,10,5,5,255,255,255
1780854659.083387,15456,1553803017,885,1198,2010,2065,2054,2091,1193,931,1143,1281,2043,2098,2077,2008,1348,1127,1247,2019,2073,2084,2115,2100,2046,1712,1338,2104,2055,2081,2111,2157,2008,1925,1284,1997,2068,2084,2128,2084,2063,1967,1314,2087,2122,2059,2075,2003,1930,1993,1234,1993,2117,2095,2037,1931,1960,1935,1222,1861,2016,1963,1980,2012,1950,949,5,4,10,5,5,255,255,5,5,255,5,5,255,255,5,5,5,5,5,5,10,5,5,10,5,5,5,5,5,5,5,255,5,5,5,5,5,5,5,255,5,255,5,255,5,5,10,10,5,5,5,5,5,5,5,255,5,255,5,5,255,255,255,255
1780854659.184744,15457,1553903017,891,2032,2033,2031,2080,2091,1248,925,1109,1314,2092,2085,2077,2008,1313,1073,1304,2019,2069,2057,2073,2047,2010,1712,1244,2027,2076,2080,2130,2088,2105,1925,1284,1997,2146,2110,2120,2103,1982,1912,1266,2037,2099,2059,2113,2169,1969,1993,1246,2134,2084,2129,2050,1979,1984,2027,1258,1861,2100,2074,1976,2012,1950,949,5,4,5,5,5,255,10,5,5,5,5,5,255,255,5,5,9,255,5,5,5,5,5,255,5,5,5,5,5,5,5,255,255,255,5,5,5,5,5,10,5,10,5,255,5,5,5,255,5,5,5,5,5,5,5,10,5,255,5,5,10,255,255,255
1780854659.283392,15458,1554003017,897,2053,2033,2064,2100,2091,1228,938,1091,1369,2092,2085,2077,2008,1338,1075,1253,1957,2078,2098,2073,2103,2077,1707,1281,2036,2055,2091,2120,2105,2022,1925,1284,2052,2048,2127,2100,2066,2022,1912,1221,1981,2120,2083,2125,2098,1969,1960,1190,2034,2144,2097,2081,1983,1969,2027,1176,1677,2052,1980,1976,1903,1933,949,5,5,255,5,5,255,5,5,5,255,255,5,10,255,5,9,5,10,5,5,255,5,5,10,5,5,5,5,5,5,5,255,255,10,5,5,5,5,5,255,5,5,5,10,5,5,255,10,5,5,5,5,5,5,5,255,5,10,5,5,255,10,10,255
1780854659.385068,15459,1554103017,882,2053,2087,2047,2056,2091,1196,944,1152,1419,2092,2073,2077,2085,1305,1095,1349,1957,2074,2107,2107,2105,2052,1707,1313,2050,2075,2087,2113,2127,2023,1925,1273,2005,2077,2101,2112,2080,1973,1912,1278,2064,2088,2083,2119,2068,1987,1960,1276,2104,2144,2085,2103,1983,1932,2027,1216,1677,2058,2059,1923,1948,1933,949,5,255,10,5,5,255,5,5,5,5,255,5,255,10,5,9,5,255,5,5,10,5,5,255,5,5,5,5,5,5,5,255,10,5,5,5,5,5,5,255,9,5,5,255,5,5,10,255,5,5,255,5,5,255,5,255,5,255,5,5,10,5,255,255
1780854659.485634,15460,1554203017,910,2053,2087,2082,2116,2091,1145,944,1101,1419,2045,2113,2077,2085,1488,1083,1262,1997,2160,2125,2107,2149,2055,1707,1277,2101,2074,2100,2123,2064,2087,1925,1337,2077,2111,2090,2124,2103,2039,1912,1297,2064,2152,2094,2119,2116,1972,1960,1284,2039,2070,2098,2102,1956,1953,2027,1228,1677,2040,2000,1923,1956,1933,949,5,255,255,5,5,255,5,5,5,255,10,5,255,255,5,5,9,10,5,5,255,5,5,255,5,5,5,5,5,5,5,255,5,5,5,5,5,5,5,255,5,255,5,10,255,5,5,255,5,5,10,5,5,10,5,255,5,255,5,5,255,5,255,255
1780854659.585447,15461,1554303016,895,2043,2068,2040,2072,2091,1194,937,1089,2084,2046,2071,2077,2085,1280,1078,1318,2010,2053,2087,2083,2058,2055,1800,1263,2081,2084,2076,2087,2102,2068,1941,1282,2077,2060,2111,2085,2161,2062,1912,1273,2032,2086,2104,2114,2095,1972,1971,1253,2021,2049,2092,2072,2003,1961,2027,1178,1853,1995,2072,1940,1961,1933,949,5,10,10,5,5,255,5,5,5,10,5,5,255,255,4,5,5,5,5,5,10,5,5,10,5,5,5,5,5,5,5,10,5,255,5,5,5,5,5,255,5,10,5,5,10,5,255,10,5,5,5,5,5,5,5,255,5,10,5,5,10,5,255,255
1780854659.685639,15462,1554403017,906,2030,2060,2069,2090,1798,1221,926,1104,2084,2050,2076,2077,2085,1308,1072,1306,2024,2084,2084,2108,2058,2019,1663,1304,2088,2053,2077,2113,2150,2057,1853,1319,2063,2036,2076,2119,2096,2062,1912,1272,2032,2080,2100,2115,2095,1972,1991,1154,2032,2072,2143,2078,1915,1961,2027,1222,1840,2051,2053,2064,1952,1933,949,5,5,5,5,5,10,5,5,5,255,5,5,255,255,5,5,5,5,5,5,5,255,5,5,5,5,5,5,5,5,5,5,5,10,5,5,5,5,255,255,5,255,5,5,5,255,10,5,5,5,5,5,5,5,255,255,5,5,5,5,5,5,255,255
1780854659.783996,15463,1554503017,875,2030,2047,2095,2038,2086,1211,920,1098,1261,2074,2055,2077,2085,1342,1086,1283,2018,2090,2077,2087,2031,2074,1663,1293,2039,2074,2097,2118,2146,2057,1853,1286,1994,2103,2110,2115,2060,1969,1912,1270,2008,2095,2100,2048,2095,1972,1932,1235,2046,2062,2120,2080,2043,1961,978,1158,1840,2049,2045,2021,1101,1933,835,5,255,5,5,5,4,5,5,5,10,5,5,255,255,5,5,5,5,5,5,5,10,5,255,5,5,5,5,5,5,5,255,5,5,5,5,5,5,10,255,5,10,5,5,5,255,255,5,5,5,5,5,5,5,255,255,5,255,5,255,5,4,255,10
1780854659.883524,15464,1554603018,903,2030,2047,2095,2096,2086,1214,937,1177,1261,2074,2072,2104,2085,1300,1065,1301,2001,2056,2073,2064,2031,2074,1663,1260,2014,2088,2086,2094,2071,2064,1853,1321,2041,2084,2073,2116,2155,2035,1912,1259,2024,2071,2100,2084,2062,1972,1932,1268,2023,2082,2102,2080,2043,976,884,1205,1840,2021,2044,2021,1101,1933,715,5,255,255,255,5,255,5,5,5,255,255,5,10,255,5,9,5,5,5,5,5,255,255,255,5,5,5,5,5,5,5,255,5,5,5,5,5,5,5,255,5,5,5,255,255,10,255,255,9,5,5,5,255,255,255,5,5,255,5,5,255,255,255,5
1780854659.985443,15465,1554703017,896,2083,2047,2083,2082,2086,1183,932,1103,1372,2074,2083,2075,2085,1330,1059,1240,1997,2056,2100,2064,2095,2064,1625,1260,2072,2070,2090,2097,2120,2067,1853,1337,2108,2091,2104,2107,2123,2053,1933,1221,2024,2118,2132,2142,2062,1972,813,1222,2013,2060,2111,1094,983,855,743,1233,1840,2097,2044,1053,765,716,613,5,10,255,10,5,255,5,5,5,255,255,5,5,255,5,5,5,9,5,5,255,10,10,10,255,5,5,5,5,5,5,255,5,5,5,5,5,5,5,10,5,255,5,10,255,255,255,255,5,5,5,5,255,255,5,5,5,255,5,255,10,255,10,5
1780854660.093173,15466,1554813017,885,2043,2047,2123,2061,2086,1213,935,1187,1464,2085,2063,2126,2085,1311,1074,1272,2092,2099,2096,2064,2147,2040,1713,1315,2043,2074,2101,2094,2114,2025,1853,1327,2041,2083,2103,2112,2041,2053,1933,1294,2024,2103,2132,2142,808,883,691,1261,1966,2083,2107,872,741,653,645,1183,1832,2066,812,1218,650,524,406,5,5,255,5,5,255,5,5,5,5,10,5,5,255,5,5,5,5,5,5,255,5,5,5,10,5,5,5,5,5,5,255,5,5,5,5,5,5,255,255,5,255,5,255,255,255,10,5,5,9,5,5,4,4,4,5,5,10,5,10,5,5,5,4
1780854660.193513,15467,1554913016,881,2062,2106,2069,2100,2086,1200,936,1130,1464,2079,2125,2126,2085,1416,1062,1293,1925,2106,2078,2084,2074,2043,1715,1325,2039,2093,2085,2067,2131,2073,1867,1282,2068,2098,2087,2112,2041,2020,658,1278,2055,2067,855,839,657,558,675,1245,2014,2112,728,700,478,410,413,1171,1832,1996,677,684,403,390,390,5,5,10,5,5,255,5,5,9,255,5,5,255,255,5,5,9,5,5,5,10,5,5,5,5,5,5,5,5,255,5,10,5,5,5,5,255,255,10,255,5,10,5,10,10,5,4,5,5,5,5,4,5,4,4,4,5,255,5,5,5,4,5,5
1780854660.294991,15468,1555013016,906,2046,2106,2024,2198,1669,1240,943,1127,1464,2068,2124,2126,2085,1406,1055,1295,2042,2050,2082,2084,2020,2035,1689,1284,2047,2085,2110,2085,452,1992,1867,1298,1965,2099,2087,544,451,396,669,1217,2055,2032,664,585,359,365,369,1234,2073,2149,673,432,372,357,370,1193,1832,2028,2015,412,362,368,380,5,5,255,5,5,10,5,5,5,255,5,5,255,255,5,5,9,5,5,5,255,5,5,5,5,5,5,5,5,4,5,255,5,5,5,255,10,10,4,5,5,255,5,5,4,5,5,4,5,5,5,5,4,5,5,5,5,255,5,4,4,5,5,5
1780854660.392947,15469,1555113017,909,2078,2032,2088,2085,1669,1223,947,1125,1464,2068,2133,2112,380,1341,1062,1275,2015,2093,2082,420,405,369,1689,1261,2101,2078,600,393,351,339,350,1268,2054,677,650,381,353,347,347,1261,2055,645,620,401,363,341,358,1230,2063,2075,2123,2118,364,361,353,1191,1832,2050,2062,2017,1965,382,380,5,5,10,5,5,255,5,5,5,255,255,5,10,255,9,5,5,5,5,255,255,4,4,255,5,5,5,4,4,5,4,10,5,5,4,10,5,5,5,4,5,255,5,5,5,5,5,5,5,5,5,4,4,5,5,5,5,255,5,5,4,4,255,255
1780854660.493939,15470,1555213017,918,2034,2032,2084,414,370,388,924,1118,1284,2068,2100,399,378,356,364,1312,1992,2046,614,412,369,365,365,1354,2101,2007,668,480,423,360,398,1301,2068,674,633,655,408,390,392,1315,2133,2094,620,713,1994,416,1950,1234,2035,2098,2118,2082,1967,1954,353,1192,1832,2054,2049,1964,1967,382,380,5,5,255,5,4,10,4,5,5,255,255,5,4,5,4,4,5,5,5,10,5,5,5,10,5,255,5,5,5,5,5,5,5,5,255,5,4,5,5,5,5,10,5,255,4,4,255,4,5,5,5,5,5,4,4,255,5,255,5,5,5,5,255,255
1780854660.593135,15471,1555313017,887,2034,2032,2084,416,388,388,393,1143,1315,680,647,523,494,390,426,1304,1992,665,664,646,629,630,801,1288,1976,2061,700,686,691,689,875,1354,2042,2048,2084,2126,408,2004,392,1296,2133,2099,2094,2085,1994,416,1970,1272,2098,2081,2072,2084,1978,1978,2008,1185,1832,2081,2064,1964,1987,382,380,5,255,255,255,5,5,5,4,5,9,10,4,5,5,5,5,5,255,5,5,4,4,4,4,5,10,5,5,4,4,4,4,5,5,4,4,4,255,4,255,5,255,5,10,5,255,255,5,5,5,5,5,5,5,5,10,5,255,5,5,255,5,255,255
1780854660.693556,15472,1555413017,885,2034,659,630,609,595,621,877,1117,1377,676,660,643,684,659,924,1310,1992,2120,719,713,2051,2074,1625,1300,2073,2073,2074,2127,2078,2085,875,1244,2106,2055,2082,2080,408,2004,392,1280,2133,2104,2049,2151,2096,1967,1946,1237,1981,2120,2135,2081,1977,1952,1990,1181,1761,1980,1936,1974,1987,2049,380,5,255,10,10,5,4,4,4,5,5,5,5,5,5,4,4,9,255,5,5,255,4,4,4,5,5,5,5,4,5,5,255,5,5,5,5,5,255,255,255,5,255,5,5,5,10,10,5,9,5,5,5,5,5,5,5,5,10,5,5,10,255,10,255
1780854660.795160,15473,1555513017,874,2034,661,652,654,648,683,925,1158,1263,2058,727,711,743,795,1069,1309,2018,2067,2027,713,2112,2025,1750,1327,2065,2056,2103,2081,2113,2095,1964,1299,2046,2105,2100,2143,408,2034,392,1279,2133,2106,2156,2053,2141,1993,1934,1234,2000,2097,2116,2109,1967,1965,2010,1189,1761,2052,2087,1951,1987,2049,380,5,255,5,5,5,5,5,5,5,5,4,5,5,255,5,5,5,10,5,4,255,5,5,5,5,5,5,5,5,5,5,10,9,5,5,5,5,255,10,255,5,255,5,5,5,5,5,5,5,5,5,5,5,5,5,5,9,255,5,5,5,255,255,255
1780854660.893224,15474,1555613017,886,2052,714,717,733,721,786,933,1156,1313,2058,727,711,743,1295,1098,1260,2047,2084,2110,2145,2068,2022,1731,1317,2041,2069,2083,2106,2062,2078,1875,1272,2039,2105,2105,2163,2124,2019,392,1270,2133,2069,2156,2080,2008,1993,1934,1206,2021,2078,2128,2120,1987,1978,1946,1183,1853,2023,2061,2018,1986,2049,380,5,10,5,5,5,5,5,5,5,5,255,255,255,255,4,5,5,5,5,5,10,5,5,5,5,5,5,5,5,5,5,5,5,5,255,5,5,10,5,255,5,255,5,255,5,5,255,255,5,5,5,5,5,5,5,5,5,10,5,5,255,10,255,255
1780854660.995416,15475,1555713017,883,2052,714,893,733,721,1165,927,1107,1398,2082,727,711,743,1353,1056,1279,1991,2089,2075,2080,2126,2101,1731,1308,2087,2066,2084,2130,2117,2035,1875,1340,2002,2071,2102,2118,2119,2060,1801,1254,2133,2122,2064,2154,2063,1951,1944,1245,2028,2091,2100,2057,1961,1967,1961,1168,1853,1995,2028,1990,1986,2049,380,5,255,255,5,255,255,5,5,5,5,10,255,255,255,5,5,5,5,5,5,5,5,5,255,255,5,5,5,5,5,5,255,5,5,10,5,5,5,5,10,9,255,5,10,5,5,10,10,5,5,5,5,5,5,5,5,5,255,5,5,255,255,255,255
1780854661.094275,15476,1555813017,867,2057,714,893,733,721,1195,954,1129,1338,2082,2057,711,743,1335,1138,1306,2003,2118,2105,2108,2102,2010,1731,1308,2052,2080,2091,2115,2096,2032,1817,1298,2097,2112,2056,2101,2105,2060,1801,1283,2017,2144,2102,2132,2016,1953,1968,1208,2038,2061,2094,2047,1978,1920,1958,1227,1853,2071,2028,2017,1938,2049,380,5,10,255,255,255,255,5,5,5,5,255,10,255,255,5,5,5,5,5,5,5,5,5,255,5,5,5,5,5,5,5,10,5,5,5,5,5,5,255,255,5,10,5,5,5,5,5,5,5,5,5,5,5,5,5,5,5,255,5,255,5,255,255,255
1780854661.196226,15477,1555913016,876,2025,714,893,2101,721,1193,939,1148,1399,2082,2091,2063,743,1372,1087,1295,2023,2059,2076,2127,2092,2081,1684,1282,2024,2077,2083,2115,2100,2076,1817,1293,2083,2034,2081,2116,2079,2024,1960,1224,2033,2138,2102,2083,2040,2024,1979,1250,2028,2070,2119,2052,1921,1951,1978,1200,1873,2051,2020,1977,1971,1946,380,5,5,255,255,10,255,5,5,5,4,255,5,10,255,9,5,5,5,5,5,5,5,5,10,9,5,5,5,5,5,5,255,5,5,5,5,5,5,10,10,5,5,5,255,5,5,5,255,5,5,5,5,5,5,5,5,5,10,5,10,5,5,10,255
1780854661.294810,15478,1556013017,877,2112,714,2048,2110,1983,1201,948,1154,1474,2082,2103,2063,2021,1291,1101,1270,2001,2056,2095,2136,2074,1996,1684,1281,1985,2063,2096,2112,2113,2057,1817,1255,2004,2082,2101,2125,2079,2026,1960,1321,2077,2070,2102,2159,2064,2024,1934,1244,2014,2074,2107,2094,2010,1984,1955,1174,1873,2072,2020,1954,1971,1946,380,5,5,255,255,5,10,5,5,5,5,255,5,255,10,5,5,5,5,5,5,5,5,5,255,5,5,5,5,5,5,5,255,5,5,5,5,5,255,5,255,9,5,5,255,5,5,255,5,5,5,5,5,5,5,5,5,5,255,5,255,5,255,255,255
1780854661.394086,15479,1556113017,880,2112,2058,2098,2124,2080,1185,939,1115,1474,2079,2060,2030,2072,1369,1075,1282,2019,2050,2055,2117,2074,2046,1682,1301,2052,2077,2084,2086,2108,2024,1954,1285,2004,2073,2119,2146,2079,1991,1960,1252,2033,2099,2116,2155,2064,1890,1934,1254,2059,2101,2098,2038,1942,1941,1959,1201,1873,2083,2071,1995,1956,1961,380,5,255,10,5,5,5,5,5,5,255,10,5,10,5,9,5,5,5,5,5,5,255,5,10,9,5,5,5,5,5,5,10,5,255,5,5,5,255,5,255,9,5,5,10,5,255,10,255,5,5,5,5,5,5,5,5,5,255,5,10,5,10,10,255
1780854661.494599,15480,1556213017,874,2112,2058,2028,2081,2080,1191,927,1130,1363,1927,2074,2118,2072,1304,1073,1271,1966,2023,2073,2068,2103,2067,1682,1287,2061,2087,2082,2119,2092,2120,1954,1322,2041,2062,2114,2072,2057,2024,1960,1281,2030,2087,2130,2053,2064,1937,1961,1234,2017,2090,2100,2073,1977,1936,1946,1188,1873,2034,2071,1995,1955,1879,380,5,255,255,5,5,255,5,5,5,10,5,5,5,255,5,5,9,5,5,5,5,10,5,255,5,5,5,5,5,5,5,255,5,10,5,5,5,10,5,255,5,5,5,5,5,255,5,10,5,5,5,5,5,5,5,5,5,255,5,5,255,5,5,255
1780854661.594529,15481,1556313017,883,2039,2022,2068,2036,2080,1184,930,1087,1363,2038,2087,2085,2051,1288,1131,1261,1983,2102,2095,2097,2115,2159,1681,1324,2065,2068,2089,2102,2103,2145,1954,1288,2038,2108,2105,2102,2057,1991,1960,1281,2009,2115,2130,2096,2111,1937,1961,1277,2007,2115,2127,2087,1977,1991,1965,1220,1873,2105,2047,2028,2014,1879,380,5,10,10,5,5,255,5,5,5,255,5,5,5,10,5,5,5,5,5,5,5,5,5,10,5,5,5,5,5,5,5,255,9,5,5,5,5,255,5,255,5,5,5,255,5,10,255,255,5,5,5,5,5,255,5,5,5,255,5,5,10,5,255,255
1780854661.694381,15482,1556413017,877,2086,2091,2063,2080,2080,1183,935,1145,1363,2074,2072,2018,2051,1367,1062,1303,2079,2050,2103,2107,2077,2054,1681,1244,1990,2086,2107,2098,2073,2066,1954,1248,1955,2117,2105,2100,2102,2083,1960,1227,2009,2075,2102,2107,2051,1937,1958,1281,2013,2119,2119,2099,1955,1991,1969,1173,1702,2076,1991,2017,1920,2037,380,5,5,5,5,5,255,5,5,5,255,5,5,5,255,5,5,5,5,5,5,5,5,5,255,5,5,5,5,5,5,5,255,5,5,5,5,5,10,5,255,5,255,5,10,5,5,255,10,5,5,5,5,5,10,255,5,5,10,5,5,5,5,10,255
1780854661.795398,15483,1556513017,886,2197,2014,2055,2074,2080,1136,934,1128,1363,2074,2092,2018,2051,1313,1058,1298,2020,2068,2084,2131,2088,1997,1718,1282,2054,2083,2072,2136,2126,2099,1954,1328,2030,2178,2096,2121,2112,2013,1960,1295,2009,2095,2112,2125,2153,1937,1982,1308,1981,2086,2083,2057,1980,1964,1947,1158,1747,2062,2072,1965,1982,2037,380,5,5,5,5,5,255,5,5,5,255,255,5,255,255,5,5,4,5,5,5,5,5,5,10,5,5,5,5,5,5,5,255,5,5,5,5,5,5,5,255,5,255,5,5,5,5,255,5,5,5,5,5,5,5,10,5,9,5,5,5,5,5,255,255
1780854661.894041,15484,1556613017,875,2045,2063,2017,2093,2080,1177,933,1161,1363,2037,2051,2018,2051,1349,1074,1274,2007,2078,2065,2131,2124,2052,1718,1339,2027,2081,2105,2096,2087,2008,1872,1304,1996,2058,2082,2116,2129,2074,1922,1303,2009,2105,2059,2119,2009,1937,1968,1203,2009,2093,2079,2103,1980,1967,1929,1206,1747,1948,2072,1977,1982,2037,380,5,5,5,5,5,255,5,5,5,255,10,5,255,255,5,5,5,5,5,5,255,5,5,255,5,5,5,5,5,5,5,10,5,5,5,5,5,5,5,10,5,255,5,5,5,5,255,5,5,5,5,5,5,255,5,5,5,255,5,5,5,255,255,255
1780854661.994585,15485,1556713017,887,2070,2063,2017,2072,2080,1165,930,1154,1379,2071,2110,2104,2051,1281,1090,1288,1977,2072,2080,2041,2103,2058,1718,1294,2046,2047,2099,2101,2085,2049,1930,1300,2066,2091,2085,2075,2076,2028,1933,1306,2009,2104,2108,2083,1977,1937,1986,1237,2041,2101,2108,2107,2010,1977,1979,1163,1747,2025,2019,1996,1988,2037,380,5,5,255,255,5,255,5,5,5,10,5,5,10,255,5,5,5,5,5,5,10,5,5,255,5,5,5,5,5,5,5,5,5,5,5,5,5,5,5,5,5,255,5,5,5,5,255,5,5,5,5,5,5,10,5,5,5,255,5,5,5,10,255,255
1780854662.094645,15486,1556813017,878,2077,2063,2093,2074,2080,1172,952,1133,1379,2066,2077,2104,2051,1269,1063,1259,2028,2073,2069,2123,2058,1955,1718,1308,2069,2084,2081,2121,2125,2083,1930,1236,1984,2101,2100,2087,2076,2028,1933,1280,2009,2119,2108,2083,2113,1991,1986,1254,2013,2060,2122,2105,2010,1944,1969,1189,1870,1997,2039,1996,1976,2037,380,5,5,255,10,5,255,5,5,5,255,5,5,255,255,5,5,5,5,5,5,5,5,5,255,5,5,5,5,5,5,5,255,5,5,5,5,5,255,255,255,5,255,5,255,255,5,10,255,5,5,5,5,5,255,5,5,5,10,5,5,255,5,255,255
1780854662.194203,15487,1556913017,907,2075,2063,2060,2063,2080,1148,928,1144,1379,2081,2117,2146,1600,1332,1062,1302,1999,2050,2124,2083,2099,1996,1718,1262,2065,2093,2075,2126,2097,2065,1930,1313,2076,2131,2097,2050,2060,1954,1833,1229,2009,2112,2108,2123,2024,1991,1935,1312,2030,2099,2099,2081,1954,1957,1941,1159,2001,2028,2018,1969,1973,2037,380,5,5,255,5,5,255,5,5,5,255,5,5,10,10,5,9,5,5,5,5,5,5,5,255,5,5,5,5,5,5,5,255,5,5,5,5,5,10,10,10,5,255,5,255,10,5,255,10,5,5,5,5,5,10,5,5,9,5,5,5,10,5,255,255
1780854662.294721,15488,1557013017,909,2050,2058,2074,2079,1997,1170,951,1123,1342,2030,2058,2146,1600,1354,1076,1241,2058,2091,2043,2113,2082,2051,1718,1363,2065,2082,2079,2094,2111,2010,1930,1352,2039,2082,2087,2119,2088,1954,1833,1272,2009,2101,2108,2083,2120,1991,1935,1267,2039,2080,2065,2131,1982,1975,1941,1190,2001,2075,2037,1932,1997,2037,380,5,5,10,5,5,10,5,5,5,10,5,5,255,255,5,5,5,5,5,5,5,5,5,255,255,255,5,5,5,5,5,255,255,5,5,5,5,5,255,255,5,255,5,255,5,5,255,255,5,5,5,5,5,5,5,255,5,255,5,5,5,5,255,255
1780854662.394583,15489,1557113017,893,2050,2058,2082,2083,2050,1214,945,1125,1342,2040,2058,2062,1600,1360,1070,1296,2015,2048,2083,2061,2126,2040,1718,1311,2031,2069,2094,2076,2079,2095,1834,1325,1982,2075,2101,2107,2088,1954,1833,1265,1969,2046,2108,2104,2120,2003,1976,1203,2017,2096,2097,2116,1972,1979,1995,1215,2001,1967,2091,2018,1964,2037,380,5,255,255,5,5,5,5,5,5,255,5,255,10,255,5,5,5,5,5,5,5,5,5,255,5,10,5,5,5,5,5,10,5,5,5,5,5,255,255,255,5,10,5,255,5,255,10,10,5,5,5,5,5,5,5,10,5,255,5,5,5,5,255,255
1780854662.493747,15490,1557213017,885,2009,2058,2093,2121,2050,1179,916,1144,1342,2048,2058,2045,1600,1321,1064,1286,1990,2137,2101,2089,2143,2079,1718,1259,2078,2069,2077,2100,2135,2116,1834,1298,2025,2055,2074,2107,2095,2042,1833,1312,2039,2082,2108,2104,2015,1955,1977,1279,2028,2055,2099,2101,2003,1938,1995,1203,2001,1967,2091,1964,1964,2037,380,5,10,255,5,5,255,5,5,9,255,5,255,5,255,9,5,5,5,5,5,5,5,5,255,9,5,5,5,5,5,5,255,5,5,5,5,255,10,10,255,5,5,5,255,255,10,5,5,5,5,5,5,5,5,5,255,5,255,255,255,5,255,255,255
1780854662.593911,15491,1557313017,876,2033,2071,2073,2081,2050,1179,935,1113,1366,2100,2120,2045,1600,1385,1032,1276,2027,2066,2069,2083,2050,2037,1718,1279,2069,2068,2081,2124,2150,2051,1899,1265,2041,2061,2103,2108,2095,1996,1833,1321,2039,2063,2047,2104,2087,1955,1963,1240,2053,2095,2121,2103,2020,1943,2002,1250,2001,2090,2111,1987,1960,2037,380,5,5,10,5,5,255,5,5,5,10,5,10,255,255,5,5,5,5,5,5,5,5,5,255,5,5,5,5,5,5,5,10,5,5,5,5,10,255,5,255,5,255,5,10,255,5,255,5,5,5,5,255,5,5,5,10,5,255,10,10,5,10,255,255
1780854662.703482,15492,1557423017,873,2054,2071,2073,2091,2050,1202,912,1113,1592,2100,2112,2108,1600,1330,1080,1311,2029,2037,2055,2128,2105,1999,1686,1298,2058,2078,2087,2116,2051,2063,1884,1251,2041,2094,2076,2105,2113,2011,1833,1291,2039,2095,2047,2103,2087,1955,2013,1177,2023,2125,2104,2103,1974,1917,2002,1244,2001,2036,2084,1987,1979,2037,380,5,5,255,255,5,255,5,5,5,3,255,5,10,255,5,5,5,5,5,5,5,5,5,10,5,5,5,5,5,5,5,5,5,255,5,5,5,10,5,255,5,255,5,255,10,255,10,5,9,5,5,5,255,5,5,255,5,255,5,5,255,5,255,255
1780854662.804460,15493,1557523017,876,2054,2134,2026,2041,2050,1234,949,1171,1340,2092,2081,2145,2065,1416,1061,1328,2010,2071,2101,2126,2099,2082,1664,1297,2035,2067,2075,2096,2137,2076,1884,1359,2041,2087,2082,2101,2181,2004,1833,1234,1956,2092,2047,2150,2094,1955,2013,1236,2019,2066,2106,2071,1967,2009,2006,1215,1920,2060,2053,1987,1965,2037,1947,5,255,10,10,5,255,5,5,5,4,10,5,5,10,9,5,5,5,5,5,5,5,5,5,5,5,5,5,5,5,5,255,5,255,5,5,5,5,5,255,5,10,5,255,5,10,255,255,5,5,5,5,10,5,5,10,5,10,5,5,255,5,255,10
1780854662.905206,15494,1557623017,911,2102,2067,2070,2078,2050,1197,922,1133,1277,2092,2089,2145,2065,1363,1051,1262,2013,2026,2117,2075,2119,1998,1664,1219,2066,2070,2110,2076,2130,2061,1944,1350,2047,2059,2081,2106,2129,2022,1833,1304,1956,2089,2128,2150,2086,1955,2013,1207,2048,2066,2080,2115,1952,1983,1951,1213,1920,2002,2008,1970,1965,2037,1947,5,10,5,5,5,255,5,5,5,5,255,5,255,255,5,5,5,5,5,5,5,5,5,255,5,5,5,5,5,5,5,10,5,10,5,5,5,5,5,255,5,255,5,10,255,5,255,255,5,5,255,5,5,5,5,5,5,255,5,5,10,255,255,255
1780854663.003941,15495,1557723017,875,2089,2107,2067,2084,2050,1159,928,1107,1404,2036,2103,2117,2065,1343,1047,1306,2061,2128,2078,2075,2065,1998,1664,1350,2069,2071,2088,2102,2133,2053,1944,1313,2033,2096,2092,2095,2057,2053,1833,1216,2058,2091,2111,2128,2096,1955,1955,1218,1989,2085,2111,2115,1986,1965,1951,1181,1920,2080,2040,1991,1970,2037,1947,5,5,5,5,5,255,5,5,5,5,10,5,10,255,5,5,5,255,5,5,255,5,5,255,5,5,5,5,5,5,5,255,5,5,5,5,5,5,5,255,5,10,5,5,10,5,255,10,5,5,10,5,5,5,5,255,5,255,5,5,5,10,255,255
1780854663.103802,15496,1557823017,900,2089,2107,2059,2079,2050,1153,951,1092,2122,2036,2065,2066,2065,1322,1040,1296,2037,2067,2049,2105,2077,2087,1664,1323,2043,2068,2073,2105,2116,2050,1999,1287,2099,2112,2099,2081,2134,1957,1833,1274,2077,2101,2111,2073,2044,1967,1975,1257,2042,2108,2096,2111,1993,1973,1950,1181,1920,1990,1984,1968,1970,2037,1947,5,255,255,5,5,255,5,5,5,4,255,5,5,255,5,5,5,5,5,5,10,5,5,255,5,5,5,5,5,5,5,10,5,5,5,5,5,5,5,255,5,5,5,255,5,5,10,5,5,5,5,5,5,5,5,10,5,255,5,5,5,255,255,255
1780854663.203324,15497,1557923017,887,2085,2089,2078,2066,2050,1209,958,1140,1383,2065,2097,2147,2065,1319,1066,1311,2026,2071,2104,2063,2054,2013,1664,1276,2016,2066,2085,2098,2123,2051,1999,1336,2026,2095,2094,2073,2107,2066,1833,1312,2077,2116,2111,2073,2044,1967,1975,1214,2047,2117,2112,2076,2006,1961,1975,1238,1920,1962,2039,1943,1987,2037,1947,5,10,10,5,5,255,5,5,5,5,10,5,5,255,5,5,9,5,5,5,5,5,5,255,5,5,5,5,5,5,5,255,5,5,5,5,5,5,5,255,5,5,5,255,255,255,255,255,5,5,5,5,5,5,5,5,5,255,5,5,5,10,255,255
1780854663.303863,15498,1558023017,885,2085,2089,2067,2086,2050,1223,919,1165,1383,2039,2062,2147,2065,1428,1052,1271,1949,2048,2082,2091,2054,1981,1758,1225,2036,2067,2080,2112,2134,2037,1999,1200,2027,2079,2099,2127,2107,2011,1833,1297,1978,2095,2111,2052,2059,1967,1986,1259,2052,2078,2107,2084,2006,1961,2008,1186,1920,1939,2039,2024,2012,2037,1947,5,255,255,5,5,255,5,5,5,255,3,5,255,255,9,5,5,5,5,5,5,255,5,10,5,5,5,5,5,5,5,255,5,5,5,5,5,255,5,255,5,5,5,10,10,10,255,10,5,5,5,5,5,255,255,5,5,255,5,5,5,5,255,255
1780854663.403785,15499,1558123017,919,2085,2089,2076,2076,2026,1146,945,1222,1383,2052,2061,2119,1939,1310,1071,1283,2027,2075,2114,2091,2162,2096,1758,1225,2021,2090,2084,2096,2083,2078,1999,1340,2039,2059,2086,2101,2107,2039,1833,1296,2036,2119,2111,2124,2021,1967,1986,1289,1985,2128,2087,2112,1951,1959,1960,1177,1875,2027,2027,1960,2012,2037,2080,5,255,255,5,5,10,5,5,5,255,5,5,10,10,5,5,9,5,5,5,255,10,5,255,255,5,5,5,5,5,5,255,5,5,5,5,5,255,5,255,5,5,5,255,5,5,255,255,5,5,5,5,5,10,10,5,9,10,5,5,5,255,255,10
1780854663.503931,15500,1558223017,873,2085,2083,2062,2080,2030,1203,932,1159,1390,2021,2106,2119,1939,1354,1092,1279,1974,2084,2068,2110,2068,2096,1758,1264,2073,2059,2086,2084,2131,2073,1999,1242,2043,2075,2076,2140,2107,2024,1833,1294,2011,2082,2102,2121,2031,1967,1986,1246,1996,2069,2112,2122,1970,1947,1960,1206,2035,2002,2027,2022,2012,2037,2080,5,255,10,5,5,5,5,5,9,10,5,5,255,255,9,5,5,5,5,5,10,5,255,255,10,5,5,5,5,5,255,255,5,5,5,5,5,255,5,255,5,5,5,10,5,5,255,10,5,5,5,5,5,5,5,255,5,5,9,255,5,255,255,255
1780854663.603435,15501,1558323017,866,2078,2087,2072,2094,2010,1183,932,1086,1365,2021,2076,2069,2034,1345,1059,1275,1932,2060,2092,2094,2107,2052,1758,1253,2044,2064,2095,2148,2092,2100,1999,1316,2033,2047,2084,2082,2159,2024,1965,1343,2011,2097,2069,2086,2054,1928,1986,1242,2005,2084,2115,2077,1934,1937,1983,1227,2035,2036,2044,1987,2012,2037,2080,5,255,5,5,5,5,9,5,5,5,255,5,10,10,5,5,5,5,5,5,5,5,10,255,5,5,5,5,5,5,5,255,5,5,5,5,5,10,255,10,5,255,5,5,5,5,10,255,5,5,5,5,5,5,5,10,5,255,5,10,5,255,255,255
1780854663.704558,15502,1558423017,901,2056,2087,2072,2103,2010,1173,941,1085,1306,2021,2083,2069,2034,1262,1079,1293,2040,2050,2085,2110,2055,2042,1627,1251,2019,2056,2090,2144,2130,2091,1910,1320,2063,2047,2087,2141,2159,2024,1965,1322,1980,2096,2069,2100,2054,1928,1995,1257,2068,2094,2132,2076,1934,1987,1983,1234,1534,2072,2020,2034,1922,2037,2080,5,5,5,255,5,255,5,5,9,5,255,5,255,255,5,5,5,5,5,5,5,5,5,10,5,5,5,5,5,5,5,10,5,5,255,5,5,255,255,255,9,10,5,255,5,255,255,10,5,5,5,5,5,255,5,255,5,10,5,5,5,10,255,255
1780854663.805295,15503,1558523017,903,2056,2027,2056,2076,2010,1162,938,1109,1306,2027,2061,2080,2034,1407,1110,1289,2055,2106,2089,2084,2057,2097,1635,1238,2017,2074,2086,2138,2112,2075,1952,1291,2026,2103,2088,2097,2159,2057,1965,1312,2046,2086,2079,2167,2061,1948,1921,1255,2007,2120,2079,2039,1975,1957,2010,1176,1534,2053,2055,1969,1922,2037,2080,5,255,5,10,5,255,5,5,9,255,10,5,10,255,5,5,5,5,5,5,5,5,5,5,5,5,5,5,5,5,5,5,5,5,10,5,5,255,10,255,5,5,5,10,5,10,10,5,5,5,5,5,5,10,5,10,5,255,5,5,5,255,255,255
1780854663.905265,15504,1558623017,914,2056,2065,2121,2128,2079,1215,943,1135,1306,2027,2061,2080,2034,1335,1054,1326,2055,2110,2077,2080,2097,2004,1693,1238,2051,2075,2083,2111,2111,2075,1952,1328,2007,2092,2083,2123,2116,2057,1965,1258,2046,2108,2170,2142,2061,1971,1952,1250,2031,2141,2088,2068,1990,1956,1942,1169,1534,1987,2034,1958,2010,1941,2080,5,255,5,5,5,10,5,5,5,255,255,255,255,255,5,5,5,255,5,5,5,5,5,5,255,5,5,5,5,5,5,255,5,5,5,5,5,10,255,255,5,255,5,5,5,255,5,5,5,5,5,5,5,5,5,5,5,255,5,5,5,10,10,255
1780854664.004382,15505,1558723017,871,2080,2056,2060,2067,2079,1199,935,1142,1306,2073,2083,2053,2034,1301,1110,1252,2053,2041,2093,2087,2106,2136,1693,1321,2070,2070,2083,2115,2109,2008,1895,1230,2061,2101,2067,2102,2116,1988,1965,1301,2046,2115,2105,2088,2061,1930,1952,1229,2064,2112,2110,2086,2026,1936,1975,1194,1752,2058,2011,2033,1932,1941,2080,5,10,5,5,255,255,5,5,5,255,10,10,10,255,5,5,5,10,5,5,5,5,5,255,10,5,5,5,5,5,5,10,5,5,5,5,5,255,10,255,5,255,5,5,5,255,5,255,5,5,5,5,5,5,5,5,5,10,5,5,5,5,255,255
1780854664.103760,15506,1558823017,892,2079,2056,2055,2067,2079,1204,959,1081,1306,2073,2083,2053,2034,1329,1073,1295,1951,2042,2035,2087,2091,1994,1692,1281,2053,2084,2084,2109,2126,2053,1895,1324,2066,2104,2061,2149,2134,1963,1965,1287,2046,2079,2093,2150,2097,1930,1952,1187,2032,2084,2105,2107,1984,1960,1990,1145,1752,2052,2026,1943,1945,1941,2080,5,5,5,5,255,255,5,5,5,255,255,5,255,255,5,5,5,5,5,5,255,5,5,10,5,5,5,5,5,5,5,255,5,5,5,5,5,10,5,255,5,255,5,5,5,10,255,255,5,5,5,5,5,5,5,5,5,255,5,5,5,5,255,255
1780854664.203254,15507,1558923017,881,2079,2034,2110,2066,2079,1208,948,1109,1306,2056,2099,2053,2034,1308,1049,1301,1903,2089,2076,2097,2087,2049,1749,1292,2053,2071,2090,2107,2079,2053,1837,1308,2044,2052,2093,2105,2134,2010,1932,1305,2059,2069,2093,2070,2141,1930,2002,1246,2074,2085,2131,2087,1972,1960,1943,1212,1906,2027,2064,2000,1979,1941,2080,5,255,5,5,10,255,5,5,5,255,10,5,255,255,5,5,5,5,5,5,10,5,5,5,5,255,5,5,5,5,255,10,5,5,5,5,5,255,5,10,5,10,5,255,5,5,255,10,5,5,5,5,5,5,255,5,5,10,5,5,9,5,255,255
1780854664.303311,15508,1559023017,873,2053,2034,2052,2084,1963,1175,955,1119,1306,2056,2060,2053,2034,1324,1071,1266,2024,2065,2102,2097,2110,1955,1712,1308,2096,2046,2081,2109,2133,2028,1891,1349,1999,2082,2099,2107,2100,2107,1932,1283,2059,2069,2093,2142,2159,1930,1989,1239,2074,2090,2101,2077,1926,1944,1995,1187,1906,2046,2071,2000,1953,1941,2080,5,10,255,5,5,10,5,5,5,255,255,5,255,255,5,9,5,5,5,5,255,5,5,5,5,10,5,5,5,5,10,5,5,5,5,5,5,10,5,255,5,255,5,255,5,3,255,5,5,255,5,5,5,5,10,5,5,255,5,5,255,5,255,255
1780854664.404537,15509,1559123017,887,2053,2016,2024,2070,1963,1197,944,1153,1306,2056,2013,2076,1972,1334,1094,1275,1947,2053,2056,2065,2075,1935,1712,1277,2040,2062,2077,2108,2095,1939,1891,1370,1999,2090,2063,2088,2100,2032,1933,1328,2059,2091,2093,2119,2159,1930,1969,1204,2075,2113,2111,2084,1971,1941,2017,1189,1851,2015,2001,2066,1961,1941,2080,5,255,10,5,5,255,5,5,9,255,255,5,10,10,5,5,9,5,5,5,10,5,5,255,5,5,5,5,5,5,5,255,5,255,5,5,5,255,5,10,5,255,5,255,5,255,255,5,5,10,5,5,5,5,5,5,5,10,5,5,10,5,255,255
1780854664.504254,15510,1559223018,896,2053,2016,2054,2099,1963,1163,933,1108,1397,2056,2103,2076,1972,1382,1054,1297,1947,2073,2103,2090,2152,2068,1712,1363,2026,2065,2075,2117,2095,2086,1891,1293,2061,2109,2127,2099,2100,2032,1933,1246,2059,2080,2095,2158,2024,1930,1963,1227,2062,2075,2138,2040,1962,1967,2017,1218,1851,2136,2001,2066,1961,1941,2080,5,255,255,5,5,255,5,5,5,10,255,5,255,255,9,5,5,255,255,5,5,5,5,255,5,5,5,5,5,5,5,255,5,10,5,5,5,255,255,255,5,255,5,10,5,10,255,5,5,5,5,5,5,5,5,255,5,255,5,255,255,255,255,255
1780854664.604682,15511,1559323017,881,2053,2016,2062,2078,1836,1205,930,1143,1405,2056,2121,2076,1972,1401,1049,1293,2048,2047,2097,2090,2051,2013,1705,1331,2038,2067,2088,2107,2112,2107,1950,1338,2076,2085,2091,2099,2169,2036,1933,1278,2069,2091,2116,2116,2024,1930,1982,1248,1999,2119,2070,2075,1962,1967,1928,1226,1851,2036,2067,2000,2002,1941,2080,5,255,255,5,5,10,5,5,5,5,255,5,255,255,5,5,5,10,5,5,255,255,5,10,5,5,5,5,5,5,5,10,5,5,5,5,255,10,10,255,5,10,5,5,5,255,255,5,9,5,5,5,5,255,5,10,5,255,5,10,255,10,255,255
1780854664.704964,15512,1559423017,879,2053,2016,2081,2095,1836,1181,941,1132,1218,2112,2052,2045,1972,1340,1084,1288,2048,2087,2109,2125,2042,2013,1705,1320,2062,2082,2074,2099,2056,2070,1950,1346,2042,2070,2088,2094,2169,1998,1933,1289,2027,2118,2067,2128,2063,1926,1957,1227,1972,2043,2142,2107,1962,1963,1928,1159,1851,1949,2070,2031,2002,1941,2080,5,255,255,5,5,255,5,5,5,5,10,5,10,255,5,5,5,255,5,5,10,5,255,255,5,5,5,5,5,5,5,255,5,5,5,5,10,255,5,255,5,5,5,5,5,10,10,5,5,5,5,5,5,255,5,255,5,255,9,5,5,255,255,255
1780854664.804633,15513,1559523016,887,2068,2016,2087,2071,1836,1197,926,1148,1447,2030,2140,2045,1972,1426,1093,1297,1923,2050,2080,2080,2070,2045,1705,1309,1984,2061,2088,2095,2159,2043,1881,1266,2060,2071,2087,2105,2053,2000,1933,1244,2052,2078,2116,2113,2059,1926,1941,1275,2024,2114,2133,2073,2002,1940,1988,1251,2014,2111,1964,2031,1899,1958,2080,5,10,255,5,5,255,5,5,5,3,5,5,255,255,5,9,5,10,5,5,5,5,10,255,5,5,5,5,5,5,5,10,5,5,5,5,5,10,5,255,5,5,5,5,5,5,255,5,5,5,5,5,5,10,5,10,5,10,5,5,255,10,10,255
1780854664.905679,15514,1559623017,882,2079,2016,2054,2112,1836,1169,955,1092,1447,2068,2090,2045,1972,1278,1068,1289,1970,2079,2074,2100,2129,2068,1601,1271,2039,2081,2091,2127,2163,2033,1917,1303,2036,2062,2082,2132,2053,2010,1933,1270,2050,2101,2084,2100,2092,1971,1938,1259,2058,2088,2131,2090,1967,1953,1920,1184,2014,2020,2069,1973,1899,2010,2080,5,5,255,5,5,255,5,5,5,255,5,5,255,255,5,5,9,5,5,5,5,5,5,10,5,5,5,5,5,5,5,5,5,5,5,5,5,255,5,255,5,5,5,5,5,5,10,5,5,5,5,5,5,5,5,5,5,255,5,5,10,255,5,255
1780854665.005126,15515,1559723017,861,2001,2071,2040,2057,1836,1178,938,1143,1425,2044,2055,2045,1972,1323,1070,1277,2033,2082,2064,2104,2105,1994,1646,1284,2077,2081,2092,2080,2102,2052,1917,1276,1991,2062,2096,2169,2150,2032,1964,1242,2050,2121,2107,2107,2057,1971,1978,1244,2045,2084,2141,2058,1970,1978,2014,1210,2014,1977,2069,2027,2006,2010,2080,5,5,10,5,5,255,5,5,5,10,5,5,255,255,5,5,5,5,5,5,5,5,5,5,5,5,5,5,5,5,5,255,5,5,255,5,5,10,5,10,5,255,5,5,5,5,255,5,9,5,5,5,5,5,5,5,5,255,5,255,5,10,255,255
1780854665.104418,15516,1559823017,874,2074,2071,2046,2106,1836,1158,946,1136,1325,2044,2061,2098,1972,1443,1030,1271,1979,2069,2088,2086,2088,2011,1582,1314,2031,2066,2088,2103,2095,2004,1917,1345,2051,2062,2069,2087,2087,2032,1964,1330,2050,2075,2057,2107,2057,1971,1978,1213,2080,2096,2121,2121,1970,1956,1977,1199,2014,2061,2069,2027,1975,2010,2080,5,5,255,5,5,255,5,5,5,5,255,5,10,255,5,5,5,5,5,5,5,5,5,5,5,5,5,5,5,5,5,255,5,5,10,5,5,5,255,255,5,255,5,5,255,255,255,255,5,5,5,5,5,255,5,5,5,255,5,255,255,5,255,255
1780854665.205344,15517,1559923017,889,2074,2076,2061,2093,1836,1172,945,1123,1369,2044,2112,2109,1972,1340,1073,1271,2009,2098,2075,2117,2088,2033,1790,1347,2032,2084,2071,2072,2150,1963,1917,1314,2052,2124,2083,2117,2054,2004,1964,1308,2027,2056,2087,2128,2038,1908,1978,1211,2049,2105,2107,2111,2007,1980,1972,1246,2014,2046,2069,1961,1988,2010,2080,5,255,10,5,5,255,5,5,5,255,255,5,5,255,5,5,5,5,5,5,5,255,5,4,5,5,5,5,5,5,5,255,5,5,5,5,5,5,10,255,5,10,5,5,10,10,10,255,5,5,5,5,5,10,5,5,5,255,5,255,255,5,255,255
1780854665.304603,15518,1560023017,903,2021,2047,2045,2096,1836,1194,938,1209,1369,2007,2055,2104,1972,1349,1060,1307,2022,2112,2051,2117,2090,2019,1664,1328,2069,2064,2077,2089,2132,2057,1913,1284,2042,2070,2113,2102,2180,2004,1964,1338,2027,2084,2141,2141,2033,1979,1978,1296,2053,2085,2101,2081,1977,1966,2006,1184,2014,2037,2035,1961,1963,2010,2080,5,10,5,5,5,255,5,5,5,255,10,5,5,255,9,5,5,5,5,5,255,10,5,5,5,5,5,5,5,5,5,10,5,5,5,5,5,5,255,255,5,255,5,5,5,5,5,255,5,5,5,5,5,5,5,5,5,255,5,10,255,5,255,255
1780854665.404684,15519,1560123017,868,2055,2063,2064,2078,1836,1235,950,1127,1369,2037,2065,2142,1972,1454,1076,1234,1989,2072,2083,2087,2090,1991,1686,1239,2072,2058,2083,2095,2117,2030,1913,1237,2031,2070,2100,2093,2180,1973,1964,1262,2027,2077,2139,2126,2073,1981,1960,1229,2057,2144,2088,2071,1952,1928,1989,1191,2014,2071,2031,1955,1971,2010,2080,5,5,5,5,5,255,5,5,5,255,5,5,5,255,5,5,5,9,5,5,10,255,5,5,5,5,5,5,5,5,5,255,5,5,255,5,5,255,10,255,5,255,5,5,5,5,5,10,5,5,5,5,5,5,5,5,5,255,5,5,10,5,255,255
1780854665.516079,15520,1560233018,884,2069,2063,2090,2082,1836,1199,930,1129,1369,2037,2065,2142,1972,1362,1100,1309,2007,2082,2089,2087,2058,2000,1672,1320,2009,2060,2087,2083,2109,2030,1913,1286,2072,2070,2084,2150,2180,2002,1964,1267,2027,2077,2035,2099,2073,1981,1960,1213,2067,2118,2133,2066,1971,1928,1971,1194,2014,2063,2047,1924,1971,2010,2080,5,5,255,5,5,255,5,5,5,255,255,255,255,255,9,5,5,5,5,5,255,10,5,5,9,5,5,5,5,5,255,255,5,5,255,5,5,255,5,255,5,255,5,5,5,255,255,255,5,5,5,5,5,5,255,255,5,255,5,5,5,255,255,255
1780854665.613239,15521,1560333017,901,2069,2046,2072,2080,1836,1159,944,1136,1335,2060,2053,2104,1972,1311,1066,1281,1994,2081,2053,2152,2108,2066,1672,1276,2029,2086,2088,2089,2093,2028,1971,1290,2072,2120,2089,2130,2133,2028,1907,1323,2002,2083,2133,2128,2038,1981,1981,1222,2044,2096,2101,2118,1967,1964,1987,1179,2014,2062,2054,1937,1971,2010,2080,5,255,10,5,5,255,5,5,5,255,10,10,10,255,5,5,9,5,5,5,10,5,5,255,5,5,5,5,5,5,10,10,5,255,10,5,5,10,5,10,5,10,5,5,5,10,255,10,5,5,5,5,5,5,10,5,5,255,5,5,5,255,255,255
1780854665.715368,15522,1560433017,885,2094,2059,2031,2085,1836,1203,935,1092,1329,2057,2104,2104,1972,1284,1097,1233,2052,2061,2078,2120,2108,2080,1667,1244,2000,2063,2083,2066,2084,2037,1971,1283,2077,2109,2103,2101,2112,2000,1907,1255,2002,2057,2094,2120,2025,1981,2011,1239,1938,2106,2107,2104,2013,1964,2038,1203,2014,2049,2082,1971,1948,2032,2080,5,10,5,5,5,255,5,5,5,5,5,5,255,255,255,5,5,5,5,5,5,255,5,10,5,5,5,5,5,5,5,255,5,10,5,5,5,5,5,255,5,255,5,5,5,5,255,5,5,5,5,5,5,5,255,5,5,255,5,5,5,10,10,255
