host_ts,seq,esp_t_us,d00,d01,d02,d03,d04,d05,d06,d07,d08,d09,d10,d11,d12,d13,d14,d15,d16,d17,d18,d19,d20,d21,d22,d23,d24,d25,d26,d27,d28,d29,d30,d31,d32,d33,d34,d35,d36,d37,d38,d39,d40,d41,d42,d43,d44,d45,d46,d47,d48,d49,d50,d51,d52,d53,d54,d55,d56,d57,d58,d59,d60,d61,d62,d63,s00,s01,s02,s03,s04,s05,s06,s07,s08,s09,s10,s11,s12,s13,s14,s15,s16,s17,s18,s19,s20,s21,s22,s23,s24,s25,s26,s27,s28,s29,s30,s31,s32,s33,s34,s35,s36,s37,s38,s39,s40,s41,s42,s43,s44,s45,s46,s47,s48,s49,s50,s51,s52,s53,s54,s55,s56,s57,s58,s59,s60,s61,s62,s63
1780855067.080102,19521,1961803016,837,2046,2084,2069,2096,2069,1251,1019,1084,1277,2043,2102,2082,2025,1374,1086,1183,2039,2100,2098,2088,2068,2076,1690,1196,2021,2083,2094,2087,2084,2115,1885,1179,2009,2084,2073,2097,2090,2033,1857,1178,2015,2091,2134,2081,2076,1931,1908,1140,2051,2102,2119,2123,1982,1925,1941,1136,1392,2034,2064,2039,1956,1911,1971,5,5,5,5,5,10,5,5,5,5,5,5,10,5,5,5,5,5,5,5,5,5,5,5,5,5,5,5,5,5,5,10,5,5,5,5,5,255,10,255,5,10,5,10,5,5,5,10,5,255,5,5,5,5,5,5,5,255,10,10,255,5,255,255
1780855067.180206,19522,1961903017,836,1056,2084,2100,2096,2071,1355,990,1072,1234,2043,2102,2103,2046,1435,1091,1178,2039,2080,2076,2034,2060,2048,1605,1204,1986,2092,2083,2080,2119,2112,1815,1244,2034,2141,2089,2120,2099,2033,1940,1182,1966,2092,2123,2118,2141,1969,1926,1125,2051,2114,2110,2081,2002,1957,1947,1143,1392,2034,2064,1992,1949,1911,1971,5,5,255,5,255,5,5,5,5,5,255,255,5,5,5,5,5,255,5,5,5,5,5,5,5,5,5,5,5,5,5,5,5,5,5,5,5,10,255,10,5,5,5,5,5,5,5,5,5,255,5,5,5,5,5,5,5,255,255,255,10,5,255,255
1780855067.280557,19523,1962003016,833,1019,2090,2059,2081,2009,1250,1001,1071,1260,2119,2083,2103,2060,1383,1153,1203,2026,2092,2079,2101,2088,2076,1674,1212,1986,2103,2084,2077,2100,2101,1853,1201,2122,2103,2081,2105,2105,2046,1959,1220,1966,2100,2161,2109,2067,1934,1908,1121,2043,2089,2105,2078,1990,1927,1959,1109,1904,2053,2045,1980,1949,1911,1971,5,255,10,5,10,5,9,5,5,5,10,10,255,5,5,5,5,10,5,5,5,5,5,5,5,255,5,5,5,5,5,5,5,5,5,5,5,5,10,5,5,255,5,5,5,5,5,5,5,10,5,5,5,5,5,5,5,10,10,10,5,255,255,255
1780855067.382476,19524,1962103017,859,1094,2118,2053,2050,2098,1285,1004,1100,1288,2119,2074,2093,2097,1397,1089,1184,2051,2085,2069,2113,2099,2129,1726,1163,2004,2111,2096,2105,2141,2085,1791,1165,2035,2071,2098,2089,2105,2030,1959,1175,1966,2089,2161,2046,2090,1965,1911,1131,2043,2071,2119,2078,2057,2002,1957,1113,1904,2055,2045,2037,1949,1911,1971,5,5,5,5,5,5,5,5,5,5,255,5,10,5,5,5,5,5,5,5,5,5,5,5,9,10,5,5,5,5,5,5,5,5,5,5,5,255,5,255,5,255,5,255,5,5,5,5,5,255,5,5,255,5,5,5,5,255,5,255,5,255,255,255
1780855067.479940,19525,1962203016,841,2007,2059,2044,2098,2044,1299,992,1091,1309,2083,2059,2073,2071,1440,1099,1176,1968,2094,2097,2048,2099,2091,1686,1182,2052,2097,2094,2105,2108,2089,1819,1177,2048,2095,2125,2097,2116,2056,1835,1174,1910,2099,2161,2084,2099,1972,1980,1149,2043,2087,2083,2075,2002,1959,1953,1106,1904,2008,2067,1948,1951,1911,1971,5,4,5,5,5,5,5,5,9,5,10,5,5,5,5,5,5,5,5,5,5,5,5,5,5,5,5,5,5,5,5,5,5,5,5,5,5,10,5,10,5,10,5,255,5,5,5,5,5,255,5,5,10,5,5,5,5,255,5,10,5,10,255,255
1780855067.581809,19526,1962303017,849,1059,2106,2044,2082,2029,1239,1015,1054,1259,2083,2059,2073,2071,1411,1129,1194,1989,2110,2114,2081,2107,2058,1719,1234,2027,2115,2089,2095,2099,2081,1870,1192,2077,2092,2118,2089,2103,2056,1925,1158,1910,2094,2161,2104,2077,1950,1980,1122,2043,2072,2110,2098,2088,1939,1950,1132,1904,2044,2065,2030,1978,1911,1971,5,5,5,255,5,5,5,5,5,5,255,255,255,255,5,5,5,5,5,5,5,5,5,5,5,5,5,5,5,5,5,5,5,5,5,5,5,5,255,5,5,255,5,255,5,5,5,255,5,255,5,5,5,5,5,5,5,255,5,5,5,5,255,255
1780855067.681323,19527,1962403016,849,1005,2106,2067,2054,2070,1341,974,1095,1353,2076,2061,2073,2017,1385,1120,1171,1986,2095,2102,2126,2093,2019,1614,1197,2071,2090,2095,2103,2073,2070,2047,1144,2073,2075,2085,2089,2096,2046,1957,1129,1910,2080,2136,2137,2101,1950,1930,1133,2043,2082,2082,2094,1965,1951,1950,1092,1904,2058,2094,2033,1897,1911,1971,5,5,255,10,5,5,5,5,5,5,10,10,255,10,9,5,5,5,5,5,5,5,5,5,5,5,5,5,5,5,5,5,5,5,5,5,5,5,10,5,5,255,5,10,5,5,5,10,5,255,5,5,5,5,5,255,5,255,5,5,5,255,255,255
1780855067.781734,19528,1962503017,836,2080,2106,2048,2107,2065,1429,991,1090,1237,2044,2057,2091,2017,1391,1120,1249,1986,2053,2117,2092,2113,2037,1610,1183,2077,2069,2096,2089,2120,2098,2047,1184,2073,2117,2076,2085,2096,2046,1871,1190,1910,2096,2136,2073,2110,2013,1929,1169,2038,2135,2120,2091,2037,1937,1959,1117,1904,1991,2103,2033,1915,1912,1971,5,5,255,5,5,5,9,5,5,5,5,5,10,255,5,5,5,255,5,5,5,5,5,5,5,5,5,5,5,5,5,255,5,255,5,5,5,255,255,5,5,255,5,255,5,5,5,5,5,10,5,5,5,5,5,10,5,255,5,5,5,5,10,255
1780855067.881366,19529,1962603016,848,2049,2093,2063,2071,2055,1322,1003,1076,1269,2083,2074,2018,2142,1411,1152,1167,1994,2102,2068,2081,2088,2088,1646,1221,2073,2093,2080,2087,2072,2108,1968,1222,2041,2082,2080,2093,2052,2051,1894,1192,1997,2075,2047,2078,2111,1985,1943,1158,2038,2047,2113,2128,2004,1934,1941,1094,1904,2060,2054,1958,1996,1912,1971,5,5,10,5,5,5,5,5,5,9,5,5,5,10,5,5,5,10,5,5,5,5,5,5,5,5,5,5,5,5,5,10,5,10,5,5,5,10,10,5,5,10,5,10,5,5,5,5,5,255,5,5,5,9,5,5,5,255,5,5,5,5,255,255
1780855067.979026,19530,1962703017,841,2049,2026,2063,2072,2034,1259,980,1084,1310,1987,2076,2089,2142,1450,1125,1163,1703,2101,2086,2119,2134,2048,1632,1219,2019,2091,2081,2097,2097,2085,1852,1190,2047,2142,2098,2067,2052,2051,1935,1186,1961,2106,2145,2104,2088,1996,1972,1156,2038,2058,2101,2128,1967,1933,1967,1129,1904,2000,2042,1977,1996,1912,1971,5,255,5,255,5,5,5,5,5,5,5,5,5,255,5,5,5,4,5,5,5,5,5,5,5,5,5,5,5,5,5,5,5,5,5,5,5,255,255,5,5,5,5,5,5,5,5,5,5,255,5,5,255,5,5,5,5,255,5,5,5,255,255,255
1780855068.079987,19531,1962803016,830,2094,2111,2076,2085,2002,1268,1020,1051,1251,2036,2094,2089,2105,1400,1111,1235,1556,2069,2069,2088,2085,2057,1649,1163,2003,2076,2086,2079,2081,2116,1877,1162,2101,2095,2078,2125,2094,2022,1971,1189,2083,2065,2145,2107,2110,1922,1905,1138,2024,2122,2101,2083,1950,1960,1958,1084,1904,1979,2027,1995,1949,2015,1971,5,10,5,10,5,5,5,5,5,5,5,5,255,10,5,5,5,5,5,5,5,5,5,5,5,5,5,5,5,5,5,5,5,5,5,5,5,10,10,5,5,5,5,255,5,5,5,5,5,10,5,5,10,5,5,5,5,255,5,5,5,10,10,255
1780855068.180353,19532,1962903017,836,2084,2090,2079,2089,1988,1333,980,1062,1291,2040,2094,2089,2105,1451,1101,1172,2022,2087,2091,2109,2043,2089,1668,1183,2057,2091,2086,2082,2097,2051,1808,1176,2073,2104,2090,2085,2094,2079,1971,1164,2083,2101,2149,2100,2109,1922,1953,1148,2079,2107,2079,2098,2013,1887,1995,1109,1904,1979,2028,2040,1972,2015,1971,5,5,5,5,5,5,9,5,5,5,5,255,255,255,5,5,5,5,5,5,5,5,5,5,5,5,5,5,5,5,5,5,5,5,5,5,5,255,5,255,5,255,5,10,5,5,255,5,9,5,5,5,5,5,5,5,5,255,255,5,5,5,255,255
1780855068.280222,19533,1963003017,844,2086,2078,2063,2088,2039,1294,1014,1044,1230,2084,2108,2096,2067,1454,1143,1170,1916,2050,2086,2104,2140,2050,1668,1196,2017,2092,2101,2085,2097,2110,1884,1185,2062,2079,2123,2137,2129,2089,1815,1177,1865,2084,2139,2100,2109,1953,1953,1121,2079,2074,2108,2115,2040,1959,1935,1078,1904,2063,2028,2041,1940,2015,1971,5,5,5,5,5,5,9,5,5,5,5,10,10,10,5,5,5,9,5,5,5,5,5,255,5,5,5,5,5,5,5,5,5,5,5,5,5,10,5,10,9,10,5,5,255,255,10,255,5,255,5,5,5,5,5,5,5,255,10,255,255,5,255,255
1780855068.391048,19534,1963113017,845,1051,2087,2063,2076,2062,1275,974,1084,1269,2093,2094,2070,2113,1398,1149,1197,1942,2065,2105,2129,2056,2094,1668,1167,1978,2102,2093,2104,2082,2088,1900,1197,2062,2079,2089,2111,2087,2060,1815,1190,1865,2069,2122,2129,2135,2017,1953,1129,2051,2148,2088,2139,1996,1971,1932,1104,1904,2003,2057,1951,1940,2015,1971,5,4,5,255,5,5,5,5,5,5,5,5,5,5,5,5,5,5,5,5,5,5,5,255,5,9,5,5,5,5,5,5,5,255,5,5,5,5,5,255,5,255,5,5,10,10,5,255,5,10,5,5,5,5,5,5,5,255,5,10,5,255,255,255
1780855068.490236,19535,1963213017,838,2121,2070,2051,2054,2062,1330,1003,1061,1275,2074,2085,2070,2040,1416,1085,1158,1918,2064,2068,2155,2066,2065,1652,1151,2054,2059,2090,2058,2102,2124,1875,1191,2003,2106,2087,2129,2112,2029,1815,1177,1865,2047,2123,2093,2095,2017,1900,1165,2051,2086,2114,2139,1968,1968,1943,1106,1904,2069,2002,2042,2006,2015,1971,5,4,5,10,5,255,5,5,5,5,5,5,255,5,5,5,5,5,5,5,5,5,5,10,5,5,5,5,5,5,5,5,5,10,5,5,5,5,5,255,5,255,5,5,5,5,255,10,5,255,5,5,255,5,5,5,5,255,5,5,5,10,255,255
1780855068.590360,19536,1963313017,833,1026,2070,2051,2076,2039,1281,986,1111,1311,2074,2038,2137,2057,1427,1077,1203,1998,2087,2095,2122,2103,2027,1684,1187,2078,2083,2087,2102,2106,2066,1891,1191,2063,2077,2098,2085,2132,2029,1815,1183,1865,2064,2087,2105,2040,2060,1948,1157,2051,2103,2119,2117,2003,1920,1943,1104,1904,2069,2051,1959,2006,1964,1971,5,5,255,255,5,10,5,5,5,5,255,5,10,5,5,5,5,5,5,5,5,5,5,5,5,5,5,5,5,5,5,5,5,5,5,5,5,5,255,255,5,255,5,5,5,5,3,5,5,255,5,5,10,5,5,255,5,255,255,5,5,255,10,255
1780855068.690750,19537,1963413016,837,1011,2089,2089,2082,2065,1268,1005,1072,1291,2114,2126,2070,2069,1564,1131,1204,2055,2078,2075,2090,2086,2096,1706,1196,2062,2096,2082,2092,2103,2082,1891,1169,2050,2083,2093,2090,2142,2039,1919,1156,1865,2069,2078,2098,2100,2005,1966,1135,2003,2070,2112,2095,1997,2009,1953,1123,1904,2046,2107,1964,1950,1964,1971,5,255,10,10,5,5,5,5,5,255,10,5,5,5,9,5,5,5,5,5,5,5,5,5,5,5,5,5,5,5,5,255,5,5,5,5,5,5,10,10,5,255,5,5,5,5,5,5,5,10,5,5,5,5,5,10,5,255,10,5,5,10,255,255
1780855068.790213,19538,1963513017,826,2019,2069,2064,2073,2090,1314,979,1053,1299,2045,2126,2100,2069,1539,1103,1200,1982,2061,2093,2087,2050,2069,1737,1214,2069,2091,2088,2095,2126,2075,1891,1189,2050,2117,2104,2111,2142,2039,1955,1167,1865,2098,2073,2153,2098,2012,1940,1123,2003,2085,2112,2095,1973,1956,1950,1102,1904,2011,2054,1981,1928,1955,1971,5,4,5,5,5,5,5,5,5,5,5,255,5,255,5,5,5,5,5,5,5,5,5,5,5,5,5,5,5,5,5,255,5,255,5,5,5,255,255,5,5,255,5,5,5,5,5,5,5,255,5,5,255,5,5,5,5,255,5,5,5,5,10,255
1780855068.890002,19539,1963613016,846,2080,2066,2100,2096,2090,1271,1017,1063,1271,2097,2063,2082,2069,1455,1143,1172,2015,2060,2109,2087,2116,2052,1648,1200,2007,2085,2094,2081,2080,2095,1911,1220,2050,2085,2084,2099,2152,2039,1955,1168,1865,2059,2083,2121,2073,1995,1972,1162,2009,2086,2110,2099,2019,1927,2037,1144,1904,2046,2079,2071,1928,1991,1971,5,5,5,5,5,5,5,5,5,5,5,10,5,10,5,5,5,5,5,5,5,5,5,5,5,5,5,5,5,5,5,10,5,255,5,5,5,10,255,255,5,255,5,5,5,5,5,5,5,10,5,5,10,5,5,5,5,255,5,5,5,255,5,255
1780855068.991278,19540,1963713017,834,2066,2051,2059,2063,2090,1341,995,1086,1220,2097,2107,2080,2068,1467,1086,1198,2049,2087,2113,2102,2087,2073,1648,1153,2071,2113,2086,2096,2118,2101,1911,1175,2050,2097,2091,2105,2152,2039,1872,1182,1865,2072,2083,2118,2058,1940,1901,1180,2009,2088,2097,2095,1997,1966,1972,1109,1904,2046,2016,2020,1928,1991,1971,5,5,5,5,5,255,5,5,5,5,255,5,5,5,5,9,5,5,5,5,5,5,5,255,5,5,5,5,5,5,5,255,5,255,5,5,5,255,255,10,5,255,5,255,5,5,5,5,5,255,5,5,5,5,5,5,5,255,255,5,5,255,255,255
1780855069.090168,19541,1963813016,835,2035,2069,2060,2068,2079,1274,994,1098,1255,2086,2070,2086,2068,1500,1148,1174,1974,2083,2083,2092,2107,2074,1662,1152,2023,2097,2075,2073,2101,2088,1877,1180,2008,2137,2082,2084,2103,2039,1943,1147,2027,2118,2083,2120,2063,1928,1928,1109,2009,2072,2137,2106,2014,1973,1999,1132,1720,1985,2016,2048,1981,1991,1971,5,5,5,5,5,10,5,5,5,5,10,5,5,255,5,5,5,5,5,5,5,5,5,10,9,5,5,5,5,5,5,10,5,10,5,5,5,10,255,5,5,10,5,255,5,5,5,5,5,255,5,5,5,5,5,5,5,10,10,255,5,10,255,255
1780855069.190239,19542,1963913017,857,2096,2053,2068,2069,1999,1254,964,1054,1300,2052,2049,2117,2068,1411,1087,1178,2038,2084,2068,2118,2111,2019,1645,1204,2047,2081,2097,2111,2078,2085,1877,1143,2054,2137,2062,2105,2086,2067,1961,1163,2027,2118,2073,2120,2134,1922,1928,1167,2016,2087,2113,2115,2018,1953,1958,1109,1720,2082,2016,2037,1981,1991,1971,5,5,5,5,5,5,5,5,5,5,5,5,5,255,5,5,5,5,5,5,5,5,5,5,5,5,5,5,5,5,5,255,5,5,255,5,5,5,10,5,9,255,255,10,255,5,5,255,5,10,5,5,5,5,5,5,5,255,5,255,5,255,255,255
1780855069.290651,19543,1964013016,833,1063,2089,2111,2093,2009,1300,986,1062,1310,2045,2063,2117,2068,1397,1128,1162,2033,2068,2096,2105,2091,2068,1763,1180,2071,2065,2101,2081,2149,2077,1877,1187,2054,2114,2073,2109,2106,2044,1961,1130,2047,2076,2075,2059,2080,1961,1922,1133,2016,2113,2096,2090,2019,1934,1936,1081,1720,2014,1971,1949,1972,1991,1971,5,5,5,5,5,5,9,5,5,5,5,5,255,255,5,5,5,5,5,5,5,5,5,5,5,5,5,5,5,5,5,255,5,255,10,5,5,5,5,255,5,10,10,5,10,5,5,10,5,255,5,5,5,5,5,5,5,255,5,10,5,10,255,255
1780855069.390365,19544,1964113017,827,2041,2052,2075,2092,2009,1269,981,1100,1243,2045,2097,2107,2068,1370,1132,1185,1954,2102,2107,2113,2116,2043,1707,1187,2071,2093,2096,2078,2091,2097,1878,1194,2112,2096,2064,2079,2061,2044,1914,1190,2047,2103,2134,2123,2079,2016,1940,1150,2016,2107,2122,2086,2023,1969,1959,1114,1720,2111,1971,1995,1945,1991,1971,5,5,5,5,5,255,5,5,5,5,255,5,10,255,5,5,5,5,5,5,5,5,5,5,5,255,5,5,5,5,5,10,5,10,5,5,5,5,255,10,5,255,5,5,5,5,5,5,5,255,5,5,5,5,5,5,5,255,5,255,5,5,255,255
1780855069.490291,19545,1964213016,829,2080,2043,2032,2078,2016,1224,1004,1092,1309,2045,2136,2077,2066,1432,1128,1161,2033,2084,2080,2113,2116,2108,1707,1220,2040,2086,2092,2078,2117,2056,1814,1223,2065,2105,2074,2095,2109,2055,1914,1179,1994,2097,2110,2093,2009,1924,1940,1131,2016,2081,2119,2108,2000,1922,1957,1102,1720,2009,2089,2008,1961,1991,1971,5,5,5,5,5,10,5,5,5,5,255,5,5,10,5,5,5,5,5,5,255,5,5,255,5,10,5,5,5,5,5,5,5,5,5,5,5,5,10,255,5,10,5,5,5,5,5,255,5,255,5,5,5,5,5,5,5,255,5,10,5,5,255,255
1780855069.590328,19546,1964313017,851,1041,2043,2097,2082,2016,1206,1022,1079,1225,2058,2056,2077,2096,1449,1129,1151,2055,2059,2070,2099,2115,2057,1647,1159,2013,2102,2091,2075,2114,2088,1956,1182,2034,2123,2067,2102,2076,2031,1916,1173,1994,2086,2110,2093,2016,1924,1950,1158,2011,2105,2119,2108,1947,1956,1965,1102,1720,2009,2089,1999,1958,1991,1971,5,5,255,5,5,255,5,5,5,5,10,5,255,5,5,5,5,5,5,5,10,5,5,10,5,5,5,5,5,5,5,5,5,5,5,5,5,5,5,10,5,255,5,255,255,5,255,10,5,10,5,255,255,5,5,5,5,255,255,255,5,5,255,255
1780855069.691550,19547,1964413016,842,1087,2054,2059,2088,1983,1305,1004,1097,1234,2037,2066,2050,2096,1475,1145,1205,2089,2065,2092,2110,2094,2019,1626,1179,2031,2069,2089,2074,2089,2086,549,1166,2034,2123,2107,2117,2087,2065,1844,1164,1994,2095,2102,2125,2060,2005,1947,1129,2021,2081,2106,2108,1994,1964,1965,1108,1720,2012,2076,1999,1958,1995,1971,5,5,10,5,5,10,5,5,9,5,5,5,10,255,5,5,5,5,5,5,5,5,5,5,5,5,5,5,5,5,5,4,5,255,255,5,5,5,5,5,5,255,5,10,10,5,10,5,5,5,5,10,255,5,5,5,5,255,10,10,255,255,10,255
1780855069.790387,19548,1964513017,856,1032,2054,2079,2097,2087,1276,1000,1083,1264,2027,2061,2050,2096,1488,1101,1159,2076,2069,2062,2095,2120,2069,1626,1180,2072,2085,2087,2073,2074,2053,549,1182,2017,2123,2103,2103,2127,2065,1844,1139,2074,2125,2065,2099,2116,2026,1968,1155,2004,2061,2074,2108,2015,1925,1965,1108,1720,2060,2049,2005,1912,1995,1971,5,5,255,5,5,5,5,5,5,5,5,5,255,255,5,5,5,5,5,5,5,5,5,255,5,5,5,5,5,5,5,255,5,10,255,5,5,5,255,255,5,10,5,5,5,5,5,5,5,5,5,5,255,5,5,255,5,255,5,5,10,10,255,255
1780855069.890560,19549,1964613017,843,1041,2079,2067,2074,2040,1257,999,1096,1395,2027,2036,2050,2109,1461,1114,1188,1684,2099,2056,2131,2136,2083,1671,1136,1982,2098,2100,2084,2110,2081,1848,1187,2139,2137,2085,2089,2089,2065,1948,1165,2074,2123,2084,2096,2060,2026,2002,1106,2006,2100,2110,2095,1968,1930,2017,1111,1858,2007,2049,2002,1974,1995,1971,5,255,10,5,5,5,5,5,5,5,255,5,255,10,5,5,5,4,255,5,5,5,5,10,5,5,5,5,5,5,5,10,5,5,10,5,5,5,255,10,5,255,5,5,5,5,255,5,5,5,5,5,10,5,5,10,5,10,5,255,5,5,255,255
1780855069.989064,19550,1964713017,855,2080,2063,2082,2026,2131,1278,995,1081,1326,2067,2092,2050,2109,1445,1129,1153,1979,2105,2105,2101,2083,2019,1659,1179,2027,2075,2095,2093,2085,2095,1848,1185,1974,2171,2104,2050,2107,2036,1948,1156,2074,2123,2052,2122,2048,2021,1920,1133,2006,2090,2105,2137,2005,1984,2012,1156,1858,2007,2007,1945,1974,1995,1971,5,5,5,5,5,5,9,5,5,5,10,5,255,255,5,5,5,4,5,5,5,5,5,9,5,5,5,5,5,5,5,255,5,5,9,5,5,5,10,255,9,255,255,5,5,5,10,5,5,255,5,5,5,5,5,5,5,255,255,10,3,255,255,255
1780855070.090007,19551,1964813017,843,2066,2065,2082,2066,2090,1250,996,1058,1281,2087,2080,2090,2088,1428,1118,1183,1998,2109,2129,2102,2133,2062,1675,1160,2039,2087,2093,2103,2083,2083,1921,1190,2039,2077,2106,2090,2107,2036,1948,1162,2074,2074,2052,2109,2083,2009,1957,1131,2098,2126,2131,2099,1982,1948,1962,1093,1858,2007,2003,1945,1944,1995,1971,5,5,5,5,5,5,5,5,5,5,5,5,10,10,5,5,5,5,5,5,5,5,5,9,5,5,5,5,5,5,5,10,9,5,5,5,5,255,255,255,9,255,10,255,5,5,5,5,5,10,5,5,5,5,5,5,5,255,255,5,255,255,255,255
1780855070.190192,19552,1964913017,850,1030,2087,2074,2082,2080,1304,966,1079,1312,2076,2080,2108,2088,1379,1140,1216,1601,2046,2077,2099,2084,2100,1686,1225,2017,2057,2081,2096,2118,2085,1899,1198,2017,2088,2094,2100,2130,2036,1948,1143,2039,2129,2052,2106,2115,2009,1967,1144,2098,2066,2100,2117,2034,1970,1962,1120,1858,2007,2003,1952,1944,1995,1971,5,5,5,5,5,5,5,5,5,5,5,255,5,255,5,5,5,4,5,5,5,5,5,5,5,5,5,5,5,5,5,5,5,5,5,5,5,10,255,255,5,10,5,255,5,5,255,5,5,255,5,5,5,5,5,255,5,255,255,255,10,255,255,255
1780855070.290036,19553,1965013016,849,2063,2087,2094,2061,2018,1304,999,1112,1328,2092,2095,2043,2038,1393,1114,1159,1674,2109,2081,2073,2099,2108,1691,1198,2026,2083,2088,2071,2110,2127,1899,1142,2046,2102,2079,2069,2130,2054,1908,1186,2002,2113,2099,2100,2060,2009,1966,1160,2049,2094,2099,2076,2014,1934,1962,1129,1858,2057,2030,1973,1938,1995,1971,5,5,255,5,5,5,9,5,5,5,5,10,5,10,5,5,5,5,5,5,5,5,5,5,5,5,5,5,5,5,5,255,5,5,5,5,5,5,10,10,5,5,5,10,5,5,255,5,5,10,5,5,5,5,5,255,5,255,10,10,5,10,255,255
1780855070.390101,19554,1965113017,833,1042,2019,2084,2075,2075,1262,1002,1085,1252,2036,2070,2057,2038,1417,1111,1190,2082,2072,2062,2079,2099,2066,1686,1206,2051,2076,2101,2089,2108,2097,1940,1205,2046,2098,2132,2086,2130,2054,1908,1211,2002,2096,2053,2071,2132,1989,1962,1161,2049,2076,2099,2076,1982,1910,1969,1103,1671,2088,2025,2060,1983,1995,1971,5,5,10,5,5,5,5,5,5,5,5,5,5,255,5,5,5,5,5,5,5,255,5,5,5,5,5,5,5,5,5,10,5,255,5,5,5,255,255,255,5,255,5,5,5,5,10,5,5,255,5,5,255,5,5,10,5,10,5,5,5,5,255,255
1780855070.490073,19555,1965213017,851,2088,2087,2069,2096,2140,1278,966,1059,1250,2026,2081,2057,2038,1458,1115,1156,1580,2078,2114,2130,2100,2073,1712,1228,2023,2076,2077,2104,2137,2117,1940,1180,2046,2099,2098,2099,2130,2028,1979,1166,2002,2117,2148,2134,2078,1989,1946,1134,2041,2078,2088,2123,2016,1889,1979,1137,1671,2040,2052,2004,1964,1995,1971,5,5,5,5,5,5,5,5,5,5,5,5,255,255,5,5,5,4,5,5,5,10,5,5,5,5,5,5,5,5,5,255,5,255,5,5,5,255,10,10,5,255,5,5,5,5,255,5,5,10,5,5,10,5,5,5,5,255,5,5,5,5,255,255
1780855070.590136,19556,1965313017,827,2100,2080,2069,2127,2004,1218,967,1100,1304,2025,2064,2057,2038,1465,1133,1191,1690,2031,2084,2087,2093,2036,1712,1181,2098,2079,2086,2116,2089,2100,1940,1199,2037,2114,2101,2088,2120,2051,1993,1164,2002,2113,2075,2075,2129,1989,1929,1152,2041,2109,2093,2123,1978,1949,1979,1144,1805,2040,2063,2013,1964,1995,1971,5,5,5,255,5,9,5,5,5,5,5,5,255,255,5,5,9,5,5,5,5,5,5,255,5,5,5,5,5,5,5,255,5,10,5,5,5,10,5,5,5,255,5,5,5,5,255,5,5,255,5,5,5,5,5,255,5,10,255,5,5,255,255,255
1780855070.690267,19557,1965413017,840,1078,2105,2081,2081,2004,1263,1004,1089,1237,2074,2061,2084,2038,1420,1076,1166,1979,2093,2112,2097,2055,2048,1682,1189,2046,2129,2091,2079,2110,2041,1940,1221,2040,2099,2079,2099,2120,2051,1942,1192,2002,2056,2083,2109,2074,1951,1913,1170,2041,2109,2095,2123,2005,1928,1979,1116,1805,2032,2046,2047,1942,1970,1971,5,255,5,10,5,255,5,5,5,5,5,5,10,255,5,5,5,5,5,5,5,5,5,10,9,5,5,5,5,5,5,255,5,5,5,5,5,255,255,5,5,255,5,5,5,5,10,5,5,255,5,5,5,5,5,255,5,255,10,5,5,10,10,255
1780855070.790005,19558,1965513017,837,1064,2105,2070,2078,2004,1202,1005,1090,1308,2026,2054,2059,2082,1480,1111,1221,2079,2074,2088,2104,2129,1977,1754,1169,2008,2074,2090,2082,2110,2097,1887,1166,2040,2114,2092,2150,2083,2051,1942,1197,2002,2095,2128,2098,2101,1951,1937,1156,2041,2060,2111,2129,2013,1928,1916,1146,1535,2032,2055,1990,1976,1970,1971,5,5,255,5,5,255,5,5,5,5,5,5,5,10,5,5,5,5,5,5,5,5,5,5,5,5,5,5,5,5,5,10,5,255,5,5,5,10,255,5,9,255,5,5,5,5,255,5,5,255,5,5,5,5,5,10,5,10,255,5,5,5,255,255
1780855070.890011,19559,1965613016,848,1056,2105,2062,2071,2069,1274,971,1084,1270,2038,2093,2072,2026,1536,1079,1191,2028,2069,2100,2084,2107,2073,1682,1219,2065,2093,2091,2099,2076,2101,1933,1188,2066,2038,2100,2083,2066,2084,1902,1168,2002,2075,2118,2088,2046,1951,1941,1184,2093,2101,2088,2075,1997,1942,1969,1062,1489,2084,2066,2051,2002,1970,1971,5,5,255,5,5,10,5,5,5,5,5,5,5,5,5,5,5,5,5,5,5,5,5,5,9,5,5,5,5,5,5,5,5,10,5,5,5,5,10,5,5,255,5,5,5,5,255,5,5,10,5,5,5,5,5,5,5,5,10,5,5,5,255,255
1780855070.988918,19560,1965713017,852,1011,2105,2095,2069,2076,1250,1014,1086,1284,2074,2047,2127,2011,1416,1079,1148,2028,2063,2084,2131,2096,2081,1687,1150,1995,2090,2084,2102,2083,2065,1933,1212,2039,2100,2081,2111,2066,2037,1962,1189,2052,2132,2118,2107,2046,1951,1928,1166,2093,2113,2070,2075,1964,1899,1969,1097,1489,2084,2066,1995,2033,1970,1971,5,255,255,5,5,5,5,5,5,5,5,5,5,5,5,5,5,255,5,5,5,5,5,5,5,5,5,5,5,5,5,255,5,5,5,5,5,255,5,5,5,10,5,255,5,255,255,5,5,255,5,5,255,5,5,255,5,255,255,255,5,5,255,255
1780855071.090158,19561,1965813016,833,2080,2026,2085,2060,1940,1239,996,1071,1280,2143,2065,2064,2057,1552,1127,1170,1899,2089,2093,2103,2098,2029,1687,1142,2056,2092,2096,2078,2120,2089,1933,1174,2086,2099,2096,2112,2082,2101,1940,1172,2052,2111,2172,2101,2101,1988,1902,1175,2093,2092,2108,2082,2017,1997,1966,1094,1489,2045,2043,2013,2033,1970,1971,5,4,10,5,5,5,5,5,5,5,5,5,5,5,9,5,5,10,5,5,5,5,5,255,5,5,5,5,5,5,5,255,5,5,5,5,5,10,5,5,5,255,5,10,5,10,10,5,5,255,5,5,10,5,5,10,5,255,10,10,5,255,255,255
1780855071.200145,19562,1965923016,834,1045,2073,2035,2060,2053,1267,996,1100,1289,2058,2094,2064,2131,1462,1124,1219,2040,2085,2085,2117,2099,2078,1687,1216,2040,2065,2086,2081,2118,2085,1837,1188,2086,2106,2090,2136,2112,2101,1925,1158,2052,2106,2121,2158,2099,1941,1950,1153,2093,2072,2080,2083,2006,1950,1983,1121,2031,1998,2089,2040,1895,1970,1971,5,5,5,5,255,5,5,5,9,5,5,5,255,5,5,5,5,5,5,5,5,5,5,255,9,5,5,5,5,5,5,10,5,255,5,5,5,5,255,5,5,255,5,5,5,5,5,5,5,255,5,5,5,5,5,5,5,10,5,5,5,10,255,255
1780855071.301085,19563,1966023016,845,1064,2094,2069,2088,2044,1178,987,1070,1295,2059,2077,2074,2103,1392,1111,1198,1985,2099,2080,2125,2095,2063,1663,1188,2025,2087,2095,2096,2116,2111,1843,1224,2045,2061,2076,2106,2142,2022,1977,1157,2052,2104,2106,2100,2106,1941,1950,1132,2063,2107,2117,2090,2019,1948,1927,1102,2031,2043,2040,2040,1897,1970,1971,5,5,5,5,10,5,5,5,5,5,5,5,10,5,5,5,5,5,5,5,5,5,5,10,5,5,5,5,5,5,5,5,5,10,5,5,5,5,10,5,9,255,5,5,5,5,255,5,5,10,5,5,5,5,5,5,5,255,5,5,255,5,255,255
1780855071.400907,19564,1966123017,840,2081,2076,2079,2088,2004,1274,999,1084,1259,2059,2077,2088,2103,1409,1115,1181,2039,2095,2102,2085,2045,2029,1853,1170,2009,2104,2095,2088,2095,2073,1884,1146,2045,2096,2098,2121,2142,2022,1977,1234,2052,2077,2106,2106,2089,1941,1938,1131,2063,2106,2124,2101,1950,1948,1919,1083,2031,2043,2055,2002,1897,2027,1971,5,5,5,5,255,5,5,5,5,5,255,255,5,255,5,5,5,5,5,5,5,5,5,5,5,5,5,5,5,5,5,5,5,5,5,5,5,255,255,255,5,255,5,5,5,5,255,5,5,255,5,5,5,5,255,5,5,255,255,5,10,255,10,255
1780855071.500263,19565,1966223017,858,2049,2076,2079,2070,2049,1279,997,1058,1342,2058,2079,2057,2055,1502,1128,1181,1796,2077,2070,2097,2029,2018,1748,1228,2089,2080,2090,2093,2118,2108,1878,1205,2045,2092,2093,2076,2050,2022,1977,1205,2052,2090,2077,2134,2094,2001,1984,1158,1997,2082,2082,2097,1982,1921,1919,1108,2031,2062,2010,2002,1920,2027,1971,5,5,255,5,10,5,9,5,5,5,10,10,5,10,5,5,5,4,5,5,5,5,5,5,5,5,5,5,5,5,5,5,5,255,5,5,5,10,255,255,5,255,5,5,5,5,10,5,5,10,5,5,5,5,10,255,5,255,10,5,255,10,255,255
1780855071.600373,19566,1966323017,841,1061,2076,2075,2109,1964,1278,979,1087,1341,2053,2079,2078,2034,1465,1114,1186,2023,2020,2070,2106,2099,2063,1733,1184,1985,2097,2085,2070,2133,2086,1856,1205,2091,2121,2088,2095,2115,2022,1937,1199,2052,2100,2076,2137,2084,2001,1909,1112,1997,2095,2110,2097,1951,1940,1919,1120,2031,2028,2047,1990,1920,2027,1971,5,4,255,5,5,9,5,5,5,5,5,255,5,5,5,5,5,4,5,5,5,5,5,5,5,5,5,5,5,5,5,5,5,10,5,5,5,5,255,10,5,255,5,5,5,5,255,5,5,255,5,5,255,5,5,255,5,255,5,5,10,255,255,255
1780855071.699976,19567,1966423016,840,1070,2081,2085,2069,2024,1294,992,1055,1277,2076,2119,2080,2086,1409,1116,1231,2056,2079,2097,2107,2082,2086,1662,1189,2029,2080,2092,2103,2086,2124,1856,1178,1999,2098,2090,2138,2060,2029,1891,1177,2052,2084,2116,2139,2080,1967,1938,1143,1997,2052,2115,2094,2006,1932,1932,1122,1473,1977,2030,2104,1951,2027,1971,5,5,10,5,5,5,5,5,5,5,5,10,5,5,5,5,9,5,5,5,5,5,5,5,5,5,5,5,5,5,5,255,5,5,5,5,5,5,10,5,5,255,5,5,5,5,10,5,5,255,5,5,10,5,5,10,5,10,5,5,5,10,255,255
1780855071.800027,19568,1966523017,825,1003,2056,2087,2068,2017,1268,983,1071,1267,2063,2083,2106,2042,1443,1119,1173,2028,2089,2098,2096,2097,2085,1691,1169,2032,2084,2086,2076,2145,2083,1856,1153,1778,2082,2105,2090,2060,2029,1891,1165,2052,2071,2111,2093,2037,1967,1957,1123,1997,2108,2118,2117,2075,1944,1986,1106,1754,2022,2030,1996,1963,2027,1971,5,5,5,5,5,5,5,5,5,5,5,5,5,5,5,5,5,4,5,5,5,5,5,5,5,5,5,5,5,5,5,255,5,5,5,5,5,255,255,255,5,255,5,5,5,5,255,255,5,255,5,5,5,5,5,5,5,4,5,255,5,5,255,255
1780855071.900145,19569,1966623016,848,2083,2063,2061,2071,2044,1276,1011,1054,1292,2063,2084,2106,2077,1374,1133,1159,2026,2061,2071,2079,2100,2032,1897,1189,2046,2054,2079,2105,2119,2112,1890,1239,1778,2091,2085,2090,2114,2063,1919,1185,2052,2104,2086,2072,2051,2016,1920,1122,1997,2114,2088,2075,2025,1932,1953,1109,1754,2047,2033,1983,1931,1992,1971,5,4,5,5,5,5,5,5,5,5,255,5,255,5,5,5,5,5,5,5,5,5,5,4,5,5,5,5,5,5,5,10,5,255,5,5,5,10,10,10,5,255,5,5,5,5,10,5,5,255,5,5,5,5,5,5,5,255,5,10,5,5,10,255
1780855071.999440,19570,1966723017,834,1068,2079,2041,2078,2099,1233,991,1079,1258,2063,2064,2106,2077,1361,1086,1238,1937,2060,2093,2079,2103,2076,1703,1213,2043,2081,2081,2088,2120,2131,1865,1173,2008,2057,2062,2067,2114,2063,1906,1160,2052,2081,2112,2106,2109,2001,1963,1139,1997,2113,2097,2075,1946,1963,1968,1127,1754,2040,2033,2033,1931,1992,1971,5,5,5,5,5,5,5,5,5,5,255,5,255,255,5,5,5,5,5,5,255,5,5,5,5,5,5,5,5,5,5,5,5,10,5,5,5,255,255,5,5,255,5,5,5,5,5,5,5,255,5,5,255,5,5,5,5,255,5,255,5,255,255,255
1780855072.100210,19571,1966823017,844,1043,2059,2041,2096,2044,1236,1003,1085,1287,2073,2079,2054,2077,1422,1105,1159,2043,2081,2090,2079,2086,2031,1742,1143,2043,2064,2078,2093,2112,2041,1865,1172,2008,2110,2088,2119,2076,2026,1870,1180,2052,2085,2097,2094,2070,1883,1942,1131,1970,2088,2097,2125,2013,1887,1934,1084,1754,2047,2033,2032,1946,1992,1971,5,5,5,255,5,5,5,5,5,5,10,5,10,255,9,5,5,5,5,5,10,5,5,5,5,255,5,5,5,5,5,255,5,255,5,5,5,10,10,5,5,255,5,5,5,5,5,5,5,10,5,5,10,5,5,5,5,255,5,255,5,10,255,255
1780855072.199999,19572,1966923017,865,1011,2095,2052,2092,2084,1289,998,1087,1345,2025,2051,2079,2077,1430,1124,1205,2043,2090,2091,2107,2120,2081,1713,1204,2066,2078,2076,2083,2152,2150,1932,1155,2008,2111,2071,2107,2057,2092,1881,1171,1956,2085,2125,2140,2048,1926,1942,1167,1970,2096,2097,2083,1959,1942,1916,1111,1754,1973,2033,2049,1982,1988,1971,5,5,5,10,5,5,5,5,5,5,5,5,5,255,5,5,5,255,5,5,5,5,5,5,5,10,5,5,5,5,5,10,5,255,5,5,5,5,5,5,5,10,255,5,5,5,5,255,5,255,5,255,5,5,5,5,5,255,5,255,5,5,10,255
1780855072.300201,19573,1967023017,832,1044,2078,2089,2067,2084,1293,988,1043,1365,2025,2081,2079,2100,1400,1089,1173,1586,2108,2072,2118,2108,2082,1713,1166,2079,2091,2097,2103,2109,2083,1881,1209,2016,2065,2102,2108,2060,2068,1916,1200,1956,2099,2040,2140,2126,1993,1952,1112,1970,2153,2141,2087,1967,1952,1974,1111,1754,2066,2033,1983,1965,1979,1971,5,255,5,5,5,255,5,5,5,5,255,5,255,10,5,5,5,10,5,5,5,5,5,255,5,5,5,5,5,5,5,5,5,10,5,5,5,5,5,5,9,255,10,5,255,5,5,10,5,255,5,10,5,5,5,5,5,255,5,255,5,5,5,255
1780855072.400315,19574,1967123017,852,2070,2061,2082,2051,2079,1300,981,1097,1479,2070,2081,2047,2196,1459,1100,1195,1586,2096,2061,2060,2116,2065,1636,1183,2104,2078,2094,2097,2092,2090,1898,1164,2016,2080,2094,2130,2107,2051,1916,1147,1956,2069,2108,2124,2075,1946,1942,1135,1970,2105,2106,2111,1990,1935,1976,1115,1754,2053,2033,2036,1955,1979,1971,5,5,5,8,5,10,9,5,5,5,10,255,10,5,5,5,5,255,5,5,5,5,5,10,5,5,5,5,5,5,5,5,5,255,5,5,5,5,5,255,5,255,5,5,10,5,5,5,5,255,5,5,5,5,5,5,5,255,5,255,5,5,255,255
1780855072.500229,19575,1967223016,836,1106,2026,2075,2064,2043,1281,995,1072,1222,2057,2055,2047,2020,1417,1104,1201,2036,2077,2066,2088,2077,2064,1664,1186,2084,2079,2074,2082,2112,2072,1928,1219,2016,2085,2117,2120,2055,2018,1916,1210,1956,2081,2071,2128,2066,1946,1918,1143,1970,2107,2096,2079,2021,1963,1992,1138,1754,2036,2042,1938,1955,1941,1971,5,5,5,5,5,5,5,5,5,4,5,10,255,5,5,5,5,10,5,5,5,5,5,9,5,5,5,5,5,5,5,5,5,255,5,5,5,5,5,255,5,255,5,5,5,5,255,5,5,255,5,5,5,5,5,5,5,255,5,10,5,255,10,255
1780855072.600407,19576,1967323017,841,1047,2054,2075,2091,2057,1228,999,1078,1285,2047,2055,2047,2020,1341,1145,1171,2039,2090,2087,2071,2098,2019,1783,1181,2067,2103,2086,2079,2078,2107,1928,1188,1940,2085,2077,2089,2089,2015,1881,1166,1956,2112,2063,2083,2101,1963,1945,1151,1970,2061,2119,2079,1966,1937,1992,1074,1754,2011,2038,2046,1955,1942,1971,5,5,5,255,5,5,5,5,5,5,5,255,255,255,5,5,5,5,5,5,5,5,5,5,5,5,5,5,5,5,5,255,5,10,255,5,5,5,5,10,5,255,5,5,5,5,10,5,5,255,5,5,255,5,5,255,5,255,5,5,5,255,5,255
1780855072.700190,19577,1967423016,843,2057,2086,2053,2064,2066,1221,1005,1072,1272,2092,2067,2047,2059,1359,1127,1171,2019,2078,2067,2105,2119,2012,1783,1206,2002,2070,2087,2093,2086,2105,1774,1183,2115,2098,2080,2103,2089,2028,1881,1164,1956,2103,2019,2062,2073,1963,1963,1143,2040,2083,2096,2109,2004,1960,1917,1106,1754,2027,2041,1990,1968,1942,1971,5,5,5,10,5,5,5,5,5,5,5,10,255,10,5,5,5,5,5,5,5,5,5,255,5,5,5,5,5,5,5,10,5,5,10,5,5,255,5,255,5,255,5,5,5,5,255,5,5,10,5,5,10,5,5,10,5,255,5,5,5,10,255,255
1780855072.800475,19578,1967523017,849,2061,2086,2077,2068,2099,1359,956,1114,1221,2060,2056,2047,2059,1404,1138,1148,2019,2074,2079,2093,2093,2055,1783,1274,2006,2073,2081,2088,2079,2095,1853,1183,2047,2072,2103,2107,2081,2037,1934,1174,2124,2092,2019,2092,2065,1937,1943,1135,1993,2143,2093,2109,1986,1983,1917,1116,1754,2029,2041,2019,1940,1942,1971,5,5,255,5,5,5,5,5,5,5,5,5,255,255,5,5,5,255,5,5,5,5,5,255,5,5,5,5,5,5,5,5,5,5,5,5,5,10,5,10,5,10,5,255,5,5,10,5,5,5,5,5,255,5,5,255,5,255,5,255,5,5,255,255
1780855072.900074,19579,1967623017,851,2090,2079,2070,2078,2099,1269,980,1085,1280,2060,2078,2047,2059,1444,1107,1158,2020,2094,2068,2110,2077,2076,1688,1200,2034,2081,2085,2071,2096,2086,1800,1212,2121,2057,2076,2082,2074,2101,1934,1153,2124,2120,2071,2082,2100,1937,1952,1141,2015,2056,2113,2105,1987,1983,1950,1113,1678,2078,2039,1989,1941,1942,1971,5,5,10,5,5,255,5,5,5,5,255,5,255,255,5,5,5,10,5,5,5,5,5,10,5,5,5,5,5,5,5,5,5,5,5,5,5,5,5,255,5,255,5,10,5,5,255,5,5,5,5,5,10,5,255,10,5,10,5,10,5,5,255,255
1780855072.998942,19580,1967723017,846,1048,2070,2089,2097,2067,1257,985,1086,1244,2037,2116,2077,2088,1370,1108,1151,2018,2106,2103,2058,2146,2057,1729,1184,2034,2087,2091,2081,2119,2113,1800,1195,2121,2094,2076,2099,2073,2055,1934,1166,2124,2120,2136,2071,2100,1937,1966,1157,2015,2107,2098,2106,1967,1957,1971,1132,1821,2078,2039,1976,1946,1942,1971,5,5,5,5,5,10,5,5,5,5,10,5,10,10,5,5,5,5,5,5,5,5,5,5,5,255,5,5,5,5,5,255,5,255,5,5,5,5,5,255,5,255,255,5,5,255,255,5,5,255,5,5,5,5,10,5,5,5,255,255,5,5,255,255
1780855073.100186,19581,1967823016,841,1066,2055,2071,2069,2117,1345,997,1072,1337,2057,2116,2077,2088,1409,1110,1177,2010,2072,2096,2120,2091,2063,1767,1212,2007,2089,2094,2084,2159,2063,1800,1193,2017,2097,2082,2082,2170,2064,1934,1189,2067,2129,2134,2107,2095,1982,1952,1133,2092,2131,2093,2135,2026,1950,1944,1108,1821,2070,2040,1977,1910,1942,1971,5,5,5,5,5,5,5,5,5,5,5,255,255,255,5,5,5,5,5,5,5,5,5,5,5,10,5,5,5,5,5,255,5,10,5,5,5,5,5,255,5,10,10,5,5,10,10,255,5,10,5,5,5,5,5,5,5,255,10,10,5,5,255,255
1780855073.200390,19582,1967923017,834,2047,2076,2071,2055,1974,1285,1016,1093,1292,2057,2084,2092,2041,1437,1110,1171,2088,2094,2081,2103,2109,2120,1759,1181,2094,2074,2083,2094,2132,2082,1808,1220,2126,2114,2095,2127,2078,2081,1934,1165,2067,2109,2121,2112,2094,1933,1923,1150,2092,2121,2105,2135,1987,1912,1944,1111,1821,2067,2114,2002,1910,1942,1971,5,5,5,255,5,5,5,5,5,5,255,10,10,10,5,5,5,5,5,5,5,5,5,5,9,5,5,5,5,5,5,10,5,5,5,5,5,5,5,255,5,255,5,5,5,3,5,5,5,255,5,5,255,5,5,255,5,255,5,5,5,255,255,255
1780855073.300110,19583,1968023016,843,2063,2088,2076,2074,1974,1284,988,1085,1322,2057,2080,2092,2046,1453,1130,1188,1852,2086,2120,2043,2049,2068,1658,1175,2016,2095,2079,2086,2113,2087,1887,1188,2043,2136,2079,2100,2044,2064,1899,1183,1781,2090,2109,2099,2056,1975,1935,1132,1903,2043,2106,2095,1996,1919,1991,1140,1821,2067,2060,1948,1968,1998,1971,5,5,5,10,5,255,5,5,5,5,255,5,255,5,4,5,5,4,5,5,5,5,5,9,5,5,5,5,5,5,5,5,5,5,5,5,5,5,5,10,5,10,5,5,5,5,5,5,5,10,5,5,10,5,5,10,5,255,255,5,5,10,10,255
1780855073.400072,19584,1968123017,849,1061,2058,2076,2077,2006,1310,1012,1067,1290,2000,2109,2092,2107,1406,1124,1160,1852,2057,2083,2104,2091,2026,1658,1206,1973,2078,2077,2097,2112,2093,1887,1179,2017,2083,2104,2115,2094,2087,1913,1169,1781,2114,2157,2093,2037,1975,1928,1154,1903,2093,2104,2118,2021,1936,1970,1105,1821,2064,2060,2018,2001,1929,2028,5,5,5,255,5,10,5,5,5,5,10,5,255,5,4,5,5,255,5,5,5,5,5,255,5,5,5,5,5,5,5,255,5,5,5,5,5,5,5,5,5,255,5,5,5,5,255,5,5,255,5,5,5,5,5,5,5,255,10,255,5,5,5,10
1780855073.499890,19585,1968223016,829,2038,2067,2073,2103,2034,1393,994,1059,1376,2033,2094,2092,2048,1410,1139,1207,1572,2067,2074,2076,2116,2050,1745,1222,2075,2070,2094,2094,2069,2070,1887,1164,1998,2101,2103,2104,2115,2087,1913,1179,1781,2083,2065,2111,2072,1985,1942,1143,1903,2082,2100,2088,2003,1987,1970,1142,1821,1988,2060,2039,1990,1929,2028,5,5,5,10,5,5,5,5,5,5,5,5,255,5,5,5,5,10,5,5,5,5,5,10,5,5,5,5,5,5,5,255,5,5,5,5,5,5,5,255,5,255,5,5,5,5,10,5,5,255,5,5,5,5,5,5,5,255,5,255,5,5,255,255
1780855073.600118,19586,1968323017,840,1061,2084,2031,2070,2017,1334,1006,1072,1265,2074,2094,2089,2048,1410,1105,1191,1688,2097,2085,2099,2085,2024,1632,1232,2002,2104,2089,2092,2115,2096,1834,1167,1998,2086,2133,2110,2068,2054,1913,1180,2000,2125,2087,2110,2113,1985,1923,1146,1903,2090,2131,2136,1942,1959,1970,1105,1635,2033,2060,2023,1967,1929,2028,5,5,5,5,5,5,5,5,5,5,5,255,10,255,5,5,5,5,5,5,5,5,5,5,9,4,5,5,5,5,5,10,5,255,5,5,5,5,5,255,5,10,5,5,5,5,255,5,5,255,5,5,5,5,5,255,5,10,5,255,5,5,255,255
1780855073.700330,19587,1968423017,840,2107,2084,2089,2073,2015,1272,970,1102,1343,2043,2094,2089,2109,1371,1121,1192,1999,2087,2077,2093,2120,2012,1694,1251,2065,2083,2082,2081,2097,2071,1742,1212,2071,2046,2100,2114,2099,2037,1925,1168,2000,2114,2087,2081,2091,1985,1946,1143,1903,2136,2098,2117,1996,1959,2022,1117,1550,2027,2037,1977,1983,1929,2028,5,5,255,5,5,5,5,5,5,5,5,255,255,10,5,5,5,5,5,5,5,5,9,5,5,4,5,5,5,5,5,5,5,10,5,5,5,5,5,10,5,255,5,255,5,5,255,5,5,255,5,5,5,5,255,10,5,5,5,10,5,5,255,255
1780855073.810678,19588,1968533016,860,1997,2075,2086,2088,1997,1276,993,1076,1280,2045,2047,2121,2043,1427,1138,1179,2052,2081,2103,2086,2061,2062,1694,1187,2014,2086,2069,2078,2094,2131,1742,1202,2068,2080,2106,2098,2093,2069,1925,1186,2062,2102,2134,2140,2135,1985,1939,1176,2001,2062,2102,2087,2007,1953,2022,1103,1614,2081,2028,2013,1962,1929,2028,5,5,10,5,5,5,9,5,5,5,5,10,10,5,5,5,5,5,5,5,5,5,5,5,5,5,5,5,5,5,5,255,5,5,5,5,5,5,5,255,5,10,5,10,5,5,255,5,5,10,5,5,5,5,10,255,5,5,5,5,5,5,255,255
1780855073.910226,19589,1968633017,835,2080,2053,2077,2106,2054,1339,960,1063,1317,2045,2092,2100,2043,1427,1082,1166,1990,2084,2079,2062,2132,2038,1694,1191,2060,2106,2100,2104,2103,2112,1742,1214,2102,2052,2089,2077,2093,2074,1925,1149,2062,2085,2083,2125,2127,1938,1946,1135,2012,2127,2119,2105,2078,1963,1905,1135,1614,2048,2034,1974,1962,1929,2028,5,5,5,5,5,5,5,5,5,5,255,5,5,255,9,5,5,5,5,5,5,5,5,255,5,5,5,5,5,5,5,255,5,5,5,5,5,255,5,255,5,255,5,5,5,5,10,5,5,5,5,5,5,5,5,10,5,255,5,5,5,255,255,255
1780855074.010421,19590,1968733017,833,2080,2077,2081,2093,1990,1291,1021,1072,1235,2045,2034,2100,2082,1457,1091,1193,1990,2072,2083,2056,2063,2065,1719,1160,2060,2095,2096,2076,2108,2088,1823,1220,1979,2052,2135,2096,2093,1985,1925,1135,2062,2123,2130,2111,2060,1949,1946,1133,2012,2104,2085,2104,2059,1960,1933,1130,1614,2086,2034,1998,1962,1929,2028,5,255,5,5,5,5,9,5,5,5,255,5,255,10,5,5,5,255,5,5,5,5,5,10,5,255,5,5,5,5,5,10,5,5,255,5,5,255,5,255,5,255,5,5,5,5,5,255,5,255,5,5,5,5,5,5,5,255,5,255,5,255,255,255
1780855074.110376,19591,1968833017,847,2072,2117,2050,2068,2093,1286,1010,1079,1410,2098,2088,2071,2036,1413,1107,1176,1957,2065,2059,2133,2137,2080,1719,1214,2060,2091,2091,2103,2098,2064,1823,1178,2065,2134,2089,2129,2103,1985,1949,1211,2062,2086,2130,2126,2060,1974,1938,1128,2012,2133,2085,2109,1990,1946,1963,1096,1614,1971,2068,2007,1962,1929,2028,5,10,5,5,5,5,5,5,9,5,10,5,10,9,9,5,5,10,5,5,5,5,5,255,5,255,5,5,5,5,5,255,5,5,10,5,5,10,255,10,5,255,5,255,5,255,5,10,5,255,5,5,5,5,5,5,5,255,5,10,5,255,255,255
1780855074.210324,19592,1968933017,827,1011,2073,2061,2079,2084,1303,1017,1094,1295,2064,2069,2059,2036,1343,1129,1168,2085,2089,2100,2096,2100,2091,1684,1183,2030,2078,2077,2101,2061,2100,1823,1215,2023,2110,2060,2126,2140,1985,1949,1150,2062,2086,2108,2118,2056,1974,1916,1149,2012,2096,2118,2089,2017,1952,1963,1089,1614,2008,2079,2011,1955,1929,2028,5,5,5,5,5,5,5,5,5,5,5,5,5,255,5,5,5,5,5,5,5,5,5,10,5,10,5,5,5,5,5,255,9,5,5,5,5,5,255,255,5,255,255,10,5,10,255,5,5,255,5,5,5,5,5,255,5,255,5,5,5,10,255,255
1780855074.310274,19593,1969033017,844,1071,2061,2090,2072,2054,1315,1007,1057,1228,2064,2074,2059,2036,1397,1132,1168,1988,2056,2059,2101,2076,2073,1734,1194,2065,2107,2076,2101,2116,2101,1905,1120,2027,2059,2079,2069,2088,2038,1920,1179,1947,2110,2114,2109,2117,1969,1956,1143,2012,2101,2085,2104,2108,1948,1946,1146,1614,2017,2022,1990,1955,1929,2028,5,5,5,5,5,5,5,5,5,255,255,5,255,255,9,5,5,5,5,5,5,5,5,5,5,5,5,5,5,5,5,10,5,5,5,5,5,5,10,10,5,10,10,5,5,5,10,5,5,255,5,5,5,255,5,10,5,255,5,5,5,255,255,255
1780855074.410562,19594,1969133017,836,2071,2086,2058,2059,2034,1272,1032,1087,1298,2017,2074,2092,2036,1370,1184,1171,1662,2079,2073,2101,2112,2030,1734,1193,2092,2099,2076,2117,2095,2098,1905,1153,2039,2069,2070,2108,2095,2038,1920,1163,1947,2124,2114,2083,2087,1943,1932,1138,2094,2077,2094,2100,1997,1958,1953,1132,1614,2043,2022,1990,1957,1929,2028,5,5,5,5,5,5,5,5,5,5,10,255,10,255,5,5,5,5,5,5,255,5,5,255,9,5,5,5,5,5,5,255,9,5,5,5,5,5,255,255,5,255,5,255,5,5,5,5,5,10,5,5,5,5,5,5,5,255,5,255,5,10,255,255
1780855074.510161,19595,1969233016,839,2077,2091,2048,2096,2034,1231,994,1095,1294,2110,2078,2085,2036,1506,1091,1188,1993,2081,2098,2062,2099,2082,1582,1221,1952,2070,2070,2084,2088,2093,1876,1186,1962,2102,2120,2115,2095,2092,1920,1163,1960,2091,2114,2086,2013,1937,1939,1141,2049,2140,2110,2090,1990,1939,1927,1089,1614,2035,2044,1990,1965,1929,2028,5,5,5,5,5,255,5,5,5,9,5,10,5,255,5,5,5,5,5,5,10,5,5,10,5,5,5,5,5,5,5,10,5,5,5,5,5,255,10,255,5,10,5,255,5,5,5,5,5,5,5,5,5,5,5,5,5,255,5,10,255,5,255,255
1780855074.610357,19596,1969333017,851,2097,2091,2077,2091,2071,1317,983,1087,1356,2012,2094,2110,2017,1459,1145,1160,1953,2064,2105,2120,2091,2073,1680,1218,2087,2101,2080,2073,2092,2118,1923,1155,2043,2102,2122,2099,2112,2092,1920,1206,1960,2101,2111,2193,2107,1937,1939,1180,2049,2103,2103,2126,2015,1941,1949,1119,1614,1980,2085,1990,1966,1929,2028,5,5,255,5,5,10,5,5,5,5,5,5,5,10,5,5,5,5,5,5,5,5,5,9,5,5,5,5,5,5,5,5,5,5,255,5,5,10,255,255,9,255,5,10,5,5,255,5,5,255,5,5,5,5,5,5,5,255,5,5,255,5,255,255
1780855074.710583,19597,1969433016,836,2072,2027,2044,2101,2109,1256,990,1082,1324,2012,2052,2110,2017,1442,1143,1200,1994,2090,2094,2085,2061,2073,1671,1197,2048,2099,2093,2081,2149,2083,1863,1175,1977,2091,2096,2104,2140,2036,1920,1171,1960,2104,2134,2141,2076,1937,1915,1138,2049,2074,2124,2119,1963,1972,1913,1091,1614,2017,2044,2056,1931,2036,2028,5,5,10,5,5,5,5,5,5,5,255,5,255,255,5,5,5,5,5,5,5,5,5,5,5,5,5,5,5,5,5,5,5,9,10,5,5,5,10,255,5,255,5,5,5,5,255,5,5,255,5,5,5,5,5,5,5,255,5,5,10,5,10,255
1780855074.811543,19598,1969533017,852,2072,2052,2056,2083,2021,1309,982,1095,1265,2012,2110,2110,2017,1415,1155,1179,2023,2097,2061,2076,2112,2022,1673,1178,2112,2091,2098,2112,2062,2049,1863,1154,1866,2057,2104,2053,2098,2036,1920,1185,1960,2102,2058,2152,2056,1937,1972,1128,2049,2091,2071,2064,1973,1972,1929,1147,1930,2006,2057,2020,1931,1971,2028,5,255,5,5,5,5,5,5,5,5,255,5,255,255,5,5,5,5,5,5,5,5,5,5,5,5,5,5,5,5,5,255,5,5,5,5,5,5,255,255,5,255,5,5,5,5,255,5,5,255,5,5,5,5,5,5,5,10,5,5,5,255,5,255
1780855074.910576,19599,1969633017,853,1074,2052,2089,2107,2094,1265,987,1076,1243,2083,2085,2060,2017,1416,1084,1164,2003,2101,2072,2076,2130,2069,1642,1179,2065,2060,2090,2124,2089,2081,1884,1168,2012,2051,2110,2101,2092,2022,1886,1181,1960,2082,2104,2105,2086,1946,1911,1152,2049,2104,2085,2087,1997,1944,1939,1098,1930,2034,2087,2075,1931,1971,2028,5,255,5,5,5,5,5,5,5,5,10,5,10,255,5,5,5,5,5,5,255,5,5,5,5,5,5,5,5,5,5,10,5,5,5,5,5,5,10,10,5,255,5,5,5,5,10,255,5,255,5,5,5,5,5,5,5,255,5,5,5,255,255,255
1780855075.009081,19600,1969733017,837,1042,2052,2068,2053,2039,1219,975,1115,1266,2059,2105,2040,2017,1394,1105,1195,2047,2062,2058,2053,2097,2072,1646,1185,2030,2087,2098,2089,2116,2061,1844,1185,2050,2051,2099,2118,2092,2062,1886,1175,1960,2076,2118,2121,2022,1946,1932,1144,1997,2062,2093,2087,1965,1944,1941,1108,1930,2030,2051,1948,1931,1971,2028,5,255,255,5,5,5,5,5,5,5,5,5,5,255,5,5,5,5,5,5,10,5,5,5,5,5,5,5,5,5,5,5,5,5,255,5,5,255,5,255,5,255,5,5,5,5,255,5,5,10,5,5,255,5,5,5,5,255,5,5,5,255,255,255
1780855075.110021,19601,1969833016,835,2061,2072,2102,2069,2018,1273,993,1103,1227,2040,2105,2058,2017,1362,1109,1201,2012,2029,2104,2102,2093,2062,1646,1170,2002,2100,2082,2079,2120,2132,1829,1181,2069,2080,2104,2133,2127,2026,1982,1151,2195,2117,2085,2075,2082,1946,1907,1135,2054,2125,2077,2136,1983,1964,1993,1105,1828,2015,2092,1977,1931,1971,2028,5,4,10,5,5,5,5,5,5,5,5,255,5,255,5,5,5,5,5,5,5,5,5,255,5,5,5,5,5,5,5,5,5,5,10,5,5,10,5,10,5,3,5,5,5,5,10,5,5,5,5,5,10,5,5,5,5,10,5,5,5,255,255,255
1780855075.210069,19602,1969933017,842,1023,2069,2064,2073,2018,1317,975,1099,1300,2093,2105,2084,2017,1471,1093,1155,1625,2099,2083,2127,2115,2056,1717,1192,2021,2086,2074,2108,2071,2141,1829,1205,2083,2051,2096,2076,2013,2026,1898,1203,2195,2111,2085,2101,2092,1946,1968,1151,2054,2100,2099,2087,2040,1908,1949,1117,1828,2061,2092,1984,1950,1971,2028,5,5,5,5,5,255,5,5,5,5,5,255,5,255,5,5,5,5,5,5,5,5,5,10,5,5,5,5,5,5,5,255,5,5,5,5,5,5,255,5,5,255,5,255,5,9,255,5,5,255,5,5,5,5,5,5,5,255,5,255,5,10,255,255
1780855075.312115,19603,1970033017,845,1026,2044,2064,2129,2044,1255,1009,1068,1289,2098,2077,2100,2033,1475,1123,1201,1993,2061,2102,2112,2129,2029,1707,1216,2029,2096,2088,2089,2092,2109,1906,1193,2004,2094,2106,2094,2073,2026,1898,1176,2195,2072,2082,2078,2092,1946,1936,1157,2068,2106,2098,2125,1980,1925,1954,1101,1855,2032,2025,1940,1950,1971,2028,5,255,5,255,5,10,5,5,5,5,5,10,5,10,5,5,5,4,5,5,5,5,5,5,5,5,5,5,5,5,5,10,5,5,5,5,5,5,255,255,5,255,5,10,5,255,255,5,5,10,5,5,5,5,5,5,5,10,5,10,5,255,255,255
1780855075.411890,19604,1970133017,837,1112,2059,2035,2104,2094,1241,980,1062,1299,2063,2068,2100,2033,1463,1082,1194,2045,2103,2087,2096,2099,2083,1693,1201,1968,2079,2086,2093,2068,2051,1906,1148,2027,2094,2108,2108,2085,2026,1825,1158,2195,2086,2082,2124,2092,1984,1936,1123,2068,2112,2126,2125,1998,1946,1940,1132,1855,2036,2069,1995,1950,1971,2028,5,5,5,10,5,5,9,5,5,5,5,5,255,255,5,5,5,5,5,5,5,5,5,5,5,5,5,5,5,5,5,255,9,5,255,5,5,5,255,10,5,255,5,255,5,255,10,255,5,255,5,5,255,5,5,5,5,255,5,5,5,255,255,255
1780855075.510306,19605,1970233017,849,2068,2059,2073,2076,2094,1280,1011,1086,1239,2070,2072,2100,2058,1443,1126,1180,1963,2070,2087,2087,2116,2072,1693,1208,2047,2093,2085,2078,2095,2103,1760,1194,2027,2062,2097,2114,2107,2026,1930,1194,2195,2110,2092,2148,2049,1967,1971,1144,2068,2103,2126,2061,1985,1971,1944,1108,1855,2084,2072,1952,1950,1971,2028,5,5,255,5,5,255,5,5,5,5,5,5,255,10,5,5,5,5,5,5,5,5,5,255,5,5,5,5,5,5,5,10,5,255,10,5,5,5,255,5,5,255,5,10,5,10,5,10,5,255,5,5,10,5,5,5,5,255,5,5,5,255,255,255
1780855075.610315,19606,1970333017,835,1016,2059,2073,2097,2039,1266,999,1069,1338,2034,2072,2019,2061,1456,1119,1183,2009,2089,2072,2101,2121,2121,1706,1207,2037,2057,2081,2097,2105,2068,1849,1154,2075,2109,2084,2078,2096,2025,1930,1153,2195,2068,2092,2075,2049,1967,1989,1133,2068,2100,2105,2092,2023,1936,1944,1130,1855,2006,2072,2003,1947,1971,2147,5,5,255,255,5,10,9,5,5,5,5,255,10,5,5,5,5,5,5,5,5,5,5,10,5,5,5,5,5,5,5,5,5,10,5,5,5,5,10,255,5,255,5,255,5,255,255,5,5,255,5,5,5,5,5,255,5,255,5,255,5,10,255,10
1780855075.710013,19607,1970433017,825,2093,2059,2113,2085,2065,1320,1004,1098,1319,2057,2072,2079,2061,1403,1086,1210,2058,2105,2065,2082,2071,2064,1650,1182,2055,2074,2106,2081,2099,2098,1922,1243,2033,2064,2060,2114,2143,2025,1930,1178,2195,2078,2092,2083,2049,1967,1918,1153,1981,2099,2088,2074,2013,1936,1942,1090,1855,1975,2034,2001,1939,1955,2147,5,5,255,10,5,5,5,5,5,5,5,255,5,255,5,5,5,5,5,5,5,5,5,5,5,5,5,5,5,5,5,5,5,5,5,5,5,5,255,255,5,255,5,255,5,10,255,5,5,10,5,5,5,5,5,10,5,255,5,10,5,5,10,255
1780855075.810291,19608,1970533017,826,1015,2076,2055,2057,1974,1319,979,1095,1418,2063,2056,2079,2061,1386,1102,1204,2028,2035,2112,2128,2074,2105,1650,1170,2029,2075,2076,2086,2116,2065,1922,1143,2029,2068,2099,2082,2116,2025,1930,1176,2195,2091,2140,2123,2010,1945,1945,1197,2057,2140,2136,2082,2013,1931,1994,1101,1855,2075,2034,1930,1960,2023,2147,5,5,10,5,5,5,5,5,5,5,5,10,255,255,9,5,5,5,5,5,5,5,5,255,5,5,5,5,5,5,5,255,5,5,5,5,5,5,255,255,5,255,5,10,5,5,10,5,5,5,5,5,5,255,5,5,5,255,5,255,5,5,5,255
1780855075.910195,19609,1970633016,830,1053,2030,2048,2115,2005,1291,967,1051,1278,2040,2083,2101,2061,1470,1125,1181,1884,2124,2099,2075,2060,2038,1729,1190,1981,2109,2076,2098,2095,2069,1855,1196,2071,2131,2085,2118,2165,1985,1947,1194,2045,2087,2106,2136,2113,1958,1945,1140,2010,2081,2128,2105,2009,1930,1962,1102,1855,1999,2040,2017,1960,2023,2147,5,5,5,5,5,5,5,5,5,5,5,5,10,255,5,5,5,5,5,5,5,5,5,10,5,5,5,5,5,5,5,10,5,5,5,5,5,5,10,10,5,10,5,5,5,5,5,255,5,5,5,5,5,10,5,5,5,255,5,10,5,255,255,255
1780855076.008942,19610,1970733017,849,2027,2190,2048,2089,2090,1286,989,1091,1262,2040,2088,2015,2101,1441,1129,1184,2097,2037,2054,2126,2098,2065,1729,1175,2012,2092,2091,2092,2074,2137,1870,1161,2101,2105,2112,2110,2115,1985,1959,1143,2045,2088,2158,2101,2113,1960,1937,1139,2010,2105,2091,2074,1993,1921,1924,1113,1855,2104,2040,2007,2018,2023,2147,5,5,5,255,5,5,5,5,5,5,255,5,5,10,9,5,5,4,5,5,5,5,5,255,5,5,5,5,5,5,5,5,9,5,5,5,5,5,255,5,5,255,5,5,5,255,5,10,5,255,5,5,5,5,5,5,5,255,5,255,5,10,255,255
1780855076.110138,19611,1970833016,829,2048,2092,2059,2063,1989,1280,1003,1102,1307,2068,2081,2015,2101,1592,1123,1160,2049,2063,2109,2054,2084,2040,1750,1194,2000,2085,2079,2087,2129,2090,1818,1175,2031,2070,2087,2088,2107,2054,1959,1157,2002,2095,2147,2141,2042,1977,1902,1135,2029,2100,2115,2078,1983,1937,1999,1096,1855,2038,2057,2003,1968,2023,2147,5,5,5,10,5,5,5,5,5,9,10,5,255,255,4,5,5,5,5,5,5,5,5,10,5,5,5,5,5,5,5,5,5,5,5,5,5,5,10,255,5,10,5,5,5,10,5,5,5,10,5,5,5,5,5,5,5,255,5,10,5,5,255,255
1780855076.210320,19612,1970933017,852,981,2052,2061,2036,2105,1252,982,1065,1276,2126,2081,2088,2101,1374,1145,1185,2049,2091,2063,2101,2109,2076,1777,1188,1976,2104,2094,2088,2119,2115,1818,1240,2031,2099,2096,2105,2193,2096,1959,1195,2002,2048,2117,2048,2099,1977,1951,1170,2029,2110,2102,2098,1954,1954,1949,1120,1855,2012,2057,1973,1968,2023,2147,5,255,5,5,5,255,5,5,5,5,5,255,10,255,4,5,5,255,5,5,5,5,5,5,5,5,5,5,5,5,5,255,5,255,5,5,5,5,5,255,5,255,5,5,5,5,255,5,5,255,5,5,5,5,5,5,5,255,5,255,5,255,255,255
1780855076.310158,19613,1971033016,848,1061,2093,2078,2091,2052,1402,998,1043,1286,2026,2081,2056,2101,1361,1131,1167,2007,2081,2091,2094,2095,2060,1713,1192,2032,2079,2080,2098,2105,2069,1900,1187,1945,2064,2077,2097,2193,2062,1905,1151,2002,2096,2087,2100,2100,1935,1951,1172,2029,2092,2101,2126,2016,1974,1975,1132,1855,2043,2026,2024,1949,2023,2147,5,5,5,5,5,5,5,5,5,5,5,255,5,255,5,5,5,10,5,5,5,5,5,5,5,5,5,5,5,5,5,10,5,10,5,5,5,255,5,10,5,255,5,5,5,5,10,5,5,255,5,5,5,5,5,5,5,255,5,10,5,10,255,255
1780855076.412843,19614,1971133017,858,2080,2093,2050,2106,2064,1336,997,1047,1302,2072,2081,2056,2101,1376,1112,1194,1988,2082,2087,2077,2103,2060,1654,1209,2015,2094,2083,2072,2112,2096,1914,1189,1926,2114,2092,2089,2044,2062,1936,1149,1969,2096,2087,2119,2070,1900,1924,1145,2001,2118,2121,2128,2010,1951,1961,1109,1762,2043,2026,2006,1951,2023,2147,5,5,255,5,5,9,5,5,5,5,5,255,255,255,5,5,5,5,5,5,5,5,5,5,5,5,5,5,5,5,5,5,5,5,5,5,5,10,255,5,5,10,5,255,5,5,5,5,5,10,5,5,5,5,5,5,5,10,255,255,5,5,255,255
1780855076.510153,19615,1971233016,839,2030,2093,2089,2100,2079,1233,984,1062,1218,2114,2090,2089,2101,1410,1123,1182,1940,2062,2103,2116,2082,2085,1717,1202,2059,2091,2089,2087,2068,2067,1954,1206,2051,2111,2073,2101,2095,2062,1936,1174,1969,2100,2077,2114,2113,1962,1890,1123,2028,2072,2087,2098,2010,1940,1931,1123,1762,2089,2004,1979,1951,2023,1997,5,5,10,5,5,255,5,5,5,5,5,10,10,255,5,5,5,9,5,5,5,5,5,5,9,5,5,5,5,5,5,5,9,5,5,5,5,5,255,255,5,255,5,10,5,5,5,5,5,5,5,5,5,255,5,5,5,255,10,10,5,255,255,10
1780855076.620459,19616,1971343017,845,2080,2093,2089,2081,2018,1242,996,1088,1289,2114,2057,2089,2075,1427,1111,1157,2007,2105,2079,2105,2127,2057,1731,1167,2033,2097,2073,2065,2101,2055,1814,1229,2037,2091,2090,2122,2105,2015,1936,1181,1969,2095,2111,2105,2079,1995,1995,1144,2028,2107,2105,2127,1996,1946,1918,1113,1762,2048,2004,1951,1991,2023,1997,5,5,255,255,5,255,5,5,5,5,255,5,255,10,5,5,5,5,5,5,5,5,5,5,5,5,5,5,5,5,5,5,5,5,5,5,5,5,10,255,9,255,5,5,5,9,5,5,5,255,5,5,5,10,5,255,5,255,5,255,5,10,255,255
1780855076.720238,19617,1971443016,854,2080,2087,2062,2083,2027,1214,976,1085,1286,2114,2061,2047,2075,1372,1123,1192,2040,2047,2090,2089,2106,2081,1694,1191,2104,2065,2094,2077,2116,2133,1814,1207,2084,2111,2084,2115,2125,2015,1911,1163,2071,2111,2123,2158,2051,1943,1933,1122,2028,2098,2131,2127,2019,1960,1918,1105,1762,2052,2096,1991,1948,2023,1913,5,5,10,10,5,5,5,5,5,5,255,5,10,255,5,5,5,5,5,5,5,5,5,5,5,5,5,5,5,5,5,255,5,5,5,5,5,5,5,10,5,10,5,5,5,5,5,5,5,255,5,5,255,5,5,255,5,255,5,10,9,5,255,10
1780855076.820187,19618,1971543017,832,2049,2101,2049,2086,2027,1353,975,1061,1209,2040,2061,2061,2105,1440,1127,1217,2009,2083,2102,2095,2087,2052,1694,1204,2104,2095,2085,2094,2125,2089,1814,1190,2046,2121,2109,2077,2085,1998,1911,1177,2071,2071,2087,2117,2051,1943,1936,1121,2028,2109,2110,2114,2045,1960,1939,1113,1779,2059,2060,2063,1968,2023,1913,5,5,5,5,5,255,9,5,5,9,10,255,5,10,5,5,5,5,5,5,5,5,5,255,5,255,5,5,5,5,5,255,9,5,5,5,5,5,5,255,5,255,5,5,5,255,255,5,5,255,5,5,10,5,255,10,5,10,5,5,5,5,255,255
1780855076.920287,19619,1971643016,836,1003,2093,2070,2063,2036,1263,990,1086,1361,2098,2070,2123,2051,1558,1093,1171,1968,2076,2057,2106,2070,2072,1694,1203,2037,2084,2083,2092,2103,2065,1919,1188,2057,2078,2086,2108,2116,2062,1978,1186,2113,2107,2087,2098,2118,1943,1948,1168,2028,2086,2088,2099,2026,1947,1970,1118,1763,2060,2020,2063,1960,2023,1913,5,255,5,5,5,10,5,5,5,5,5,10,5,5,5,5,5,5,5,5,5,5,5,255,9,10,5,5,5,5,5,10,5,5,5,5,5,5,5,10,5,10,5,255,5,10,255,5,5,255,5,5,5,5,10,5,5,3,5,5,255,5,255,255
1780855077.019079,19620,1971743017,846,1042,2081,2070,2051,2052,1317,1000,1067,1282,2094,2076,2123,2051,1456,1088,1200,1965,2068,2085,2097,2073,2002,1694,1161,2051,2080,2076,2092,2142,2041,1914,1197,2057,2083,2101,2080,2116,2062,1978,1174,2113,2107,2087,2112,2115,1943,1942,1118,2028,2101,2090,2114,2026,1932,1927,1115,1951,2032,2047,1950,1943,2023,1913,5,255,5,255,5,5,5,5,5,5,5,5,255,255,5,5,5,5,5,5,5,5,5,255,5,5,5,5,5,5,5,5,5,255,5,5,5,255,255,255,5,255,255,255,5,5,255,5,5,255,5,5,5,5,5,5,5,5,5,5,10,5,255,255
1780855077.120513,19621,1971843017,848,1088,2052,2081,2086,2052,1300,968,1063,1396,2015,2076,2123,2051,1453,1144,1209,1982,2102,2070,2097,2080,2062,1769,1154,2060,2083,2080,2089,2131,2097,1904,1240,2016,2100,2097,2134,2125,2062,1906,1194,2113,2090,2114,2131,2052,1943,1935,1163,2028,2077,2110,2089,1961,1940,1927,1111,1951,2075,2087,1950,1943,2023,1913,5,5,5,10,5,255,5,5,5,5,5,255,255,255,9,5,5,5,5,5,5,5,5,10,5,5,5,5,5,5,5,5,5,10,5,5,5,10,255,10,5,255,10,10,5,5,255,5,5,255,5,5,5,5,5,255,5,255,5,5,255,255,255,255
1780855077.219945,19622,1971943017,865,1011,2052,2067,2087,2052,1291,986,1090,1271,1987,2071,2063,2051,1465,1104,1189,1911,2084,2088,2150,2099,2051,1686,1170,2062,2084,2081,2100,2107,2066,1969,1206,2057,2100,2071,2094,2052,2062,1906,1153,2026,2095,2126,2112,2052,1976,1886,1163,1935,2112,2129,2083,1996,1954,1981,1104,1951,2080,2048,1950,1931,2023,1913,5,5,255,5,5,255,5,5,5,5,5,10,10,255,5,5,5,5,5,5,5,5,5,5,5,5,5,5,5,5,5,5,9,5,255,5,5,5,255,255,5,10,5,5,5,5,10,5,5,10,5,5,5,5,5,10,5,255,5,5,255,10,255,255
1780855077.320140,19623,1972043017,834,2084,2095,2041,2066,2097,1301,1003,1065,1319,2046,2091,2063,2051,1426,1094,1161,2017,2126,2074,2098,2099,2099,1764,1259,2038,2099,2077,2091,2073,2074,1858,1169,2057,2132,2099,2087,2076,2094,1949,1198,2026,2082,2102,2096,2095,1976,1922,1165,1935,2156,2111,2083,1919,1951,1963,1107,1951,2070,2052,1950,1968,2023,1913,5,5,10,5,5,10,9,5,5,5,5,5,255,255,5,5,5,5,5,5,5,5,5,5,5,5,5,5,5,5,5,5,5,255,10,5,5,5,10,10,5,255,5,5,5,5,255,5,5,255,5,5,255,255,5,5,5,255,5,5,255,5,255,255
1780855077.420154,19624,1972143017,835,2019,2076,2051,2092,2100,1313,993,1078,1316,2046,2091,2063,2061,1430,1125,1209,1941,2128,2131,2132,2086,2018,1638,1139,2004,2131,2082,2103,2094,2083,1858,1222,2056,2082,2093,2093,2155,2065,1949,1154,2025,2117,2072,2101,2120,1976,1954,1137,1935,2102,2111,2095,1981,1944,1960,1111,1951,2056,2028,2033,1917,2023,1913,5,5,5,5,5,5,5,5,5,5,255,255,255,10,5,5,5,5,5,5,5,5,5,5,5,5,5,5,5,5,5,255,5,10,5,5,5,5,5,255,5,10,5,5,5,5,255,5,5,255,5,255,10,5,5,5,5,255,5,5,10,5,255,255
1780855077.520072,19625,1972243017,834,2028,2052,2067,2071,2048,1223,1000,1091,1308,2046,2091,2063,2061,1394,1091,1159,1973,2046,2078,2105,2106,2059,1660,1197,1973,2058,2094,2089,2108,2084,1914,1199,2034,2134,2086,2094,2101,2029,1949,1167,2025,2078,2072,2081,2100,1969,1947,1136,1971,2113,2097,2123,1970,1956,1967,1102,1951,2035,2028,2033,1929,1977,1913,5,5,5,5,5,5,5,5,5,5,255,255,255,255,5,5,5,5,5,5,5,5,5,5,5,5,5,5,5,5,5,10,5,5,5,5,5,5,5,255,5,255,5,5,5,5,10,5,5,10,5,10,5,5,5,5,5,255,5,255,255,5,10,255
1780855077.619994,19626,1972343016,821,2074,2066,2064,2102,2079,1304,999,1098,1290,2033,2064,2096,2061,1479,1076,1171,2020,2072,2107,2085,2079,2076,1664,1192,2017,2092,2095,2074,2115,2073,1840,1170,2043,2134,2097,2115,2131,2054,1913,1182,2025,2098,2129,2158,2076,1974,1894,1122,1971,2101,2135,2090,1966,1967,1927,1119,1805,2019,2031,1975,1915,1977,1913,5,5,5,5,5,5,5,5,5,5,10,10,10,255,5,5,5,5,5,5,5,5,5,5,9,5,5,5,5,5,5,5,5,5,255,5,5,5,5,10,5,255,5,5,5,5,5,5,5,255,5,5,5,5,5,5,5,10,5,10,10,5,255,255
1780855077.719743,19627,1972443016,837,2026,2038,2056,2090,2058,1339,988,1055,1326,2084,2076,2070,2061,1521,1127,1184,1997,2102,2082,2102,2071,2080,1646,1208,2082,2102,2091,2094,2102,2090,1920,1199,2015,2127,2117,2106,2131,2067,1936,1177,2025,2111,2129,2107,2097,2021,1939,1164,2064,2092,2088,2101,1978,1969,1956,1109,1805,2020,2050,2054,1966,1977,1913,5,5,5,5,5,5,5,5,5,5,5,5,5,255,5,5,5,5,5,5,5,5,5,5,5,5,5,5,5,5,5,5,5,5,10,5,5,255,5,5,5,255,5,255,5,5,5,5,5,10,5,5,5,5,255,5,5,255,5,5,5,5,255,255
1780855077.820296,19628,1972543017,823,2025,2071,2102,2094,2037,1297,1009,1061,1287,2029,2076,2064,2061,1432,1135,1192,1947,2022,2068,2090,2095,2027,1646,1199,2010,2083,2099,2088,2113,2094,1863,1203,2029,2110,2112,2106,2111,2023,1936,1178,2038,2090,2071,2088,2071,1966,1948,1150,2064,2095,2088,2101,1984,1935,1956,1087,1805,2002,2050,2023,1994,1977,1913,5,5,5,5,5,5,5,5,9,5,5,255,5,255,5,5,5,5,5,5,5,5,5,255,5,5,5,5,5,5,5,5,5,5,5,5,5,10,5,255,5,10,5,10,5,5,5,5,5,255,5,255,255,5,5,255,5,255,5,255,5,5,255,255
1780855077.920197,19629,1972643016,823,2097,2070,2067,2079,2057,1340,994,1081,1233,2029,2091,2092,2061,1430,1123,1169,1985,2057,2096,2067,2065,2098,1711,1199,2014,2086,2094,2088,2112,2081,1805,1173,2084,2118,2086,2097,2111,2051,1936,1200,1977,2060,2100,2079,2011,1904,1927,1135,2064,2077,2129,2108,1989,1905,1976,1107,1805,2002,2063,1996,1994,1875,1913,5,5,5,5,5,5,5,5,5,9,255,10,5,255,5,5,9,5,5,5,5,5,5,10,9,5,5,5,5,5,5,5,5,5,5,5,5,255,5,255,5,9,5,5,5,5,5,5,5,255,5,10,10,5,5,10,5,255,255,10,5,255,10,255
1780855078.019095,19630,1972743017,846,1028,2060,2066,2092,2057,1357,981,1082,1356,2087,2101,2044,2067,1479,1095,1171,2020,2092,2078,2075,2119,1985,1718,1193,2017,2096,2091,2093,2087,2089,1841,1196,2060,2080,2053,2089,2157,2051,1936,1139,2106,2075,2100,2107,2091,1904,1974,1127,2064,2072,2104,2123,1983,1933,1987,1117,1805,1954,2041,1996,1966,1875,1913,5,5,5,5,5,255,9,5,5,5,10,5,5,10,5,5,5,5,5,5,5,5,5,5,5,5,5,5,5,5,5,5,5,5,5,5,5,10,255,255,5,5,5,255,5,5,255,5,5,255,5,5,5,5,5,5,5,255,10,5,255,10,255,255
1780855078.120039,19631,1972843017,837,1082,2060,2059,2089,2050,1340,997,1096,1320,2056,2101,2044,2067,1445,1117,1172,2003,2095,2093,2065,2094,2082,1688,1192,2027,2099,2097,2088,2117,2118,1951,1176,2031,2112,2093,2132,2150,2051,1936,1162,1994,2089,2128,2086,2076,1904,1976,1173,2064,2106,2092,2123,1970,1939,1937,1132,1805,2055,2030,2013,1966,1970,1913,5,5,255,5,5,10,9,5,5,5,5,5,255,255,5,5,5,5,5,5,5,5,5,5,5,5,5,5,5,5,5,5,5,5,5,5,5,5,255,255,5,5,5,10,5,5,255,5,5,255,5,5,5,5,5,5,5,255,5,5,10,255,10,255
1780855078.220061,19632,1972943017,822,1018,2091,2046,2093,2037,1240,1003,1074,1266,2056,2101,2099,2052,1447,1104,1170,2023,2100,2085,2099,2102,2116,1667,1201,2087,2091,2083,2072,2068,2124,1951,1177,2103,2038,2114,2075,2125,2051,1936,1177,1994,2058,2086,2114,2037,1965,1975,1162,2064,2093,2112,2108,1974,1943,1916,1104,1787,1981,2030,1990,1966,1970,1913,5,5,10,5,5,5,5,5,5,5,255,255,10,10,5,5,5,5,5,5,5,5,5,5,5,5,5,5,5,5,5,255,5,5,5,5,5,5,255,255,5,255,5,5,5,5,10,5,5,255,5,5,5,5,5,5,5,10,5,255,5,255,255,255
1780855078.320276,19633,1973043017,839,1022,2091,2091,2070,2009,1263,997,1054,1306,2056,2062,2086,2052,1518,1097,1216,2005,2069,2081,2066,2116,1999,1697,1194,2087,2081,2094,2081,2091,2075,1863,1185,1979,2078,2072,2102,2088,2094,1936,1175,1994,2065,2086,2094,2079,1913,1897,1113,2064,2099,2100,2098,2006,1896,1916,1102,1787,2063,2065,1960,1971,1970,1985,5,5,255,5,5,5,5,5,5,5,255,10,5,255,5,5,5,5,5,5,5,5,5,5,5,255,5,5,5,5,5,10,5,5,5,5,5,5,10,255,9,255,5,255,5,5,5,5,5,255,5,5,5,5,5,255,5,255,5,10,5,10,255,10
1780855078.420258,19634,1973143017,854,2064,2094,2091,2095,2009,1307,997,1084,1298,2056,2110,2086,2046,1406,1102,1154,1912,2093,2065,2089,2080,2011,1758,1131,2087,2107,2084,2075,2078,2089,1863,1239,2043,2046,2115,2113,2062,2058,1936,1179,1994,2103,2140,2111,2055,1951,1920,1135,2064,2098,2128,2064,2013,1936,1975,1122,1787,2063,2065,1942,1951,1970,1985,5,5,10,255,5,255,5,5,5,9,255,5,255,10,5,5,5,4,5,5,5,5,5,5,9,255,5,5,5,5,5,255,5,5,5,5,5,5,5,255,5,255,5,10,5,5,5,5,5,255,5,5,5,5,5,10,5,255,255,255,5,5,255,255
1780855078.520976,19635,1973243017,825,1049,2067,2067,2102,2114,1212,988,1060,1246,2056,2111,2070,2067,1457,1112,1178,1948,2087,2131,2159,2071,2048,1658,1196,2011,2079,2090,2075,2101,2104,1841,1187,2028,2066,2041,2119,2128,2072,1942,1160,1994,2115,2140,2121,2055,1909,1970,1148,2064,2076,2103,2084,1960,1936,1947,1108,1787,2065,2065,2030,1951,1970,1985,5,5,5,10,5,10,5,5,5,5,255,5,10,5,5,5,5,5,5,5,5,5,5,5,9,10,5,5,5,5,5,10,9,9,5,5,5,5,5,10,5,255,5,255,5,255,5,5,5,255,5,5,5,5,255,5,5,255,10,255,5,255,255,255
1780855078.620783,19636,1973343017,847,2016,2067,2077,2084,2060,1244,984,1092,1336,2111,2109,2070,2041,1457,1133,1205,1655,2086,2069,2075,2076,2081,1658,1198,2058,2096,2085,2105,2097,2092,1798,1185,2071,2121,2132,2132,2076,2072,1938,1113,1994,2098,2119,2090,2086,1970,1909,1179,2064,2074,2070,2078,2053,1936,1965,1092,1787,2020,2065,1997,1951,1970,1985,5,5,255,5,5,5,5,5,5,9,10,5,255,5,9,5,9,4,5,5,5,5,5,255,5,5,5,5,5,5,5,5,9,5,5,5,5,5,255,5,5,255,5,10,5,10,5,5,5,255,5,5,5,5,255,5,5,255,5,255,5,255,255,255
1780855078.719864,19637,1973443016,831,2086,2127,2083,2092,2013,1247,996,1077,1260,2068,2073,2070,2082,1454,1146,1204,2074,2074,2124,2086,2101,2108,1658,1185,1959,2085,2090,2064,2102,2054,1810,1197,2006,2095,2093,2090,2110,2047,1926,1209,1994,2104,2109,2123,2084,1970,1920,1199,2064,2042,2109,2078,1979,1977,1965,1110,1787,2074,2110,2046,1995,1984,1985,5,5,10,5,5,5,5,5,9,5,5,5,255,5,5,5,5,4,5,5,5,5,5,255,5,5,5,5,5,5,5,5,5,5,5,5,5,5,10,5,5,255,5,5,5,5,255,5,5,255,5,5,255,5,10,255,5,255,5,10,5,10,10,255
1780855078.820199,19638,1973543017,841,2020,2054,2081,2092,2064,1246,986,1099,1261,2068,2073,2037,2066,1481,1092,1185,2074,2074,2078,2093,2093,2030,1658,1225,1984,2113,2077,2105,2086,2075,1814,1185,2034,2095,2114,2131,2090,2047,1846,1171,1994,2094,2114,2108,2080,1939,1977,1172,2064,2042,2105,2078,1981,1924,1999,1096,1787,2031,2110,1990,1948,1984,1985,5,5,5,5,5,5,5,5,5,5,255,255,10,5,5,5,5,255,5,5,5,5,5,255,5,5,5,5,5,5,5,5,5,5,255,5,5,5,255,5,5,255,5,5,5,5,10,5,5,255,255,5,255,5,5,10,5,255,5,255,5,5,255,255
1780855078.920076,19639,1973643016,828,1057,2079,2103,2089,2041,1253,997,1064,1315,2110,2092,2051,2082,1387,1126,1175,2022,2095,2094,2127,2110,1984,1680,1179,1947,2100,2094,2093,2130,2084,1843,1175,2034,2126,2084,2092,2058,2048,1915,1180,1601,2118,2127,2117,2076,1990,1971,1129,1974,2101,2098,2118,2008,1924,1956,1115,1787,1941,2097,1967,1948,1984,1985,5,5,5,5,5,5,5,5,5,5,10,10,5,5,5,5,9,10,5,5,5,5,5,10,5,5,5,5,5,5,5,5,5,255,10,5,5,5,10,5,5,10,5,5,5,5,5,5,5,10,10,5,10,5,255,5,5,255,5,10,5,255,255,255
1780855079.019733,19640,1973743016,833,2141,2067,2077,2089,2066,1206,1000,1068,1295,2084,2077,2081,2015,1454,1107,1215,1816,2072,2078,2123,2116,2075,1678,1189,2052,2076,2086,2110,2103,2086,1803,1221,2068,2125,2112,2099,2128,2026,1915,1165,1948,2060,2071,2144,2059,1990,1929,1180,1974,2081,2095,2115,1996,1953,1910,1168,1787,2022,2044,2014,1919,2002,1985,5,5,5,5,255,5,5,5,5,5,5,5,5,5,5,5,5,4,5,5,5,5,5,5,5,5,5,5,5,5,5,5,5,10,5,5,5,5,5,255,5,5,5,5,5,5,255,5,5,255,5,5,5,5,10,5,5,255,5,5,5,10,10,255
1780855079.118852,19641,1973843017,828,2096,2060,2094,2116,2069,1232,990,1075,1328,2064,2110,2114,2015,1403,1175,1175,1985,2102,2108,2123,2066,2098,1899,1207,2135,2084,2084,2097,2067,2114,1803,1184,2068,2102,2089,2092,2120,2055,1915,1169,1927,2111,2132,2063,2059,1935,1950,1127,1974,2106,2081,2113,2038,1977,1936,1103,1787,2051,2054,1948,1971,1976,1985,5,5,5,5,10,5,9,5,5,5,5,5,5,255,9,5,9,5,5,5,255,5,5,4,5,5,5,5,5,5,5,255,5,255,5,5,5,5,5,255,9,5,5,5,5,255,10,5,5,255,5,5,5,5,5,5,5,255,5,5,5,255,5,255
1780855079.220182,19642,1973943017,822,2068,2077,2094,2097,2026,1273,984,1081,1323,2064,2110,2114,2015,1522,1094,1155,1985,2066,2100,2038,2132,2096,1698,1157,2067,2095,2078,2090,2103,2080,1833,1176,1991,2102,2092,2091,2055,2064,1915,1171,1927,2108,2132,2070,2007,1935,1950,1135,1974,2110,2121,2087,2005,1944,1936,1108,1787,2072,2054,1990,2007,1976,1985,5,5,5,255,5,5,5,5,5,5,255,255,255,255,5,5,5,255,5,5,10,5,5,4,5,5,5,5,5,5,5,10,5,10,255,5,5,5,5,255,5,255,5,255,5,10,255,255,5,255,5,5,5,5,5,255,5,255,5,255,5,5,255,255
1780855079.330025,19643,1974053016,840,2088,2055,2090,2076,2072,1262,982,1072,1345,2075,2086,2109,2015,1485,1125,1167,1961,2111,2097,2098,2098,2017,1721,1195,2026,2087,2088,2082,2105,2075,1932,1164,1991,2108,2103,2089,2120,2064,1908,1178,2073,2086,2104,2078,2090,1959,1917,1148,1974,2130,2135,2094,2021,1936,1952,1104,1787,2028,2034,2005,1968,1892,1985,5,5,5,10,5,5,5,5,5,5,10,10,10,255,9,5,5,10,5,5,5,5,5,5,5,5,5,5,5,5,5,5,5,255,10,5,5,5,255,10,5,10,5,10,5,5,10,10,5,255,5,5,5,5,5,10,5,255,5,10,5,5,10,255
1780855079.430193,19644,1974153017,864,2064,2066,2078,2105,2103,1269,978,1067,1282,2057,2086,2109,2015,1452,1092,1180,1961,2073,2098,2070,2094,2046,1715,1153,1964,2082,2089,2076,2087,2107,1957,1166,2093,2104,2082,2097,2180,2064,1908,1151,2073,2090,2087,2078,2107,1959,1928,1155,1974,2096,2075,2082,2016,1960,1957,1153,1473,2082,2102,2005,1968,1892,1985,5,5,5,5,5,255,5,5,5,5,5,255,255,255,5,5,5,255,5,5,5,5,5,5,5,5,5,5,5,5,5,5,5,10,5,5,5,5,255,255,5,255,5,5,255,5,255,5,5,255,5,5,5,5,5,5,5,10,5,5,255,255,255,255
1780855079.531808,19645,1974253017,838,1028,2060,2052,2067,2072,1351,958,1066,1228,2023,2047,2064,2015,1384,1122,1185,1939,2087,2077,2092,2092,2084,1687,1169,1964,2096,2091,2083,2112,2121,1817,1187,2055,2119,2125,2130,2180,2039,1908,1190,2073,2083,2087,2104,2066,1963,1953,1143,1974,2100,2120,2074,2000,1934,1946,1107,1473,2078,2102,1983,1971,1892,1985,5,5,5,5,5,5,5,5,5,5,5,10,10,255,5,5,5,10,5,5,5,5,5,5,5,255,5,5,5,5,5,5,5,5,5,5,5,255,10,255,5,255,5,255,10,5,10,5,5,255,5,5,5,5,5,5,5,255,5,255,10,10,255,255
1780855079.631597,19646,1974353016,851,2072,2083,2076,2067,2052,1291,994,1106,1228,2023,2076,2104,2033,1385,1083,1227,2024,2091,2098,2129,2079,2057,1687,1182,2040,2090,2102,2104,2079,2071,1817,1181,2027,2072,2077,2106,2079,2074,1908,1203,2073,2120,2099,2156,2100,1936,1938,1139,2073,2085,2114,2055,1966,1965,1986,1131,1910,2078,2091,1983,1934,1892,1985,5,5,5,5,5,5,5,5,9,5,255,5,5,10,5,5,5,5,5,5,5,5,5,255,5,10,5,5,5,5,5,255,9,5,5,5,5,10,5,255,5,255,5,10,5,5,5,5,5,10,5,5,5,5,5,5,5,10,255,10,5,5,255,255
1780855079.730019,19647,1974453016,841,1022,2075,2054,2087,2054,1217,997,1049,1235,2101,2090,2043,2033,1379,1128,1204,2002,2084,2067,2094,2095,2094,1692,1167,2034,2105,2100,2076,2121,2098,1852,1210,2073,2048,2114,2099,2114,2081,1907,1179,2081,2093,2050,2102,2097,1963,1887,1156,2073,2058,2103,2081,1990,1955,1940,1086,1910,2050,2059,1983,1925,1960,1985,5,5,5,5,5,5,9,5,5,5,10,5,5,255,5,5,5,5,5,5,5,5,5,10,5,5,5,5,5,5,5,10,5,5,5,5,5,5,5,10,5,10,5,5,5,5,5,5,5,255,5,5,5,5,5,5,5,255,10,5,255,5,10,255
1780855079.829926,19648,1974553017,844,2071,2083,2091,2091,2055,1251,986,1053,1319,2101,2090,2043,2105,1402,1121,1174,1980,2087,2058,2080,2075,2091,1640,1186,2033,2086,2088,2075,2095,2068,1815,1199,2091,2083,2111,2091,2121,2057,1907,1198,2081,2103,2122,2084,2094,1963,1945,1176,2073,2092,2132,2081,1994,1989,1940,1119,1910,2017,2059,1983,1956,1960,1985,5,5,5,5,5,5,5,5,5,5,255,255,255,10,5,5,5,5,5,5,5,5,5,5,5,5,5,5,5,5,5,5,5,5,5,5,5,5,5,255,5,255,5,5,5,5,255,5,5,255,5,5,255,5,5,255,5,255,5,255,255,5,255,255
1780855079.930026,19649,1974653016,839,2083,2052,2094,2093,2035,1241,992,1072,1337,2051,2053,2043,2069,1407,1106,1214,1980,2114,2088,2093,2131,2050,1724,1145,2020,2078,2092,2085,2086,2081,1834,1179,2105,2101,2087,2115,2137,2052,1907,1161,1989,2095,2037,2124,2080,1963,1937,1140,2089,2125,2095,2097,2065,1922,1959,1132,1910,2043,2002,2010,1956,1960,1985,5,5,5,5,5,5,5,5,5,5,10,10,255,5,5,5,9,255,5,5,5,5,5,5,5,5,5,5,5,5,5,5,5,5,5,5,5,5,5,255,5,10,5,5,5,5,255,5,5,10,5,5,10,5,5,10,5,255,5,10,10,255,255,255
1780855080.030086,19650,1974753017,840,2040,2117,2094,2066,2035,1293,998,1073,1354,2051,2073,2043,2013,1422,1130,1197,2090,2091,2088,2031,2116,2055,1667,1196,2020,2116,2084,2095,2131,2137,1824,1208,2042,2096,2082,2080,2102,2097,1907,1154,1989,2095,2104,2080,2099,1915,1937,1134,1859,2145,2091,2106,1945,1935,1950,1121,1389,2030,2019,1979,1947,1960,1985,5,5,5,255,5,5,5,5,5,5,255,5,255,5,5,9,5,10,5,5,9,5,5,5,5,255,5,5,5,5,5,5,5,5,5,5,5,5,5,255,5,255,255,5,5,5,10,255,5,4,5,5,5,5,5,5,5,10,5,5,5,10,255,255
1780855080.128916,19651,1974853016,841,2084,2095,2118,2097,2050,1247,1005,1072,1290,2064,2027,2054,2013,1404,1137,1191,1894,2055,2096,2113,2103,2083,1667,1206,1845,2088,2088,2093,2124,2103,1824,1174,2078,2081,2113,2111,2102,2077,1897,1164,1989,2077,2099,2142,2099,1960,1923,1131,2039,2079,2121,2102,1891,1961,1944,1129,1389,2030,2040,2018,1920,1960,1985,5,5,5,10,5,3,5,5,5,5,10,5,10,255,5,5,5,5,5,5,5,5,5,255,5,10,5,5,5,5,5,255,5,5,5,5,5,255,5,10,5,255,10,5,5,255,5,10,5,5,5,5,5,5,5,5,5,255,5,5,5,5,255,255
1780855080.230023,19652,1974953017,850,1077,2095,2068,2103,2000,1287,998,1093,1342,2045,2110,2069,2060,1422,1126,1187,2002,2091,2098,2121,2119,2062,1766,1226,1999,2090,2103,2084,2110,2101,1824,1218,2078,2095,2091,2083,2100,2077,1951,1193,1989,2127,2100,2121,2078,1951,1919,1179,1984,2153,2123,2093,2007,1978,1922,1100,1389,2033,2040,2012,1920,1960,1985,5,5,255,5,5,9,5,5,5,5,5,5,5,10,5,5,5,5,5,5,5,5,5,10,5,5,5,5,5,5,5,255,5,255,5,5,5,10,255,5,5,255,5,5,5,10,5,5,5,5,5,5,5,5,5,5,5,255,5,255,5,255,255,255
1780855080.330607,19653,1975053017,837,1064,2095,2078,2088,2071,1234,989,1086,1281,2102,2073,2048,2060,1422,1129,1198,2036,2098,2088,2066,2123,2044,1766,1209,2026,2087,2082,2083,2082,2105,1915,1158,2081,2123,2096,2136,2100,2057,1951,1187,1956,2092,2100,2119,2122,1966,1944,1135,1984,2112,2104,2108,1987,1951,1945,1110,1389,2044,2105,1956,2023,1960,1985,5,5,255,5,5,5,9,5,5,5,5,5,5,255,5,5,5,5,5,5,5,5,5,255,5,5,5,5,5,5,5,10,5,10,5,5,5,255,10,255,5,10,5,255,5,5,5,5,5,255,5,5,5,5,5,5,5,255,5,10,5,10,255,255
1780855080.430104,19654,1975153017,821,1031,2077,2075,2075,1985,1302,987,1059,1236,2107,2089,2048,2067,1405,1131,1188,1911,2062,2071,2070,2122,2098,1686,1180,2026,2084,2099,2097,2082,2070,1849,1181,2095,2067,2121,2106,2100,2069,1964,1194,1956,2056,2104,2079,2100,1966,1965,1146,1984,2095,2091,2120,1994,1920,1959,1110,1389,1981,2044,2026,2023,1960,1985,5,255,10,5,5,5,5,5,5,5,5,5,255,10,5,5,5,5,5,5,5,5,5,10,5,255,5,5,5,255,5,5,5,5,5,5,5,255,5,10,5,255,5,10,5,5,255,5,5,255,5,5,5,5,5,5,5,255,5,5,5,255,255,255
1780855080.529970,19655,1975253016,839,2088,2092,2063,2046,2062,1272,973,1077,1192,2104,2106,2048,2067,1407,1071,1199,1911,2108,2091,2130,2059,2132,1682,1175,2086,2121,2092,2080,2110,2099,1884,1218,2036,2208,2108,2118,2088,2029,1964,1181,1956,2085,2112,2062,2082,1952,1925,1145,2053,2094,2085,2120,2041,1982,1967,1101,1389,2069,2034,1970,1973,1960,1985,5,4,5,5,5,5,5,5,5,5,5,5,255,255,5,5,5,255,5,5,5,5,5,5,5,10,5,5,5,10,5,5,5,5,5,5,5,10,5,255,5,255,5,5,5,5,10,5,5,10,5,5,255,5,5,5,5,255,5,5,5,10,255,255
1780855080.630101,19656,1975353017,853,1065,2092,2076,2092,2056,1302,1003,1038,1304,2059,2114,2048,2062,1486,1139,1192,1911,2047,2096,2106,2109,2060,1675,1163,2092,2060,2104,2101,2149,2073,1757,1195,2068,2094,2102,2132,2075,2029,1912,1172,1956,2094,2121,2104,2065,1952,1909,1147,2053,2043,2100,2120,1986,1930,1950,1114,1389,2069,2092,1961,1924,1960,1985,5,5,255,5,5,5,5,5,5,5,5,5,255,10,5,5,5,255,5,5,5,5,5,5,5,5,5,5,5,5,5,5,5,5,5,5,5,5,255,10,5,255,5,5,5,5,255,5,5,255,5,5,255,5,5,5,5,255,255,5,5,5,255,255
1780855080.729957,19657,1975453016,853,2090,2020,2054,2057,2056,1291,986,1074,1243,2047,2085,2078,2107,1461,1103,1149,1941,2073,2103,2121,2138,2094,1649,1205,2033,2074,2074,2078,2122,2112,1757,1158,2021,2084,2102,2086,2104,2072,1896,1182,1956,2094,2092,2116,2067,1988,1966,1136,2052,2100,2127,2100,2008,1957,1950,1146,1389,2034,2100,1961,1995,1960,1985,5,5,10,5,5,255,5,5,5,5,5,5,10,5,5,5,5,10,5,5,5,5,5,5,5,5,5,5,5,5,5,5,5,5,5,5,5,5,10,5,5,255,5,5,5,5,10,5,5,10,5,5,10,5,5,5,5,255,10,5,255,5,255,255
1780855080.830044,19658,1975553017,829,2066,2020,2064,2082,2047,1255,985,1075,1324,2047,2085,2036,2107,1450,1100,1152,1941,2102,2090,2107,2111,2011,1668,1212,2092,2098,2080,2083,2125,2117,1874,1180,1986,2055,2073,2109,2074,2072,1896,1187,1956,2104,2093,2112,2067,1988,1998,1154,1597,2121,2126,2108,2014,1941,1979,1097,1554,2084,2081,2158,1967,1960,1985,5,5,255,5,5,10,5,5,5,5,255,255,5,255,5,5,5,255,5,5,5,5,5,5,5,5,5,5,5,5,5,5,5,5,5,5,5,5,255,255,5,255,5,5,5,255,255,5,5,4,5,5,5,5,5,5,5,3,5,5,10,5,255,255
1780855080.929839,19659,1975653016,842,2084,2018,2057,2092,2112,1255,963,1097,1266,2103,2051,2105,1985,1409,1123,1180,1998,2098,2072,2144,2088,2067,1668,1204,2022,2084,2080,2089,2093,2077,1894,1187,2077,2107,2121,2072,2118,2053,1901,1139,1956,2090,2092,2113,2109,1948,1932,1160,1597,2126,2104,2083,1973,1926,1948,1131,1554,2001,2028,2004,1977,1960,1985,5,5,10,5,5,5,5,5,5,255,10,10,5,10,5,5,5,10,5,5,5,5,5,255,5,5,5,5,5,5,5,5,5,5,5,5,5,5,10,10,5,255,5,5,5,10,10,5,5,255,5,5,5,5,5,5,5,255,5,5,5,5,255,255
1780855081.029875,19660,1975753016,849,1066,2110,2079,2092,2114,1250,1012,1077,1212,2076,2073,2105,2004,1348,1113,1170,1927,2082,2058,2090,2077,2062,1637,1209,2033,2071,2096,2098,2121,2081,1856,1172,2006,2107,2111,2122,2109,2076,1913,1214,2041,2090,2142,2211,2073,1978,1951,1173,2045,2117,2056,2126,2016,1928,1964,1096,2038,2001,2032,2004,1977,1969,1985,5,255,5,5,255,5,9,5,9,5,5,5,255,5,5,5,5,5,5,5,5,5,5,10,5,5,5,5,5,5,5,5,5,5,5,5,5,5,5,5,5,10,255,5,5,5,5,5,5,10,5,5,5,5,5,5,5,10,255,5,255,255,10,255
1780855081.128824,19661,1975853017,836,1024,2072,2074,2057,2033,1276,1018,1076,1189,2091,2097,2070,2081,1379,1126,1176,1674,2054,2131,2073,2072,2092,1637,1191,2076,2099,2089,2084,2104,2052,1856,1141,2071,2133,2087,2096,2109,2077,1994,1176,2127,2081,2104,2147,2083,1978,1989,1153,2045,2103,2123,2136,2016,1972,1952,1112,2038,2056,2038,2042,1921,1969,1985,5,5,5,5,10,255,9,5,5,5,9,5,10,5,5,5,5,4,5,5,5,5,5,255,5,5,5,5,5,5,5,255,5,5,5,5,5,255,5,5,5,5,10,5,5,5,255,5,9,255,5,5,5,255,5,5,5,255,10,5,10,10,255,255
1780855081.230014,19662,1975953017,844,2097,2018,2078,2057,2023,1277,970,1075,1337,2085,2094,2070,2081,1428,1077,1168,2024,2058,2110,2078,2103,2006,1659,1176,2088,2069,2089,2093,2091,2100,1925,1160,2104,2118,2072,2093,2158,2055,1994,1192,2127,2110,2123,2052,2043,1978,1948,1149,2045,2104,2109,2095,1966,1981,1952,1114,2038,2012,2038,1982,1949,1969,1985,5,5,5,5,255,5,5,5,5,5,5,5,255,255,5,5,5,4,5,5,5,5,5,10,5,5,5,5,5,5,5,10,5,5,5,5,5,10,5,255,5,255,5,5,5,5,10,5,5,255,5,5,5,10,5,255,5,255,5,255,5,5,255,255
1780855081.330299,19663,1976053017,830,1038,2032,2028,2083,2048,1300,984,1062,1261,2085,2073,2099,2081,1409,1154,1197,1997,2114,2070,2108,2091,2060,1659,1190,2079,2074,2100,2087,2092,2077,1910,1159,2052,2118,2078,2120,2158,2119,1839,1183,1762,2081,2106,2078,2130,1978,1929,1153,1974,2086,2099,2086,1939,1944,1952,1116,2038,2055,2044,2001,1923,1969,1985,5,5,5,5,10,5,5,5,5,5,255,5,10,255,5,5,5,5,5,5,5,5,5,255,5,5,5,5,5,5,5,5,5,9,255,5,5,255,5,10,5,10,5,5,5,5,255,255,5,10,5,5,5,5,5,255,5,255,5,10,5,5,255,255
1780855081.430239,19664,1976153017,825,2080,2051,2088,2058,2044,1232,1002,1057,1306,2085,2073,2099,2048,1400,1126,1196,1997,2083,2079,2095,2098,2030,1658,1194,2031,2067,2086,2096,2096,2099,1910,1212,1968,2094,2106,2121,2158,2054,1937,1180,1762,2113,2106,2078,2034,1978,1907,1131,1987,2105,2063,2063,1998,1984,1954,1136,2038,2060,2044,1982,1947,1969,1985,5,5,5,5,5,5,5,5,5,5,255,255,255,10,5,5,5,255,5,5,5,5,5,10,5,5,5,5,5,5,5,255,5,5,10,5,5,255,5,5,5,255,5,255,255,5,255,5,9,5,5,5,5,5,5,10,5,255,5,255,5,5,255,255
1780855081.530123,19665,1976253017,852,1028,2040,2079,2058,2063,1260,990,1069,1265,2017,2073,2138,2048,1372,1099,1165,2001,2081,2072,2141,2075,2083,1662,1177,2068,2088,2088,2102,2161,2053,1849,1188,1968,2118,2090,2141,2121,2054,1932,1221,1762,2083,2078,2085,2138,1955,1944,1150,1987,2060,2102,2106,1999,1931,1963,1108,2038,1995,2043,1953,2005,1969,1985,5,255,5,5,5,5,5,5,5,5,10,255,10,255,5,5,5,10,5,5,5,5,5,5,5,5,5,5,5,5,5,10,5,255,5,5,5,10,255,5,5,255,5,10,10,5,10,5,5,255,5,5,5,5,5,255,5,255,5,10,5,5,255,255
1780855081.629849,19666,1976353017,844,2048,2040,2067,2093,2027,1327,981,1081,1263,2017,2083,2138,2008,1414,1095,1137,1754,2058,2092,2141,2095,2113,1678,1157,2053,2094,2091,2063,2114,2101,1849,1156,2034,2102,2112,2079,2121,2054,1957,1169,1762,2117,2019,2135,2040,1990,1956,1134,2045,2070,2080,2068,1990,1947,1926,1144,2038,1995,2049,2007,1981,1969,2004,5,5,255,5,5,5,5,5,5,5,255,10,255,10,5,5,5,5,5,5,255,5,5,5,9,5,5,5,5,5,5,255,5,10,5,5,5,255,255,5,5,255,5,5,5,5,5,5,5,10,5,5,5,5,5,5,5,255,255,5,5,5,255,10
1780855081.730123,19667,1976453016,839,1058,2057,2038,2060,1902,1249,1003,1081,1238,2073,2075,2138,2008,1482,1118,1208,1942,2090,2073,2063,2107,2054,1700,1195,2038,2097,2095,2105,2130,2102,1849,1182,2001,2096,2095,2108,2101,2078,1984,1175,2071,2074,2101,2114,2072,1990,1960,1155,2045,2112,2133,2070,1954,1929,1963,1106,2038,1995,2043,2008,1973,1969,2004,5,5,10,5,5,5,5,5,5,5,10,5,255,255,5,5,5,5,5,5,10,5,5,5,5,5,5,5,5,5,5,255,5,5,5,5,5,10,10,5,5,10,5,5,5,5,255,5,5,255,5,5,5,5,5,5,5,255,255,5,5,5,255,255
1780855081.830048,19668,1976553017,836,1083,2079,2095,2110,2034,1274,998,1083,1256,2073,2072,2138,2008,1423,1108,1212,1942,2120,2107,2107,2116,2025,1694,1204,2029,2088,2084,2083,2101,2084,1898,1161,2009,2095,2088,2112,2101,2078,1876,1133,2071,2038,2062,2109,2076,1990,1934,1190,2052,2085,2133,2113,1984,1931,1988,1095,2038,1995,2037,2091,1931,1969,2004,5,5,5,5,5,5,5,5,5,5,255,5,255,255,5,5,5,255,5,5,5,5,5,5,5,5,5,5,5,5,5,10,9,5,5,5,5,255,255,5,5,255,5,5,5,5,255,5,5,10,5,255,5,5,5,5,5,255,255,5,5,5,255,255
1780855081.930099,19669,1976653016,835,1047,2071,2069,2079,2047,1282,1004,1058,1228,2073,2071,2138,2008,1393,1108,1172,2066,2082,2080,2075,2065,2065,1718,1236,1972,2085,2088,2085,2108,2093,1898,1223,2009,2065,2109,2111,2076,2066,1895,1138,2005,2092,2107,2077,2085,1951,1948,1130,1996,2089,2118,2113,1982,1960,1918,1116,1538,2020,2022,1983,1971,1969,2004,5,5,5,5,5,5,5,5,5,9,255,5,255,255,5,5,5,10,5,5,5,5,5,5,5,5,5,5,5,5,5,255,5,255,5,5,5,10,10,5,9,10,5,5,5,5,10,5,5,5,5,10,255,5,5,5,5,10,10,5,5,5,255,255
1780855082.040065,19670,1976763017,848,2078,2077,2040,2055,2058,1244,994,1090,1320,2092,2100,2070,2008,1476,1159,1175,1797,2062,2081,2063,2082,2044,1686,1143,2048,2079,2085,2086,2117,2101,1909,1197,2085,2095,2123,2149,2076,1993,1895,1182,2098,2091,2118,2124,2079,1961,1948,1125,1996,2103,2133,2105,1985,1930,1918,1141,1613,1997,2022,1983,1912,1969,2004,5,4,5,5,5,5,5,5,5,5,10,5,10,255,9,5,5,4,5,5,5,5,5,5,5,5,5,5,5,5,5,10,5,10,5,5,5,255,5,255,5,5,5,5,5,5,5,255,5,255,5,5,10,5,5,255,5,9,5,255,255,5,255,255
1780855082.138865,19671,1976863016,841,1079,2077,2043,2072,2014,1277,984,1090,1310,2120,2075,2073,2033,1532,1109,1156,1777,2083,2103,2071,2131,2109,1639,1204,2053,2079,2093,2096,2120,2093,1930,1212,2085,2119,2071,2121,2111,2111,1895,1178,1969,2127,2118,2100,2131,1961,1928,1164,1996,2092,2080,2077,1986,1937,1942,1104,1613,1960,2022,1985,1958,1943,2004,5,5,255,5,5,5,5,5,5,5,5,5,5,10,5,5,5,5,5,5,5,5,5,5,5,5,5,5,5,5,5,5,5,255,5,5,5,10,5,255,5,5,5,255,5,5,255,10,5,255,5,5,5,5,5,10,5,255,5,255,10,5,10,255
1780855082.240005,19672,1976963017,836,1051,2081,2043,2052,1986,1302,981,1082,1308,2120,2037,2122,2043,1422,1096,1165,2018,2067,2080,2140,2053,2069,1731,1188,1799,2086,2096,2108,2105,2112,1930,1175,2085,2050,2030,2057,2038,2111,1939,1161,1969,2084,2096,2120,2051,1961,1954,1182,1996,2116,2103,2069,1977,1957,1953,1125,1613,1960,2022,1984,1958,1943,2004,5,5,10,255,5,5,5,5,9,5,255,5,5,5,5,5,5,5,5,5,5,5,5,5,5,4,5,5,5,5,5,255,5,255,5,5,5,5,255,10,5,255,5,10,5,5,255,5,5,255,5,5,5,5,5,5,5,255,255,255,5,255,255,255
1780855082.340081,19673,1977063017,849,1076,2081,2073,2052,2126,1228,983,1066,1336,2120,2105,2122,2043,1394,1120,1150,1971,2067,2089,2086,2084,2048,1661,1187,2025,2077,2088,2064,2127,2082,1926,1155,1593,2105,2080,2108,2138,2051,1943,1210,1969,2106,2096,2148,2086,1950,1958,1133,1996,2109,2109,2109,1959,1962,1932,1136,1613,2021,2104,1998,1968,1943,2004,5,5,255,10,5,5,5,5,5,5,255,5,255,255,5,5,5,5,5,5,5,5,5,5,5,4,5,5,5,5,5,10,5,10,5,5,5,5,10,5,5,255,5,255,5,5,10,5,5,255,5,5,5,5,5,5,5,255,10,10,5,10,255,255
1780855082.440059,19674,1977163017,833,1022,2030,2047,2066,2055,1226,1000,1086,1359,2085,2105,2067,2043,1445,1112,1191,2008,2077,2063,2101,2055,2090,1691,1147,2037,2099,2095,2104,2098,2121,1926,1187,1974,2126,2110,2106,2138,2071,1901,1190,1969,2106,2096,2097,2131,1950,1958,1143,1996,2074,2081,2111,1988,1957,1960,1112,1613,2058,2104,1994,1963,1943,2004,5,5,10,5,5,5,5,5,5,5,10,255,10,255,9,5,5,5,5,5,5,5,5,5,5,5,5,5,5,5,5,255,5,5,5,5,5,255,5,5,5,255,255,255,5,5,255,255,5,255,5,5,5,5,5,5,5,255,5,255,5,5,255,255
1780855082.540378,19675,1977263017,844,2078,2072,2070,2087,2055,1277,992,1082,1341,2058,2085,2067,2038,1477,1105,1205,1966,2095,2067,2101,2102,2062,1644,1205,2027,2060,2086,2091,2095,2092,1909,1177,2014,2068,2086,2099,2138,2108,1901,1201,1969,2099,2116,2114,2107,1986,1958,1149,1996,2096,2110,2085,1979,1975,1960,1132,1613,2037,2041,2037,1939,1943,2004,5,4,5,5,5,255,5,5,5,5,5,10,255,10,5,5,5,5,5,5,255,5,5,5,5,5,5,5,5,5,5,10,5,9,5,5,5,255,5,255,5,255,10,10,5,5,10,255,5,255,5,5,5,5,5,255,5,255,5,10,5,5,255,255
1780855082.639996,19676,1977363017,843,1041,2054,2078,2076,2055,1281,1003,1064,1269,2058,2057,2067,1979,1400,1179,1235,1727,2081,2045,2097,2103,2071,1631,1189,2041,2091,2099,2083,2096,2112,1909,1176,2014,2100,2096,2111,2151,2108,1896,1189,2045,2099,2041,2134,2117,1986,1956,1130,1996,2138,2132,2084,1958,1975,1982,1122,1613,2012,2041,1971,1963,1943,2004,5,5,5,5,5,255,5,5,5,5,255,5,255,5,5,5,5,5,5,5,10,5,5,5,5,5,5,5,5,5,5,255,5,255,5,5,5,10,255,10,5,10,255,5,5,5,255,10,5,255,5,5,5,5,5,10,5,255,5,255,5,5,255,255
1780855082.740163,19677,1977463016,849,1053,2053,2016,2106,2076,1297,996,1048,1274,2057,2073,2123,1979,1425,1115,1175,1905,2097,2107,2103,2095,2054,1605,1213,2022,2072,2093,2085,2115,2100,1829,1159,2004,2071,2108,2116,2121,2087,1876,1146,2045,2110,2041,2097,2097,1986,1970,1140,1996,2094,2081,2103,2001,1971,1963,1118,1976,2033,2044,2099,1987,1974,2004,5,5,5,5,5,10,5,5,5,5,10,5,10,255,5,5,5,9,5,5,5,5,5,5,5,5,5,5,5,5,5,10,9,10,5,5,5,5,10,5,5,255,10,255,5,5,255,5,5,255,5,5,5,5,5,5,5,10,5,10,5,5,10,255
1780855082.840347,19678,1977563017,841,2069,2053,2047,2054,1998,1305,992,1090,1288,2055,2073,2123,1979,1419,1079,1193,2017,2090,2086,2121,2090,2077,1605,1198,2089,2122,2093,2090,2110,2090,1829,1143,2027,2089,2077,2062,2120,1989,1876,1171,1843,2118,2041,2097,2065,1986,1982,1173,1996,2048,2081,2076,2004,1945,1990,1130,1976,2043,2044,2032,1931,1956,2004,5,5,255,5,5,5,9,5,5,5,5,255,255,255,5,5,5,5,5,5,5,5,5,255,5,5,5,5,5,5,5,255,5,5,5,5,5,5,5,255,5,10,5,255,5,5,255,5,5,255,5,255,5,5,5,5,5,255,5,255,5,5,5,255
1780855082.940181,19679,1977663017,843,1000,2124,2037,2084,2081,1248,974,1065,1225,2060,2073,2123,1979,1396,1113,1165,1939,2108,2091,2092,2099,2065,1721,1196,2089,2082,2110,2076,2071,2107,1756,1185,2076,2137,2091,2121,2114,1989,1876,1195,1843,2074,2059,2100,2069,1941,1946,1144,2024,2127,2114,2113,1967,1922,1931,1115,1976,2033,2085,1994,1976,1949,2004,5,255,10,5,5,5,5,5,5,5,5,255,255,255,9,5,5,9,5,5,5,5,5,10,5,255,5,5,5,5,5,10,5,5,5,5,5,5,255,255,5,255,5,10,5,5,10,5,5,10,5,10,5,5,5,5,5,255,5,10,5,5,5,255
1780855083.040288,19680,1977763017,838,1057,2124,2072,2068,2003,1333,983,1053,1268,2060,2089,2049,1979,1492,1093,1191,1925,2084,2070,2070,2145,2058,1683,1169,1913,2085,2081,2066,2095,2076,1862,1163,1962,2114,2082,2112,2116,2036,1876,1223,1843,2077,2059,2131,2069,1985,1950,1143,2024,2115,2097,2110,2022,1914,2006,1129,1976,2061,2067,2047,1927,1961,2004,5,5,255,5,5,5,9,5,5,5,255,10,10,255,5,5,5,5,5,5,5,5,5,5,5,10,5,5,5,5,5,5,5,3,5,5,5,5,10,255,5,255,5,255,5,255,5,5,5,255,5,5,5,5,5,5,5,255,5,5,5,5,5,255
1780855083.138827,19681,1977863016,837,2051,2061,2080,2079,2047,1303,988,1048,1358,2060,2095,2049,2107,1453,1118,1189,1998,2101,2075,2038,2087,2071,1694,1176,2054,2093,2089,2065,2112,2110,1945,1168,2015,2080,2098,2099,2095,2075,1876,1204,1843,2128,2114,2080,2117,1957,1936,1125,2067,2217,2086,2095,1968,1981,1958,1107,1854,2030,2059,1987,1908,1961,2004,5,5,10,5,5,5,5,5,5,5,255,5,255,10,5,5,5,5,5,5,5,5,5,5,5,5,5,5,5,5,5,5,5,5,5,5,5,5,5,255,5,255,5,10,5,10,5,5,5,10,5,5,5,5,5,5,5,10,5,5,5,9,255,255
1780855083.240011,19682,1977963017,843,1061,2027,2087,2104,2048,1324,970,1107,1292,2059,2095,2049,2107,1452,1113,1195,1555,2063,2070,2038,2061,2023,1694,1183,1983,2093,2070,2101,2108,2072,1945,1202,2108,2051,2085,2075,2094,2075,1945,1175,1843,2147,2107,2124,2067,2001,1946,1181,2067,2077,2080,2108,2039,1933,1950,1099,1854,2030,2070,2048,1923,1961,2004,5,5,5,5,5,5,5,5,5,5,10,255,255,255,5,5,5,4,5,5,255,5,5,255,5,5,5,5,5,5,5,255,5,5,5,5,5,5,255,10,5,255,5,5,5,5,5,5,5,255,5,5,5,5,5,5,5,255,255,5,5,5,255,255
1780855083.340154,19683,1978063016,827,1041,1993,2113,2088,2015,1323,973,1100,1258,2059,2103,2049,2033,1375,1118,1194,1555,2088,2099,2038,2106,2057,1694,1189,2006,2078,2079,2083,2119,2114,1783,1209,2063,2092,2102,2099,2081,2062,1898,1159,2153,2107,2074,2094,2073,1971,1908,1167,2073,2109,2090,2109,1986,1950,2000,1118,1854,2063,2027,1987,1953,1961,2004,5,255,5,5,5,5,5,5,5,5,255,10,255,10,5,5,5,255,5,5,255,5,5,255,5,5,5,5,5,5,5,10,5,5,5,5,5,5,10,5,5,10,5,5,5,5,5,5,5,10,5,5,5,5,5,5,5,255,10,5,5,5,255,255
1780855083.440123,19684,1978163017,849,1049,1993,2113,2088,2002,1271,1015,1065,1263,2012,2103,2050,2005,1441,1108,1174,1995,2041,2075,2118,2107,2091,1698,1185,2105,2088,2090,2076,2105,2114,1783,1174,1983,2068,2104,2109,2103,2062,1898,1187,2054,2107,2123,2078,2078,1971,1943,1143,2037,2126,2098,2106,1954,1921,1901,1134,1854,1998,2046,1992,1989,1961,2004,5,5,255,255,255,5,5,5,5,5,10,255,10,5,5,5,5,10,5,5,10,5,5,10,5,5,5,5,5,5,5,255,5,5,5,5,5,5,255,255,5,5,5,5,5,5,255,5,5,5,5,5,5,5,5,5,5,255,5,5,5,5,255,255
1780855083.540196,19685,1978263016,846,2067,2085,2091,2093,2119,1290,1009,1105,1257,2066,2103,2050,2005,1416,1123,1183,2016,2074,2106,2118,2069,2059,1703,1150,2065,2093,2080,2094,2111,2122,1783,1242,2044,2064,2105,2071,2108,2062,1828,1145,2047,2086,2064,2107,2048,1965,1951,1159,2006,2105,2131,2106,1977,1924,1936,1128,1854,2030,2067,2023,1978,1961,2004,5,4,10,10,10,5,5,5,5,5,5,10,255,255,5,5,5,5,5,5,255,5,5,5,5,9,5,5,5,5,5,255,5,5,5,5,5,5,255,10,5,5,5,5,5,5,10,5,5,5,5,5,255,5,5,5,5,255,5,5,5,5,255,255
1780855083.640195,19686,1978363016,845,1032,2049,2062,2080,2084,1342,998,1093,1255,2034,2064,2081,2057,1441,1113,1179,2050,2070,2091,2049,2136,2089,1701,1193,2042,2092,2076,2084,2101,2069,1783,1245,2047,2095,2100,2079,2110,2062,1828,1167,2047,2094,2082,2146,2060,1935,1956,1155,1965,2104,2097,2084,1973,1961,1959,1097,1854,1979,2040,1998,1978,1961,2004,5,255,5,5,5,5,5,5,9,5,5,5,10,10,9,5,5,5,5,5,10,5,5,5,5,5,5,5,5,5,5,255,5,5,5,5,5,5,255,255,5,255,5,5,5,5,5,5,5,5,5,5,10,5,5,5,5,255,5,5,5,255,255,255
1780855083.740240,19687,1978463016,844,1048,2043,2095,2081,2079,1285,970,1091,1418,2058,2066,2124,2047,1509,1069,1202,1802,2094,2090,2060,2097,2053,1670,1192,2010,2081,2082,2092,2120,2078,1900,1166,1892,2032,2096,2081,2123,2061,1828,1198,2047,2098,2101,2111,2095,2012,1961,1159,1965,2091,2149,2079,1997,1969,1989,1111,1854,2051,2040,2020,1977,1961,2004,5,255,5,5,5,5,5,5,5,5,5,5,5,5,5,5,5,4,5,5,5,5,5,5,5,5,5,5,5,5,5,10,5,9,5,5,5,5,10,255,5,255,5,5,5,5,5,5,5,255,5,5,5,5,5,5,5,255,5,255,5,10,255,255
1780855083.840320,19688,1978563017,838,1071,2044,2085,2068,2064,1281,1009,1047,1326,2058,2118,2124,2047,2020,1095,1183,1627,2093,2088,2107,2122,2070,1573,1210,2043,2093,2087,2086,2122,2103,1942,1196,2016,2065,2097,2106,2123,2061,1842,1185,2047,2080,2101,2110,2062,1933,1950,1184,1965,2116,2087,2117,2089,1939,1954,1123,1854,2051,2040,1995,1932,1961,2004,5,5,5,5,5,5,5,5,5,5,255,5,255,255,4,5,5,5,5,5,5,5,5,9,9,5,5,5,5,5,5,5,5,5,5,5,5,255,255,10,5,255,5,255,5,5,5,5,5,255,5,5,5,5,5,5,5,255,255,255,5,5,255,255
1780855083.939985,19689,1978663016,841,2048,2085,2055,2067,1987,1250,995,1063,1384,2058,2088,2064,2047,1426,1147,1207,1531,2089,2072,2088,2109,2109,1708,1179,2003,2093,2088,2090,2108,2086,1942,1207,2024,2131,2110,2087,2123,2083,1952,1181,1957,2105,2101,2103,2150,1933,1949,1159,1965,2119,2116,2104,1980,1959,1916,1131,1854,2083,2089,2000,1953,1961,2004,5,5,5,5,5,5,5,5,5,5,10,5,10,255,4,5,5,5,5,5,5,5,5,5,5,5,5,5,5,5,5,255,5,5,5,5,5,255,10,5,5,10,5,255,5,5,255,5,5,255,5,5,5,5,5,5,5,255,10,10,5,5,255,255
1780855084.040385,19690,1978763017,822,2047,2088,2060,2079,2038,1291,967,1054,1384,2141,2088,2064,2135,1503,1114,1171,1951,2126,2056,2100,2141,2064,1689,1204,2081,2085,2083,2101,2096,2097,1932,1181,2024,2094,2094,2066,2123,2083,1934,1172,2028,2122,2122,2114,2107,1908,1951,1166,1965,2121,2112,2120,2010,1939,1916,1098,1854,2016,2089,2008,1953,1961,2004,5,5,5,5,5,5,5,5,5,255,5,255,255,10,9,5,5,5,5,5,5,5,5,5,5,5,5,5,5,5,5,10,5,255,5,5,5,255,255,5,5,5,5,10,5,5,10,255,5,255,5,5,5,5,5,255,5,255,5,255,9,255,255,255
1780855084.138954,19691,1978863016,842,1014,2088,2058,2132,2049,1309,984,1042,1318,2075,2095,2064,2018,1475,1117,1181,2006,2101,2093,2084,2131,2037,1711,1219,2022,2084,2094,2077,2113,2087,1859,1193,2024,2050,2103,2084,2093,2033,1948,1166,2012,2075,2146,2073,2136,1908,1954,1179,1965,2078,2071,2108,2008,1936,1983,1137,1854,2014,2029,1987,1943,1961,2004,5,5,255,5,5,5,9,5,5,10,5,10,255,5,5,5,5,5,5,5,5,5,5,5,5,5,5,5,5,5,5,5,5,255,5,5,5,10,10,5,5,5,5,5,5,5,255,5,5,255,5,5,5,5,5,10,9,255,5,10,5,10,255,255
1780855084.240087,19692,1978963017,838,1035,2092,2055,2078,2086,1246,979,1059,1255,2075,2093,2147,2018,1432,1085,1187,1641,2097,2085,2128,2065,1987,1714,1206,2022,2118,2079,2098,2105,2084,1902,1212,2070,2083,2075,2103,2121,2033,1909,1215,2012,2144,2091,2082,2089,1908,1984,1152,1965,2064,2093,2120,2040,1935,1966,1110,1854,2078,2029,1962,1857,1961,2004,5,5,10,5,5,5,5,5,5,5,255,5,10,255,5,5,5,4,5,5,5,5,5,5,5,255,5,5,5,5,5,5,5,10,5,5,5,5,255,5,5,255,5,5,5,5,255,5,5,255,5,5,5,5,5,5,5,255,5,255,5,5,255,255
1780855084.339966,19693,1979063016,847,2119,2045,2020,2088,1990,1312,1015,1061,1261,2078,2082,2111,2018,1406,1098,1167,2023,2050,2106,2100,2065,2038,1724,1195,2022,2063,2080,2072,2090,2090,1913,1150,2070,2083,2101,2087,2121,2068,1926,1193,2052,2105,2156,2130,2059,1940,1950,1120,2004,2072,2118,2101,1980,1946,1936,1079,1854,2024,1995,1971,1937,1961,2004,5,4,5,5,5,5,5,5,5,5,10,5,5,255,5,5,5,4,5,5,5,5,5,5,5,10,5,5,5,5,5,5,5,255,255,5,5,255,10,5,5,10,5,5,5,5,10,5,5,10,5,5,5,5,5,5,5,255,5,10,5,5,255,255
1780855084.440188,19694,1979163017,813,1074,2070,2059,2066,2113,1284,1014,1088,1318,2087,2066,2073,2018,1447,1111,1206,2023,2054,2084,2073,2100,2009,1638,1174,2032,2096,2098,2086,2108,2080,1884,1221,2047,2107,2077,2138,2168,2068,1926,1136,2038,2100,2156,2083,2079,1968,1925,1165,2004,2093,2091,2078,1952,1972,1957,1113,1854,2040,1995,1954,1937,1961,2004,5,5,5,5,5,5,5,5,5,5,5,5,5,255,5,5,5,255,5,5,5,5,5,5,5,5,5,5,5,5,5,5,5,10,10,5,5,10,255,255,5,5,5,255,5,5,5,5,5,255,5,5,5,5,5,5,5,255,5,255,5,255,255,255
1780855084.540099,19695,1979263016,845,1027,2116,2075,2105,2113,1260,993,1061,1437,2050,2095,2087,2051,1444,1131,1167,2062,2078,2150,2024,2113,2071,1638,1220,1999,2064,2078,2085,2091,2065,1898,1179,2068,2094,2090,2105,2108,2068,1939,1201,2038,2088,2107,2126,2084,1968,1966,1144,2023,2106,2150,2135,2003,1959,1946,1108,1854,1966,1995,1972,1981,1961,1976,5,255,5,5,5,5,5,5,5,5,5,5,5,10,5,5,5,10,5,5,5,5,5,255,5,5,5,5,5,5,5,5,5,5,5,5,5,5,255,10,9,255,5,10,5,5,255,5,5,10,5,5,5,5,5,5,5,255,5,255,5,10,255,10
1780855084.640027,19696,1979363017,839,1102,2087,2073,2079,2071,1270,984,1088,1282,2012,2122,2095,2051,1419,1128,1195,1952,2065,2094,2024,2129,2114,1638,1172,2043,2083,2094,2085,2108,2093,1898,1165,2068,2122,2088,2128,2113,2027,1925,1205,2038,2102,2130,2105,2062,1977,1958,1149,2023,2161,2109,2135,1958,1917,1986,1106,1854,2006,1971,2011,2031,1961,1976,5,5,5,5,5,5,5,5,5,5,5,5,5,255,5,5,5,5,5,5,255,5,5,255,5,5,5,5,5,5,5,255,5,255,5,5,5,5,10,5,5,255,5,5,5,5,10,5,5,255,5,5,255,5,5,5,5,255,5,10,5,5,255,255
1780855084.749913,19697,1979473017,832,1076,2063,2054,2101,2023,1316,988,1067,1345,2012,2082,2085,2051,1474,1166,1196,1670,2073,2085,2024,2106,1997,1684,1181,2071,2090,2082,2103,2085,2106,1805,1182,1977,2055,2076,2131,2113,2075,1832,1180,2038,2078,2090,2086,2062,1973,1894,1150,2023,2084,2096,2077,1990,1949,1950,1126,1854,2096,1971,2013,1961,1961,1976,5,5,5,5,5,5,5,5,5,5,255,5,5,255,5,5,5,4,5,5,255,5,5,10,5,5,5,5,5,5,5,10,5,10,5,5,5,255,5,5,5,255,5,5,5,255,5,5,9,255,5,5,10,5,5,5,5,255,5,255,5,5,255,255
1780855084.850286,19698,1979573017,843,2046,2066,2040,2085,2079,1276,1014,1075,1306,2045,2107,2032,2051,1397,1073,1190,1544,2037,2069,2070,2120,2077,1686,1205,2055,2118,2086,2102,2078,2074,1870,1226,1977,2055,2097,2127,2132,2029,1832,1176,2038,2086,2090,2086,2067,2082,1970,1163,2014,2090,2112,2077,1978,1929,1950,1134,1854,2096,1971,2013,1951,1961,1976,5,5,5,5,5,5,5,5,5,5,10,5,5,255,9,5,9,5,5,5,10,5,5,5,5,5,5,5,5,5,5,5,5,255,255,5,5,10,5,255,5,255,5,255,255,10,5,5,5,10,5,5,255,5,5,255,5,255,255,255,255,5,255,255
1780855084.950114,19699,1979673017,847,2090,2066,2083,2096,2061,1190,995,1105,1238,2055,2108,2114,2088,1401,1112,1202,1702,2065,2080,2144,2086,2061,1686,1191,2040,2090,2082,2075,2120,2090,1868,1218,2095,2110,2115,2100,2132,2051,1832,1157,1433,2063,2090,2091,2067,1930,1971,1155,2014,2078,2117,2131,1951,1981,1950,1114,1854,1985,1983,2013,1994,1974,1976,5,5,255,5,5,5,5,5,5,5,5,5,5,10,9,5,5,9,5,5,5,5,5,255,5,5,5,5,5,5,5,5,5,10,10,5,5,255,5,255,5,10,5,255,10,255,5,5,5,255,5,5,10,5,5,255,5,255,10,10,255,5,10,255
1780855085.050082,19700,1979773016,839,1063,2051,2073,2065,1861,1289,967,1060,1256,2083,2058,2114,2088,1417,1127,1168,1723,2082,2101,2099,2115,2075,1706,1193,2095,2086,2097,2099,2110,2104,1868,1173,2064,2075,2124,2113,2115,2043,1979,1186,2000,2107,2093,2123,2067,1914,1956,1130,2014,2063,2113,2113,2007,1973,1950,1102,1854,1996,2033,2027,1942,1974,1976,5,5,10,5,5,5,5,5,5,5,5,5,255,255,5,5,5,5,5,5,5,5,5,10,5,5,5,5,5,5,5,255,5,5,5,5,5,10,5,10,5,5,5,10,5,255,5,5,5,255,5,5,5,5,5,255,5,255,5,5,10,5,255,255
1780855085.148838,19701,1979873016,849,2080,2053,2062,2067,1982,1306,1026,1051,1277,2038,2082,2063,2088,1370,1110,1215,1740,2089,2074,2076,2070,2088,1723,1150,2035,2074,2086,2089,2102,2116,1857,1167,2047,2122,2098,2119,2080,2039,1881,1160,2000,2127,2121,2112,2067,1987,1925,1155,2014,2121,2101,2116,2013,1951,1940,1090,1854,2066,2041,2011,1980,1988,1976,5,5,5,5,5,5,9,5,5,5,5,5,10,255,9,5,5,9,5,5,5,5,5,5,5,5,5,5,5,5,5,10,5,5,5,5,5,5,5,5,5,255,5,5,5,255,5,5,5,255,5,5,5,5,5,10,5,255,5,5,5,5,10,255
1780855085.250168,19702,1979973017,843,1040,2064,2059,2079,2064,1284,967,1098,1314,2054,2067,2063,2088,1473,1123,1228,1632,2051,2109,2084,2093,2042,1723,1185,2053,2073,2090,2071,2099,2096,1857,1198,2076,2130,2097,2120,2116,2033,1881,1198,2000,2096,2071,2038,2036,1987,1929,1129,2014,2102,2079,2094,2045,1929,1940,1077,1854,2066,2053,2002,1980,1988,1976,5,5,5,5,5,5,9,5,5,255,5,5,255,255,5,5,5,5,5,5,5,5,5,255,5,5,5,5,5,5,5,255,5,5,5,5,5,5,5,255,5,255,5,5,5,10,255,5,5,255,5,5,5,5,5,255,5,255,255,5,5,255,255,255
1780855085.351096,19703,1980073017,834,1072,2054,2069,2052,2064,1229,996,1101,1265,2081,2068,2063,2013,1465,1090,1192,1508,2107,2094,2084,2101,2101,1694,1164,2060,2085,2081,2109,2103,2068,1857,1191,2025,2104,2077,2081,2116,2033,1966,1194,2090,2125,2102,2104,2053,1987,1960,1146,2004,2115,2123,2099,1978,1989,1980,1124,1854,2064,2012,2009,1918,1988,1976,5,255,5,5,5,255,5,5,5,5,9,5,255,10,9,5,5,5,5,5,255,5,5,10,9,5,5,5,5,5,5,255,5,5,5,5,5,255,255,10,5,10,5,5,5,5,255,5,5,10,5,5,5,5,5,10,5,255,10,5,5,10,255,255
1780855085.450087,19704,1980173017,837,2092,2054,2083,2104,2104,1288,1016,1071,1258,2045,2068,2063,2075,1429,1187,1185,1941,2065,2087,2121,2112,2033,1667,1158,2004,2085,2105,2089,2103,2090,1857,1198,2024,2072,2098,2062,2105,2033,1901,1171,1473,2086,2096,2127,2099,1987,1918,1134,2004,2086,2121,2130,2000,1933,1954,1124,1854,2052,2012,2028,1963,1988,1976,5,5,255,5,5,10,5,5,5,5,5,255,255,5,5,5,5,5,5,5,10,5,5,5,5,5,5,5,5,5,5,255,5,5,5,5,5,10,255,5,5,4,5,5,5,5,255,5,9,255,5,5,5,5,5,5,5,255,5,255,5,5,255,255
1780855085.550181,19705,1980273017,835,1080,2126,2081,2094,1968,1249,965,1109,1302,2046,2068,2063,2075,1504,1176,1165,2028,2046,2068,2079,2084,2085,1713,1207,2052,2078,2073,2075,2088,2104,1909,1188,2047,2122,2068,2122,2076,2033,1899,1185,1994,2104,2096,2113,2050,1968,1959,1125,2004,2136,2104,2107,1974,1932,1937,1116,1854,2020,2064,1986,1984,1988,1976,5,255,10,5,5,5,5,5,5,9,5,255,255,255,4,5,9,5,5,5,5,5,5,9,5,5,5,5,5,5,5,10,9,5,5,5,5,5,255,5,5,4,5,255,5,5,10,255,5,255,5,5,5,5,5,5,5,255,5,10,5,5,255,255
1780855085.649989,19706,1980373016,844,2080,2058,2087,2094,2018,1255,1007,1109,1273,2046,2057,2071,2075,1435,1081,1189,1978,2048,2089,2103,2091,2088,1650,1197,2013,2092,2098,2074,2091,2083,1868,1193,2095,2066,2104,2107,2123,2051,1899,1163,1994,2092,2080,2110,2059,1943,1877,1160,2004,2077,2110,2095,1942,1918,1956,1124,1414,2020,2007,2055,1984,1951,1976,5,5,5,5,255,5,5,5,5,5,255,10,10,255,4,5,5,5,5,5,5,5,5,5,5,5,5,5,5,5,5,5,5,5,5,5,5,5,10,255,5,255,5,10,5,5,5,5,5,255,5,5,5,5,5,5,5,10,255,5,5,255,10,255
1780855085.749946,19707,1980473016,844,1049,2058,2058,2085,2050,1286,993,1061,1220,2114,2091,2057,2055,1397,1097,1204,1986,2096,2113,2075,2112,2055,1637,1159,1984,2073,2093,2085,2115,2094,1834,1152,1925,2076,2112,2062,2070,2043,1928,1169,1994,2081,2080,2102,2123,2010,1878,1180,2004,2079,2061,2101,1971,1973,1976,1096,1414,2064,2008,1988,1984,1951,1976,5,5,255,5,10,5,5,5,5,5,10,5,5,10,9,5,5,5,5,5,5,5,5,5,5,5,5,5,5,5,5,5,5,5,5,5,5,5,5,10,9,255,5,255,5,5,5,5,5,255,5,5,5,5,5,5,5,255,10,5,5,255,255,255
1780855085.850220,19708,1980573017,846,1036,2070,2082,2083,2087,1242,1006,1085,1268,2114,2079,2093,2055,1446,1114,1173,1676,2069,2087,2075,2107,2035,1624,1205,2048,2093,2076,2092,2091,2102,1803,1137,1925,2058,2083,2121,2070,2045,1928,1209,1985,2101,2085,2074,2066,2010,1936,1169,2004,2083,2068,2123,1987,1877,1954,1114,1414,2023,2008,1988,1982,1951,1976,5,5,10,5,5,5,5,5,5,5,255,5,5,255,5,5,5,4,5,5,255,5,5,5,5,5,5,5,5,5,5,5,5,255,5,5,5,255,5,255,5,10,5,10,5,5,255,5,5,255,5,5,5,5,5,5,5,255,5,255,255,10,255,255
1780855085.950152,19709,1980673017,837,2033,2089,2100,2064,2087,1277,991,1075,1258,2114,2067,2093,2055,1385,1134,1142,1956,2077,2084,2130,2114,2031,1734,1183,2024,2105,2088,2094,2123,2094,1946,1175,2065,2076,2099,2103,2143,2067,1928,1164,2094,2065,2085,2112,2123,1937,1893,1153,2004,2115,2164,2109,2023,1958,1922,1127,1414,2087,2046,1970,1982,1951,1976,5,4,5,5,5,255,9,5,5,5,255,5,255,255,5,5,5,4,5,5,10,5,5,5,5,5,5,5,5,5,5,5,5,10,5,5,5,10,5,255,5,5,5,255,5,5,10,5,9,255,5,5,5,5,5,5,5,255,5,10,10,255,255,255
1780855086.050609,19710,1980773017,830,1062,2089,2028,2044,2030,1292,975,1115,1289,2118,2109,2097,2055,1390,1099,1171,1956,2102,2063,2086,2066,2072,1734,1182,2027,2101,2079,2086,2116,2066,2048,1199,2015,2094,2124,2075,2143,2024,1893,1135,2094,2114,2110,2108,2058,1971,1897,1143,2004,2111,2084,2109,2055,1932,1922,1126,1414,2035,2079,2048,1968,1951,1976,5,5,255,5,5,10,5,5,5,5,10,5,10,255,5,5,5,255,5,5,5,5,5,255,5,5,5,5,5,5,5,9,5,5,5,5,5,255,5,10,9,255,5,10,5,5,5,5,5,255,5,5,255,5,5,255,5,255,5,5,5,10,255,255
1780855086.148824,19711,1980873017,835,2050,2089,2051,2060,2003,1281,980,1082,1312,2104,2076,2097,2042,1488,1115,1169,1975,2041,2051,2113,2090,2065,1732,1185,1900,2091,2081,2089,2091,2071,2048,1166,2046,2108,2117,2095,2087,2024,1942,1186,2094,2115,2097,2111,2117,1971,1988,1155,2025,2041,2100,2109,2000,1934,1948,1104,1414,2028,2034,2001,1968,1978,1976,5,4,255,5,5,5,5,5,5,5,5,5,255,10,5,5,5,10,5,5,5,5,5,10,5,9,5,5,5,5,5,255,5,5,5,5,5,10,255,5,5,255,5,5,5,5,255,5,5,10,5,5,255,5,5,10,5,255,5,5,5,255,10,255
1780855086.249964,19712,1980973016,850,2050,2088,2049,2090,2066,1305,996,1054,1290,2083,2076,2097,2046,1417,1115,1200,1832,2070,2073,2056,2144,2078,1721,1183,2059,2100,2082,2098,2105,2123,1788,1137,2090,2099,2082,2095,2103,2042,1942,1214,1701,2076,2106,2126,2083,2003,1960,1162,2025,2066,2114,2109,1952,1993,1971,1128,1414,2049,2041,1958,1988,1978,1976,5,5,10,5,5,5,5,5,5,5,5,255,255,5,5,5,5,5,5,5,5,5,5,5,5,5,5,5,5,5,5,10,5,5,5,5,255,5,10,255,5,10,5,5,5,5,10,5,5,255,5,5,255,5,5,5,5,255,5,5,5,10,255,255
1780855086.349959,19713,1981073017,822,2043,2088,2049,2074,2021,1283,993,1061,2062,2083,2073,2097,2046,1441,1106,1171,1983,2049,2073,2076,2072,2106,1701,1193,1992,2082,2087,2087,2090,2081,1904,1206,2031,2102,2085,2110,2103,2047,1942,1200,2058,2098,2114,2096,2124,1949,1914,1171,2017,2094,2078,2092,1957,1958,1936,1136,1414,2075,2033,1983,1988,1978,1976,5,5,255,255,5,5,5,5,5,4,5,10,255,255,5,5,5,5,5,5,5,5,5,5,5,5,5,5,5,5,5,5,5,5,5,5,10,255,5,255,5,4,5,5,5,5,5,5,5,10,5,5,10,5,5,5,5,255,5,5,5,255,255,255
1780855086.450013,19714,1981173017,841,2068,2064,2051,2071,2103,1306,991,1082,1273,2065,2073,2097,2091,1480,1122,1181,1983,2058,2107,2093,2177,2097,1692,1137,1992,2080,2083,2089,2124,2086,1846,1217,2032,2102,2096,2132,2103,2047,1913,1193,2005,2094,2060,2117,2112,1949,1950,1149,2085,2066,2078,2092,1995,1967,1948,1092,1414,2076,2098,2029,1983,1978,1976,5,5,10,10,5,5,5,5,5,5,5,255,255,10,9,5,5,255,5,5,5,5,5,5,5,255,5,5,5,5,5,5,5,5,255,5,5,255,255,10,5,5,5,5,5,5,255,5,5,5,5,255,255,5,5,5,5,255,5,5,5,10,255,255
1780855086.551599,19715,1981273016,832,1035,2040,2051,2099,2067,1276,978,1071,1275,2089,2053,2047,2050,1474,1097,1177,1993,2052,2110,2110,2098,2062,1693,1183,2098,2084,2097,2089,2136,2094,1868,1161,2103,2139,2056,2091,2103,2047,1871,1190,2005,2086,2128,2131,2051,1949,1930,1141,2085,2084,2096,2138,1944,1947,1916,1109,1414,2050,2050,1993,1974,1978,1976,5,5,5,255,5,5,5,5,5,5,5,10,10,5,5,5,5,10,5,5,5,5,5,5,5,10,5,5,5,5,5,5,5,5,10,5,5,255,255,5,5,255,5,5,5,5,255,5,5,255,5,10,10,5,5,5,5,255,5,5,5,5,255,255
1780855086.650122,19716,1981373017,833,1035,2093,2060,2074,2064,1315,995,1093,1322,2089,2053,2047,2042,1493,1085,1176,1701,2082,2092,2105,2058,2006,1692,1204,2069,2103,2096,2085,2127,2080,1868,1183,2109,2035,2087,2077,2103,2048,1871,1144,2005,2096,2152,2091,2071,2004,1924,1142,2031,2054,2074,2138,2064,1934,1957,1101,1414,2056,2041,2042,1974,1978,1976,5,5,5,10,5,5,5,5,9,5,255,255,255,5,9,5,5,5,5,5,5,5,5,5,9,5,5,5,5,5,5,255,5,5,5,5,5,255,10,255,5,255,5,5,5,5,10,5,9,10,5,5,255,5,5,5,5,255,5,5,5,255,255,255
1780855086.749902,19717,1981473016,846,1019,2093,2041,2071,1909,1248,1001,1084,1264,2063,2079,2086,2123,1385,1133,1175,2026,2119,2100,2051,2083,2108,1704,1158,2056,2099,2090,2089,2100,2073,1832,1202,2109,2113,2066,2097,2119,2027,1871,1123,2062,2097,2067,2135,2076,1976,1912,1152,2031,2120,2098,2112,1963,1956,1963,1127,1414,2001,2005,2042,2000,1978,2025,5,5,255,5,5,5,5,5,5,5,10,10,10,5,5,5,5,4,5,5,5,5,5,5,5,5,5,5,5,5,5,10,5,255,5,5,5,10,5,255,5,10,5,5,5,5,5,5,5,255,5,5,10,5,5,5,5,255,5,5,255,10,255,10
1780855086.850007,19718,1981573017,843,2036,2082,2041,2106,2019,1299,1019,1053,1412,2056,2060,2140,2123,1492,1090,1182,2034,2074,2065,2097,2113,2075,1680,1172,2067,2095,2082,2112,2090,2089,1812,1179,2064,2107,2079,2114,2104,2027,1928,1179,2094,2071,2067,2119,2110,1976,1906,1140,2061,2113,2111,2112,1995,1945,1966,1104,1414,2004,2005,1994,1947,1978,2025,5,5,10,255,5,5,5,5,5,5,5,5,5,255,5,5,9,5,5,5,5,5,5,5,5,5,5,5,5,5,5,5,5,10,5,5,5,5,255,10,5,5,5,255,5,5,255,5,5,10,5,5,255,5,5,5,5,255,5,255,10,5,255,255
1780855086.949731,19719,1981673016,832,1051,2082,2046,2027,2026,1308,981,1087,1266,2111,2094,2140,2098,1437,1111,1176,1915,2093,2065,2097,2063,2040,1711,1192,2063,2089,2090,2084,2102,2075,1841,1204,2036,2068,2081,2078,2154,2072,1891,1168,2028,2113,2125,2107,2054,1925,1945,1146,1978,2101,2090,2112,2056,1943,1993,1100,1414,2057,1994,2021,1967,1978,2025,5,5,255,10,5,5,5,5,5,5,5,5,255,10,5,5,5,5,5,5,255,5,5,5,5,5,5,5,5,5,5,5,5,5,5,5,5,5,10,5,5,5,5,10,5,5,10,5,5,5,5,5,255,5,5,5,5,255,5,10,5,5,255,255
1780855087.050451,19720,1981773017,848,2065,2024,2056,2022,2009,1276,973,1063,1288,2111,2094,2140,2098,1394,1103,1189,1940,2097,2112,2113,2111,2008,1711,1238,2054,2074,2099,2088,2110,2067,1841,1173,1973,2062,2080,2089,2154,2078,1917,1194,2105,2078,2125,2107,2129,1996,1956,1118,1978,2114,2127,2112,1970,1926,1993,1102,1414,2075,2062,1934,1967,1978,2025,5,5,10,5,5,5,5,5,5,5,255,255,255,255,5,5,5,5,5,5,10,5,5,255,5,5,5,5,5,5,5,255,5,5,5,5,5,255,5,5,5,5,5,255,255,5,5,5,5,255,5,5,255,5,5,255,5,255,5,5,5,255,255,255
1780855087.150119,19721,1981873016,831,2033,2098,2056,2071,2002,1325,1014,1090,1283,2078,2100,2085,2093,1351,1101,1174,1974,2098,2074,2113,2068,2032,1610,1214,2054,2090,2075,2089,2115,2072,1811,1142,2019,2042,2124,2097,2154,2061,1917,1214,2034,2120,2037,2096,2077,1985,1923,1144,2033,2068,2103,2106,2027,1937,1999,1117,1896,2033,1994,2084,1967,1978,2025,5,5,5,5,5,5,5,5,5,5,10,10,10,10,5,5,5,5,5,5,255,5,5,10,5,255,5,5,5,5,5,10,5,5,5,5,5,255,5,255,9,5,5,10,10,5,5,5,5,10,5,5,10,5,5,10,5,10,5,5,5,255,255,255
1780855087.250559,19722,1981973017,843,1040,2094,2056,2085,2052,1281,997,1074,1307,2078,2100,2085,2036,1444,1114,1188,2019,2053,2092,2134,2112,2057,1733,1203,2063,2087,2109,2093,2078,2095,1811,1193,2046,2066,2090,2095,2116,2061,1913,1179,2034,2120,2081,2132,2074,1939,1923,1170,2033,2111,2126,2094,2023,1939,1970,1074,1896,2079,1994,2006,1937,1978,2025,5,5,5,255,5,5,5,5,5,5,255,255,255,5,5,5,5,5,5,5,10,5,5,5,5,10,5,5,5,5,5,255,5,5,5,5,5,10,255,10,5,255,255,5,5,5,5,255,5,255,5,5,5,5,5,5,5,255,5,255,5,10,255,255
1780855087.350188,19723,1982073016,851,2073,2101,2089,2076,2076,1263,986,1088,1358,2026,2113,2085,2063,1322,1144,1200,1711,2062,2079,2117,2112,2052,1733,1180,2079,2096,2092,2088,2095,2102,1897,1168,2012,2081,2074,2104,2099,2027,1913,1143,1998,2095,2081,2065,2106,1983,1960,1172,1991,2082,2107,2094,1964,1987,1960,1123,1896,1962,2044,2003,1967,1978,2025,5,4,5,10,5,5,5,5,5,5,10,10,255,5,5,5,5,4,5,5,5,5,5,255,5,5,5,5,5,5,5,10,5,5,5,5,5,5,10,255,5,10,10,255,5,5,5,10,5,10,5,5,255,5,5,5,5,255,5,10,5,5,255,255
1780855087.460305,19724,1982183017,843,2089,2074,2076,2083,2073,1303,982,1058,1232,2026,2113,2085,2048,1455,1115,1185,1711,2021,2066,2084,2133,2049,1689,1152,2053,2102,2093,2094,2130,2095,1941,1166,2118,2153,2098,2127,2046,2051,1951,1204,1998,2075,2081,2116,2046,1986,1960,1162,1991,2052,2119,2094,1982,1987,1913,1138,1896,2015,2044,2001,1993,1978,2025,5,5,5,5,5,5,5,5,5,255,255,255,255,5,5,5,5,255,5,5,5,5,5,10,5,5,5,5,5,5,5,5,5,5,5,5,5,5,5,10,5,255,5,255,5,5,5,255,5,255,5,5,255,5,255,5,5,255,5,255,5,5,255,255
1780855087.560285,19725,1982283016,840,2042,2077,2080,2057,2073,1278,991,1088,1253,2011,2092,2094,2055,1467,1115,1202,2074,2083,2066,2148,2112,2051,1644,1197,2038,2080,2084,2093,2105,2054,1870,1150,2054,2100,2078,2086,2046,2060,1951,1121,1998,2106,2146,2084,2091,1990,1911,1151,2050,2057,2108,2089,1996,1977,1938,1105,1746,2091,2050,1959,1945,1978,2025,5,5,5,5,5,255,5,5,5,5,10,10,10,5,5,5,5,10,5,5,5,5,5,5,5,5,5,5,5,5,5,5,5,5,5,5,5,255,5,255,5,255,5,10,5,5,5,255,5,10,5,5,10,5,10,5,5,10,5,10,5,5,255,255
1780855087.660100,19726,1982383016,850,2083,2051,2053,2098,2034,1273,999,1058,1343,2026,2084,2094,2052,1455,1118,1178,1979,2091,2075,2103,2103,2060,1662,1218,2049,2097,2099,2081,2090,2025,1870,1177,2020,2085,2092,2095,2091,2060,1959,1171,2005,2087,2079,2126,2139,1950,1964,1181,2050,2114,2090,2069,1998,1917,1938,1127,1746,2048,2050,2071,1972,1978,2025,5,5,5,5,5,10,9,5,5,5,5,5,255,5,5,5,5,5,5,5,5,5,5,5,5,5,5,5,5,5,5,255,5,5,5,5,5,10,255,10,5,10,5,5,5,5,5,5,5,255,5,5,5,5,5,255,5,255,5,255,5,5,255,255
1780855087.760086,19727,1982483017,840,1032,2051,2054,2090,2055,1328,993,1033,1236,2081,2088,2094,2052,1443,1152,1198,2056,2058,2105,2102,2065,2042,1668,1196,2027,2088,2089,2085,2097,2112,1899,1195,2013,2085,2101,2095,2110,2078,1810,1171,2005,2101,2079,2073,2097,1966,1933,1130,2022,2071,2106,2102,2042,1986,1947,1131,1763,2048,2050,2071,1972,1934,2025,5,5,255,5,5,5,5,5,5,5,5,5,255,255,5,5,5,5,5,5,5,5,5,5,5,5,5,5,5,5,5,10,5,5,255,5,5,5,10,5,5,255,5,255,5,5,5,5,5,10,5,5,5,5,5,10,5,10,255,255,255,255,10,255
1780855087.860110,19728,1982583016,849,1088,2097,2067,2062,2095,1304,1013,1092,1277,2081,2095,2054,2020,1513,1115,1173,1919,2081,2111,2114,2107,2085,1750,1188,2108,2100,2076,2101,2088,2113,1833,1165,2013,2070,2106,2103,2096,2078,1954,1197,2005,2101,2141,2125,2080,1972,1937,1140,2011,2089,2107,2102,2001,1937,1953,1123,1763,2069,2050,1959,1955,1949,2025,5,5,10,5,5,5,5,5,5,5,255,5,3,10,5,5,5,5,5,5,5,5,5,5,5,5,5,5,5,5,5,5,5,255,10,5,5,5,255,5,5,255,255,10,5,5,5,5,5,5,5,5,255,5,5,5,5,255,10,255,10,10,5,255
1780855087.959983,19729,1982683017,843,1092,2049,2054,2042,2028,1250,985,1059,1369,2081,2112,2054,2028,1486,1138,1165,1612,2059,2077,2098,2116,2079,1689,1190,2021,2073,2094,2093,2087,2071,1833,1207,1995,2076,2101,2031,2065,2108,1954,1172,2005,2103,2093,2144,2070,1951,1899,1154,2011,2070,2088,2112,2018,1937,1963,1108,1763,1951,2050,1959,1961,1949,2025,5,5,5,5,5,5,5,5,5,5,255,5,255,5,5,5,5,4,5,5,5,5,5,5,5,5,5,5,5,5,5,255,5,10,5,5,5,5,10,255,5,255,10,5,5,5,5,5,5,255,5,5,10,5,255,5,5,255,5,255,255,5,255,255
1780855088.060204,19730,1982783017,840,1072,2049,2043,2068,2054,1252,978,1061,1314,2056,2112,2054,2069,1447,1101,1221,2010,2097,2077,2062,2116,2093,1689,1199,1977,2106,2075,2080,2082,2089,1833,1181,2062,2140,2083,2073,2098,2024,1954,1146,2005,2081,2082,2098,2089,2063,1963,1145,2011,2056,2107,2112,1987,1955,1977,1092,1763,2037,2013,1978,1961,1949,2025,5,255,255,5,5,5,5,5,5,5,10,255,255,5,5,5,9,4,5,5,5,255,5,255,9,5,5,5,5,5,5,255,5,5,5,5,5,5,5,255,5,255,5,5,5,5,5,5,5,255,5,5,255,5,10,5,5,255,5,10,10,255,255,255
1780855088.159970,19731,1982883016,844,1045,2091,2049,2104,2106,1274,1012,1081,1289,2034,2089,2054,2058,1360,1086,1185,1547,2084,2084,2100,2096,2083,1689,1216,2081,2107,2091,2093,2098,2112,1905,1179,2019,2094,2080,2077,2115,2084,1941,1179,2005,2096,2120,2089,2083,2063,1922,1161,2035,2101,2128,2091,1978,1937,1947,1103,1763,2079,2029,2007,2037,1949,2025,5,5,10,5,5,5,5,5,5,5,5,10,255,5,5,5,5,4,5,5,5,10,5,255,5,5,5,5,5,5,5,10,5,5,5,5,5,5,5,10,5,255,5,5,5,5,255,255,5,10,5,5,10,5,5,5,5,255,5,5,5,10,255,255
1780855088.258770,19732,1982983017,848,2086,2073,2049,2092,2056,1330,985,1125,1321,2070,2085,2134,2085,1449,1138,1189,1676,2074,2085,2077,2185,2050,1784,1132,2062,2111,2095,2090,2078,2076,1905,1194,1673,2090,2089,2122,2115,2084,1941,1155,2005,2083,2048,2102,2046,2009,1943,1189,2035,2082,2095,2139,2000,1927,1965,1095,1763,2079,1991,2020,2037,1949,2025,5,4,5,255,5,5,9,5,5,5,5,5,10,5,5,9,5,5,5,5,5,5,5,10,9,5,5,5,5,5,5,255,5,4,5,5,5,255,255,255,5,255,5,5,5,5,10,5,5,255,5,5,5,5,5,5,5,255,255,5,5,255,255,255
1780855088.360156,19733,1983083016,823,2110,2042,2041,2090,2056,1291,981,1074,1299,2060,2061,2134,2085,1378,1100,1176,2066,2097,2109,2100,2079,2073,1671,1219,2062,2073,2096,2102,2110,2091,1903,1211,2024,2070,2083,2109,2117,2053,1898,1180,2005,2071,2120,2096,2111,1957,1916,1150,2035,2089,2143,2115,1977,1986,1965,1101,1623,2014,2094,2009,1927,1949,2025,5,5,5,10,5,255,5,5,5,5,5,5,255,255,5,5,5,4,5,5,5,5,5,5,5,255,5,5,5,5,5,10,5,4,5,5,5,10,10,10,5,255,5,5,5,5,5,5,5,255,5,5,5,5,5,255,5,3,10,5,5,10,255,255
1780855088.460404,19734,1983183017,837,1067,2014,2041,2063,1974,1218,1001,1091,1287,2060,2092,2134,2071,1385,1098,1172,2011,2069,2071,2108,2058,2075,1669,1166,2075,2098,2076,2069,2101,2104,1910,1182,2012,2090,2104,2109,2144,2053,1907,1214,2005,2113,2121,2087,2058,1957,1936,1129,2012,2080,2088,2093,1950,1948,1965,1116,1623,2050,2069,2045,1927,1949,2025,5,5,5,255,5,10,5,5,5,9,255,5,255,10,5,5,5,5,5,5,5,5,5,5,5,10,5,5,5,5,5,5,5,5,5,5,5,5,255,5,5,255,5,5,5,5,255,5,5,10,5,5,5,5,5,255,5,255,5,5,5,255,255,255
1780855088.560014,19735,1983283017,831,2078,2014,2082,2082,1974,1253,981,1067,1263,2060,2076,2134,2071,1411,1097,1189,2076,2072,2079,2098,2085,2062,1669,1218,2065,2073,2085,2089,2112,2066,1910,1181,2014,2079,2100,2123,2100,2076,1929,1169,2005,2053,2121,2115,2037,1967,1929,1150,2054,2020,2086,2090,1996,1942,1953,1101,1895,2038,2039,1990,1927,1949,2025,5,5,255,10,5,255,5,5,5,5,255,5,255,255,5,5,5,5,5,5,5,5,5,255,9,5,5,5,5,5,5,255,5,5,5,5,5,5,10,5,5,255,5,255,5,5,10,5,5,5,5,5,5,5,5,10,5,10,5,5,5,255,255,255
1780855088.659798,19736,1983383016,821,1060,2101,2076,2093,2050,1338,964,1061,1298,2029,2082,2134,2077,1405,1118,1180,2046,2079,2093,2119,2085,2070,1753,1182,2065,2100,2098,2074,2099,2082,1859,1206,2029,2062,2081,2094,2110,2049,1919,1181,2308,2090,2070,2131,2067,1935,1949,1138,2054,2063,2102,2146,1994,1951,1931,1126,1895,2034,2039,2015,1919,1949,2025,5,5,10,5,5,10,5,5,5,5,10,5,255,10,5,5,5,5,5,5,5,5,5,10,5,255,5,5,5,5,5,10,5,5,5,5,5,5,5,5,5,10,5,10,5,5,5,5,5,255,5,5,5,5,5,5,5,255,5,255,5,10,255,255
1780855088.760052,19737,1983483017,833,2097,2076,2059,2064,2088,1308,1001,1075,1281,2029,2082,2104,2038,1466,1101,1154,2117,2085,2109,2066,2099,2140,1664,1151,2027,2105,2074,2078,2128,2091,1899,1149,2029,2071,2085,2099,2096,2049,1846,1222,2308,2109,2118,2128,2108,1993,1949,1157,2054,2105,2095,2117,2006,1990,1955,1104,1895,2028,2070,2002,1919,1949,2025,5,5,5,5,5,5,9,5,5,5,255,255,10,5,5,5,5,5,5,5,5,5,5,5,5,10,5,5,5,5,5,5,5,255,5,5,5,5,255,5,5,255,5,5,5,5,5,5,5,255,5,5,5,5,5,5,5,255,5,10,5,255,255,255
1780855088.860145,19738,1983583017,837,2075,2076,2042,2057,2088,1251,998,1075,1343,2029,2053,2104,2038,1497,1092,1208,1959,2068,2105,2066,2117,1997,1623,1209,1998,2061,2096,2090,2117,2094,1895,1196,1965,2095,2092,2114,2096,2037,1846,1218,2308,2115,2073,2116,2107,1954,1922,1167,2054,2084,2092,2110,1971,1936,1957,1122,1895,2050,2043,2046,1970,1949,2025,5,5,255,5,5,255,9,5,5,5,255,10,255,255,5,5,5,5,5,5,255,5,5,5,5,5,5,5,5,5,5,5,5,10,5,5,5,255,10,255,5,255,5,5,5,5,5,5,5,255,5,5,5,5,5,5,5,255,5,5,5,10,255,255
1780855088.960048,19739,1983683016,845,2078,2071,2051,2078,1991,1250,990,1067,1306,2067,2066,2104,2038,1511,1137,1183,2033,2095,2077,2066,2129,2084,1632,1223,1947,2096,2099,2081,2097,2110,1895,1228,2036,2091,2091,2101,2120,2051,1936,1148,2308,2102,2071,2139,2120,1986,1948,1135,1932,2062,2098,2090,1951,2003,1948,1123,1406,2010,2040,1955,1954,1949,2025,5,5,10,5,5,10,5,5,5,5,10,5,255,255,5,5,5,5,5,5,255,5,5,5,5,5,5,5,5,5,5,255,5,5,5,5,5,10,5,10,5,255,5,5,5,5,5,5,5,10,5,5,5,5,5,5,5,10,5,5,5,5,255,255
1780855089.060566,19740,1983783017,837,1066,2067,2026,2109,2054,1270,982,1095,1374,2063,2066,2036,2038,1513,1145,1163,1996,2079,2120,2110,2094,2089,1742,1169,1981,2078,2084,2087,2076,2074,1895,1220,2036,2073,2079,2107,2099,2018,1912,1185,2045,2089,2071,2135,2102,1965,1941,1128,1932,2082,2105,2109,2028,1934,1975,1125,1406,2048,2040,1986,1954,1949,2025,5,5,5,5,5,5,5,5,5,5,5,255,10,255,5,5,5,5,5,5,10,5,5,5,9,9,5,5,5,5,5,255,5,255,5,5,5,5,5,5,5,10,5,5,5,5,5,5,5,255,5,5,5,5,5,5,5,255,5,255,5,255,255,255
1780855089.160667,19741,1983883016,853,2058,2067,2064,2082,2073,1267,1010,1070,1278,2126,2066,2115,2072,1460,1135,1192,2032,2069,2085,2110,2113,2058,1686,1153,2057,2079,2102,2087,2078,2133,1838,1177,2051,2097,2082,2097,2125,2038,1866,1183,2045,2087,2126,2145,2072,1978,1929,1174,1932,2085,2095,2104,1970,1928,1975,1136,1406,2056,2022,2014,1952,1998,2025,5,5,255,5,5,5,5,5,5,5,5,255,5,10,5,5,5,5,5,5,5,5,5,5,5,5,5,5,5,5,5,10,5,10,5,5,5,5,5,5,9,255,5,5,5,5,5,5,5,255,5,5,5,5,5,255,5,255,5,10,5,10,10,255
1780855089.258989,19742,1983983017,827,1064,2078,2072,2098,2100,1331,978,1080,1302,2126,2066,2080,2072,1431,1089,1162,2032,2084,2064,2056,2069,2027,1629,1225,2057,2081,2091,2106,2073,2113,1821,1221,1994,2086,2079,2096,2189,2039,1866,1185,2045,2087,2126,2119,2072,1978,1937,1140,1932,2071,2091,2117,1999,1939,1966,1092,1406,2036,2040,1988,1957,1990,2025,5,5,10,5,5,5,9,5,5,5,255,255,5,255,9,5,5,255,5,5,5,5,5,5,5,255,5,5,5,5,5,5,5,5,5,5,5,5,5,255,5,255,255,255,5,5,255,5,5,255,5,5,5,5,5,10,5,255,5,5,5,5,5,255
1780855089.360610,19743,1984083016,827,2061,2094,2053,2098,2065,1315,963,1072,1242,2039,2044,2065,2055,1464,1094,1195,1620,2097,2096,2056,2070,2029,1629,1222,2046,2081,2091,2083,2125,2093,1735,1155,2036,2076,2113,2081,2089,2038,1907,1215,2024,2081,2035,2106,2087,1950,1966,1147,1932,2115,2123,2104,1923,1935,1952,1084,1406,1980,2007,1988,1948,1990,2025,5,5,5,5,5,5,5,5,5,5,10,10,5,10,5,5,5,10,5,5,255,5,5,255,5,10,5,5,5,5,5,9,5,5,5,5,5,5,5,10,5,10,10,10,5,5,10,5,5,255,5,5,5,255,5,5,5,255,5,5,255,5,255,255
1780855089.460115,19744,1984183017,845,2069,2104,2066,2084,1991,1312,991,1066,1264,2031,2097,2117,2057,1543,1111,1181,1992,2111,2043,2098,2065,2064,1629,1177,2025,2092,2089,2082,2082,2054,1859,1181,2051,2076,2060,2104,2089,2038,1908,1206,2024,2086,2070,2123,2087,1990,1925,1168,1932,2074,2091,2104,2012,1934,1957,1119,1406,2071,2027,1984,1964,1990,2025,5,5,5,5,5,5,5,5,5,5,5,5,5,5,9,5,5,5,5,5,10,5,5,255,5,5,5,5,5,5,5,5,5,5,255,5,5,255,255,5,5,255,5,5,5,255,5,5,5,255,5,5,255,5,5,5,5,255,5,5,10,5,255,255
1780855089.560801,19745,1984283016,849,2063,2051,2070,2080,2057,1324,1003,1065,1310,2086,2080,2098,2134,1456,1126,1153,1866,2112,2070,2087,2110,2065,1676,1218,2015,2093,2096,2108,2101,2101,1859,1202,1926,2086,2082,2111,2113,2060,1866,1138,2024,2108,2070,2121,2093,1946,1913,1154,2060,2101,2100,2102,1994,1952,1974,1125,1406,2033,2024,2048,1998,1952,2023,5,5,5,5,5,5,5,5,5,5,5,5,5,5,5,5,5,5,5,5,5,5,5,10,5,5,5,5,5,5,5,255,5,5,10,5,5,10,10,5,5,255,5,255,5,10,5,5,5,10,5,5,10,5,5,5,5,255,5,5,5,5,10,10
1780855089.659993,19746,1984383017,845,2060,2098,2037,2039,2129,1416,1005,1061,1320,2085,2079,2103,2058,1383,1110,1195,2000,2076,2118,2115,2070,2046,1666,1179,2000,2076,2082,2086,2077,2072,1815,1196,2059,2064,2120,2109,2113,2060,1866,1208,2024,2093,2070,2117,2065,1988,1911,1148,2053,2090,2093,2087,1960,1922,1974,1142,1406,2033,2060,2009,1998,1952,2023,5,5,5,5,5,5,5,5,5,5,5,5,5,5,5,5,5,5,5,5,5,5,5,5,5,5,5,5,5,5,5,10,5,5,5,5,5,255,255,255,5,255,5,255,5,5,5,5,5,5,5,5,5,5,5,255,5,255,255,5,5,255,255,255
1780855089.762052,19747,1984483016,844,1041,2077,2064,2087,2129,1274,984,1088,1369,2042,2090,2103,2057,1454,1127,1198,1937,2080,2100,2080,2123,2079,1691,1228,2040,2089,2095,2096,2110,2096,1855,1175,2091,2084,2091,2073,2151,2038,1875,1157,2119,2074,2036,2063,2063,1940,1869,1140,2114,2099,2103,2070,1960,1947,1956,1116,1721,2062,2014,1987,1998,1999,2023,5,5,5,5,5,255,5,5,5,5,5,5,255,5,5,5,5,9,5,5,5,5,5,5,5,5,5,5,5,5,5,5,5,5,5,5,5,10,10,10,9,10,5,10,5,5,5,5,5,5,5,5,5,255,5,10,5,10,10,5,5,10,10,255
1780855089.860399,19748,1984583017,855,1038,2077,2050,2069,2111,1252,1035,1075,1250,2084,2042,2109,2021,1416,1089,1178,1937,2098,2107,2073,2082,2076,1720,1222,2011,2076,2086,2091,2120,2042,1862,1187,2052,2069,2082,2095,2105,2068,2020,1209,2119,2090,2085,2104,2027,1940,1869,1113,2114,2075,2114,2097,2018,1930,1990,1105,1721,2051,2014,2030,1893,1999,2023,5,255,255,5,5,10,5,5,5,5,5,5,10,5,5,5,5,255,5,5,5,5,5,5,9,5,5,5,5,5,5,5,5,5,5,5,5,5,5,5,5,255,5,5,5,5,255,255,5,255,5,5,5,10,255,5,5,255,5,255,5,5,255,255
1780855089.959806,19749,1984683016,840,2064,2049,2072,2110,2052,1254,1010,1067,1336,2049,2113,2081,2021,1519,1098,1196,1959,2098,2092,2083,2099,2099,1682,1161,2047,2091,2067,2084,2057,2101,1832,1143,2052,2069,2113,2095,2118,2027,2020,1193,1963,2089,2099,2070,2093,2000,1964,1143,2058,2092,2122,2110,2031,1968,1952,1115,1721,2042,2092,2004,1985,1999,2004,5,4,10,5,5,5,5,5,5,5,5,5,5,255,9,5,5,10,5,5,5,5,5,5,5,5,5,5,5,5,5,5,5,255,255,5,5,5,5,255,5,10,5,5,5,5,10,10,5,10,5,5,5,5,5,5,5,255,5,10,5,5,255,10
1780855090.060391,19750,1984783017,838,2033,2063,2091,2084,2071,1292,998,1083,1282,2036,2050,2081,2021,1414,1165,1204,1971,2103,2105,2101,2108,2081,1686,1200,2048,2091,2094,2088,2108,2093,1832,1215,2049,2139,2094,2082,2126,2027,2020,1201,2039,2099,2082,2126,2093,2000,1917,1153,2028,2091,2119,2111,2004,1931,1956,1101,1721,2042,2092,2004,1985,1990,2004,5,5,5,5,5,5,5,5,5,5,5,5,255,255,5,5,5,5,5,5,5,5,5,5,5,5,5,5,5,5,5,255,5,10,10,5,5,5,255,255,5,5,5,5,5,255,255,5,5,5,5,5,5,255,255,5,5,255,255,255,255,255,10,255
1780855090.170366,19751,1984893016,822,1053,2068,2046,2067,2086,1259,999,1084,1244,2064,2069,2053,2047,1381,1106,1145,2007,2083,2072,2073,2105,2090,1686,1212,2085,2081,2089,2074,2085,2073,1841,1210,2031,2089,2097,2120,2078,2028,1891,1197,2039,2080,2082,2142,2080,1971,1963,1161,2028,2079,2121,2106,2019,1970,1912,1117,1752,2045,2045,2000,1917,1945,2004,5,255,5,5,5,5,5,5,5,5,5,5,10,10,9,5,5,5,5,5,5,5,5,255,5,5,5,5,5,5,5,10,5,5,5,5,5,5,10,10,5,255,5,255,5,10,10,5,5,255,5,5,5,5,5,5,5,10,10,10,10,10,5,255
1780855090.268954,19752,1984993017,845,1091,2068,2055,2084,2152,1378,989,1081,1423,2162,2060,2053,2083,1381,1118,1174,2053,2080,2078,2130,2122,2054,1752,1194,2085,2081,2089,2082,2125,2079,1858,1164,1970,2085,2079,2118,2140,2078,1912,1194,2039,2072,2082,2080,2037,1977,1942,1115,2028,2102,2094,2129,2018,1932,1912,1139,1752,2046,2029,2025,1917,1873,2004,5,5,255,5,5,5,9,5,5,5,5,5,255,5,9,5,5,5,5,5,5,5,5,10,5,255,5,5,5,5,5,5,5,5,5,5,5,5,5,5,5,255,5,255,5,5,5,5,5,255,5,5,5,5,5,255,5,255,5,5,5,255,5,255
1780855090.370135,19753,1985093016,845,2086,2060,2050,2078,2019,1317,1017,1098,1305,2162,2039,2072,2083,1377,1116,1176,1907,2095,2088,2108,2099,2062,1752,1154,2022,2102,2092,2094,2121,2069,1853,1169,2027,2118,2110,2092,2156,2074,1951,1224,1856,2070,2082,2133,2064,1965,1945,1147,2035,2093,2082,2096,2004,1908,1981,1098,1862,2072,2029,1990,1917,1873,2004,5,5,10,5,5,5,9,5,5,5,255,5,10,255,5,5,5,5,5,5,5,5,5,255,5,10,5,5,5,5,5,9,5,5,5,5,5,5,5,4,9,10,5,255,5,5,5,5,5,10,5,5,5,5,5,10,5,10,5,255,5,255,255,255
1780855090.470197,19754,1985193017,839,1006,2060,2050,2077,2106,1313,1002,1083,1253,2042,2086,2072,2083,1443,1097,1175,1907,2112,2087,2094,2088,2083,1677,1157,2042,2086,2079,2102,2076,2126,1853,1199,2019,2117,2084,2113,2129,2074,1948,1160,1856,2084,2102,2125,2087,1955,1943,1157,2035,2098,2093,2105,1992,1977,1905,1135,1862,2112,2075,1994,1917,1873,2004,5,5,255,255,5,3,9,5,5,9,10,5,255,255,5,9,5,255,5,5,5,5,5,10,5,5,5,5,5,5,5,255,5,5,5,5,5,5,255,5,5,255,5,10,5,5,5,5,5,255,5,5,5,5,5,5,5,255,5,10,5,255,255,255
1780855090.569937,19755,1985293016,838,1066,2076,2067,2085,2023,1224,1053,1056,1346,2042,2097,2072,2083,1465,1107,1149,1569,2040,2080,2098,2066,2077,1659,1185,2034,2096,2092,2107,2109,2085,1853,1205,2021,2091,2102,2099,2129,2032,1838,1159,2090,2065,2120,2097,2125,1944,1953,1156,2066,2084,2139,2035,2031,1926,1950,1108,2021,2054,2041,2052,1947,1873,2004,5,5,10,10,5,5,5,5,5,5,255,5,255,255,9,5,5,10,5,5,5,5,5,5,5,5,5,5,5,5,5,255,5,5,5,5,5,255,10,5,5,10,5,5,5,5,5,5,5,10,5,5,5,5,5,5,5,3,5,5,9,10,255,255
1780855090.670663,19756,1985393017,835,2084,2049,2088,2060,2104,1282,1003,1079,1367,2042,2097,2072,2032,1460,1133,1188,1574,2087,2089,2101,2144,2067,1659,1239,2062,2107,2089,2084,2073,2081,1853,1201,2021,2166,2078,2130,2101,2103,1919,1129,2090,2065,2131,2064,2063,1944,1948,1166,2002,2082,2067,2138,1978,1941,1998,1121,2021,1993,2041,1993,1947,1873,2004,5,5,5,5,5,5,5,5,5,5,255,255,255,10,5,5,5,5,5,5,5,5,5,255,5,5,5,5,5,5,5,255,5,255,5,5,5,10,5,5,5,255,255,5,5,5,255,5,5,9,5,5,5,5,5,5,5,255,5,255,5,255,255,255
1780855090.769915,19757,1985493016,839,1106,2058,2043,2048,1898,1286,973,1082,1260,2042,2088,2072,2032,1426,1129,1163,1881,2069,2100,2112,2141,2032,1652,1222,2035,2095,2086,2077,2073,2112,1853,1217,2043,2074,2091,2130,2101,2103,1919,1176,2087,2091,2086,2106,2079,1950,1927,1155,1993,2096,2119,2075,2025,1932,1991,1122,1841,2040,2049,1981,1974,1873,2004,5,5,5,5,5,4,5,5,5,5,255,10,255,255,5,5,5,5,5,5,5,5,5,10,5,5,5,5,5,5,5,255,5,10,5,5,5,255,255,255,5,10,10,5,5,5,10,5,5,5,5,5,5,5,5,5,5,10,5,10,5,10,255,255
1780855090.869944,19758,1985593017,845,1066,1962,2097,2081,2095,1277,966,1074,1328,2042,2088,2072,2032,1365,1090,1201,2017,2075,2102,2112,2088,2062,1727,1177,2031,2106,2088,2089,2106,2073,1927,1169,2047,2065,2082,2131,2162,2026,1919,1155,2087,2091,2133,2069,2134,1950,1924,1135,1993,2118,2119,2052,1981,1956,1979,1125,1634,2040,2018,2024,2000,1963,2004,5,5,5,5,5,5,5,5,5,5,255,255,255,255,5,5,5,5,5,5,255,5,5,5,5,5,5,5,5,5,5,10,5,5,5,5,5,10,10,255,5,255,5,5,5,5,255,5,9,255,5,255,5,5,5,5,5,4,255,5,5,5,10,255
1780855090.970238,19759,1985693017,849,1037,1962,2089,2046,2041,1247,996,1101,1275,2042,2077,2072,2055,1440,1110,1198,2001,2124,2077,2080,2078,2068,1702,1185,2024,2091,2089,2085,2115,2101,1927,1182,2091,2108,2055,2069,2162,2081,1932,1214,2056,2076,2078,2069,2069,2002,1945,1137,1993,2093,2105,2087,1924,1969,1956,1111,1634,2085,2079,2002,1970,1963,2004,5,5,255,5,5,5,5,5,5,5,255,10,255,10,9,5,5,5,5,5,10,5,5,5,5,5,5,5,5,5,5,255,5,5,5,5,5,255,5,10,5,10,5,5,255,5,10,5,5,255,5,10,5,5,5,5,5,255,10,5,5,5,255,255
1780855091.071222,19760,1985793017,832,2107,2061,2080,2058,2067,1288,1008,1066,1296,2042,2109,2072,2055,1418,1133,1213,2031,2115,2052,2114,2076,2069,1717,1169,2025,2102,2094,2076,2120,2100,1899,1210,2047,2108,2119,2083,2105,2043,1969,1214,2048,2083,2087,2109,2051,1964,1946,1120,1993,2102,2085,2087,1999,1999,1919,1116,1634,2031,2079,1976,1957,1963,2004,5,5,10,5,5,5,5,5,5,5,255,5,255,255,5,5,5,5,5,5,5,5,5,5,5,5,5,5,5,5,5,10,5,5,255,5,5,10,5,5,5,5,5,5,10,5,5,5,5,255,5,5,255,5,5,5,5,255,5,255,5,5,255,255
1780855091.171160,19761,1985893017,835,1066,2061,2064,2076,2034,1241,988,1078,1272,2053,2109,2072,2055,1405,1094,1201,1956,2092,2061,2104,2113,2068,1717,1186,2040,2107,2084,2080,2117,2054,1903,1174,2030,2082,2063,2137,2121,2093,1972,1138,2048,2080,2135,2101,2085,1999,1946,1148,2029,2103,2103,2145,2058,1932,1935,1114,1634,2025,2039,1976,1940,1963,2004,5,5,255,5,5,5,5,5,5,5,10,255,255,255,5,5,5,5,5,5,5,5,5,255,9,5,5,5,5,5,5,5,5,5,10,5,5,5,5,5,5,255,5,5,5,5,5,255,5,10,5,5,10,5,5,5,5,255,5,10,255,5,255,255
1780855091.268784,19762,1985993017,845,1043,2088,2077,2106,2086,1268,1003,1059,1337,2051,2078,2072,1967,1420,1156,1180,1956,2069,2109,2122,2087,2050,1737,1201,2073,2129,2095,2108,2106,2075,1903,1187,2030,2075,2118,2084,2123,2034,1972,1189,2048,2097,2135,2087,2108,1964,1958,1131,1995,2098,2107,2096,1960,1932,1935,1094,1634,2023,2039,1954,1960,1963,2004,5,5,10,5,5,5,5,5,5,5,5,10,255,10,5,5,5,255,5,5,5,5,5,10,5,5,5,5,5,5,5,255,9,255,5,5,5,5,5,255,5,255,5,255,5,5,5,10,5,5,5,5,5,5,255,255,5,255,5,255,10,5,255,255
1780855091.370864,19763,1986093017,841,1125,2043,2089,2083,2086,1213,1014,1088,1277,2030,2087,2072,1967,1383,1129,1200,1968,2075,2113,2019,2146,2032,1647,1220,2038,2093,2092,2067,2128,2109,1903,1160,1928,2075,2099,2105,2114,2064,1972,1177,2048,2087,2109,2097,2052,1905,1922,1148,1995,2132,2110,2069,1997,1919,1964,1115,1733,2088,1999,1955,1960,1963,2004,5,5,5,5,5,255,5,5,5,5,5,5,255,255,5,5,5,10,5,5,5,5,5,5,9,5,5,5,5,5,5,255,5,10,255,5,5,5,5,255,9,255,5,10,5,5,5,5,5,255,5,5,5,5,10,10,5,10,5,10,5,255,255,255
1780855091.472176,19764,1986193017,821,2102,2062,2051,2099,2098,1264,981,1085,1291,2030,2070,2090,1967,1407,1126,1216,2048,2092,2084,2057,2140,2037,1647,1189,2002,2084,2079,2082,2083,2124,1943,1166,2056,2124,2079,2095,2114,2018,1865,1185,2048,2076,2082,2129,2138,1905,1922,1149,1995,2110,2085,2072,1955,1923,1950,1122,1510,2038,2064,1951,1992,1963,2004,5,5,5,5,5,10,5,5,5,5,255,5,10,255,5,5,5,5,5,5,5,5,5,255,5,5,5,5,5,5,5,10,5,5,10,5,5,255,5,10,5,255,5,5,5,5,255,255,5,255,5,5,5,5,5,5,5,4,5,5,5,10,255,255
1780855091.570070,19765,1986293017,829,1042,2044,2070,2084,2024,1291,992,1072,1340,2030,2022,2039,1967,1372,1132,1176,2088,2035,2092,2129,2069,2067,1658,1206,2002,2103,2086,2101,2099,2100,1943,1171,2063,2130,2048,2120,2097,2169,1958,1144,1975,2118,2082,2094,2138,1905,1951,1148,2021,2103,2094,2072,2007,1953,1964,1090,1510,2003,2075,1951,1992,1964,2004,5,5,5,5,5,5,5,5,5,5,255,5,5,255,5,5,5,5,5,5,5,5,5,10,5,255,5,5,5,5,5,255,5,5,5,5,5,10,5,5,5,10,5,5,5,255,255,10,5,10,5,5,255,5,5,5,5,255,5,5,255,5,10,255
1780855091.669958,19766,1986393017,844,2091,2045,2070,2060,2049,1291,979,1076,1324,2030,2022,2065,2058,1396,1113,1204,2088,2096,2081,2074,2083,2101,1658,1194,2045,2069,2092,2097,2100,2073,1920,1224,2063,2069,2096,2060,2032,2091,1890,1172,1998,2080,2082,2123,2124,2046,1905,1124,2021,2056,2120,2072,1996,1968,1928,1114,1591,2029,2067,1951,1965,1908,2004,5,5,5,255,5,5,5,5,5,5,255,255,5,10,5,5,5,255,5,5,5,5,5,255,5,10,5,5,5,5,5,10,5,255,5,5,5,5,5,5,5,5,5,255,5,10,10,5,5,255,5,5,255,5,5,5,5,10,5,5,255,5,5,255
1780855091.769917,19767,1986493016,835,1000,2088,2034,2059,2049,1327,968,1081,1329,2063,2107,2049,2067,1382,1087,1202,1959,2078,2099,2074,2119,2065,1920,1168,1992,2095,2104,2097,2080,2073,1918,1202,2068,2096,2111,2097,2126,2058,1890,1183,1998,2104,2082,2101,2084,1922,1943,1152,2048,2121,2121,2093,1989,1939,2003,1119,1834,2056,2067,1997,1949,1908,2004,5,5,5,10,5,255,5,5,5,5,10,10,5,5,5,5,5,10,5,5,255,5,5,10,5,5,5,5,5,5,5,5,5,10,5,5,5,5,5,255,5,255,5,255,5,5,4,5,5,10,5,5,10,5,5,5,5,4,5,255,10,5,255,255
1780855091.870196,19768,1986593018,823,2069,2057,2083,2091,2049,1292,1001,1084,1253,2063,2107,2032,2089,1451,1088,1199,1959,2088,2060,2116,2104,2051,1679,1159,1992,2103,2083,2089,2092,2109,1905,1183,2014,2096,2099,2109,2083,2083,1890,1186,1998,2104,2063,2140,2100,1922,1939,1165,2048,2117,2129,2110,1989,1958,2003,1128,1834,2056,2067,2023,1949,1908,2004,5,5,5,5,5,255,5,5,5,9,255,255,5,5,5,5,5,255,5,5,10,5,5,4,5,255,5,5,5,5,5,5,5,5,255,5,5,5,5,255,5,255,255,10,5,5,255,5,5,255,5,5,5,255,5,255,5,255,255,255,5,255,255,255
1780855091.970127,19769,1986693016,833,2100,2059,2122,2062,2068,1412,1002,1074,1268,2065,2096,2098,2073,1422,1107,1192,1989,2060,2100,2091,2080,2049,1692,1183,2090,2073,2098,2097,2117,2091,1897,1184,2014,2096,2085,2114,2082,2109,1890,1160,1948,2070,2063,2064,2067,1979,1952,1161,2048,2086,2121,2091,1983,1940,1947,1119,1834,2027,2005,2023,1984,1908,1992,5,5,5,5,5,10,5,5,5,5,10,10,5,5,9,5,5,10,5,5,5,5,5,5,5,10,5,5,5,5,5,5,5,255,255,5,5,5,5,255,5,10,10,255,5,5,10,5,5,255,5,5,5,10,5,10,5,255,10,10,255,10,255,10
1780855092.069975,19770,1986793017,834,1051,2102,2091,2080,2037,1299,987,1078,1244,2140,2052,2098,2073,1457,1125,1183,1989,2089,2105,2085,2090,2032,1726,1160,1998,2096,2082,2085,2120,2082,1897,1191,2061,2105,2100,2108,2107,2109,1895,1204,1948,2098,2112,2130,2114,1919,1963,1152,2048,2116,2098,2091,1999,1964,1947,1106,1758,2045,2005,1961,1984,1908,1992,5,5,5,5,5,5,5,5,5,5,5,5,255,255,9,5,5,255,5,5,5,5,5,5,5,5,5,5,5,5,5,255,5,10,10,5,5,5,255,10,5,255,5,10,5,5,5,5,5,255,5,5,255,5,5,255,5,10,5,255,255,255,255,255
1780855092.170175,19771,1986893017,844,2068,2038,2063,2071,2052,1327,989,1089,1239,2140,2058,2077,2073,1403,1115,1155,1547,2113,2090,2110,2150,2065,1736,1176,2038,2076,2094,2091,2112,2090,1897,1187,2073,2087,2065,2118,2107,2109,1874,1138,1948,2078,2119,2122,2080,1919,1929,1152,2048,2084,2124,2101,1994,1926,1894,1118,1758,2025,2064,1962,1953,1908,1992,5,5,5,5,5,5,9,5,5,5,255,5,10,255,5,5,5,10,5,5,5,5,5,5,5,5,5,5,5,5,5,255,5,5,5,5,5,255,255,5,5,255,5,5,5,5,255,5,5,255,5,5,10,5,5,10,5,255,5,10,5,10,255,255
1780855092.268780,19772,1986993017,851,1048,2123,2073,2078,2015,1298,1002,1072,1250,2140,2090,2077,2073,1467,1104,1185,1547,2106,2115,2144,2110,2058,1713,1156,2084,2085,2083,2080,2084,2036,1900,1164,2031,2106,2097,2112,2075,2080,1996,1172,1948,2074,2110,2091,2090,1939,1929,1151,1996,2130,2074,2076,1973,1956,1946,1115,1758,2062,2039,2027,1920,1908,1992,5,255,5,5,5,5,5,5,5,255,255,5,255,255,5,5,5,255,5,5,5,5,5,5,5,5,5,5,5,5,5,10,5,5,5,5,5,10,10,5,5,255,5,5,5,5,10,255,5,10,5,5,5,5,5,5,5,255,5,5,5,5,255,255
1780855092.370083,19773,1987093017,837,2075,2123,2087,2050,2015,1278,998,1067,1292,2140,2045,2077,2073,1476,1118,1169,1915,2098,2072,2069,2095,2065,1727,1190,2047,2066,2082,2081,2100,2078,1901,1184,2065,2101,2100,2090,2113,2056,1996,1151,1948,2107,2123,2101,2085,1993,1945,1152,1937,2067,2100,2087,1997,1951,1937,1132,1758,2075,2039,1995,1972,1908,1992,5,4,255,5,5,255,5,5,5,5,255,5,255,255,5,5,9,10,5,5,5,5,5,5,5,5,5,5,5,5,5,5,5,5,5,5,5,5,5,255,5,255,5,5,5,5,5,10,5,5,5,5,5,5,5,5,5,255,5,255,5,5,255,255
1780855092.470176,19774,1987193017,845,1092,2045,2046,2107,2026,1323,1018,1101,1227,2069,2045,2078,2073,1399,1100,1190,2011,2064,2097,2069,2136,2095,1686,1210,2020,2083,2092,2121,2104,2105,1925,1192,2012,2089,2102,2087,2092,2056,1996,1187,1948,2091,2099,2055,2079,1930,1945,1153,1937,2079,2131,2073,1954,1949,1937,1120,1758,2013,2070,2070,1972,1908,1992,5,5,10,5,5,10,5,5,5,5,10,255,10,255,5,5,5,5,5,5,255,5,5,5,5,5,5,5,5,5,5,5,9,5,5,5,5,5,255,255,5,255,5,5,5,5,5,255,5,255,5,5,5,5,5,255,5,255,5,10,5,255,255,255
1780855092.570078,19775,1987293017,844,1092,2031,2077,2075,2034,1260,994,1052,1224,2077,2100,2078,2073,1427,1140,1182,2004,2063,2078,2066,2073,2067,1733,1194,2037,2114,2095,2097,2080,2117,1925,1176,1955,2078,2093,2102,2105,2065,1915,1162,1948,2108,2119,2131,2097,1967,1945,1175,2002,2036,2055,2083,2068,1923,1950,1079,1758,2050,2070,2010,1972,1991,1992,5,255,5,5,5,5,5,5,5,5,5,10,255,255,9,5,5,5,5,5,10,5,5,5,5,5,5,5,5,5,5,255,5,5,5,5,5,5,10,10,5,255,5,5,5,5,5,255,5,10,5,5,5,5,5,10,5,255,5,255,5,255,10,255
1780855092.669964,19776,1987393017,840,2070,2059,2087,2084,2039,1265,992,1065,1243,2106,2079,2081,2055,1402,1149,1164,2062,2081,2080,2107,2103,2019,1657,1191,1968,2096,2107,2079,2110,2100,1878,1146,2074,2078,2098,2122,2120,2065,1915,1194,1948,2075,2075,2142,2112,1967,1933,1171,2017,2131,2097,2076,2024,1941,1962,1098,1758,2050,2049,1979,1988,1991,1992,5,10,5,5,5,5,5,5,5,255,5,5,10,10,5,5,5,5,5,5,5,5,5,5,5,5,5,5,5,5,5,10,5,5,255,5,5,5,255,255,5,255,5,5,5,5,255,10,5,5,5,5,5,5,5,5,5,255,255,10,5,10,255,255
1780855092.770130,19777,1987493017,835,2095,2108,2062,2064,2039,1255,982,1077,1283,2106,2055,2081,2092,1422,1111,1181,1961,2074,2126,2081,2070,2011,1759,1201,1968,2106,2100,2096,2075,2069,1808,1167,2090,2091,2100,2136,2064,2060,1915,1179,1948,2127,2089,2142,2065,1967,1970,1163,2048,2087,2075,2133,2016,1957,1950,1117,1758,2024,2085,2009,1965,1991,1992,5,5,5,5,5,255,5,5,5,5,255,5,5,5,5,5,5,9,5,5,5,5,5,5,5,255,5,5,5,5,5,5,5,5,10,5,5,5,10,255,5,255,5,5,255,5,255,5,5,5,5,5,5,5,255,5,5,255,10,5,9,5,255,255
1780855092.879859,19778,1987603017,830,2108,2093,2063,2072,2054,1234,936,1072,1332,2080,2078,2033,2092,1417,1070,1201,1961,2081,2098,2089,2081,2102,1724,1205,2092,2098,2077,2088,2097,2093,1808,1214,2029,2089,2061,2076,2098,2055,1915,1166,1948,2038,2094,2089,2109,2028,1941,1171,2048,2101,2078,2111,1998,1940,1940,1158,1758,1971,2085,2013,1965,1991,1992,5,5,5,5,5,10,5,5,5,5,10,5,5,255,5,5,5,255,5,5,5,5,5,5,5,10,5,5,5,5,5,255,5,5,5,5,5,5,5,255,5,255,5,5,10,5,10,5,5,255,5,5,5,5,5,5,5,255,5,255,5,255,255,255
1780855092.980088,19779,1987703016,854,2108,2053,2042,2048,2053,1323,988,1069,1269,2056,2045,2033,2030,1528,1132,1202,2012,2097,2105,2078,2079,2088,1724,1157,2077,2084,2084,2091,2102,2075,1797,1172,2044,2093,2087,2089,2066,2055,1915,1168,1948,2104,2033,2095,2064,1975,1922,1150,2024,2111,2141,2116,1984,1922,1932,1096,1758,2089,2054,2006,1965,1939,1992,5,255,5,5,5,5,5,5,5,9,5,5,255,10,5,5,5,10,5,5,5,5,5,255,5,5,5,5,5,5,5,10,5,5,5,5,5,5,255,255,5,255,5,5,5,5,5,5,5,10,5,5,5,5,5,5,5,255,5,10,5,255,10,255
1780855093.080176,19780,1987803017,820,2059,2087,2059,2055,2083,1289,1008,1058,1363,2133,2045,2033,2030,1400,1113,1190,1989,2105,2113,2112,2052,2080,1724,1185,2016,2081,2080,2082,2074,2079,1775,1171,2018,2126,2117,2041,2066,2059,1921,1131,1948,2074,2033,2095,2115,1921,1911,1153,2024,2121,2068,2116,2011,1922,1961,1134,1758,2043,2025,2010,1965,1939,1992,5,10,5,5,5,5,5,5,5,5,5,255,255,255,5,5,5,5,5,5,5,5,5,255,5,5,5,5,5,5,5,5,5,5,5,5,5,255,10,10,5,255,5,255,255,5,5,255,5,255,5,5,255,5,255,5,5,255,5,5,5,255,255,255
1780855093.179925,19781,1987903016,838,1024,2087,2105,2059,2062,1239,997,1081,1265,2122,2106,2133,2030,1358,1127,1171,2034,2082,2096,2133,2109,2092,1606,1185,2041,2074,2091,2098,2095,2093,1775,1175,2061,2108,2088,2085,2066,2052,1921,1194,1898,2118,2083,2105,2110,1921,1970,1143,2058,2081,2089,2108,1997,1929,1943,1070,1894,2095,2061,1983,1965,1939,1992,5,5,255,5,5,5,5,5,5,5,5,10,10,255,5,5,5,5,5,5,5,5,5,10,9,5,5,5,5,5,5,255,5,5,5,5,5,255,5,255,9,10,5,10,10,5,255,5,5,10,5,5,10,5,10,5,5,10,5,5,5,10,255,255
1780855093.278864,19782,1988003017,831,1053,2018,2038,2059,2062,1258,1000,1076,1213,2056,2106,2133,2030,1473,1077,1136,1810,2090,2087,2092,2056,2037,1606,1200,2026,2097,2084,2078,2109,2101,1876,1181,2086,2095,2081,2115,2066,2083,1921,1167,1898,2069,2051,2096,2105,1984,1944,1148,2058,2092,2098,2108,2031,1949,1967,1089,1894,2040,2061,1973,2012,1939,1992,5,5,10,5,255,255,5,5,9,5,5,255,255,255,5,5,5,5,5,5,5,5,5,255,5,5,5,5,5,5,5,10,5,5,5,5,5,255,5,255,5,255,5,5,5,5,10,5,5,255,5,5,5,5,5,5,5,255,5,255,5,5,255,255
1780855093.380245,19783,1988103017,838,1064,2018,2066,2059,2062,1287,986,1081,1376,2054,2070,2133,1992,1436,1116,1195,1956,2028,2079,2058,2111,2000,1606,1208,1967,2071,2082,2097,2114,2084,1876,1194,2058,2171,2085,2118,2095,2039,1921,1173,1898,2071,2111,2095,2139,1975,1944,1135,2035,2108,2115,2054,2041,1956,1940,1132,1894,2073,2066,1973,2012,1939,1992,5,5,255,5,255,255,5,5,5,5,5,10,255,10,5,5,9,9,5,5,5,5,5,255,5,5,5,5,5,5,5,255,5,5,5,5,5,10,5,255,5,255,5,5,5,5,5,255,5,10,5,5,5,5,5,5,5,255,5,10,5,255,255,255
1780855093.480021,19784,1988203016,847,1026,2025,2062,2076,2088,1298,1003,1077,1372,2144,2048,2095,2073,1425,1163,1171,1987,2081,2080,2081,2065,2080,1661,1234,2032,2079,2098,2095,2108,2082,1840,1176,2077,2102,2107,2090,2128,2061,1957,1198,2138,2071,2097,2095,2073,1939,1944,1142,2035,2080,2079,2054,2011,1913,1950,1106,1894,2053,2066,2019,1926,1939,1992,5,5,10,5,10,10,5,5,5,5,5,5,10,5,5,5,5,5,5,5,5,5,5,10,5,5,5,5,5,5,5,10,5,5,5,5,5,5,5,10,5,10,255,5,255,5,5,10,5,255,5,5,255,5,5,5,5,255,5,255,5,10,255,255
1780855093.581151,19785,1988303016,844,1031,2076,2062,2089,2029,1298,997,1072,1251,2144,2063,2052,2073,1390,1138,1219,1998,2077,2075,2084,2072,2072,1695,1196,2043,2086,2101,2076,2119,2105,1840,1172,2024,2114,2076,2103,2063,2039,1957,1172,2041,2083,2138,2113,2076,1977,1888,1147,2042,2040,2142,2059,2007,1936,1978,1122,1894,2080,2093,1986,1930,1939,1992,5,5,5,255,5,5,255,5,5,5,255,5,5,255,5,5,5,9,5,5,5,5,5,5,5,5,5,5,5,5,5,255,5,5,5,5,5,5,5,255,5,5,10,5,10,5,5,5,5,10,5,5,10,5,5,5,5,255,5,10,5,5,255,255
1780855093.681382,19786,1988403017,821,2077,2108,2062,2089,2073,1352,989,1086,1248,2144,2057,2130,2050,1426,1120,1198,1986,2050,2096,2075,2072,2049,1695,1198,2047,2077,2092,2085,2120,2038,1884,1183,2001,2112,2111,2103,2063,2039,1957,1131,2041,2127,2107,2162,2123,1977,1940,1170,2042,2136,2112,2074,1954,1936,1965,1096,1888,2066,2053,1973,1930,1939,1992,5,5,5,10,255,5,10,5,5,9,255,5,5,10,5,5,5,5,5,5,5,255,5,255,5,5,5,5,5,5,5,10,5,5,5,5,5,255,255,255,9,255,5,5,5,5,255,5,5,255,5,5,5,5,5,5,5,10,5,5,5,255,255,255
1780855093.780155,19787,1988503017,829,2051,2108,2074,2080,2073,1411,988,1078,1283,2144,2093,2130,2050,1429,1135,1177,2002,2082,2076,2075,2081,2060,1652,1175,2069,2068,2091,2108,2138,2092,1895,1215,2032,2096,2088,2104,2084,2065,1957,1149,2041,2122,2107,2135,2093,1954,1928,1154,1989,2113,2121,2104,1985,1919,1945,1137,1888,2024,2053,1962,1942,2025,1992,5,5,255,5,10,255,5,5,5,5,255,5,255,255,5,5,5,5,5,5,255,10,5,10,5,5,5,5,5,5,5,5,5,5,5,5,5,10,10,255,5,255,5,255,5,5,10,5,5,10,5,5,5,5,5,5,5,255,5,5,5,10,10,255
1780855093.880190,19788,1988603017,828,1140,2108,2096,2061,2076,1264,963,1077,1323,2093,2049,2130,2050,1411,1138,1190,1576,2084,2071,2036,2074,2111,1652,1232,2069,2084,2098,2093,2086,2129,1929,1221,2032,2078,2093,2097,2084,2038,1957,1145,2041,2097,2104,2146,2093,2041,1908,1186,1982,2080,2121,2104,1984,1919,1953,1125,1888,2083,2009,2017,1956,2025,1992,5,3,255,5,5,10,9,5,5,5,10,5,255,255,5,5,5,5,5,5,10,5,5,255,5,255,5,5,5,5,5,5,5,255,5,5,5,255,5,255,5,255,5,10,5,255,5,5,5,5,5,255,255,5,255,5,5,255,5,5,5,5,255,255
1780855093.980094,19789,1988703016,833,1017,2106,2094,2068,1993,1294,972,1095,1289,2058,2083,2130,2118,1429,1060,1195,2034,2056,2090,2161,2106,2065,1621,1202,2056,2092,2093,2086,2094,2087,1885,1159,1973,2102,2103,2094,2135,2052,1931,1180,2041,2101,2104,2148,2072,2041,1904,1128,1982,2057,2137,2111,2012,1919,1965,1138,1888,2052,2047,2069,1956,2025,2011,5,5,10,5,5,5,5,5,5,5,5,5,255,10,9,5,9,4,5,5,5,5,5,10,9,10,5,5,5,5,5,5,9,10,5,5,5,10,5,10,5,255,5,255,5,10,255,5,5,255,5,10,10,5,10,5,5,255,5,5,5,255,255,10
1780855094.079993,19790,1988803017,838,2043,2106,2074,2077,1993,1287,1000,1078,1267,2104,2106,2130,2012,1390,1082,1215,1945,2113,2091,2045,2098,2107,1686,1190,2056,2088,2092,2077,2090,2074,1909,1182,1973,2082,2106,2097,2135,2094,1931,1133,2041,2093,2104,2116,2073,2057,1934,1166,1965,2070,2094,2091,2019,1938,1965,1113,1888,2037,2047,1994,1965,2025,2011,5,5,5,5,5,255,5,5,5,5,5,5,255,5,5,5,5,5,5,5,5,5,5,5,5,255,5,5,5,5,5,5,5,255,5,5,5,255,5,255,5,255,5,255,5,5,10,5,5,10,5,5,5,5,5,255,5,255,5,5,5,10,255,255
1780855094.180128,19791,1988903017,844,1042,2067,2086,2067,1993,1285,986,1068,1278,2059,2109,2130,2059,1450,1104,1159,1988,2186,2122,2088,2047,2092,1605,1150,2077,2071,2086,2118,2107,2084,1887,1214,1973,2082,2092,2130,2110,2064,1981,1191,2041,2088,2094,2119,2095,2014,1934,1144,1965,2120,2093,2091,2010,1935,1986,1089,1888,2004,2089,2001,1965,2025,2011,5,255,5,5,5,255,5,5,5,5,5,5,255,5,5,5,5,5,5,5,5,5,5,5,5,10,5,5,5,5,5,5,5,255,255,5,5,10,5,10,5,255,5,10,5,5,5,255,5,255,5,5,5,5,5,10,5,255,5,5,5,255,255,255
1780855094.279272,19792,1989003017,847,2083,2079,2055,2098,2020,1326,1010,1071,1379,2043,2083,2055,2053,1510,1154,1188,1988,2101,2129,2035,2134,2072,1634,1182,2049,2086,2084,2074,2099,2113,1971,1167,1973,2122,2078,2110,2110,2070,1981,1161,2041,2092,2094,2083,2053,1972,1919,1162,1965,2063,2088,2120,2015,1941,1986,1118,1888,2060,2089,1993,1930,1987,2011,5,4,5,5,5,10,5,5,5,5,5,5,10,5,5,5,5,255,5,5,5,5,5,5,5,5,5,5,5,5,5,5,5,255,10,5,5,255,5,255,5,255,5,255,5,5,5,10,5,255,5,5,5,5,5,255,5,255,5,255,5,10,10,255
1780855094.379974,19793,1989103016,835,2090,2063,2023,2081,2035,1232,992,1092,1338,2039,2037,2090,2113,1388,1126,1181,2036,2068,2084,2130,2079,2073,1628,1213,2018,2103,2081,2109,2120,2055,1798,1205,1994,2113,2102,2115,2110,2074,1911,1164,2041,2103,2094,2091,2060,1974,1913,1143,1981,2100,2097,2123,1958,1964,1971,1108,1888,2030,2089,2011,1940,1987,1897,5,5,5,5,5,5,5,5,5,5,5,5,5,5,5,5,5,10,5,5,5,5,5,5,5,5,5,5,5,5,5,5,5,10,5,5,5,255,5,10,5,255,5,255,5,5,5,5,9,10,5,5,5,5,255,10,5,255,5,255,5,5,255,10
1780855094.481536,19794,1989203016,839,2026,2037,2052,2069,2053,1204,966,1096,1357,2074,2070,2090,2113,1466,1135,1119,1847,2067,2098,2081,2073,2047,1704,1179,1987,2089,2086,2070,2121,2066,1841,1173,1986,2102,2072,2106,2110,2074,1901,1154,1465,2142,2094,2140,2055,1937,1951,1148,1994,2072,2095,2082,2051,1950,1971,1131,1571,2030,2079,2011,1970,1987,1897,5,5,5,5,5,5,5,5,5,9,5,5,255,255,5,5,5,5,5,5,5,5,5,4,5,5,5,5,5,5,5,5,5,5,5,5,5,255,255,5,5,10,5,255,5,5,5,5,5,5,5,5,5,5,5,5,5,10,255,10,255,5,255,255
1780855094.580954,19795,1989303016,840,2074,2078,2079,2102,2048,1265,1031,1101,1269,2063,2069,2090,2113,1409,1108,1190,1958,2112,2077,2081,2103,2066,1704,1185,1987,2080,2087,2105,2099,2081,1870,1193,2059,2063,2108,2128,2131,2048,1901,1144,1465,2080,2079,2104,2055,1945,1984,1141,1994,2102,2100,2074,1985,1928,1963,1117,1571,2073,2134,2072,1934,1998,1897,5,5,5,5,5,5,5,5,5,9,5,5,255,255,5,5,5,5,5,5,5,5,5,255,5,255,5,5,5,5,5,5,5,5,5,5,5,10,10,255,5,255,5,10,5,5,5,5,5,255,5,5,5,5,5,5,5,255,10,5,10,5,10,255
1780855094.680810,19796,1989403017,837,2046,2062,2079,2067,2059,1316,968,1070,1266,2063,2099,2109,2086,1401,1133,1211,2083,2083,2072,2129,2079,2122,1667,1202,2077,2125,2098,2083,2122,2121,1933,1207,2059,2063,2078,2117,2131,2046,1901,1169,1465,2101,2079,2088,2088,1945,1937,1151,1994,2048,2121,2117,2003,1974,1962,1129,1571,2073,2134,1879,1934,1998,1897,5,5,5,255,5,5,5,5,5,5,255,5,10,10,5,5,5,5,5,5,5,5,5,10,5,10,5,5,5,5,5,3,5,255,255,5,5,255,5,255,5,255,5,255,5,5,255,5,5,255,5,5,5,5,5,5,5,255,255,255,5,255,255,255
1780855094.781997,19797,1989503016,836,2015,2064,2077,2049,1988,1287,991,1064,1305,2173,2052,2065,2086,1529,1085,1170,2010,2038,2112,2107,2105,2088,1708,1208,2049,2091,2086,2095,2097,2108,1892,1223,2053,2063,2075,2082,2131,2047,1873,1183,2177,2108,2063,2071,2018,1945,1935,1164,2051,2116,2119,2117,1966,1957,1972,1103,1571,2026,2077,2076,1970,1998,1897,5,5,5,10,5,5,5,5,5,5,10,5,5,255,4,5,5,5,5,5,5,5,5,5,5,5,5,5,5,5,5,5,5,10,255,5,5,255,5,10,5,10,5,10,5,5,255,5,5,10,5,5,255,5,5,5,5,255,10,10,5,10,255,255
1780855094.880223,19798,1989603017,833,1032,2064,2050,2083,2028,1362,994,1112,1277,2067,2063,2065,2070,1401,1117,1201,2010,2075,2084,2019,2083,2092,1708,1151,1998,2117,2081,2087,2105,2057,1852,1215,2002,2063,2132,2104,2101,2029,1873,1191,2177,2107,2063,2142,2126,1942,1983,1147,2051,2095,2117,2072,2060,1941,1972,1123,1571,2085,2077,2045,1936,1998,1897,5,5,255,5,5,5,9,5,5,5,5,5,255,10,4,5,9,255,5,5,5,5,5,255,5,5,5,5,5,5,5,5,5,5,255,5,5,10,5,255,5,255,5,255,5,5,10,5,5,255,5,5,10,5,5,255,5,255,5,255,5,5,255,255
1780855094.979867,19799,1989703016,847,2035,2113,2029,2071,1996,1285,996,1100,1280,2101,2070,2167,2079,1402,1113,1180,1749,2092,2063,2076,2080,2081,1693,1189,2069,2075,2106,2101,2120,2099,1843,1196,2084,2070,2100,2121,2122,2113,1873,1161,2177,2096,2097,2122,2093,1968,1938,1128,2051,2106,2086,2093,1972,1974,1934,1133,1571,2043,2062,1961,1984,1998,1897,5,5,10,5,5,5,5,5,5,5,5,5,10,5,5,5,5,10,5,5,5,5,5,10,5,5,5,5,5,5,5,5,5,5,10,5,5,5,5,255,5,255,5,10,5,5,5,5,5,255,5,5,5,5,5,10,5,255,5,10,5,5,255,255
1780855095.079691,19800,1989803016,830,1082,2065,2072,2077,1940,1256,997,1051,1279,2111,2089,2167,2086,1468,1127,1152,2004,2093,2062,2078,2079,2078,1693,1178,2036,2102,2091,2097,2090,2125,1998,1176,2053,2044,2097,2123,2122,2025,1873,1184,1931,2092,2104,2113,2096,1991,1909,1126,2013,2044,2105,2051,1962,1947,1935,1129,1571,2038,2062,2014,1989,1998,1897,5,5,5,5,5,9,5,5,5,5,5,5,255,5,5,5,5,5,5,5,5,5,5,255,5,5,5,5,5,5,5,5,5,5,5,5,5,255,5,255,5,10,5,5,5,5,5,5,5,10,5,5,5,5,5,5,5,255,5,255,5,5,255,255
1780855095.180058,19801,1989903017,859,2093,2114,2067,2054,2039,1271,1002,1081,1260,2111,2097,2167,2066,1411,1126,1198,2039,2055,2057,2092,2112,2095,1693,1205,2021,2089,2094,2071,2062,2097,1998,1183,1963,2081,2096,2117,2122,2070,1904,1142,2044,2094,2089,2061,2096,1983,1959,1167,1998,2072,2118,2106,1961,1907,1979,1106,1808,2094,2062,1999,2008,1998,1897,5,255,5,5,5,5,5,5,5,5,255,5,255,5,5,5,5,5,5,5,5,5,5,255,5,5,5,5,5,5,5,255,5,5,5,5,5,255,5,10,5,5,5,5,5,255,5,255,5,5,5,5,5,5,255,5,5,10,5,255,5,5,255,255
1780855095.278729,19802,1990003017,817,1016,2068,2022,2040,2059,1324,964,1085,1245,2063,2097,2167,2042,1386,1083,1225,1995,2082,2058,2092,2120,2071,1693,1207,2039,2110,2094,2070,2090,2085,1893,1199,2063,2074,2100,2137,2151,2039,1904,1117,2096,2107,2073,2121,2085,1944,1937,1159,1998,2143,2112,2081,1969,1965,1961,1135,1467,2094,2062,1977,1969,1998,1897,5,5,5,5,5,5,9,5,5,5,10,255,255,5,5,5,5,5,5,5,255,5,5,255,5,5,5,5,5,5,5,10,5,5,5,5,5,10,5,255,5,5,5,5,5,10,5,5,5,255,5,5,5,5,5,5,5,4,255,255,5,5,255,255
1780855095.380072,19803,1990103017,846,1045,2112,2045,2075,2067,1283,1004,1077,1304,2091,2066,2167,2042,1504,1104,1165,1751,2084,2088,2114,2098,2014,1712,1177,2073,2084,2088,2086,2067,2079,1884,1178,2041,2201,2099,2105,2039,2088,1904,1175,2096,2069,2073,2123,2073,1968,1937,1152,2007,2116,2088,2093,1969,1948,1956,1104,1467,2104,2074,1973,1969,1998,1897,5,5,5,5,5,5,5,5,5,5,5,10,255,255,5,5,5,5,5,5,10,5,5,10,5,5,5,5,5,5,5,5,9,5,5,5,5,5,5,255,5,255,5,255,5,5,5,255,5,10,5,5,5,255,5,5,5,255,10,10,5,255,255,255
1780855095.480221,19804,1990203017,836,2031,2129,2093,2062,2052,1247,1014,1072,1272,2091,2066,2029,2042,1442,1074,1210,1911,2087,2101,2055,2090,2037,1689,1169,2068,2103,2086,2076,2076,2053,1884,1205,2005,2123,2119,2088,2094,2059,1904,1209,2096,2112,2073,2087,2089,2064,1968,1142,1989,2068,2115,2093,1969,1948,1949,1116,1467,1959,2019,2004,1923,1998,1897,5,5,5,5,5,5,5,5,5,5,255,255,10,255,5,5,5,5,5,5,5,5,5,5,5,5,5,5,5,5,5,255,5,5,5,5,5,5,5,255,5,255,5,255,5,5,5,10,5,5,5,5,255,255,255,5,5,255,5,5,5,10,255,255
1780855095.579845,19805,1990303016,845,2080,2055,2055,2066,2099,1264,977,1085,1309,2091,2085,2029,2073,1446,1133,1178,1893,2036,2114,2064,2128,2054,1674,1175,2068,2079,2092,2072,2102,2089,1796,1192,1993,2082,2102,2063,2094,2039,1904,1173,2096,2096,2125,2133,2102,1953,1974,1139,1964,2105,2109,2109,1986,1961,1950,1129,1467,2038,2025,1975,1923,1953,1897,5,5,5,5,5,5,9,5,5,5,255,10,255,10,5,5,5,5,5,5,5,5,5,5,5,255,5,5,5,5,5,10,5,9,5,5,5,255,5,255,9,255,5,10,5,5,5,5,5,5,5,5,10,10,10,5,5,255,5,5,5,255,10,255
1780855095.689979,19806,1990413017,851,2025,2106,2056,2052,2084,1278,992,1063,1227,2009,2074,2029,2073,1448,1095,1171,1569,2078,2130,2149,2094,2072,1705,1193,2047,2081,2093,2059,2069,2125,1796,1203,1966,2130,2102,2072,2116,2039,1904,1150,2096,2096,2114,2091,2050,1993,1943,1155,2093,2081,2080,2072,2000,1960,1976,1127,1467,2038,2037,1975,1979,1953,1897,5,5,5,5,5,5,5,5,5,5,10,5,255,255,5,5,5,4,5,5,5,5,5,5,5,10,5,5,5,5,5,255,5,9,5,5,5,10,255,255,5,255,255,5,5,5,5,5,5,5,5,5,5,5,5,5,5,255,255,5,255,10,255,255
1780855095.789902,19807,1990513017,823,1056,2087,2064,2077,2084,1302,1016,1079,1245,2076,2089,2029,2097,1476,1121,1188,1978,2098,2068,2149,2093,2066,1699,1205,2067,2091,2090,2101,2084,2090,1851,1234,2027,2104,2085,2116,2110,2047,1904,1189,2096,2104,2114,2109,2087,1933,1911,1167,1964,2105,2108,2104,1983,1954,2009,1097,1467,2024,2090,2037,1979,1953,1897,5,5,5,5,5,255,5,5,9,5,5,5,255,10,5,5,5,4,5,5,255,5,5,5,5,5,5,5,5,5,5,10,5,5,5,5,5,5,10,255,5,255,10,255,5,5,5,5,5,5,5,5,5,5,5,5,5,255,10,5,10,255,255,255
1780855095.889953,19808,1990613017,842,1025,2034,2058,2079,1985,1241,1020,1067,1327,2084,2089,2152,2097,1346,1134,1183,2044,2068,2080,2093,2095,2059,1678,1192,2007,2088,2077,2081,2107,2098,1875,1189,2065,2051,2096,2092,2110,2056,1904,1151,2096,2067,2132,2088,2026,1979,1960,1114,1964,2112,2139,2124,1941,1976,1922,1111,1467,2024,2094,1937,1979,1953,1897,5,5,5,5,5,10,5,5,5,5,5,255,10,255,5,5,5,5,5,5,10,5,5,5,5,5,5,5,5,5,5,5,9,5,5,5,5,255,5,255,5,255,5,10,5,5,5,5,5,255,5,5,5,5,5,5,5,255,255,5,5,10,255,255
1780855095.989785,19809,1990713016,831,2065,2057,2090,2094,2041,1224,1010,1077,1343,2075,2119,2107,2097,1550,1133,1213,2094,2041,2069,2078,2073,2098,1678,1200,2011,2100,2080,2093,2085,2104,1867,1183,2021,2071,2084,2104,2115,2057,1904,1141,2096,2088,2061,2128,2080,1986,1923,1154,2028,2116,2140,2098,1974,1929,1968,1102,1467,2028,2083,1985,1901,1953,1897,5,5,5,5,5,5,9,5,5,5,5,10,5,255,5,5,5,3,5,5,5,5,5,255,9,5,5,5,5,5,5,5,5,5,5,5,5,10,5,255,5,255,5,5,5,5,5,5,5,10,5,5,5,5,5,5,5,255,10,5,5,5,255,255
1780855096.090240,19810,1990813017,845,1062,2057,2108,2093,2106,1303,985,1081,1218,2075,2064,2107,2097,1509,1117,1165,2051,2055,2081,2105,2126,2092,1678,1186,2074,2074,2094,2112,2077,2133,1867,1183,2092,2115,2064,2121,2115,2057,1904,1166,2096,2074,2127,2120,2097,1942,1946,1149,2028,2111,2092,2087,1978,1974,1927,1118,1467,2064,2083,1985,1950,1953,1897,5,255,255,5,5,5,5,5,5,5,255,5,255,255,5,5,5,5,5,5,5,5,5,255,5,5,5,5,5,5,5,255,5,5,5,5,5,255,255,255,5,255,5,5,5,5,5,5,5,255,5,5,5,5,5,5,5,255,5,255,255,5,255,255
1780855096.190027,19811,1990913017,853,1036,2057,2069,2078,2106,1252,975,1064,1298,2027,2048,2107,2097,1464,1102,1199,1973,2102,2059,2092,2086,2093,1678,1205,2074,2099,2085,2077,2098,2087,1867,1185,2024,2083,2084,2077,2117,2070,1904,1163,2096,2088,2127,2151,2048,1971,1963,1155,2028,2103,2081,2079,1987,1953,1964,1126,1467,2002,2026,1999,1993,1953,1897,5,5,255,5,5,255,5,5,5,5,10,5,255,10,5,5,5,5,5,5,5,5,5,255,5,255,5,5,5,5,5,255,5,5,5,5,5,10,10,255,5,255,5,255,5,5,5,5,5,255,5,5,5,5,5,5,5,255,5,10,10,5,255,255
1780855096.288801,19812,1991013016,840,2042,2057,2062,2083,2075,1278,974,1087,1260,2092,2048,2111,2043,1518,1095,1163,2059,2045,2077,2108,2098,2061,1777,1204,2001,2080,2083,2087,2147,2084,1832,1201,2024,2105,2064,2114,2061,2103,1977,1196,2005,2101,2088,2106,2088,1979,1953,1139,2028,2099,2110,2079,2017,1946,1964,1098,1411,2025,2017,2004,1993,1953,1897,5,5,255,5,5,10,5,5,5,5,5,255,10,5,5,5,5,5,5,5,5,5,5,10,5,10,5,5,5,5,5,10,5,255,5,5,5,5,5,10,5,10,5,10,5,5,5,5,5,255,5,5,255,5,5,255,5,10,5,5,5,5,255,255
1780855096.389992,19813,1991113017,852,1059,2069,2054,2071,2044,1303,1000,1078,1325,2087,2086,2111,2012,1361,1089,1200,1978,2094,2094,2078,2051,2079,1672,1220,2001,2101,2092,2084,2114,2087,1832,1153,2024,2116,2119,2139,2118,2065,1845,1169,2005,2090,2088,2114,2076,1954,1960,1135,2028,2069,2098,2105,1970,1949,1986,1126,1411,2090,2044,1986,1990,1953,1897,5,5,10,5,5,5,5,5,5,5,5,10,255,5,5,5,5,5,5,5,5,5,5,5,5,255,5,5,5,5,5,255,5,255,5,5,5,5,5,5,5,255,5,255,5,5,5,5,5,255,5,5,10,5,5,10,5,255,5,5,5,5,255,255
1780855096.489980,19814,1991213017,843,2148,2069,2051,2090,2070,1264,995,1085,1309,2066,2086,2079,2012,1391,1122,1164,2099,2109,2068,2065,2128,2052,1676,1163,2055,2065,2087,2089,2108,2085,1954,1187,1972,2144,2118,2074,2118,2051,1845,1172,2005,2084,2088,2058,2063,1934,1960,1118,2028,2093,2112,2100,1955,1916,1981,1136,1411,2081,2068,2034,1964,1911,1897,5,5,255,5,5,5,5,5,5,5,5,255,10,255,5,5,5,5,5,5,5,5,5,5,5,10,5,5,5,5,5,10,9,10,5,5,5,255,5,255,5,255,5,255,5,5,5,255,5,255,5,5,5,5,5,5,5,255,5,5,5,5,10,255
1780855096.590144,19815,1991313017,839,2056,2069,2084,2080,2089,1297,997,1049,1312,2031,2090,2102,2012,1398,1112,1135,2012,2100,2079,2111,2100,2060,1676,1169,2018,2110,2088,2094,2060,2132,1954,1148,1918,2079,2089,2101,2200,2049,1837,1164,2005,2105,2057,2153,2071,2003,1947,1175,1984,2072,2117,2084,1983,1935,1981,1112,1411,2075,2068,2018,1943,1911,1897,5,5,255,5,5,5,5,5,5,5,5,10,5,255,5,5,5,5,5,5,5,5,5,255,5,5,5,5,5,5,5,255,5,9,5,5,5,10,5,10,5,255,5,10,5,5,5,10,5,10,5,5,5,5,5,255,5,255,5,255,5,5,255,255
1780855096.693006,19816,1991413016,848,2080,2073,2059,2071,2056,1260,1018,1117,1284,2031,2082,2102,2012,1438,1107,1139,1648,2080,2088,2100,2085,2048,1696,1193,2018,2109,2090,2093,2114,2090,1834,1211,2007,2120,2107,2119,2200,2049,1916,1147,2046,2102,2151,2186,2084,1977,1917,1140,2016,2081,2095,2084,2029,1952,1998,1134,1411,2028,2055,1985,1966,1951,1897,5,5,10,5,5,5,9,5,5,5,255,5,255,255,5,5,5,9,5,5,5,5,5,10,5,255,5,5,5,5,5,10,5,5,5,5,5,255,255,5,5,10,5,5,5,5,5,5,5,5,5,5,255,5,5,10,5,255,5,10,5,5,10,255
1780855096.790441,19817,1991513016,835,1058,2057,2064,2083,2061,1279,991,1072,1439,2082,2082,2105,2012,1463,1092,1195,1754,2057,2083,2080,2115,2037,1815,1191,2019,2075,2084,2087,2116,2099,1834,1202,2027,2137,2079,2090,2095,1987,1916,1162,2006,2086,2074,2071,2140,1977,1941,1145,1965,2091,2107,2097,1977,1981,1952,1127,1411,2038,2016,1980,1952,1954,1897,5,5,5,5,5,5,5,5,5,5,10,255,10,255,5,5,5,5,5,5,5,5,5,5,5,10,5,5,5,5,5,255,5,5,5,5,5,10,10,255,9,5,5,5,5,5,255,5,5,5,5,5,10,5,5,5,5,255,5,5,5,5,5,255
1780855096.889841,19818,1991613016,847,2026,2067,2070,2069,2090,1259,999,1078,1274,2102,2053,2089,2037,1411,1102,1182,1754,2043,2087,2071,2090,2032,1714,1176,2051,2093,2092,2091,2146,2073,1902,1193,2039,2116,2097,2136,2095,2087,1916,1154,1534,2081,2115,2120,2113,1945,1916,1186,1965,2057,2115,2087,1982,1945,1989,1116,1411,2051,2016,1961,1992,1954,1897,5,255,5,5,5,5,5,5,5,5,5,10,5,10,5,5,5,255,5,5,5,5,5,5,5,5,5,5,5,5,5,10,5,5,5,5,5,255,5,255,5,4,5,5,5,5,10,5,5,255,5,5,5,5,5,5,5,255,5,255,5,5,255,255
1780855096.989724,19819,1991713016,850,2031,2058,2063,2065,2051,1282,970,1079,1440,2046,2097,2089,2037,1362,1154,1202,1875,2058,2085,2079,2107,2047,1662,1125,1974,2066,2071,2080,2123,2112,1902,1192,1998,2103,2130,2136,2078,2021,1929,1164,1534,2104,2125,2103,2020,1962,1929,1157,2058,2092,2085,2092,1987,1943,1954,1096,1411,2003,2011,2029,1946,1954,1897,5,5,5,5,5,5,5,5,5,5,5,5,255,255,9,5,5,10,5,5,5,5,5,5,5,5,5,5,5,5,5,255,5,5,5,5,5,10,5,10,5,255,5,5,5,5,5,5,5,10,5,5,5,5,5,5,5,255,5,10,5,5,255,255
1780855097.089758,19820,1991813016,837,1074,2058,2043,2098,2020,1285,986,1063,1288,2095,2082,2089,2121,1462,1135,1180,1973,2083,2072,2079,2080,2058,1623,1195,2080,2095,2088,2100,2107,2143,1893,1189,2078,2134,2070,2122,2103,2021,1887,1176,1534,2128,2124,2070,2045,1958,1959,1163,1958,2131,2090,2075,1941,1973,1930,1092,1456,2003,2070,2008,1948,1954,1897,5,255,255,5,5,9,5,5,5,5,5,5,255,10,5,5,5,5,5,5,255,5,5,5,5,5,5,5,5,5,5,10,5,5,5,5,5,5,255,5,5,255,5,5,5,5,5,5,5,5,5,5,5,5,5,5,5,10,255,5,5,5,255,255
1780855097.189861,19821,1991913017,845,1076,2051,2048,2090,1960,1281,976,1077,1364,2079,2094,2084,2121,1431,1119,1198,1973,2085,2094,2118,2072,2103,1645,1180,2106,2106,2101,2086,2147,2079,1893,1193,2103,2103,2103,2128,2083,2021,1887,1194,1534,2091,2049,2123,2086,1958,1894,1205,2007,2125,2095,2110,1941,1951,2002,1108,1456,2079,2028,2009,1948,1925,1897,5,5,10,5,5,5,5,5,5,5,5,5,10,255,5,5,5,255,5,5,10,5,5,5,5,5,5,5,5,5,5,255,5,5,5,5,5,5,255,255,5,255,5,5,5,5,255,5,5,5,5,5,5,255,5,5,5,255,10,5,5,255,10,255
1780855097.288762,19822,1992013017,852,1029,2068,2064,2092,2050,1251,996,1058,1278,2079,2094,2111,2121,1447,1128,1166,2081,2091,2079,2098,2093,2110,1645,1185,2046,2102,2102,2110,2117,2096,1893,1206,2001,2076,2098,2097,2083,2048,1887,1189,1534,2116,2104,2140,2086,1978,1977,1156,2007,2121,2085,2071,2029,1945,1931,1123,1456,2025,2028,1955,1948,1998,1897,5,5,5,5,5,5,5,5,5,5,255,255,5,255,5,5,5,10,5,5,5,5,5,255,5,5,5,5,5,5,5,255,5,5,5,5,5,255,10,255,5,255,5,5,5,255,10,5,5,255,5,5,5,10,5,5,5,255,5,255,5,255,5,255
1780855097.389987,19823,1992113017,845,2084,2151,2090,2066,1989,1242,995,1056,1419,2040,2068,2111,2121,1404,1125,1164,2081,2053,2057,2119,2103,2008,1645,1177,2031,2086,2075,2097,2152,2062,1981,1170,2080,2098,2083,2081,2140,2069,1912,1164,1534,2104,2100,2144,2091,1978,1984,1159,2017,2103,2141,2097,1998,1956,1976,1108,1456,2089,2028,1952,1955,1998,1897,5,5,5,5,5,5,5,5,5,5,10,10,255,255,9,5,5,255,5,5,5,5,5,255,5,5,5,5,5,5,5,10,5,5,5,5,5,10,5,10,5,255,5,5,5,10,255,5,5,10,5,5,5,5,5,5,5,255,5,255,5,10,255,255
1780855097.490052,19824,1992213017,831,2066,2151,2090,2068,1982,1232,1000,1074,1298,2090,2075,2111,2062,1463,1119,1176,2041,2072,2090,2086,2070,2071,1645,1204,2056,2118,2079,2111,2080,2095,1981,1198,2052,2113,2086,2104,2091,2080,1912,1204,1534,2120,2140,2067,2091,1956,1925,1148,2017,2122,2068,2097,2000,1941,1946,1123,1456,2089,2028,1963,1980,1998,1897,5,5,255,255,5,5,5,5,5,9,5,5,255,10,5,5,5,10,5,5,5,5,5,255,5,5,5,5,5,5,5,255,5,5,5,5,5,5,5,255,5,255,5,5,5,255,10,5,5,255,5,5,5,5,5,5,5,255,255,255,5,5,255,255
1780855097.590067,19825,1992313017,842,1106,2151,2050,2093,2064,1261,996,1084,1346,2086,2110,2111,2037,1478,1123,1210,1649,2100,2098,2134,2093,2052,1703,1177,2051,2087,2082,2088,2118,2110,1844,1179,2052,2113,2097,2101,2143,2047,1912,1147,1534,2051,2056,2130,2067,1956,1956,1137,2017,2099,2123,2105,2000,1917,1966,1116,1456,2024,2028,1926,1921,1998,1897,5,5,255,10,5,5,5,5,5,5,5,5,255,5,5,5,5,4,5,5,5,5,5,10,5,5,5,5,5,5,5,10,5,255,255,5,5,5,5,255,5,255,5,5,5,10,255,5,5,255,5,5,5,5,5,5,5,255,10,10,5,5,255,255
1780855097.689928,19826,1992413016,839,992,2106,2046,2065,2047,1227,983,1089,1317,2086,2073,2111,2110,1427,1107,1161,1702,2049,2081,2089,2121,2035,1645,1166,2065,2073,2096,2076,2094,2113,1841,1177,2036,2101,2092,2109,2093,2038,1891,1169,2023,2109,2056,2109,2162,2012,1936,1139,2017,2107,2102,2118,1961,1933,1949,1125,1456,2045,2112,2012,1952,1998,1897,5,5,10,5,5,5,5,5,5,5,255,5,255,5,5,5,5,9,5,5,5,5,5,5,5,5,5,5,5,5,5,5,9,10,10,5,5,5,5,10,5,10,5,255,5,5,10,5,5,255,5,5,5,5,5,5,5,255,5,5,5,5,255,255
1780855097.789858,19827,1992513017,838,2040,2089,2066,2112,1952,1250,979,1083,1360,2086,2073,2111,2102,1425,1099,1170,2002,2058,2110,2086,2136,2047,1681,1194,2003,2097,2079,2089,2094,2159,1921,1172,2107,2107,2093,2099,2116,2051,1891,1156,2023,2070,2056,2109,2162,1972,1936,1140,2017,2122,2086,2055,2045,1940,1956,1132,1456,2012,2024,1988,1981,1919,1897,5,5,5,5,5,5,5,5,5,5,255,5,255,5,5,5,5,4,5,5,5,5,5,5,5,5,5,5,5,5,5,5,5,5,5,5,5,5,5,255,5,255,5,255,255,255,5,255,5,255,5,5,5,5,5,5,5,255,5,5,5,5,10,255
1780855097.889843,19828,1992613017,844,1014,2089,2118,2049,2092,1283,983,1090,1267,2096,2076,2104,2049,1378,1115,1196,2030,2072,2073,2119,2113,2079,1681,1186,2003,2110,2083,2065,2108,2071,1904,1201,2068,2129,2089,2090,2078,2029,1891,1165,2023,2098,2122,2089,2171,1977,1950,1118,2017,2074,2060,2064,2017,1942,1895,1115,1456,2046,2051,2009,1981,1919,1897,5,5,255,5,5,5,5,5,5,5,10,5,10,5,5,5,5,5,5,5,5,5,5,255,9,255,5,5,5,5,5,5,5,5,5,5,5,5,5,255,5,255,5,10,10,10,5,10,5,255,5,5,5,5,5,5,5,255,5,5,5,255,255,255
1780855097.990046,19829,1992713017,831,1036,2068,2108,2067,2092,1311,998,1063,1336,2107,2055,2072,2049,1467,1144,1143,2030,2044,2064,2103,2074,2070,1718,1194,2049,2089,2078,2078,2095,2121,1886,1184,2068,2129,2088,2087,2087,2111,1941,1208,2023,2128,2112,2086,2171,1951,1949,1143,2023,2069,2119,2109,1988,1912,1980,1117,1601,2050,2067,2009,1981,1919,1897,5,5,10,5,5,255,9,5,5,5,5,5,5,255,5,5,5,255,5,5,5,5,255,10,5,10,5,5,5,5,5,5,5,255,255,5,5,5,5,10,5,255,5,5,5,255,5,5,5,10,5,5,5,5,255,5,5,10,5,5,255,255,255,255
1780855098.090048,19830,1992813017,838,2046,2064,2067,2039,2021,1315,1003,1103,1203,2007,2050,2062,2049,1478,1110,1200,1891,2070,2107,2093,2096,2037,1718,1171,2034,2085,2075,2087,2131,2081,1839,1179,2004,2089,2105,2114,2085,2071,1941,1185,2023,2089,2145,2128,2058,1899,2019,1143,2023,2094,2076,2087,1988,1943,1989,1110,1601,2050,2067,2009,1954,1919,1897,5,5,5,5,5,10,5,5,5,5,5,5,5,255,9,5,5,10,5,5,5,5,5,255,5,5,5,5,5,5,5,5,5,10,10,5,5,5,5,255,5,255,5,5,5,10,5,5,5,255,5,5,5,255,5,5,5,255,5,255,255,10,255,255
1780855098.189885,19831,1992913017,842,2048,2042,2075,2087,2021,1289,1003,1072,1336,2044,2108,2080,2049,1405,1134,1187,1891,2057,2060,2121,2125,2047,1619,1203,2034,2096,2100,2091,2103,2090,1882,1160,2068,2060,2114,2123,2106,2038,1941,1165,2023,2081,2145,2112,2141,1899,1899,1144,2019,2126,2131,2081,1978,1920,1930,1097,1546,2036,2052,2009,1954,1919,1897,5,5,5,5,5,255,5,5,5,5,5,5,5,255,5,5,9,255,5,5,5,5,5,10,5,255,5,5,5,5,5,5,5,5,5,5,5,5,5,255,5,255,5,255,5,5,255,5,5,10,5,5,5,10,5,5,5,10,5,10,10,255,255,255
1780855098.298771,19832,1993023017,840,1067,2042,2075,2012,2021,1266,1022,1082,1331,2044,2108,2080,2060,1391,1102,1161,1939,2087,2063,2151,2091,2035,1619,1107,2043,2091,2081,2116,2105,2058,1918,1181,2068,2060,2121,2111,2106,2106,1941,1200,2009,2086,2122,2100,2072,1899,1864,1134,2019,2116,2103,2110,1987,1954,1970,1104,1546,2103,2057,2049,2008,1919,1897,5,5,255,255,5,255,5,5,5,5,255,255,255,10,9,5,5,10,5,5,5,5,5,255,9,10,5,5,5,5,5,5,5,255,255,5,5,255,5,255,5,10,5,10,5,5,255,5,5,255,5,5,5,5,5,5,5,255,5,5,5,10,255,255
1780855098.399868,19833,1993123017,855,1075,2042,2099,2073,2075,1301,1010,1061,1272,2044,2081,2119,2125,1492,1156,1188,1947,2075,2078,2151,2092,2054,1619,1170,1996,2066,2090,2095,2111,2038,1918,1194,1991,2065,2097,2099,2114,2103,1888,1197,2060,2062,2098,2112,2081,1899,1886,1116,2019,2107,2102,2069,1987,1932,1943,1133,1546,2056,2041,1985,1953,1919,1897,5,5,255,10,5,10,9,5,5,5,255,10,10,5,5,5,5,5,5,5,255,5,5,255,9,5,5,5,5,5,5,255,5,10,10,5,5,10,5,10,9,5,5,5,5,5,255,5,5,255,5,5,5,255,5,5,5,255,5,5,5,5,255,255
1780855098.500166,19834,1993223017,853,1051,2014,2099,2087,2075,1244,1000,1103,1269,2044,2070,2119,2054,1476,1099,1164,2079,2053,2107,2072,2105,2074,1703,1188,2083,2072,2083,2083,2100,2088,1918,1227,2063,2075,2073,2089,2092,2051,1888,1162,2060,2095,2075,2088,2080,1960,1945,1156,2019,2069,2102,2051,1983,1969,1925,1108,1546,2057,2041,2003,1953,1919,1897,5,5,10,255,5,255,5,5,5,5,255,5,255,5,5,5,5,5,5,5,10,5,5,10,5,5,5,5,5,5,5,255,5,5,5,5,5,5,5,255,5,255,5,5,5,5,10,5,5,255,5,255,5,10,5,5,5,255,5,255,5,255,255,255
1780855098.600215,19835,1993323017,824,2094,2084,2084,2050,2075,1288,989,1075,1259,2044,2116,2119,2054,1371,1107,1170,1966,2079,2075,2127,2066,2078,1638,1181,2054,2100,2102,2085,2108,2061,1918,1177,2015,2128,2128,2119,2111,2049,1888,1185,2060,2131,2075,2068,2056,1982,1885,1150,2019,2106,2080,2052,1983,1969,1942,1108,1546,2009,2011,1990,1887,2015,1897,5,255,5,10,5,255,5,5,5,5,255,5,255,255,5,5,5,9,5,5,5,5,5,5,5,5,5,5,5,5,5,255,5,9,5,5,5,5,5,255,5,255,5,255,5,5,5,5,5,255,5,10,5,255,5,5,5,255,5,10,5,10,10,255
1780855098.702039,19836,1993423017,829,2094,2112,2066,2076,2075,1320,992,1084,1231,2044,2071,2119,2054,1480,1096,1219,1978,2083,2075,2086,2134,2062,1723,1198,2014,2097,2094,2082,2103,2086,1918,1211,2167,2083,2078,2095,2097,2049,1888,1166,2060,2131,2120,2105,2087,1982,1935,1141,1597,2085,2126,2073,2020,1921,1944,1094,1546,2037,2011,2033,1971,2015,1897,5,255,5,5,5,255,5,5,5,5,255,5,255,255,9,5,5,5,5,5,5,5,5,5,5,5,5,5,5,5,5,255,5,5,5,5,5,5,255,255,5,255,255,10,5,5,255,5,5,10,5,5,5,10,5,5,5,255,5,255,5,5,255,255
1780855098.799917,19837,1993523016,830,2092,2074,2085,2062,2084,1226,992,1088,1268,2076,2075,2009,2054,1444,1124,1187,1978,2056,2070,2078,2090,2050,1817,1191,2018,2084,2096,2091,2093,2102,1887,1185,2022,2112,2100,2151,2109,2067,1888,1207,2060,2128,2120,2105,2087,1948,1987,1150,1998,2166,2121,2043,1980,1941,2021,1082,1546,2075,1918,1947,2061,2000,1897,5,10,5,5,5,10,5,5,5,5,10,5,10,255,5,5,5,255,5,5,5,5,5,5,5,9,5,5,5,5,5,10,5,5,5,5,5,5,10,255,5,255,10,255,255,255,10,5,5,4,5,5,5,5,5,5,5,255,5,10,5,5,10,255
1780855098.899997,19838,1993623017,833,2092,2001,2077,2075,2063,1264,973,1047,1238,2076,2082,2009,2054,1495,1078,1186,2000,2086,2063,2089,2084,2047,1665,1171,2018,2087,2096,2096,2076,2080,1858,1193,2077,2081,2064,2057,2098,2067,1888,1214,1996,2063,2120,2067,2087,1938,1938,1153,1998,2101,2130,2110,1981,1917,1938,1129,1546,2044,2051,1968,2062,2000,1897,5,5,5,5,5,5,5,5,5,5,255,5,255,255,5,5,5,10,5,5,5,5,5,5,5,255,5,5,5,5,5,5,5,5,5,5,5,5,255,255,5,10,5,255,10,255,5,5,5,255,5,5,5,5,5,5,5,255,5,5,5,5,255,255
1780855099.000347,19839,1993723016,838,2030,2094,2067,2076,1979,1255,983,1058,1315,2052,2058,2084,2103,1450,1119,1171,1957,2112,2120,2102,2071,2127,1665,1160,2018,2087,2092,2088,2085,2045,1858,1154,2014,2087,2097,2110,2061,2037,1888,1148,2079,2127,2120,2119,2063,1939,1938,1119,1917,2076,2111,2114,2003,1944,1965,1092,1546,2047,2053,1990,1924,2000,1897,5,5,5,5,5,5,9,5,5,5,10,5,10,10,5,5,5,5,5,5,5,5,5,255,5,255,5,5,5,5,5,255,5,5,5,5,5,5,10,255,5,5,5,255,5,10,5,255,5,10,5,5,5,5,5,5,5,255,5,5,5,5,255,255
1780855099.100073,19840,1993823017,867,2030,2066,2067,2113,2033,1254,1009,1083,1245,2029,2053,2084,2033,1400,1113,1198,1669,2072,2054,2082,2075,2102,1746,1186,2018,2089,2088,2096,2115,2073,1858,1209,2044,2067,2113,2077,2085,2069,1888,1201,2079,2128,2120,2189,2062,1923,1938,1125,1917,2098,2126,2079,2007,1942,1921,1108,1546,2072,2069,1985,1924,2000,1897,5,255,5,5,5,5,5,5,9,5,5,5,255,5,5,5,9,4,5,5,5,5,5,10,5,255,5,5,5,5,5,255,9,5,5,5,5,5,5,255,5,255,5,255,5,5,5,255,9,255,5,5,5,5,5,5,5,255,5,5,5,255,255,255
1780855099.200107,19841,1993923017,837,1022,2061,2095,2034,2015,1340,1004,1081,1131,2068,2089,2084,2033,1334,1091,1199,2020,2074,2078,2095,2066,2065,1697,1199,2091,2087,2091,2082,2108,2094,1812,1178,2095,2054,2087,2104,2081,2069,1927,1140,2079,2089,2123,2097,2062,1923,1951,1138,1982,2098,2105,2087,2007,1964,2007,1113,1546,2085,2078,1985,1971,2006,1897,5,10,5,5,5,5,5,5,5,5,5,5,255,255,5,5,5,4,5,5,5,5,5,5,5,10,5,5,5,5,5,10,9,5,5,5,5,5,255,10,5,255,5,10,5,255,255,10,5,10,5,5,5,255,5,5,5,255,5,5,255,10,10,255
1780855099.300006,19842,1994023016,854,2089,2051,2070,2082,2088,1219,990,1074,1338,2068,2061,2084,2033,1445,1125,1218,1935,2118,2092,2058,2069,2091,1680,1152,2060,2096,2100,2115,2104,2065,1778,1208,2047,2077,2109,2121,2144,2087,1927,1171,2105,2072,2095,2105,2076,1937,1943,1137,2049,2104,2102,2090,1978,1961,1920,1123,2043,2072,2078,1960,1940,2006,1897,5,5,5,5,5,5,5,5,5,4,255,5,255,255,9,5,5,5,5,5,5,5,5,5,5,5,5,5,5,5,5,5,5,5,5,5,5,5,10,255,5,10,5,5,5,10,10,5,5,5,5,5,5,10,5,5,5,10,5,255,10,5,255,255
1780855099.400019,19843,1994123016,848,1019,2001,2069,2074,2057,1274,984,1079,1316,2066,2065,2084,2033,1404,1108,1218,1648,2079,2078,2077,2055,2041,1680,1182,2053,2081,2086,2092,2099,2091,1778,1181,2056,2098,2090,2088,2110,2086,1932,1212,1977,2079,2061,2095,2081,1937,1965,1156,1947,2082,2057,2118,1998,1938,1964,1138,2043,2062,2078,2004,1971,2006,1897,5,5,5,5,5,5,5,5,5,5,10,5,255,255,5,5,5,4,5,5,5,5,5,255,5,5,5,5,5,5,5,255,5,5,5,5,5,5,5,10,5,5,5,5,5,5,255,5,5,5,5,5,5,5,5,5,5,255,5,255,5,5,255,255
1780855099.499946,19844,1994223017,833,2046,2001,2054,2060,2061,1323,994,1063,1298,2095,2087,2100,2033,1353,1145,1176,1648,2101,2088,2063,2109,2089,1686,1229,1495,2100,2094,2086,2082,2048,1778,1204,2080,2110,2105,2131,2110,2045,1932,1158,1977,2084,2085,2092,2095,1973,1979,1148,2047,2107,2102,2118,1975,1941,1927,1141,2043,2046,2078,1971,1971,2006,1897,5,5,255,5,5,5,5,5,5,5,5,5,10,255,5,5,9,255,5,5,5,5,5,10,5,4,5,5,5,5,5,255,5,5,5,5,5,255,5,255,5,255,5,5,5,5,10,5,5,5,5,5,255,5,5,5,5,255,5,255,9,255,255,255
1780855099.600195,19845,1994323016,833,2070,2116,2062,2074,2065,1279,990,1051,1266,2095,2077,2119,1989,1388,1124,1189,1623,2082,2099,2087,2125,2102,1628,1179,2070,2096,2091,2095,2129,2091,1944,1185,2018,2087,2105,2073,2110,2059,1930,1183,1977,2116,2101,2104,2095,1973,1979,1138,2054,2097,2128,2118,2030,1936,1946,1120,1782,2052,2059,1987,1928,2006,1897,5,5,10,5,5,5,5,5,5,5,255,5,5,10,5,9,5,10,5,5,5,5,5,5,5,4,5,5,5,5,5,10,5,5,5,5,5,255,5,10,5,255,5,5,5,255,255,255,5,5,5,5,255,5,5,5,5,10,5,10,5,10,255,255
1780855099.700126,19846,1994423017,843,1033,2095,2062,2094,2065,1249,1002,1052,1297,2095,2084,2119,1989,1412,1118,1188,1899,2032,2095,2089,2065,2101,1628,1194,2070,2103,2103,2093,2080,2125,1944,1179,1991,2101,2081,2096,2129,2031,1917,1175,1977,2092,2096,2152,2095,1929,1940,1151,2054,2116,2105,2118,2002,1942,1953,1123,1711,2107,2083,2034,1960,2006,1897,5,5,5,255,5,255,5,5,5,5,255,5,255,255,5,5,5,9,5,5,5,5,5,255,5,255,5,5,5,5,5,255,5,5,5,5,5,10,5,5,5,255,5,5,5,255,10,10,5,255,5,5,255,5,5,5,5,5,5,5,5,5,255,255
1780855099.800034,19847,1994523017,835,2061,2161,2054,2102,1940,1240,999,1087,1297,877,2076,2119,1989,1440,1086,1181,2014,2048,2088,2097,2093,2072,1612,1195,2051,2093,2086,2085,2087,2087,1813,1194,1988,2101,2099,2100,2154,2048,2047,1174,1977,2070,2071,2122,2148,1929,1974,1163,2054,2105,2103,2073,2008,1954,1943,1099,1711,2007,2092,2034,1960,2006,1897,5,5,5,10,5,10,9,5,5,5,10,5,255,255,5,5,5,5,5,5,5,5,5,10,5,10,5,5,5,5,5,10,5,5,255,5,5,5,5,5,5,255,5,5,5,10,255,5,5,255,5,5,10,5,5,5,5,255,5,5,255,5,255,255
1780855099.899996,19848,1994623017,837,1063,2048,2120,2097,2061,1264,1001,1102,1312,877,2051,2119,2071,1495,1082,1170,1985,2064,2073,2073,2084,2076,1614,1189,2050,2100,2093,2092,2097,2080,1869,1222,2076,2101,2102,2116,2154,2094,1928,1171,2093,2107,2071,2101,2076,1970,1930,1185,2054,2097,2088,2101,2005,1975,1943,1112,1711,2028,2034,2034,1960,2006,1897,5,5,5,5,5,5,5,5,5,5,255,5,255,10,5,5,5,5,5,5,5,5,5,5,5,5,5,5,5,5,5,5,5,5,255,5,5,255,5,5,5,10,5,255,5,5,10,255,5,255,5,5,5,5,5,255,5,255,5,5,255,255,255,255
1780855100.000194,19849,1994723017,829,2073,2048,2035,2131,2097,1267,976,1090,1359,2070,2082,2095,2071,1435,1140,1169,1860,2048,2113,2105,2091,2053,1675,1219,2024,2094,2071,2095,2129,2099,1869,1181,2017,2086,2078,2105,2114,2037,1928,1161,2093,2099,2120,2118,2108,1972,1952,1136,2054,2108,2100,2140,1966,1980,1933,1108,1711,2078,2029,2019,1960,2006,1897,5,4,255,5,5,5,5,5,9,5,10,5,10,255,5,5,5,5,5,5,5,5,5,5,9,5,5,5,5,5,5,255,5,5,10,5,5,10,5,255,5,255,5,10,5,5,5,5,5,255,5,5,5,5,5,10,5,255,5,5,10,255,255,255
1780855100.100178,19850,1994823017,830,2059,2048,2089,2090,1997,1318,992,1077,1319,2070,2093,2042,2008,1397,1083,1202,2001,2068,2089,2105,2113,2080,1686,1187,2017,2087,2096,2089,2101,2073,1869,1199,2044,2098,2085,2098,2054,2119,1928,1162,2093,2114,2120,2098,2104,1972,1942,1143,1954,2106,2068,2140,2012,1908,1933,1106,1711,2078,2063,2004,1960,2006,1897,5,5,255,5,5,5,5,5,5,5,255,5,5,10,5,5,5,5,5,5,255,5,5,5,5,5,5,5,5,5,5,255,5,5,5,5,5,5,5,255,5,255,5,255,5,5,255,5,5,10,5,5,255,5,5,255,5,255,255,5,5,255,255,255
1780855100.201396,19851,1994923016,843,1028,2074,2065,2082,2005,1279,985,1066,1242,2041,2072,2128,2008,1444,1164,1197,2001,2066,2078,2090,2118,2037,1769,1178,2006,2062,2085,2089,2112,2113,1797,1182,2144,2097,2089,2108,2053,2044,1926,1231,2093,2079,2088,2129,2079,1977,1915,1163,2005,2096,2099,2091,2012,1931,1959,1097,1711,1998,2061,2050,1965,1930,1897,5,5,10,5,5,5,9,5,5,5,10,5,5,255,9,5,5,255,5,5,10,5,5,9,9,5,5,5,5,5,5,10,5,5,5,5,5,5,5,10,9,255,5,10,5,5,10,5,5,5,5,5,10,255,255,10,5,255,10,5,5,10,10,255
1780855100.301662,19852,1995023017,837,2080,2074,2123,2094,2026,1259,1003,1073,1305,2041,2072,2128,2008,1571,1105,1199,2001,2095,2086,2079,2089,2049,1691,1212,1992,2083,2088,2083,2119,2112,1945,1182,2070,2085,2064,2106,2053,2090,1908,1171,2093,2063,2040,2126,2101,2027,1963,1136,2005,2080,2069,2098,2014,1931,1953,1093,1711,2064,2073,1948,1903,1930,1897,5,5,255,5,5,5,5,5,5,5,255,255,255,255,5,5,5,255,5,5,5,5,5,5,5,5,5,5,5,5,5,5,5,5,5,5,5,255,5,5,5,255,5,5,5,5,5,5,5,255,5,5,5,10,255,5,5,255,5,5,5,5,255,255
1780855100.399896,19853,1995123016,825,2109,2095,2084,2073,2087,1214,998,1090,1288,2038,2067,2128,2126,1453,1114,1193,1998,2096,2096,2122,2107,2056,1637,1212,1829,2076,2098,2086,2094,2127,1945,1200,2070,2127,2103,2119,2134,2038,1908,1166,1967,2098,2048,2125,2107,1951,1945,1197,2005,2103,2145,2109,1995,1934,1947,1128,1457,2067,2065,1999,1903,1930,1897,5,5,10,5,5,5,5,5,5,5,10,10,255,3,9,9,5,10,5,5,5,5,5,5,5,9,5,5,5,5,5,255,5,255,5,5,5,10,5,255,5,10,5,5,5,5,5,5,5,255,5,5,5,5,10,5,5,10,5,5,5,255,255,255
1780855100.499875,19854,1995223016,846,2070,2093,2084,2073,2087,1267,991,1062,1264,2047,2091,2146,2079,1481,1102,1201,2085,2046,2075,2092,2070,2089,1712,1169,2065,2079,2086,2085,2097,2078,1945,1175,2096,2052,2096,2080,2134,2045,1921,1154,1967,2077,2079,2121,2107,1993,1930,1133,2067,2100,2121,2095,1948,1933,1947,1123,1569,2011,2060,2007,1910,1930,1897,5,5,5,255,5,255,5,5,5,5,5,5,10,5,5,5,5,5,5,5,5,5,5,5,5,4,5,5,5,5,5,255,5,10,5,5,5,255,5,10,5,255,5,5,3,255,5,5,5,10,5,5,5,5,5,255,5,9,5,5,5,10,255,255
1780855100.601694,19855,1995323016,839,1025,2049,2082,2052,2046,1242,972,1066,1257,2053,2024,2092,2009,1486,1108,1168,2050,2092,2105,2121,2109,2063,1666,1183,2051,2092,2086,2087,2114,2109,1826,1168,2071,2114,2089,2106,2107,2024,1921,1170,2068,2116,2095,2124,2107,2036,1920,1157,2032,2136,2068,2082,1970,1933,1968,1135,1569,2013,2092,1990,1910,1958,2019,5,4,5,10,5,10,5,5,5,5,5,5,5,5,5,5,5,255,5,5,5,5,5,5,5,5,5,5,5,5,5,10,5,5,5,5,5,10,5,255,5,10,5,5,5,255,5,5,5,5,5,5,5,5,5,10,5,255,5,5,5,255,10,10
1780855100.700763,19856,1995423017,839,2042,2049,2059,2103,2087,1223,997,1093,1307,2018,2072,2092,2009,1445,1144,1179,2011,2093,2080,2125,2079,2075,1625,1212,2034,2088,2102,2092,2096,2080,1824,1225,2057,2113,2127,2101,2133,2024,1921,1157,1978,2116,2113,2089,2107,2036,1956,1146,2032,2086,2146,2105,2039,1933,1954,1126,1569,1983,2061,2022,1910,1958,2019,5,5,255,5,5,5,9,5,5,5,5,5,255,255,5,5,5,5,5,5,5,5,5,5,5,5,5,5,5,5,5,5,5,5,5,5,5,5,255,255,5,5,255,5,5,255,255,5,5,5,5,5,5,5,255,5,5,255,5,5,5,255,255,255
1780855100.800518,19857,1995523016,827,1127,2049,2057,2076,2072,1187,966,1078,1335,2066,2075,2066,2041,1396,1129,1172,1997,2063,2096,2094,2094,2092,1625,1176,2013,2085,2096,2095,2065,2087,1865,1159,2014,2098,2126,2103,2114,2042,1921,1161,1978,2131,2091,2089,2115,1942,1913,1128,2094,2080,2120,2105,1961,1946,1935,1121,1972,2031,2046,1971,1971,1953,2019,5,5,255,5,5,5,5,5,5,5,5,5,10,10,5,5,5,5,5,5,5,5,5,255,5,5,5,5,5,5,5,5,5,5,5,5,5,5,10,255,5,255,10,5,5,10,10,5,5,5,5,5,255,5,10,5,5,10,5,5,5,10,10,255
1780855100.902446,19858,1995623017,850,1024,2098,2067,2078,2091,1278,998,1076,1330,2042,2067,2073,2041,1450,1114,1170,1927,2056,2074,2076,2121,2054,1625,1195,2006,2083,2074,2101,2125,2098,1865,1213,1994,2105,2115,2100,2143,2037,1921,1197,1978,2091,2091,2138,2078,1942,1893,1143,2064,2131,2090,2130,2006,1908,1935,1121,1972,2087,2044,2028,1931,1953,2019,5,5,10,5,5,5,5,5,5,5,5,5,5,255,5,5,5,5,5,5,5,5,5,255,5,5,5,5,5,5,5,255,5,5,5,5,5,5,5,255,5,255,5,255,5,5,255,5,5,5,5,5,10,5,5,255,5,255,5,5,5,5,255,255
1780855101.000230,19859,1995723016,833,2096,2098,2121,2094,1985,1338,1004,1085,1315,2094,2128,2002,2041,1431,1153,1211,1950,2091,2073,2136,2102,2047,1688,1216,2016,2080,2088,2087,2073,2109,1834,1182,2052,2109,2073,2116,2101,2025,1921,1169,1998,2084,2091,2123,2047,1931,1894,1132,2064,2116,2085,2113,2014,1960,1968,1115,1972,2061,2061,2057,1936,1911,2019,5,5,255,5,5,5,5,5,5,9,9,5,5,255,5,9,5,9,5,5,5,5,5,10,5,5,5,5,5,5,5,10,5,5,5,5,5,5,5,255,5,10,5,255,5,5,10,5,5,255,5,5,5,5,5,10,5,255,5,5,5,5,10,255
1780855101.111914,19860,1995833017,839,1054,2088,2068,2100,1985,1257,1002,1034,1272,2094,2109,2091,2041,1445,1114,1182,1982,2078,2096,2138,2098,2042,1696,1189,2017,2102,2094,2107,2076,2157,1763,1181,2027,2075,2114,2148,2079,2038,1921,1185,2000,2066,2062,2121,2057,2020,2010,1136,2064,2032,2138,2073,2014,1960,1946,1111,1972,2055,2042,2025,1936,1911,2019,5,5,10,5,5,255,5,5,5,5,255,5,5,255,5,5,5,5,5,5,5,5,5,5,5,5,5,5,5,5,5,9,9,5,5,5,5,5,5,255,5,5,5,10,5,5,5,5,5,255,5,5,5,255,255,5,5,255,5,5,5,255,255,255
1780855101.211691,19861,1995933016,844,1028,2088,2099,2098,2062,1273,973,1081,1257,2068,2085,2079,2042,1474,1122,1172,1516,2041,2078,2067,2063,2045,1824,1223,2110,2106,2089,2081,2076,2090,1899,1205,2027,2106,2099,2109,2202,2031,1916,1182,2004,2106,2088,2090,2110,1963,1941,1141,2064,2129,2116,2101,2002,1907,1926,1113,1972,2050,2063,2037,1962,1911,2019,5,5,255,5,5,10,5,5,5,5,10,5,5,10,5,5,5,5,5,5,5,5,5,9,5,5,5,5,5,5,5,5,5,255,5,5,5,5,5,10,5,5,5,5,5,5,5,5,5,255,5,5,5,10,10,5,5,255,5,5,5,10,255,255
1780855101.312351,19862,1996033017,839,2070,2128,2063,2071,2092,1238,993,1080,1360,2068,2085,2110,2042,1504,1088,1179,2001,2061,2115,2058,2129,2081,1714,1178,2088,2058,2080,2081,2079,2088,1899,1200,2038,2125,2088,2109,2202,2034,1916,1200,2004,2106,2063,2121,2073,1942,1909,1118,2039,2105,2124,2101,2002,1914,1979,1106,1560,2031,2088,1963,1975,1911,2019,5,5,10,5,5,5,5,5,5,5,255,255,5,255,5,5,5,4,5,5,5,5,5,5,5,5,5,5,5,5,5,255,5,10,5,5,5,255,5,255,5,255,255,5,5,5,5,5,5,10,5,5,255,255,255,5,5,10,5,5,5,5,255,255
1780855101.411587,19863,1996133017,843,2070,2128,2039,2039,2113,1260,985,1065,1336,2122,2085,2069,2061,1486,1127,1155,1968,2078,2100,2084,2071,2063,1714,1170,2083,2091,2083,2087,2088,2057,1809,1170,2122,2095,2088,2093,2101,2036,1916,1180,2004,2074,2124,2145,2106,1974,1947,1130,2039,2079,2133,2105,1981,1915,1931,1083,1560,1997,2019,1967,1975,1911,2019,5,5,255,5,5,5,5,5,5,5,10,255,9,10,5,5,5,5,5,5,5,5,5,255,5,5,5,5,5,5,5,10,5,5,5,5,5,10,5,255,5,255,10,5,5,5,5,5,5,255,5,5,10,10,5,5,5,255,5,5,5,255,255,255
1780855101.512116,19864,1996233017,825,2099,2128,2050,2074,2050,1285,993,1035,1403,2122,2110,2069,2061,1361,1141,1171,2004,2078,2025,2109,2073,2074,1714,1205,1999,2069,2105,2078,2103,2119,1886,1160,2070,2117,2098,2100,2140,2036,1916,1153,2004,2052,2124,2111,2051,1905,1948,1157,2039,2084,2124,2121,1942,1944,1944,1132,1444,1997,2019,1967,1959,1956,2019,5,5,255,5,5,5,5,5,5,5,255,10,255,255,4,5,5,5,5,5,5,5,5,255,9,5,5,5,5,5,5,5,5,5,5,5,5,5,255,255,5,255,5,255,5,5,5,5,5,255,5,5,5,5,5,5,5,10,255,255,255,10,10,255
1780855101.612022,19865,1996333016,848,1087,2086,2064,2079,2059,1266,988,1075,1235,2113,2022,2023,2061,1426,1104,1180,2025,2086,2102,2087,2103,2056,1652,1210,1999,2095,2093,2105,2103,2119,1814,1198,2110,2091,2073,2099,2099,2036,1871,1212,1828,2103,2109,2069,2032,1927,1902,1150,2038,2081,2145,2098,1919,1962,1945,1119,1444,2024,2040,2033,2017,1956,2019,5,255,10,5,5,5,5,5,9,5,10,5,10,255,5,5,5,5,5,5,5,5,5,10,5,255,5,5,5,5,5,5,5,5,5,5,5,5,255,10,5,10,5,10,5,5,5,5,5,10,5,5,5,5,5,5,5,255,10,10,10,5,255,255
1780855101.711630,19866,1996433017,841,1019,2086,2055,2083,2117,1310,975,1068,1282,2115,2077,2104,2061,1415,1073,1196,2003,2085,2073,2110,2121,2041,1736,1212,1999,2060,2082,2095,2104,2097,1814,1191,2057,2071,2117,2105,2099,2077,1890,1162,2060,2103,2104,2095,2073,1968,1972,1165,2038,2065,2088,2098,1986,1952,1956,1106,1684,2030,2040,1978,2017,1956,2019,5,5,255,5,5,5,5,5,5,5,5,5,5,255,5,5,5,5,5,5,5,5,5,5,5,255,5,5,5,5,5,255,5,5,5,5,5,255,10,9,5,4,255,5,5,5,5,5,5,255,5,5,255,5,5,5,5,10,5,255,5,255,255,255
1780855101.813133,19867,1996533016,842,1010,2079,2056,2116,2117,1202,960,1078,1268,2087,2092,2104,2061,1440,1092,1182,2011,2078,2090,2047,2068,2105,1652,1209,1999,2097,2090,2095,2076,2114,1827,1207,2024,2129,2100,2101,2135,2025,1890,1167,2092,2116,2119,2077,2043,1889,1931,1135,2038,2075,2085,2084,2061,1941,1979,1119,1684,2035,2014,1994,1969,1956,2019,5,5,10,5,5,255,5,5,5,5,5,5,255,255,5,5,5,5,5,5,5,5,5,5,5,255,5,5,5,5,5,10,5,5,5,5,5,10,5,255,5,5,10,5,5,5,5,5,5,255,5,5,10,5,5,5,5,255,5,10,5,10,255,255
1780855101.913455,19868,1996633017,850,1042,2036,2082,2077,2104,1323,995,1045,1291,2087,2085,2052,2061,1425,1065,1154,1959,2061,2121,2115,2063,2064,1795,1137,2074,2110,2083,2101,2104,2074,1827,1172,2014,2127,2130,2099,2060,2043,1890,1155,2092,2116,2079,2110,2141,1889,1964,1136,2018,2012,2118,2093,1982,1960,1979,1102,1684,2066,2004,1965,1913,1956,2019,5,5,5,5,5,10,5,5,5,5,255,5,10,255,5,5,5,9,5,5,5,5,5,5,9,10,5,5,5,5,5,255,5,5,5,5,5,5,5,255,5,255,255,5,5,5,255,5,5,10,5,5,5,5,5,255,5,255,5,5,5,5,255,255
1780855102.010029,19869,1996733017,834,1045,2102,2025,2093,2104,1413,985,1084,1280,2087,2048,2122,2070,1468,1114,1200,1995,2072,2105,2114,2082,2041,1775,1215,2049,2083,2097,2083,2104,2094,1913,1164,2002,2122,2104,2089,2112,2105,1920,1166,2092,2127,2150,2086,2069,1927,1942,1138,2018,2099,2091,2114,1982,1912,1961,1137,1684,2060,2041,1917,1913,1956,2019,5,255,5,5,5,255,5,5,5,5,255,5,5,10,5,5,5,5,5,5,5,5,5,5,5,5,5,5,5,5,5,10,5,5,5,5,5,5,5,10,5,255,10,5,5,5,10,5,5,255,5,5,5,255,5,10,5,255,5,5,5,255,255,255
1780855102.111977,19870,1996833017,844,2066,2098,2106,2056,2104,1262,982,1097,1316,2065,2042,2122,2070,1349,1144,1153,2043,2096,2066,2092,2070,2023,1684,1173,1780,2104,2082,2090,2101,2117,1845,1144,2002,2124,2085,2103,2156,2084,1977,1196,2092,2089,2119,2147,2084,1960,1935,1143,2018,2055,2105,2114,1958,1907,1961,1121,1684,2043,2041,1981,1978,1956,2019,5,4,5,5,5,255,5,5,9,5,10,5,255,255,5,5,5,5,5,5,5,5,5,5,5,4,5,5,5,5,5,5,5,255,5,5,5,5,5,5,9,255,5,5,5,5,5,5,5,255,5,5,255,10,5,255,5,255,5,255,5,10,255,255
1780855102.211814,19871,1996933017,856,1043,2098,2094,2053,2104,1298,984,1079,1329,2065,2066,2067,2070,1454,1093,1193,1920,2077,2094,2110,2095,2108,1718,1218,2063,2083,2093,2091,2094,2101,1845,1206,2024,2082,2123,2125,2111,2019,1977,1143,2092,2099,2113,2054,2112,1960,1952,1133,2018,2100,2077,2110,1994,1960,1961,1116,1684,2019,2057,1974,2018,1956,2080,5,5,255,5,5,255,5,5,5,5,255,5,10,255,5,5,9,5,5,5,5,5,5,5,5,4,5,5,5,5,5,255,5,10,5,5,5,5,5,255,5,255,5,5,5,5,255,5,5,255,5,5,10,5,5,10,5,255,5,10,5,5,255,10
1780855102.312802,19872,1997033017,841,1043,2098,2076,2054,1886,1231,1009,1063,1217,2065,2066,2049,2070,1466,1138,1169,2014,2070,2087,2116,2103,2093,1613,1245,2138,2103,2095,2082,2093,2062,1845,1206,2097,2082,2113,2106,2099,2019,1871,1151,2092,2065,2113,2054,2112,1968,1926,1144,2018,2118,2140,2110,1960,1941,1901,1108,1684,2116,2045,2033,1947,1956,2080,5,255,255,5,5,10,5,5,5,5,255,255,5,255,5,5,5,5,5,5,5,5,5,5,5,5,5,5,5,5,5,255,5,5,255,5,5,5,255,10,5,255,5,255,5,255,10,5,5,255,5,5,255,5,5,5,5,255,5,5,5,5,255,255
1780855102.410123,19873,1997133016,834,1023,2061,2067,2060,1976,1230,997,1065,1254,2065,2094,2049,2099,1464,1125,1180,1791,2089,2110,2096,2124,2047,1644,1217,2077,2090,2083,2068,2097,2071,1880,1150,2074,2136,2092,2119,2172,2071,1871,1150,2092,2102,2144,2103,2113,1944,1926,1155,2070,2081,2107,2123,2000,1942,1942,1116,1684,2069,2018,1974,1947,1956,2080,5,10,10,5,5,5,5,5,5,5,255,10,255,10,5,5,5,4,5,5,5,5,5,9,5,5,5,5,5,5,5,10,5,5,10,5,5,5,10,255,5,255,5,10,5,10,9,255,5,10,5,5,10,5,5,5,5,255,5,5,5,255,255,255
1780855102.510974,19874,1997233017,833,1058,2061,2097,2081,1976,1321,999,1100,1268,2097,2029,2049,2099,1390,1050,1201,1676,2117,2077,2074,2087,2087,1644,1194,2046,2088,2094,2083,2117,2076,1926,1149,2074,2067,2080,2087,2105,2083,1887,1180,2092,2086,2144,2063,2152,1944,1926,1125,2053,2078,2092,2123,2020,1946,1932,1141,1684,2038,2018,1974,1960,1956,2080,5,5,255,5,5,255,5,5,5,5,10,5,255,255,5,5,5,5,5,5,5,5,5,255,5,5,5,5,5,5,5,5,5,255,5,5,5,5,5,10,5,255,5,255,5,5,255,255,5,5,5,5,255,5,255,5,5,255,5,255,255,10,255,255
1780855102.611827,19875,1997333016,844,1030,2063,2067,2109,2035,1258,989,1103,1456,2079,2070,2062,2099,1371,1099,1211,1612,2066,2084,2147,2123,2117,1644,1174,2046,2076,2103,2078,2099,2113,1880,1166,1935,2075,2075,2120,2088,2065,1965,1158,2092,2104,2116,2085,2063,1967,1978,1135,2053,2105,2114,2100,1962,1957,1948,1134,1285,2029,2116,2054,1965,1956,2080,5,5,10,5,5,10,5,5,5,5,5,5,10,255,5,5,5,5,5,5,5,5,5,255,5,255,5,5,5,5,5,5,9,10,5,5,5,5,5,5,5,255,5,10,5,5,10,10,5,255,5,5,10,5,5,5,5,10,5,10,10,5,255,255
1780855102.711309,19876,1997433017,843,2037,2063,2064,2077,2034,1211,987,1091,1237,2028,2098,2110,2099,1441,1115,1177,1993,2096,2080,2075,2082,2104,1703,1187,2063,2098,2081,2109,2110,2084,1880,1176,1935,2075,2097,2060,2088,2040,1965,1167,2092,2104,2109,2132,2121,2037,1984,1125,2053,2092,2146,2100,1961,1957,1948,1110,1285,2079,2116,2022,1938,1956,2080,5,5,255,5,5,5,5,5,5,5,5,5,5,255,9,5,5,5,5,5,5,5,5,10,5,10,5,5,5,5,5,255,5,255,255,5,5,255,5,255,5,255,255,5,5,5,5,5,5,255,5,5,255,5,255,255,5,255,5,255,5,5,255,255
1780855102.813624,19877,1997533017,836,1053,2078,2080,2049,2034,1239,1005,1053,1312,2059,2109,2099,2117,1442,1116,1204,1582,2067,2059,2098,2094,1998,1636,1211,2063,2107,2087,2074,2102,2098,1880,1164,2011,2105,2103,2113,2097,2040,1932,1181,2092,2098,2109,2076,2145,1922,1940,1167,2051,2102,2129,2112,1974,1928,1968,1098,1285,2017,2006,1987,2021,1956,2080,5,5,10,5,5,255,5,5,5,5,5,5,5,10,5,5,5,5,5,5,5,5,5,5,5,255,5,5,5,5,5,255,5,10,10,5,5,10,255,10,5,255,10,255,5,5,5,5,5,10,5,5,10,5,10,10,5,255,5,10,255,5,255,255
1780855102.913480,19878,1997633017,838,1049,2078,2125,2053,2050,1249,1028,1080,1329,2059,2090,2099,2117,1415,1126,1175,1582,2085,2084,2132,2095,2049,1660,1200,2022,2092,2091,2075,2099,2126,1806,1199,2092,2117,2104,2109,2071,2089,1932,1200,1714,2098,2088,2087,2097,1922,1911,1180,2003,2085,2126,2087,2057,1922,1968,1095,1285,2017,2077,1983,1965,1956,2080,5,5,255,5,5,10,5,5,5,9,255,5,255,255,5,5,5,255,5,5,5,5,5,5,5,10,5,5,5,5,5,10,5,5,5,5,5,5,10,255,5,10,5,10,5,5,255,255,5,5,5,5,5,5,5,255,5,255,255,5,5,5,255,255
1780855103.010027,19879,1997733017,842,1111,2072,2067,2062,2079,1270,980,1071,1271,2089,2070,2072,2117,1409,1097,1168,1634,2105,2055,2087,2106,2080,1722,1173,2022,2099,2083,2084,2133,2101,1806,1183,2090,2067,2113,2123,2071,2089,1932,1164,1714,2063,2095,2075,2110,1922,1911,1151,1565,2058,2040,2123,2016,1914,1978,1125,1285,2048,2029,2017,1997,1956,2080,5,5,10,5,5,5,9,5,5,5,10,5,10,255,5,9,9,10,5,5,4,5,5,5,5,255,5,5,5,5,5,255,5,5,5,5,5,255,255,255,5,255,5,5,5,5,255,255,5,4,5,5,5,5,5,10,5,255,10,5,5,5,255,255
1780855103.111381,19880,1997833017,837,1050,2065,2078,2084,1974,1289,969,1064,1237,2081,2098,2111,2117,1402,1143,1204,2010,2021,2100,2099,2140,2017,1668,1184,2021,2087,2079,2079,2108,2026,1948,1206,2090,2088,2107,2116,2074,2038,1932,1195,1714,2089,2146,2075,2096,1922,1911,1148,2046,2077,2091,2101,2007,1898,1935,1097,1285,2070,2029,1932,1968,1956,1964,5,5,5,5,5,5,5,5,5,5,5,5,5,255,5,5,9,5,5,5,5,5,5,5,5,10,5,5,5,5,5,10,5,255,5,5,5,10,10,255,9,255,5,5,255,5,255,255,5,4,5,5,5,5,5,5,5,255,5,255,5,5,255,10
1780855103.212350,19881,1997933016,846,1069,2076,2046,2069,2089,1289,998,1061,1264,2043,2069,2111,2112,1421,1061,1167,2056,2072,2050,2083,2102,2086,1668,1192,2072,2086,2087,2103,2134,2093,1847,1191,2023,2052,2116,2109,2074,2038,1902,1186,1714,2126,2096,2141,2060,1967,1911,1149,2048,2137,2103,2058,2046,1956,1975,1141,1285,1988,2016,1978,1949,1956,1964,5,5,5,5,5,5,5,5,5,5,5,5,255,10,5,5,5,5,5,5,5,5,5,255,5,5,5,5,5,5,5,5,5,10,5,5,5,255,255,10,5,255,5,5,10,5,10,255,5,5,5,5,5,5,5,5,5,255,5,10,5,5,255,255
1780855103.310131,19882,1998033017,841,1059,2117,2087,2035,2006,1300,1009,1074,1200,2082,2064,2111,2112,1437,1113,1178,2003,2078,2080,2083,2094,2044,1728,1179,2121,2083,2084,2077,2094,2081,1847,1168,2023,2078,2080,2113,2154,2047,1902,1172,1714,2072,2141,2102,2113,1959,1960,1176,2048,2121,2151,2104,2040,1952,1997,1169,1285,2034,2046,1978,1943,1956,1964,5,5,5,5,5,5,5,5,5,5,5,5,255,255,5,5,5,5,5,5,255,5,5,10,5,5,5,5,5,5,5,255,5,255,5,5,5,10,10,255,5,255,5,5,5,5,5,10,5,255,5,5,5,5,5,5,5,255,5,5,255,5,255,255
1780855103.411376,19883,1998133016,845,1034,2063,2093,2021,2100,1351,1005,1071,1285,2066,2100,2093,2112,1407,1136,1189,1981,2099,2094,2085,2070,2059,1728,1197,2121,2098,2067,2100,2099,2106,1884,1209,2072,2080,2073,2099,2154,2083,1902,1169,1992,2112,2108,2084,2042,2023,1960,1139,2048,2071,2100,2112,1974,1940,1950,1105,1285,1983,2012,2024,1960,1956,1964,5,5,5,5,5,5,5,5,5,5,5,5,10,255,5,5,5,5,5,5,10,5,5,255,5,255,5,5,5,5,5,10,5,10,5,5,5,255,5,255,5,10,5,5,5,5,5,5,5,255,5,5,5,5,5,5,5,255,5,5,10,5,255,255
1780855103.511251,19884,1998233016,837,1085,2110,2084,2090,2004,1279,966,1086,1313,2092,2065,2093,2112,1385,1095,1179,1923,2066,2083,2110,2109,2108,1681,1174,2056,2087,2092,2107,2104,2124,1828,1193,2069,2080,2114,2101,2125,2010,1902,1187,2010,2104,2132,2107,2091,2010,1966,1137,2048,2096,2104,2117,1940,1914,1905,1115,1732,2031,2011,2024,1960,1956,1964,5,5,5,5,5,5,9,5,5,5,5,5,255,255,5,5,5,5,5,5,5,5,5,10,5,10,5,5,5,5,5,5,9,5,255,5,5,10,5,255,5,5,5,5,5,5,5,5,5,255,5,5,5,5,5,5,5,10,5,5,255,255,255,255
1780855103.610056,19885,1998333016,839,2117,2110,2049,2084,2093,1358,1001,1088,1259,2077,2116,2093,2112,1463,1104,1125,2021,2065,2073,2101,2090,2055,1673,1167,2054,2094,2097,2082,2130,2094,1790,1151,1981,2093,2113,2099,2129,2046,1927,1165,2010,2115,2132,2124,2051,1985,1946,1163,2091,2060,2096,2099,2017,1917,1974,1147,1732,2025,2041,2024,1950,1956,1964,5,4,255,5,5,5,5,5,5,5,5,5,255,255,5,5,5,5,5,5,5,5,5,5,5,5,5,5,5,5,5,5,5,4,10,5,5,5,5,10,5,255,5,255,5,5,5,5,5,10,5,5,5,5,5,5,5,255,5,5,255,10,255,255
1780855103.720618,19886,1998443016,846,2105,2027,2061,2115,2082,1236,990,1080,1306,2082,2109,2093,2046,1360,1126,1155,2070,2095,2084,2098,2101,2087,1673,1197,2050,2086,2084,2086,2120,2111,1870,1192,2040,2080,2058,2083,2089,2063,2018,1224,2044,2088,2096,2120,2051,1985,1973,1117,2091,2080,2148,2139,1952,1951,1956,1111,1696,2031,2034,1920,1945,1956,1964,5,5,10,5,5,5,5,5,5,9,5,5,255,10,9,5,5,5,5,5,5,5,5,255,5,5,5,5,5,5,5,5,5,5,5,5,5,5,5,5,5,10,5,10,5,255,255,5,5,255,5,5,5,5,5,5,5,10,5,5,10,5,255,255
1780855103.822395,19887,1998543017,844,972,2087,2096,2034,2024,1257,968,1038,1248,2052,2110,2079,2046,1463,1113,1183,2029,2065,2097,2123,2066,2100,1673,1200,2061,2081,2069,2084,2142,2108,1829,1220,2056,2059,2090,2104,2089,2025,2018,1192,2044,2098,2107,2120,2076,1936,1966,1148,1578,2106,2117,2091,2042,1952,1953,1114,1741,2031,1964,1932,1945,1956,1964,5,5,5,255,5,5,5,5,5,5,5,5,10,255,9,5,5,5,5,5,5,5,5,255,5,5,5,5,5,5,5,5,5,5,5,5,5,255,5,255,5,255,5,5,255,10,10,5,5,10,5,5,5,5,5,5,5,5,255,5,5,255,255,255
1780855103.921321,19888,1998643017,841,972,2087,2061,2078,2024,1263,1005,1068,1314,2076,2061,2079,2088,1457,1103,1204,2049,2100,2103,2137,2133,2062,1673,1188,1959,2141,2071,2092,2075,2061,1924,1199,2056,2079,2094,2082,2124,2041,1919,1123,2017,2078,2086,2068,2162,1939,1966,1133,2018,2091,2097,2091,1975,1930,1947,1095,1741,2031,2050,2036,1935,1956,1964,5,255,255,5,5,255,5,5,5,5,5,5,255,10,5,5,5,3,5,5,5,5,5,255,5,5,5,5,5,5,5,5,9,255,5,5,5,10,5,10,5,10,5,5,10,5,5,255,5,5,5,5,255,5,5,5,5,255,255,5,5,10,255,255
1780855104.022558,19889,1998743017,828,2088,2066,2067,2066,2102,1309,983,1079,1298,2050,2074,2079,2066,1454,1096,1189,1871,2097,2080,2085,2120,2062,1673,1180,1959,2111,2087,2090,2105,2099,1924,1183,2122,2079,2107,2103,2124,2041,1899,1224,2017,2115,2110,2068,2135,1939,1966,1147,2003,2085,2096,2117,2036,1951,1947,1101,1892,2028,2048,2015,1935,1956,1964,5,10,10,5,5,10,5,5,5,9,5,5,255,5,5,5,5,9,5,5,5,5,5,255,5,255,5,5,5,5,5,255,5,10,255,5,5,255,255,5,5,255,5,5,255,5,255,255,5,5,5,5,10,5,5,255,5,10,10,5,5,255,255,255
1780855104.121678,19890,1998843017,841,1102,2124,2056,2051,2102,1244,984,1067,1266,2067,2103,2079,2066,1397,1077,1186,2053,2073,2091,2094,2111,2066,1673,1178,2005,2083,2083,2092,2133,2109,1924,1179,1925,2076,2096,2102,2095,2039,1899,1152,2017,2072,2138,2068,2135,1939,1977,1172,2012,2069,2109,2068,1948,1978,1970,1140,1892,2034,2076,2015,1954,1956,1964,5,5,5,5,5,255,5,5,5,5,5,5,255,255,5,5,5,5,5,5,5,5,5,255,5,10,5,5,5,5,5,255,5,5,10,5,5,10,10,255,5,255,5,5,255,255,10,10,5,5,5,5,5,5,5,10,5,255,5,5,255,10,255,255
1780855104.220915,19891,1998943017,842,2081,2124,2052,2054,2067,1333,996,1078,1298,2046,2075,2079,2066,1416,1139,1168,1996,2117,2089,2075,2069,2050,1700,1177,2004,2096,2098,2102,2118,2060,1862,1222,2038,2127,2100,2161,2072,2087,1899,1135,2017,2130,2138,2073,2086,1984,1977,1168,1982,2094,2102,2103,1996,1952,1981,1115,1892,2038,2035,1980,1954,1956,1964,5,5,255,5,5,10,5,5,5,5,5,5,255,255,5,5,5,5,5,5,5,5,5,10,5,5,5,5,5,5,5,10,5,5,5,5,5,5,5,255,5,255,5,255,10,10,5,255,9,5,5,5,5,5,5,5,5,255,5,5,10,255,255,255
1780855104.322026,19892,1999043017,835,1020,2095,2120,2035,2015,1290,993,1076,1265,2046,2075,2079,2066,1407,1102,1208,1989,2120,2078,2113,2105,2046,1676,1196,1972,2064,2091,2077,2125,2095,1917,1136,2019,2085,2112,2112,2108,2078,1899,1200,2017,2112,2110,2134,2093,1951,1938,1154,2091,2123,2107,2118,1946,1945,1915,1106,1892,2038,2035,2039,1951,1956,1964,5,9,10,5,5,5,9,5,5,5,255,255,255,255,5,5,5,5,5,5,5,5,5,5,5,5,5,5,5,5,5,5,9,5,5,5,5,5,5,255,5,255,5,10,5,5,5,10,5,5,5,5,5,5,5,5,5,255,255,255,5,10,255,255
1780855104.420871,19893,1999143016,840,1076,2133,2067,2071,2015,1278,1003,1058,1330,2046,2106,2093,2066,1365,1108,1197,2033,2086,2078,2113,2142,2111,1684,1185,2067,2087,2099,2086,2121,2091,1931,1158,2140,2100,2086,2099,2024,2084,1954,1145,2017,2103,2077,2121,2102,2026,1935,1152,2038,2138,2113,2113,1952,1953,1915,1129,1892,2044,2032,2039,1875,2013,1964,5,5,5,5,5,255,5,5,5,9,255,10,10,255,5,5,5,5,5,5,255,5,5,5,5,5,5,5,5,5,5,5,5,5,5,5,5,5,5,10,5,255,5,5,5,5,5,5,9,5,5,5,5,5,5,255,5,255,10,10,255,5,10,255
1780855104.520140,19894,1999243016,852,1054,2084,2095,2073,2024,1279,1008,1067,1313,2046,2053,2093,2066,1400,1066,1202,2100,2064,2062,2083,2055,2031,1605,1208,1917,2075,2085,2097,2097,2051,1944,1199,2050,2080,2094,2107,2112,2092,1879,1154,2017,2085,2102,2084,2064,1990,1935,1138,2038,2088,2080,2087,2020,1930,1964,1100,1892,2044,2088,2001,2063,2013,1964,5,5,5,5,5,10,9,5,5,5,255,5,255,255,5,5,5,5,5,5,10,5,5,5,5,5,5,5,5,5,5,5,5,5,5,5,5,5,5,5,5,255,5,5,5,5,5,5,5,255,5,5,5,5,5,10,5,255,255,5,10,5,255,255
1780855104.621112,19895,1999343017,837,1042,2064,2080,2090,2024,1293,988,1093,1256,2027,2064,2065,2066,1451,1091,1152,1883,2080,2094,2102,2099,2000,1666,1211,2021,2091,2092,2100,2085,2051,1928,1208,2045,2105,2105,2098,2112,2008,1879,1150,2017,2112,2104,2127,2142,1990,1936,1141,1927,2106,2094,2128,1997,1921,1960,1090,1892,2037,2044,1990,1953,2013,1964,5,5,5,5,5,255,5,5,5,9,10,5,10,255,5,5,5,4,5,5,5,5,5,5,5,5,5,5,5,5,255,5,5,5,5,5,5,255,5,255,5,255,5,5,5,5,255,5,5,10,5,5,5,5,5,5,5,255,10,5,5,5,255,255
1780855104.719991,19896,1999443016,841,2108,2042,2104,2036,2084,1301,1004,1071,1227,2074,2091,2091,2066,1362,1117,1178,1955,2108,2090,2116,2113,2081,1711,1159,2021,2092,2082,2115,2064,2094,1876,1173,1966,2088,2093,2085,2126,2030,1905,1162,2017,2094,2047,2127,2016,1965,1946,1129,1948,2080,2089,2071,1997,2000,1957,1126,1892,2052,2081,1990,1917,2013,1964,5,5,5,5,5,10,5,5,5,5,5,5,5,255,5,5,5,5,5,5,5,5,5,5,5,255,5,5,5,5,10,5,5,5,5,5,5,10,5,10,5,255,5,5,255,5,10,5,5,5,5,5,5,255,5,5,5,255,5,5,255,5,255,255
1780855104.821409,19897,1999543016,846,2077,2065,2071,2104,2131,1323,1011,1084,1269,2033,2095,2108,2066,1491,1119,1227,1971,2073,2078,2083,2119,2074,1680,1181,2016,2079,2090,2073,2076,2063,1921,1179,2054,2109,2101,2104,2140,2011,1911,1154,2017,2101,2072,2100,2016,1965,1954,1134,2081,2099,2092,2073,1944,1972,1980,1125,1892,1986,2025,1990,1924,2013,1964,5,5,5,5,5,5,5,5,5,5,5,5,5,255,5,5,5,5,5,5,5,5,5,5,5,10,5,5,5,5,5,5,5,5,5,5,5,5,5,5,5,255,5,5,10,255,255,5,5,5,5,5,5,10,5,5,5,255,5,5,255,5,255,255
1780855104.920566,19898,1999643017,844,1108,2065,2050,2117,2029,1248,1002,1077,1248,2033,2094,2108,2066,1470,1133,1184,1779,2076,2080,2047,2093,2013,1639,1157,2016,2087,2081,2082,2116,2126,1823,1177,2054,2109,2113,2092,2140,2049,1911,1170,2017,2111,2097,2077,2016,1965,1945,1159,2081,2110,2085,2080,1954,1949,1961,1123,1892,2044,2001,1991,1918,2013,1964,5,5,255,5,5,5,5,5,5,5,255,5,255,255,5,5,5,9,5,5,5,5,5,5,5,255,5,5,5,5,5,5,5,255,255,5,5,255,5,255,5,255,5,5,5,255,255,5,5,255,5,5,5,5,5,5,5,255,5,5,10,5,255,255
1780855105.021266,19899,1999743017,822,2078,2052,2047,2091,2068,1266,1003,1080,1303,2033,2054,2040,2066,1523,1119,1175,1779,2066,2092,2106,2116,2102,1639,1223,2078,2085,2084,2084,2080,2111,1849,1198,2037,2110,2094,2099,2122,2011,1903,1158,2017,2092,2106,2116,2096,1965,1949,1145,2078,2111,2112,2108,1979,1925,1956,1140,1892,2044,2025,1984,1941,2013,1964,5,5,10,5,5,5,5,5,5,5,255,5,10,255,9,5,5,255,5,5,5,5,5,255,5,10,5,5,5,5,5,5,5,10,10,5,5,10,5,10,5,255,5,5,5,10,255,5,5,10,5,5,5,5,5,5,5,255,255,5,5,5,255,255
1780855105.121139,19900,1999843017,834,2073,2052,2095,2049,2068,1233,1010,1100,1392,2055,2094,2040,2115,1442,1124,1184,2016,2077,2093,2106,2079,1968,1639,1172,2035,2082,2094,2087,2112,2090,1833,1198,2061,2142,2062,2097,2122,2011,1903,1190,2017,2111,2106,2084,2049,1965,1946,1160,1954,2148,2092,2105,1999,1928,1980,1128,2067,2028,2044,1994,1941,1975,1964,5,5,255,5,5,255,5,5,5,4,10,5,255,10,5,9,5,10,5,5,255,5,5,255,5,5,5,5,5,5,5,9,5,5,5,5,5,255,255,255,5,255,5,255,5,5,255,5,5,5,5,5,5,5,5,5,5,10,10,5,5,255,10,255
1780855105.220015,19901,1999943016,848,2074,2080,2084,2053,2068,1342,975,1068,1249,2091,2080,2075,2093,1455,1102,1181,2021,2108,2100,2072,2129,2082,1624,1212,1996,2073,2092,2084,2095,2071,1833,1151,2043,2052,2080,2079,2098,2045,1903,1159,2017,2078,2093,2084,2038,1974,2011,1143,1946,2091,2104,2056,1960,1968,1938,1103,2067,2027,2037,1941,1945,1975,1964,5,5,10,5,5,255,5,5,5,5,5,5,10,5,5,5,5,5,5,5,10,5,5,10,9,5,5,5,5,5,5,255,5,5,5,5,5,10,10,255,5,255,5,10,255,5,10,5,5,5,5,5,5,5,5,5,5,255,5,5,5,10,255,255
1780855105.320595,19902,2000043017,849,1041,2066,2050,2076,2038,1283,1012,1085,1270,2091,2080,2098,2039,1425,1120,1210,1759,2116,2076,2072,2113,2112,1637,1202,2092,2092,2088,2073,2061,2040,1833,1157,2027,2052,2117,2094,2094,2045,1942,1190,2017,2104,2070,2136,2113,1974,1934,1114,1946,2063,2110,2076,1967,1899,1983,1098,2067,2013,2057,2022,1942,1975,1964,5,5,5,5,5,10,5,5,5,5,255,5,5,5,5,5,5,4,5,5,5,5,5,5,9,5,5,5,5,5,5,255,5,5,255,5,5,5,255,10,5,255,5,5,10,5,255,5,5,255,5,5,5,5,5,5,5,255,5,5,5,5,255,255
1780855105.420063,19903,2000143016,807,2052,2123,2085,2039,2038,1290,1001,1045,1252,2092,2045,2109,2039,1478,1101,1203,1987,2119,2078,2067,2079,2095,1715,1188,2039,2087,2092,2072,2128,2116,1799,1224,2043,2087,2078,2117,2048,2045,1904,1173,2017,2080,2095,2165,2057,1977,1989,1147,1946,2085,2060,2075,2036,1933,1946,1108,2067,2070,2121,2034,1942,1975,1964,5,4,5,5,5,255,9,5,5,5,10,5,5,255,5,5,5,4,5,5,5,5,5,5,5,5,5,5,5,5,5,10,5,5,10,5,5,5,255,5,5,255,5,5,5,5,10,5,5,255,5,5,5,5,5,5,5,255,5,5,5,255,255,255
1780855105.520360,19904,2000243017,837,2090,2116,2082,2056,2038,1255,984,1070,1328,2092,2047,2137,2039,1423,1117,1166,2091,2061,2088,2093,2061,2054,1862,1237,2096,2066,2088,2090,2092,2083,1799,1196,2043,2098,2103,2089,2121,2073,1931,1194,2017,2095,2095,2116,2135,1922,1951,1157,1946,2081,2109,2099,2037,1914,1946,1096,2067,1999,2053,2034,1942,1955,1964,5,5,5,5,5,255,9,9,5,5,255,5,5,255,5,5,5,5,5,5,5,5,5,5,5,5,5,5,5,5,5,255,5,255,5,5,5,5,10,5,5,255,5,255,5,5,5,5,5,255,5,5,5,5,5,255,5,255,5,5,255,255,10,255
1780855105.621644,19905,2000343017,841,1060,2079,2067,2073,2038,1239,1004,1064,1219,2092,2122,2137,2108,1435,1111,1195,1980,2120,2068,2116,2092,2075,1681,1227,2037,2071,2084,2103,2105,2083,1799,1193,2112,2087,2102,2118,2105,2025,1931,1208,2017,2100,2111,2115,2135,1922,1951,1127,1714,2112,2125,2079,2037,1934,1929,1119,2067,2016,2059,1929,1936,1955,1964,5,5,5,5,5,255,5,5,5,9,255,255,255,10,5,5,9,5,5,5,5,5,5,5,5,5,5,5,5,5,5,255,5,10,5,5,5,5,5,255,5,255,5,10,5,255,255,5,5,10,5,5,5,255,5,10,5,255,5,5,3,10,255,255
1780855105.721575,19906,2000443017,839,1075,2021,2090,2125,2022,1337,1011,1054,1290,2092,2067,2137,2056,1390,1106,1172,1943,2083,2079,2075,2096,2098,1642,1155,2037,2087,2094,2097,2121,2061,1900,1160,2029,2115,2105,2085,2101,2025,1931,1189,2017,2100,2112,2053,2116,1968,1919,1183,1714,2107,2150,2120,1969,1945,1997,1087,1645,2016,2025,1986,1962,1955,1964,5,255,5,5,5,10,5,5,5,5,255,5,255,5,9,5,5,9,5,5,5,5,5,5,5,255,5,5,5,5,5,10,5,5,5,5,5,5,255,255,5,255,255,5,5,10,10,5,5,255,5,5,5,10,5,5,5,10,255,5,5,5,255,255
1780855105.821405,19907,2000543017,839,2068,2092,2083,2087,1987,1261,980,1071,1273,2092,2084,2137,2056,1370,1115,1182,1639,2096,2083,2016,2060,2074,1667,1130,1985,2085,2091,2083,2116,2073,1938,1164,2029,2091,2076,2129,2098,2064,1931,1210,2017,2088,2112,2083,2058,1972,1948,1175,2042,2107,2092,2092,1966,1933,1997,1142,1645,2021,2050,1935,1943,1955,1964,5,4,5,5,5,5,5,5,5,9,255,5,255,255,5,5,9,4,5,5,5,5,5,5,9,10,5,5,5,5,5,5,5,255,5,5,5,5,10,255,5,255,10,255,5,5,5,5,5,10,5,5,5,5,255,255,5,255,10,5,5,5,255,255
1780855105.921588,19908,2000643017,843,2072,2070,2091,2071,2090,1286,996,1074,1327,2043,1984,2104,2056,1467,1129,1183,1639,2077,2104,2071,2100,2036,1667,1152,2010,2062,2084,2075,2097,2057,1938,1228,1982,2131,2095,2125,2093,2090,1905,1200,2017,2081,2112,2122,2116,1972,1948,1172,2042,2100,2120,2105,2010,1957,1906,1126,1645,2046,2050,1987,1960,1955,2048,5,5,5,5,5,5,5,5,5,5,10,5,10,255,9,5,5,255,5,5,5,5,5,255,5,5,5,5,5,5,5,255,5,10,5,5,5,5,5,10,5,255,5,255,5,5,255,255,5,255,5,5,5,5,5,10,5,255,5,255,5,5,255,10
1780855106.022104,19909,2000743016,823,1035,2031,2044,2120,2039,1284,1014,1074,1371,2073,2070,2086,2041,1391,1102,1195,2027,2104,2039,2093,2100,2062,1721,1199,2008,2091,2088,2109,2120,2122,1855,1153,1962,2115,2107,2125,2111,2044,1905,1155,2017,2110,2093,2112,2156,1972,1940,1119,2042,2088,2104,2084,2000,1938,1948,1117,2036,2055,2039,1972,1960,1955,2003,5,5,5,5,5,5,5,5,5,5,5,5,5,10,5,5,5,10,5,5,5,5,5,10,5,5,5,5,5,5,5,10,9,5,5,5,5,5,5,255,5,255,5,10,5,5,255,10,5,255,5,5,5,5,5,5,5,10,5,10,5,255,255,5
1780855106.120245,19910,2000843017,837,1097,2084,2053,2071,2141,1341,992,1053,1315,2073,2109,2047,2041,1371,1123,1165,1997,2080,2107,2058,2054,2069,1716,1192,2078,2089,2091,2081,2071,2067,1901,1192,1962,2081,2110,2058,2176,2044,1905,1161,2017,2100,2163,2087,2083,1972,1940,1156,2092,2093,2082,2084,2000,1959,1951,1115,2036,1999,2025,1972,1960,1900,2003,5,5,5,5,5,5,5,5,5,5,255,5,5,255,5,5,5,5,5,5,5,5,5,5,5,5,5,5,5,5,5,5,5,255,5,5,5,5,255,255,5,10,5,5,5,5,255,255,5,10,5,5,255,255,5,5,5,255,5,5,255,255,10,255
1780855106.220737,19911,2000943017,830,2087,2049,2086,2090,2064,1303,993,1059,1315,2066,2070,2047,2041,1382,1094,1158,1926,2097,2052,2112,2054,2122,1716,1191,1990,2078,2095,2081,2103,2087,1901,1222,2036,2077,2099,2097,2112,2044,1905,1167,2017,2129,2163,2114,2138,1922,1971,1153,2092,2067,2155,2128,1952,1970,1965,1111,2036,2058,2061,1938,1931,1900,2003,5,5,5,5,5,5,9,5,5,5,10,5,255,255,5,5,5,9,5,5,5,255,5,255,5,5,5,5,5,5,5,255,5,10,5,5,5,5,255,255,5,255,5,255,5,5,10,10,5,255,5,5,10,10,5,5,5,255,5,5,10,10,255,255
1780855106.321603,19912,2001043017,859,1053,2049,2026,2079,2052,1325,971,1067,1230,2096,2116,2047,2041,1401,1132,1185,2019,2082,2073,2073,2144,2053,1716,1225,1990,2108,2086,2098,2089,2118,1912,1215,2036,2079,2082,2067,2171,2044,1905,1179,2061,2086,2163,2133,2085,1955,1937,1125,2092,2075,2094,2087,1959,1918,1957,1175,2036,2023,2081,2010,1931,2003,2003,5,4,255,255,5,5,5,5,5,5,5,5,255,255,5,5,5,5,5,5,5,10,5,255,5,255,5,5,5,5,5,10,5,255,5,5,5,5,255,255,5,10,5,255,5,5,5,5,5,255,5,5,5,5,5,5,5,255,5,5,5,5,10,255
1780855106.420910,19913,2001143016,840,1069,2027,2094,2091,2080,1228,994,1091,1338,2064,2034,2047,2041,1462,1097,1177,2035,2087,2085,2076,2071,2047,1700,1209,2069,2070,2085,2069,2117,2118,1840,1179,1974,2097,2083,2057,2109,2012,1861,1201,2061,2112,2109,2133,2106,1922,1908,1137,2092,2102,2126,2096,2091,1918,1978,1097,2036,2003,2027,1921,1955,2003,2003,5,5,10,5,5,5,5,5,5,5,5,5,255,255,9,5,5,5,5,5,5,5,5,10,5,10,5,5,5,5,5,5,5,10,5,5,5,5,10,10,5,255,5,10,255,5,5,5,5,255,5,5,5,5,255,5,5,255,5,5,5,5,255,255
1780855106.531051,19914,2001253016,848,2125,2046,2081,2060,2083,1221,977,1057,1265,2116,2043,2047,2041,1424,1109,1179,2010,2063,2126,2083,2109,2093,1700,1196,2013,2081,2071,2080,2095,2124,1887,1170,2032,2094,2116,2079,2172,2012,1961,1188,1978,2048,2076,2100,2135,1985,1922,1158,2092,2101,2121,2091,1991,1967,1928,1105,2036,2065,2027,2013,1911,2003,2003,5,5,5,5,5,5,5,5,5,5,5,5,255,255,5,5,5,5,5,5,5,5,5,255,5,5,5,5,5,5,5,5,5,5,5,5,5,5,255,5,5,10,5,5,10,5,5,5,5,255,5,5,5,5,10,5,5,255,5,255,5,5,255,255
1780855106.630741,19915,2001353016,839,1058,2109,2036,2069,2105,1300,1034,1065,1378,2036,2043,2085,2064,1407,1114,1178,1967,2072,2084,2109,2077,2099,1700,1187,2013,2089,2094,2098,2075,2068,1901,1213,2096,2102,2082,2079,2121,2053,1961,1169,1978,2117,2087,2073,2068,2008,1884,1151,2092,2099,2121,2092,2017,1969,1960,1105,2036,1966,2017,1987,1971,2003,2003,5,5,5,5,5,5,5,5,5,5,5,5,10,10,5,5,5,5,5,5,5,5,5,255,9,255,5,5,5,5,5,5,5,5,5,5,5,5,10,255,5,255,5,5,5,5,5,5,5,255,5,5,5,5,5,5,5,255,5,10,5,5,255,255
1780855106.730702,19916,2001453017,846,1052,2109,2090,2066,1984,1237,983,1068,1218,2036,2043,2085,2041,1457,1086,1218,2075,2069,2101,2115,2091,2074,1708,1130,1992,2086,2089,2093,2038,2050,1985,1224,2152,2090,2091,2077,2092,2060,1944,1187,1978,2115,2074,2117,2036,1973,1884,1101,2084,2098,2075,2099,1958,1943,2020,1142,2036,2066,2017,1984,1971,2003,2003,5,9,255,5,5,5,5,5,5,5,255,255,255,5,9,5,5,5,5,5,5,5,5,10,9,10,5,5,5,5,5,5,5,5,5,5,5,5,5,10,5,255,5,5,5,5,5,255,5,10,5,5,5,5,5,5,5,255,5,255,5,255,255,255
1780855106.830885,19917,2001553016,840,992,2109,2090,2097,2056,1337,1001,1038,1265,1996,2084,2096,2041,1501,1106,1189,2012,2081,2050,2090,2143,2057,1708,1185,2086,2083,2082,2105,2088,2118,1785,1197,2024,2079,2072,2114,2048,2108,1932,1164,2040,2095,2074,2107,2036,2004,1982,1182,2040,2077,2137,2087,1941,1906,1967,1112,2036,2006,2059,1971,1990,2003,2003,5,5,255,5,5,5,5,5,5,9,10,10,10,255,5,5,5,5,5,5,5,5,5,255,5,5,5,5,5,5,5,4,5,5,5,5,5,5,5,5,5,10,5,255,5,255,5,10,5,5,5,5,5,5,5,5,5,255,5,10,5,10,255,255
1780855106.930382,19918,2001653016,854,2059,2081,2081,2071,2090,1228,1011,1052,1249,1996,2092,2104,2052,1403,1137,1215,1911,2075,2083,2075,2088,2073,1658,1216,2025,2105,2089,2072,2059,2118,1785,1220,2067,2090,2126,2083,2090,2108,1954,1168,2040,2106,2067,2100,2129,1922,2022,1151,2040,2068,2149,2108,2083,1906,1966,1087,2036,2088,2027,1987,1982,2003,2003,5,4,10,5,5,5,5,5,5,5,255,5,5,10,5,5,5,9,5,5,5,5,5,10,9,5,5,5,5,5,5,255,5,5,5,5,5,5,255,5,5,255,5,10,5,10,5,5,5,255,5,5,5,5,255,5,5,255,5,5,5,5,255,255
1780855107.031962,19919,2001753017,851,1050,2026,2096,2085,2090,1337,983,1083,1262,2035,2093,2078,2052,1446,1122,1145,1908,2078,2058,2075,2091,2107,1653,1193,2058,2095,2089,2086,2120,2107,1785,1236,1973,2114,2093,2060,2075,2057,1954,1189,2040,2090,2133,2153,2032,1967,1831,1127,2040,2064,2112,2095,1982,1949,1966,1109,2036,2045,2056,1997,1846,1952,2003,5,5,5,5,5,255,5,5,5,5,10,5,5,255,5,5,5,5,5,5,255,5,5,5,5,5,5,5,5,5,5,255,5,5,5,5,5,5,10,255,9,255,5,5,5,5,5,5,9,255,5,5,5,5,10,255,5,255,5,5,5,5,10,255
1780855107.129889,19920,2001853017,832,1027,2039,2090,2116,2090,1263,1001,1041,1249,2064,2085,2097,2048,1393,1111,1174,1908,2103,2074,2075,2105,2067,1730,1208,2012,2102,2084,2081,2111,2101,1958,1190,2051,2087,2079,2108,2075,2033,1954,1196,2040,2095,2072,2072,2019,1976,1831,1144,1888,2118,2112,2069,1938,1922,1910,1103,1817,2014,2041,1990,1846,1952,2003,5,5,5,5,5,255,5,5,5,5,5,5,5,10,5,5,5,255,5,5,255,5,5,5,5,5,5,5,5,5,5,10,5,5,5,5,5,255,5,255,5,255,5,5,5,5,5,255,5,10,5,5,5,5,5,255,5,10,5,5,5,255,255,255
1780855107.229960,19921,2001953016,847,1044,2062,2078,2100,2055,1284,966,1067,1250,2063,2095,2099,2074,1433,1105,1188,1836,2061,2079,2114,2089,2014,1994,1179,2056,2111,2092,2060,2076,2090,1917,1177,1955,2089,2103,2119,2073,2062,1954,1177,2059,2056,2102,2086,2046,1976,1949,1163,2059,2083,2087,2087,1974,1951,1964,1144,1817,2004,2041,1971,1987,1952,2003,5,255,5,5,5,10,5,5,9,5,5,5,5,5,5,5,5,10,5,5,10,5,5,4,9,5,5,5,5,5,5,5,5,5,5,5,5,10,5,255,5,10,5,5,5,5,255,10,5,5,5,5,5,5,5,5,5,255,5,255,5,10,255,255
1780855107.331909,19922,2002053017,851,1044,2091,2058,2112,2170,1284,975,1096,1307,2050,2095,2070,2074,1440,1143,1184,1974,2092,2073,2067,2103,2059,1994,1164,1509,2102,2069,2105,2127,2050,1917,1169,1955,2100,2092,2103,2119,2062,1947,1163,2030,2056,2146,2113,2085,2001,1961,1144,2059,2110,2112,2087,1994,1917,1933,1121,1817,2112,2054,2027,1970,1952,2003,5,255,5,5,5,5,255,5,5,5,5,255,5,255,5,5,5,5,5,5,5,5,5,255,5,4,5,5,5,5,5,255,5,255,5,5,5,5,255,10,5,5,255,5,5,5,10,5,5,255,5,5,255,5,5,5,5,255,5,10,5,5,255,255
1780855107.431113,19923,2002153016,847,1000,2056,2074,2083,2041,1282,992,1025,1259,2088,2103,2067,2074,1543,1089,1152,1909,2080,2095,2067,2101,2060,1994,1182,2082,2100,2095,2103,2053,2071,1917,1237,2010,2108,2086,2116,2082,1990,1947,1216,2030,2061,2108,2077,2098,1949,1910,1142,2076,2087,2076,2117,1961,1931,1950,1126,1817,2029,2062,1929,1987,1952,2003,5,10,5,5,5,5,10,5,5,4,5,10,5,255,9,5,5,5,5,5,255,5,5,255,5,4,5,5,5,5,5,255,5,10,5,5,5,5,10,255,5,255,10,5,5,5,5,5,5,10,5,5,10,5,5,5,5,255,5,5,5,5,255,255
1780855107.531243,19924,2002253017,849,2085,2056,2049,2037,1850,1284,998,1061,1324,2088,2086,2067,2074,1399,1136,1192,1835,2103,2093,2045,2123,2085,1994,1176,2029,2096,2079,2082,2103,2113,1795,1237,2010,2107,2068,2115,2101,1990,1947,1135,2030,2073,2108,2097,2057,1949,1887,1162,2076,2102,2077,2117,1978,1921,1929,1101,1817,2039,2023,2017,1987,1952,2003,5,5,255,5,5,5,5,5,5,5,255,5,255,255,5,5,5,5,5,5,10,5,5,255,5,5,5,5,5,5,5,10,5,255,5,5,5,5,255,255,5,255,5,255,5,5,255,5,5,255,5,5,255,5,5,5,5,255,5,5,5,255,255,255
1780855107.630797,19925,2002353017,847,1042,2055,2109,2091,2057,1397,982,1090,1227,2088,2076,2112,2053,1394,1155,1193,1955,2078,2044,2075,2107,2105,1735,1172,2093,2101,2091,2071,2106,2098,1795,1179,2047,2107,2065,2060,2101,2053,1882,1145,2030,2110,2127,2104,2041,2025,1959,1150,2017,2101,2134,2085,1999,1919,1929,1146,1817,2017,2023,2033,1962,1952,2003,5,5,10,5,5,4,5,5,5,255,255,5,10,10,5,5,5,5,5,5,5,5,5,10,5,5,5,5,5,5,5,255,5,10,255,5,5,5,10,10,5,255,5,10,5,5,10,5,5,10,5,5,10,5,5,255,5,255,5,255,5,10,255,255
1780855107.731353,19926,2002453017,847,1056,2114,2065,2117,2012,1269,986,1063,1292,2063,2076,2073,2048,1430,1091,1160,1921,2091,2072,2090,2087,2086,1716,1180,1555,2082,2098,2086,2052,2146,1795,1176,2077,2092,2106,2108,2078,2047,1890,1118,2030,2057,2080,2104,2077,1910,1940,1139,2119,2181,2089,2085,1999,1927,1929,1113,1817,2017,2023,1984,1953,1952,2003,5,5,5,5,5,5,5,5,5,5,10,255,5,5,5,9,5,5,5,5,5,5,5,5,5,5,5,5,5,5,5,255,5,5,10,5,5,5,5,5,5,255,5,5,5,5,5,5,5,5,5,5,255,255,5,255,5,255,255,255,5,5,255,255
1780855107.831374,19927,2002553016,843,1066,2051,2056,2097,2012,1230,994,1059,1217,2063,2051,2074,2048,1467,1112,1214,2057,2096,2091,2074,2093,2062,1745,1189,2026,2094,2075,2099,2117,2074,1793,1190,2024,2081,2097,2081,2078,2048,1890,1153,2063,2120,2145,2113,2083,1999,1998,1172,1947,2091,2128,2109,2019,1987,1930,1095,1817,2072,2064,2020,1953,1952,2003,5,5,5,5,5,255,5,5,5,5,255,10,5,255,5,5,5,5,5,5,5,5,5,5,5,9,5,5,5,5,5,10,5,5,5,5,5,255,5,255,9,10,5,5,5,5,5,5,9,5,5,5,10,10,5,10,5,255,10,10,255,5,255,255
1780855107.931442,19928,2002653017,832,2068,2084,2056,2081,2012,1307,988,1069,1188,2063,2043,2073,2098,1431,1091,1193,1582,2065,2083,2104,2145,2041,1605,1188,2047,2080,2081,2084,2080,2043,1780,1174,2072,2110,2060,2114,2078,2048,1890,1201,1958,2094,2067,2144,2126,1997,1922,1155,1947,2096,2126,2051,1995,1947,1875,1091,1817,2080,2092,2014,1953,1952,2003,5,5,5,255,5,255,5,5,5,5,255,5,5,10,5,5,5,4,5,5,5,5,5,9,5,5,5,5,5,5,5,5,9,5,5,5,5,255,255,255,5,5,5,5,5,5,5,5,5,255,5,5,5,5,5,5,5,255,5,5,5,255,255,255
1780855108.031052,19929,2002753017,845,2074,2037,2069,2050,2012,1293,1006,1090,1285,2063,2094,2073,2098,1453,1101,1178,1707,2085,2070,2075,2074,2093,1605,1159,2047,2111,2083,2086,2096,2068,1905,1169,2020,2097,2099,2097,2095,2110,1895,1178,1958,2086,2039,2144,2104,1997,1931,1170,2079,2118,2106,2117,1973,1893,1983,1119,1573,2044,2056,1964,1953,1952,2003,5,5,5,10,5,255,5,5,5,5,255,5,255,255,5,5,5,5,5,5,5,5,5,255,5,255,5,5,5,5,5,5,5,5,5,5,5,10,10,10,5,255,5,5,255,5,255,5,5,10,5,5,5,5,5,5,5,10,5,5,5,255,255,255
1780855108.131620,19930,2002853017,842,1139,2112,2098,2056,2085,1293,1006,1075,1239,2063,2024,2073,2042,1357,1166,1179,2074,2044,2094,2098,2062,2054,1605,1158,1975,2078,2091,2086,2103,2100,1905,1183,2020,2097,2107,2044,2095,2110,1895,1174,1958,2071,2122,2060,2113,1970,1956,1122,2079,2157,2113,2084,2005,1940,1970,1083,1573,2030,2010,2007,1924,1952,2003,5,5,5,5,5,10,255,5,5,5,255,8,255,10,5,5,5,5,5,5,5,5,5,255,5,10,5,5,5,5,5,255,5,255,255,5,5,255,255,255,5,255,5,5,10,5,10,5,5,255,5,5,5,5,5,5,5,255,5,5,5,10,255,255
1780855108.231126,19931,2002953016,837,2046,2058,2067,2088,2054,1266,1013,1071,1223,2063,2075,2088,2042,1476,1116,1187,1978,2069,2085,2117,2104,2082,1774,1211,1951,2078,2099,2081,2087,2088,1795,1240,2058,2107,2086,2079,2134,2099,1895,1190,1958,2116,2093,2101,2098,1966,1994,1143,2046,2101,2096,2097,2008,1930,1969,1102,1573,2034,2074,2008,1905,1952,2003,5,5,5,5,5,5,10,5,5,5,255,5,10,255,5,5,5,9,5,5,5,5,5,10,5,5,5,5,5,5,5,10,5,10,10,5,5,10,10,255,5,255,5,5,5,5,5,5,5,10,5,5,5,5,5,5,5,255,5,5,5,5,255,255
1780855108.330000,19932,2003053017,841,1077,2068,2090,2064,2039,1262,978,1078,1265,2090,2082,2088,2042,1390,1111,1171,1983,2070,2098,2046,2028,1980,1643,1181,2065,2108,2091,2076,2096,2083,1774,1194,2071,2066,2110,2115,2134,2057,1951,1164,1958,2083,2103,2118,2098,1947,1957,1166,2046,2130,2063,2095,2009,1930,1950,1106,1573,2034,2074,1944,1968,1952,2003,5,5,5,5,5,5,5,5,5,5,10,5,255,255,5,5,5,5,5,5,5,5,5,5,5,5,5,5,5,5,5,5,5,5,5,5,5,255,5,10,5,255,5,5,5,255,5,5,5,255,5,5,5,5,255,5,5,255,255,255,5,5,255,255
1780855108.430788,19933,2003153016,839,1073,2060,2024,2049,2047,1261,962,1070,1261,2051,2080,2088,2042,1444,1087,1151,1921,2052,2097,2080,2091,2010,1643,1171,2083,2081,2071,2076,2141,2136,1774,1168,2013,2102,2105,2102,2116,2057,1951,1170,2075,2090,2128,2114,2040,1987,1984,1118,2023,2118,2065,2084,2001,1951,1959,1068,1573,2031,2070,2007,1991,1950,2003,5,5,5,5,5,5,5,5,5,5,5,5,255,255,5,5,5,5,5,5,5,5,5,255,5,5,5,5,5,5,5,255,5,5,5,5,5,10,255,255,5,10,5,5,5,10,5,5,5,10,5,5,5,5,10,5,5,255,10,10,5,5,10,255
1780855108.530023,19934,2003253016,842,1073,2046,2074,2082,2022,1324,1003,1073,1288,2174,2100,2092,2042,1481,1133,1209,1598,2068,2089,2080,2093,2107,1731,1211,2025,2095,2090,2075,2065,2066,1774,1224,2061,2077,2103,2102,2123,2090,1951,1168,2081,2099,2131,2062,2134,1965,1984,1133,2111,2058,2127,2114,2013,1977,1973,1129,1573,1997,2085,1960,1897,1950,2003,5,255,5,5,5,5,9,5,5,5,5,5,10,255,5,9,5,5,5,5,255,5,5,10,5,5,5,5,5,5,5,255,5,5,5,5,5,5,10,255,5,5,5,5,5,5,9,255,5,5,5,5,5,5,5,5,5,255,5,5,5,5,255,255
1780855108.629951,19935,2003353016,853,2035,2074,2051,2093,2022,1240,1009,1098,1301,2089,2084,2075,2042,1425,1130,1183,2005,2080,2104,2097,2085,2081,1544,1199,2052,2105,2083,2091,2113,2085,1846,1206,2034,2046,2106,2104,2123,2039,1951,1176,2081,2120,2082,2099,2134,1918,1906,1146,2080,2087,2111,2132,2029,1902,1937,1149,1502,2106,2014,1987,1929,1950,2003,5,10,5,5,5,255,9,5,5,5,5,5,5,255,5,5,5,4,5,5,10,5,5,5,5,5,5,5,5,5,5,10,5,5,5,5,5,255,5,255,5,255,5,5,5,255,5,10,5,5,5,5,5,5,5,5,5,10,5,5,5,5,255,255
1780855108.730515,19936,2003453017,834,1032,2083,2042,2060,2022,1308,995,1105,1338,2066,2088,2075,2042,1451,1093,1157,2068,2053,2099,2101,2110,2069,1684,1225,2026,2086,2098,2100,2126,2049,1846,1196,1963,2069,2112,2115,2150,2064,1951,1172,2143,2129,2091,2123,2094,1918,1906,1154,2080,2136,2116,2075,1964,1906,1937,1090,1502,2106,2014,2012,1920,1950,2003,5,5,5,5,5,255,5,5,5,5,5,5,255,255,5,5,5,4,5,5,5,5,5,5,5,5,5,5,5,5,5,255,5,5,5,5,5,10,5,255,5,3,5,5,5,10,255,255,5,255,5,5,5,5,5,255,5,255,255,255,5,5,10,255
1780855108.830708,19937,2003553016,823,1108,2056,2121,2054,1998,1256,996,1086,1290,2035,2061,2075,2005,1428,1113,1174,1698,2085,2076,2067,2074,2091,1695,1181,2078,2092,2085,2100,2117,2102,1879,1229,2092,2096,2117,2077,2096,2039,1951,1151,2143,2107,2091,2073,2088,1939,1909,1152,2052,2076,2101,2095,2016,1946,1958,1128,1502,2024,2049,1993,1958,1950,2003,5,5,5,5,5,10,5,5,5,5,5,5,255,10,5,5,5,9,5,5,5,5,5,5,5,5,5,5,5,5,5,10,5,5,5,5,5,5,5,255,9,255,5,255,5,5,10,10,5,10,5,5,5,5,5,10,5,255,10,10,5,5,255,255
1780855108.929850,19938,2003653017,837,1044,2062,2076,2075,2086,1233,998,1086,1238,2035,2108,2075,2005,1422,1145,1135,1698,2087,2092,2103,2086,2070,1726,1214,2029,2088,2089,2088,2066,2078,1879,1219,2048,2102,2098,2137,2129,2076,1858,1165,1948,2070,2088,2113,2080,1939,1904,1160,2036,2113,2126,2091,1980,1939,1953,1119,1502,2027,2049,2060,1939,1950,2003,5,5,5,5,5,5,5,5,5,5,255,5,255,255,5,5,5,255,5,5,5,5,5,5,5,5,5,5,5,5,5,255,5,5,5,5,5,5,5,10,5,10,5,10,5,5,255,5,5,4,5,5,5,5,5,5,5,255,5,255,5,5,255,255
1780855109.031036,19939,2003753016,818,1027,2062,2056,2080,2022,1301,982,1064,1260,2085,2083,2110,2072,1466,1104,1169,1847,2119,2057,2141,2113,2053,1716,1168,2080,2078,2081,2087,2099,2070,1834,1202,2040,2101,2091,2107,2105,2039,1858,1179,2021,2055,2107,2107,2058,1972,1994,1142,2036,2088,2133,2080,1934,1933,1939,1110,1502,2027,2049,1981,1934,1950,2003,5,5,255,5,5,5,5,5,9,5,10,5,3,10,4,5,5,10,5,5,5,5,5,5,5,5,5,5,5,5,5,10,5,5,5,5,5,5,5,255,5,5,5,5,5,5,10,5,5,255,5,5,5,5,5,5,5,255,255,255,5,5,255,255
1780855109.130956,19940,2003853017,840,1044,2096,2061,2060,2022,1329,975,1075,1221,2106,2083,2090,2072,1432,1118,1191,1755,2067,2099,2104,2091,2104,1716,1202,2059,2083,2092,2099,2084,2086,1834,1217,2040,2114,2084,2097,2070,2039,1858,1167,1968,2115,2064,2103,2087,1972,1948,1143,2036,2112,2075,2080,1966,1949,1964,1096,1502,2048,2049,1965,1948,1950,2003,5,255,10,5,5,255,5,5,5,5,5,255,5,255,9,5,5,5,5,5,5,5,5,255,5,5,5,5,5,5,5,255,5,255,5,5,5,5,255,255,5,5,5,5,5,5,255,5,5,255,5,5,255,5,5,5,5,255,10,255,5,5,255,255
1780855109.240260,19941,2003963016,848,2056,2111,2089,2024,2005,1241,986,1063,1348,2043,2076,2090,2072,1426,1119,1237,1614,2093,2084,2057,2065,2062,1716,1199,1970,2091,2086,2101,2100,2048,1807,1181,2108,2068,2074,2114,2107,2087,1858,1166,1968,2071,2067,2088,2087,1966,1948,1139,2076,2056,2117,2102,2003,1914,1946,1129,1502,2082,2057,1973,1967,1950,2003,5,4,5,5,5,10,5,5,5,5,5,10,255,255,5,5,5,9,5,5,5,5,5,255,5,5,5,5,5,5,5,10,5,10,5,5,5,5,10,255,5,255,5,5,5,5,10,255,5,10,5,5,10,5,5,5,5,255,5,10,5,5,255,255
1780855109.340746,19942,2004063017,829,2034,2118,2056,2124,1996,1449,989,1065,1277,2068,2130,2128,2072,1353,1118,1165,2028,2090,2080,2122,2087,2001,1766,1178,2010,2097,2084,2091,2103,2058,1807,1205,2121,2088,2100,2071,2107,2087,1903,1177,1968,2107,2067,2104,2105,1915,1965,1118,2076,2107,2062,2099,2066,1934,1944,1124,1502,1990,2060,2008,1963,1950,2003,5,5,5,5,5,5,4,5,5,5,5,5,10,255,9,5,5,4,5,5,5,5,5,10,5,5,5,5,5,5,5,255,9,5,5,5,5,255,255,10,5,255,5,255,5,5,5,10,5,255,5,5,5,5,5,5,5,255,5,5,255,5,255,255
1780855109.442173,19943,2004163016,837,1069,2027,2067,2081,2040,1366,988,1078,1265,2065,2053,2046,2072,1390,1103,1190,2028,2065,2077,2055,2100,2080,1628,1158,2032,2086,2083,2091,2085,2091,1864,1208,2026,2040,2077,2081,2124,2098,1933,1196,1968,2095,2120,2099,2073,1915,1993,1126,2051,2077,2102,2105,1995,1958,1941,1120,1502,2003,2085,1966,1963,1950,2003,5,5,5,5,5,5,5,5,5,5,5,5,5,255,5,5,5,255,5,5,5,5,5,5,5,5,5,5,5,5,5,10,5,9,5,5,5,10,10,5,5,255,5,10,5,5,255,5,5,10,5,5,5,5,5,5,5,255,5,5,5,255,255,255
1780855109.540843,19944,2004263016,833,1102,2102,2097,2100,2029,1271,985,1093,1237,2065,2076,2071,2029,1391,1095,1147,2022,2065,2070,2119,2060,2065,1710,1233,2079,2096,2085,2106,2068,2073,1891,1213,1955,2079,2075,2129,2111,2022,1951,1197,1968,2086,2119,2073,2076,1978,1910,1172,2027,2104,2107,2115,2030,1943,2009,1115,1502,2003,2072,2038,1963,1950,2003,5,5,5,5,5,5,5,5,5,5,255,5,5,10,5,5,5,10,255,5,5,5,5,5,5,5,5,5,5,5,5,5,5,5,5,5,5,5,5,5,5,255,5,5,5,5,10,5,5,5,5,5,5,5,5,5,5,255,255,5,5,255,255,255
1780855109.640912,19945,2004363016,855,2121,2102,2073,2087,2041,1400,990,1074,1287,2065,2100,2054,2029,1386,1136,1180,2082,2103,2073,2093,2100,2047,1599,1190,2036,2080,2092,2085,2129,2102,1881,1172,2054,2079,2090,2064,2123,2078,1913,1200,2010,2089,2100,2096,2023,1978,1975,1139,1991,2090,2104,2104,2020,1948,1955,1109,1502,2083,2064,2003,1893,1950,2003,5,5,255,5,5,5,5,5,5,5,255,5,5,255,5,5,5,5,10,5,5,5,5,5,5,5,5,5,5,5,5,5,5,5,255,5,5,5,5,5,5,10,5,5,5,5,255,5,5,5,5,5,5,5,5,5,5,255,10,5,5,10,255,255
1780855109.741225,19946,2004463017,844,1090,2102,2080,2053,2079,1275,993,1060,1355,2034,2104,2054,2062,1480,1109,1162,2007,2035,2117,2121,2098,2052,1599,1182,2025,2114,2084,2087,2097,2097,1881,1151,2054,2100,2111,2094,2133,2091,1954,1216,2010,2096,2056,2140,2043,1954,1922,1141,1991,2126,2096,2123,1976,1940,1944,1141,1502,2083,2026,1993,1984,1950,2003,5,5,255,5,5,5,5,5,5,5,10,5,255,10,5,5,5,5,5,5,5,5,5,255,9,5,5,5,5,5,5,255,9,255,10,5,5,5,5,5,5,255,5,5,5,5,10,5,5,255,5,5,5,5,5,5,5,255,255,5,5,5,255,255
1780855109.842041,19947,2004563016,839,1016,2076,2081,2089,2076,1243,989,1069,1265,1993,2040,2112,2060,1357,1113,1194,1976,2064,2077,2107,2112,2113,1659,1176,2053,2066,2067,2071,2108,2097,1894,1198,1929,2080,2097,2090,2072,2059,1889,1204,2010,2132,2104,2054,2070,1956,1931,1170,2098,2102,2094,2110,2029,1928,1959,1110,1502,2043,2065,2016,1984,1950,2003,5,5,10,5,5,5,5,5,5,5,5,5,10,5,5,5,5,5,5,5,5,5,5,10,5,5,5,5,5,5,5,10,5,10,5,5,5,5,5,9,5,255,5,5,5,5,5,5,9,10,5,5,5,5,5,5,5,255,10,5,5,255,255,255
1780855109.941121,19948,2004663017,824,1031,2076,2109,2077,2056,1300,1025,1078,1321,2046,2095,2112,2099,1445,1117,1215,1605,2094,2098,2065,2071,2093,1622,1228,2057,2110,2092,2092,2102,2059,1894,1159,1995,2107,2073,2092,2072,2067,1943,1217,1903,2132,2144,2053,2081,1956,1950,1172,2098,2065,2113,2110,1995,1967,2004,1108,1535,2055,2065,1962,1951,1950,2003,5,5,255,5,5,5,5,5,5,5,5,5,255,9,9,5,9,4,5,5,5,5,5,5,9,5,5,5,5,5,5,255,5,5,5,5,5,255,5,5,9,10,255,5,5,5,255,5,5,255,5,5,255,5,5,5,5,10,5,255,5,10,255,255
1780855110.041479,19949,2004763017,854,1091,2067,2066,2124,2056,1291,999,1120,1404,2046,2114,2145,2099,1421,1091,1196,1544,2067,2080,2137,2130,2062,1650,1191,2035,2081,2081,2100,2095,2064,1806,1209,2082,2107,2112,2124,2143,2033,1943,1180,1903,2076,2085,2088,2081,1939,1909,1111,2012,2101,2097,2080,1998,1928,1979,1102,1535,2025,2011,1967,1922,1950,2003,5,255,10,5,5,255,5,5,5,5,255,5,10,255,9,5,5,5,5,5,5,5,5,5,5,5,5,5,5,5,5,10,5,5,5,5,5,10,5,255,5,255,10,5,5,255,10,5,5,10,5,5,10,5,5,5,5,255,5,10,5,5,255,255
1780855110.140951,19950,2004863017,841,1063,2077,2085,2049,2011,1270,993,1092,1303,2046,2114,2067,2079,1431,1109,1175,2007,2074,2087,2094,2070,2070,1703,1215,2062,2078,2094,2091,2142,2105,1802,1153,2082,2111,2097,2084,2075,2033,1900,1171,1903,2067,2090,2129,2075,1939,1945,1137,2012,2104,2107,2116,1984,1960,1967,1079,1535,2051,2011,1993,1957,1981,2003,5,5,5,5,5,10,5,5,5,5,255,255,5,10,5,5,5,5,5,5,5,5,5,5,5,5,5,5,5,5,5,5,5,255,5,5,5,5,255,10,5,255,5,5,5,10,255,5,5,255,5,5,5,5,5,5,5,255,5,255,5,5,10,255
1780855110.239896,19951,2004963016,843,2114,2071,2064,2077,2049,1269,982,1062,1224,2065,2062,2067,2058,1397,1140,1172,2023,2045,2103,2067,2089,2092,1649,1200,2058,2063,2075,2063,2110,2090,1922,1194,2029,2119,2074,2084,2075,2114,1900,1222,1903,2096,2135,2136,2134,1934,1933,1139,2012,2056,2100,2070,1959,1929,1979,1095,1602,2044,2073,1993,1978,1955,2003,5,5,5,5,5,5,5,5,5,5,10,10,255,5,5,5,5,5,5,5,5,5,5,5,5,5,5,5,5,5,5,5,5,10,5,5,5,255,10,255,5,255,5,5,5,5,10,5,5,255,5,5,5,5,5,5,5,10,5,10,255,5,5,255
1780855110.340051,19952,2005063017,849,1042,2071,2038,2082,2048,1224,981,1079,1304,2065,2127,2067,2058,1468,1096,1182,1810,2092,2097,2115,2063,2052,1649,1189,2087,2066,2097,2090,2097,2099,1922,1169,2087,2032,2106,2130,2148,2070,1885,1173,1903,2110,2135,2125,2118,2005,1975,1149,1913,2099,2102,2070,1996,1937,1974,1111,1602,2048,2073,2005,1997,1955,2003,5,5,255,5,5,5,5,5,9,5,5,5,255,255,5,5,5,4,5,5,5,5,5,255,5,5,5,5,5,5,5,255,5,5,5,5,5,10,5,10,5,255,5,255,5,5,5,5,5,10,5,5,255,5,5,5,5,255,5,255,10,5,255,255
1780855110.440033,19953,2005163017,827,1103,2109,2041,2078,2159,1287,992,1065,1331,2065,2094,2067,2058,1468,1069,1169,1556,2057,2107,2042,2084,2024,1671,1167,2038,2081,2100,2096,2139,2105,1849,1169,2002,2127,2083,2093,2148,2028,1885,1173,1903,2079,2072,2142,2095,2005,1920,1137,1913,2067,2109,2125,2015,1944,1959,1108,1602,2001,1994,2004,1944,1955,2003,5,5,10,5,5,5,5,5,5,5,255,5,255,255,9,5,5,4,5,5,5,5,5,10,5,5,5,5,5,5,5,10,5,5,5,5,5,255,5,255,5,255,5,10,5,5,255,5,5,255,5,5,10,5,5,5,5,255,5,10,5,5,255,255
1780855110.541285,19954,2005263017,825,1036,2109,2031,2113,2050,1278,990,1083,1265,2050,2050,2063,2058,1421,1101,1202,1959,2064,2044,2122,2084,2145,1671,1232,2038,2098,2101,2098,2116,2071,1849,1123,2049,2095,2101,2095,2114,2028,1859,1190,1903,2104,2072,2125,2067,2005,1920,1134,1913,2098,2099,2095,1986,1958,1943,1126,1806,2116,1994,1990,1935,1955,1990,5,5,255,5,5,5,5,5,5,5,10,5,10,255,5,5,9,5,5,5,5,255,5,255,5,255,5,5,5,5,5,255,5,5,5,5,5,10,255,10,5,255,5,255,5,5,255,255,5,255,5,5,5,5,5,5,5,10,5,255,5,5,255,10
1780855110.641001,19955,2005363016,840,1007,2108,2054,2071,2087,1301,997,1088,1290,2081,2125,2092,2058,1425,1109,1217,2007,2029,2090,2080,2097,2057,1666,1149,1998,2075,2092,2109,2128,2129,1864,1174,2068,2114,2090,2089,2114,2028,1935,1179,1903,2112,2157,2105,2113,2005,1950,1144,2000,2076,2098,2116,1972,1964,1954,1125,1529,2012,2053,1990,1914,1955,1990,5,255,10,5,5,5,9,5,5,5,5,5,5,255,5,5,5,5,5,5,5,10,5,10,5,10,5,5,5,5,5,10,5,5,5,5,5,255,255,5,9,255,5,10,5,5,255,10,5,10,5,5,5,5,5,5,5,4,5,10,255,5,255,255
1780855110.741433,19956,2005463017,833,2103,2093,2023,2083,2087,1288,1015,1085,1307,2066,2099,2077,2058,1521,1128,1162,2046,2075,2034,2080,2076,2054,1688,1188,2041,2097,2086,2084,2086,2065,1901,1184,1983,2069,2069,2104,2114,2072,1935,1171,2065,2122,2157,2118,2056,2005,1921,1184,2000,2086,2100,2087,1997,1947,1950,1143,1529,2016,2006,1960,1973,1955,1990,5,5,5,5,5,255,5,5,5,5,5,5,5,255,5,5,5,5,5,5,255,5,5,5,5,5,5,5,5,5,5,5,9,9,5,5,5,255,10,255,5,10,5,255,5,5,255,5,5,255,5,5,5,5,5,5,5,255,5,5,10,5,255,255
1780855110.840646,19957,2005563016,843,1096,2085,2060,2099,2087,1337,991,1063,1249,2079,2075,2077,2096,1433,1140,1174,2064,2088,2103,2094,2106,2035,1681,1160,2040,2096,2101,2096,2108,2054,1773,1205,2027,2065,2090,2078,2036,2045,1967,1183,1952,2076,2127,2070,2095,2005,1895,1179,2099,2089,2104,2126,1998,1945,1955,1082,1888,2034,2040,2024,1973,1955,1990,5,5,5,5,5,255,5,5,5,5,5,5,255,10,5,5,5,5,5,5,10,5,5,5,5,5,5,5,5,5,5,5,5,5,5,5,5,10,5,10,5,5,5,10,5,5,255,5,5,10,5,5,5,5,5,5,5,10,5,5,5,255,255,255
1780855110.941529,19958,2005663016,839,1047,2085,2069,2101,2085,1259,999,1074,1322,2104,2086,2077,2096,1510,1121,1178,1852,2081,2068,2095,2039,2075,1668,1158,2043,2108,2088,2099,2114,2087,1875,1176,2051,2097,2054,2084,2075,2045,1954,1168,1898,2103,2035,2162,2085,2005,1926,1117,1958,2117,2107,2096,1944,1934,1954,1117,1888,2021,2022,2002,2006,1955,1990,5,255,255,5,5,10,5,5,5,5,5,5,255,255,5,5,5,4,5,5,5,5,5,5,9,5,5,5,5,5,5,5,5,5,5,5,5,5,255,5,5,5,5,5,5,5,255,5,5,5,5,5,5,5,5,5,5,255,5,5,5,10,255,255
1780855111.040912,19959,2005763016,849,1070,2098,2101,2096,2080,1278,1009,1082,1369,2039,2101,2083,2096,1369,1109,1190,2069,2087,2073,2131,2092,2060,1714,1224,2048,2065,2072,2086,2165,2086,1938,1164,1889,2101,2092,2088,2098,2064,1968,1194,1898,2103,2111,2150,2098,2005,1935,1157,1958,2103,2130,2075,1977,1903,1962,1125,1888,2052,2012,1979,1931,1955,1990,5,5,10,5,5,5,5,5,5,5,5,5,10,255,5,5,5,4,5,5,5,5,5,5,5,5,5,5,5,5,5,5,5,9,5,5,5,5,10,5,5,255,5,5,5,5,255,5,5,255,5,5,5,5,5,5,5,255,5,5,5,5,255,255
1780855111.141643,19960,2005863017,833,2089,2051,2079,2102,1992,1238,987,1071,1351,2069,2050,2083,2056,1373,1134,1169,1581,2083,2099,2137,2091,2055,1655,1215,1973,2081,2076,2105,2093,2058,1817,1208,2055,2095,2085,2118,2064,2064,1968,1175,1898,2123,2135,2111,2066,1911,1948,1148,1958,2075,2116,2102,1990,1930,1926,1072,1888,2019,2042,1979,1931,1955,1990,5,5,5,5,5,5,9,5,5,5,5,5,255,10,5,5,5,4,5,5,5,5,5,5,5,5,5,5,5,5,5,5,5,5,5,5,5,5,255,255,5,255,5,5,5,5,10,5,5,255,5,5,5,5,5,5,5,255,5,5,255,255,255,255
1780855111.240024,19961,2005963017,843,1001,2038,2067,2064,2077,1396,948,1080,1304,2069,2055,2121,2128,1404,1102,1214,2071,2047,2094,2137,2110,2062,1655,1181,2016,2092,2086,2092,2077,2125,1846,1145,2068,2095,2094,2144,2055,2051,1968,1202,2109,2088,2108,2115,2098,1911,1937,1145,2021,2075,2113,2084,1995,1952,1947,1121,1888,2075,2051,1999,1931,1955,1990,5,5,5,5,5,5,5,5,5,5,255,5,10,5,9,5,5,4,5,5,255,5,5,255,5,5,5,5,5,5,5,5,5,5,255,5,5,5,10,255,5,10,5,5,5,5,255,5,5,10,255,5,5,5,5,5,9,255,5,5,10,255,255,255
1780855111.342213,19962,2006063016,827,2072,2093,2101,2143,2036,1246,1000,1077,1336,2069,2087,2106,2128,1437,1104,1172,2009,2048,2070,2137,2086,2067,1627,1170,2046,2074,2075,2074,2085,2087,1717,1190,2002,2095,2102,2106,2097,2054,1968,1163,2059,2077,2116,2133,2142,1919,1870,1157,2021,2080,2072,2062,2000,1945,1942,1099,1888,2068,2033,1994,1982,1883,1990,5,5,5,5,5,5,5,5,5,5,255,5,5,255,5,9,5,5,5,5,255,5,5,10,5,5,5,5,5,5,5,5,5,5,255,5,5,5,5,255,5,5,5,5,5,5,10,255,5,255,10,5,5,5,5,5,5,255,5,5,5,10,10,255
1780855111.441495,19963,2006163016,842,2107,2093,2096,2061,1989,1284,973,1106,1305,2089,2038,2106,2082,1376,1110,1186,1704,2098,2094,2087,2113,2062,1627,1190,2104,2094,2085,2088,2110,2072,1844,1192,2002,2108,2091,2111,2097,2045,1968,1180,2036,2133,2102,2081,2106,1957,1936,1165,2028,2081,2108,2106,2028,1961,1950,1114,1888,2015,2025,1990,1895,1883,1990,5,5,255,5,5,5,5,5,5,5,10,5,255,10,5,5,5,5,5,5,10,5,5,255,5,5,5,5,5,5,5,5,5,255,10,5,5,255,5,255,5,5,5,5,5,5,5,5,5,10,5,5,5,5,5,5,5,255,5,5,5,5,255,255
1780855111.541284,19964,2006263017,833,2049,2039,2094,2128,2117,1249,987,1085,1375,2064,2106,2078,2082,1432,1151,1168,2000,2068,2079,2053,2134,2037,1627,1192,2091,2089,2097,2071,2081,2098,1844,1224,2034,2108,2097,2089,2130,2045,1968,1226,2084,2101,2102,2110,2093,1957,1965,1137,2028,2102,2118,2106,1988,1926,1964,1102,1560,2015,2025,2021,1895,1883,1990,5,5,10,5,5,5,5,5,5,5,5,5,10,255,5,5,5,4,5,5,5,5,5,255,5,5,5,5,5,5,5,255,5,10,255,5,5,10,255,255,5,5,5,255,5,5,255,5,5,255,5,5,255,5,5,5,5,10,255,255,5,255,255,255
1780855111.640778,19965,2006363017,832,2049,2059,2074,2091,2142,1352,996,1080,1218,2064,2106,2118,2073,1381,1099,1204,1998,2073,2084,2042,2100,2053,1670,1197,2016,2092,2087,2095,2105,2065,1954,1196,2008,2093,2085,2107,2127,2085,1968,1154,2084,2064,2109,2141,2093,1957,1928,1132,2028,2058,2094,2123,2018,1924,1980,1120,1560,2017,2059,1982,1961,1971,1990,5,255,5,5,5,5,5,5,5,5,255,255,5,10,5,5,5,5,5,5,5,5,5,10,5,5,5,5,5,5,5,10,5,5,10,5,5,5,10,255,5,255,5,10,5,255,255,5,5,255,5,5,10,5,5,5,5,255,10,10,5,10,10,255
1780855111.740887,19966,2006463017,841,2044,2074,2075,2064,2100,1279,977,1084,1272,2064,2071,2118,2073,1472,1104,1203,1931,2058,2103,2109,2075,2044,1621,1170,2024,2104,2095,2089,2120,2098,1860,1179,2035,2112,2085,2100,2088,2085,1968,1168,2084,2064,2168,2147,2093,1999,1934,1159,2015,2110,2089,2128,1962,2005,1990,1102,1631,2017,2059,2005,1989,1971,1990,5,10,5,5,5,5,5,5,5,5,255,10,255,255,9,5,5,5,5,5,5,5,5,5,5,5,5,5,5,5,5,5,5,5,5,5,5,5,255,255,5,255,255,5,5,255,10,5,5,10,5,5,5,5,5,5,5,3,255,255,5,5,255,255
1780855111.841588,19967,2006563016,839,2041,2064,2075,2062,2069,1278,994,1081,1354,2070,2091,2118,2073,1423,1089,1195,2081,2075,2061,2082,2048,2098,1727,1162,2088,2063,2099,2071,2145,2088,1860,1185,2045,2072,2083,2083,2101,2051,1885,1165,2031,2105,2119,2077,2095,1940,1920,1155,2024,2113,2079,2074,1952,1926,1942,1087,1631,2032,2032,1970,1974,1971,1990,5,5,5,255,5,5,5,5,5,5,10,5,255,255,5,5,5,5,5,5,5,5,5,5,5,5,5,5,5,5,5,255,5,5,5,5,5,5,10,10,5,10,10,5,5,10,5,5,5,5,5,5,5,5,5,5,5,255,10,10,5,5,255,255
1780855111.951124,19968,2006673017,853,1026,2079,2075,2051,2022,1279,964,1068,1243,2114,2050,2078,2073,1383,1071,1191,2081,2036,2091,2110,2104,2091,1698,1171,2039,2086,2084,2104,2157,2088,1848,1247,2064,2108,2112,2098,2089,2066,1862,1194,2031,2119,2109,2120,2095,1940,1937,1114,2024,2074,2145,2054,1952,1926,1942,1119,1631,2032,2051,2000,1924,1971,1990,5,5,5,255,5,5,5,5,5,5,5,5,10,255,5,5,5,255,5,5,5,5,5,9,5,5,5,5,5,5,5,10,5,5,5,5,5,5,5,5,5,255,5,5,5,255,255,5,5,255,5,5,5,255,255,255,5,255,255,5,5,5,255,255
1780855112.050621,19969,2006773017,856,1026,2044,2075,2078,2005,1320,1003,1078,1266,2089,2050,2078,2073,1448,1105,1177,1981,2078,2078,2094,2096,2059,1684,1152,1965,2088,2092,2091,2126,2081,1839,1195,2007,2082,2073,2136,2051,2054,1862,1184,1988,2080,2094,2058,2065,1976,1951,1136,2034,2141,2119,2102,1933,1934,1978,1123,1631,2067,2008,1984,1924,1971,1990,5,255,5,255,5,9,5,5,5,5,5,255,255,255,5,5,5,10,5,5,5,5,5,5,5,5,5,5,5,5,5,5,5,5,5,5,5,5,5,255,5,10,5,5,5,10,10,5,5,10,5,5,5,10,10,10,5,255,10,5,5,255,255,255
1780855112.151636,19970,2006873017,840,997,2044,2051,2075,2005,1291,984,1088,1257,1994,2076,2078,2104,1578,1121,1169,2025,2088,2050,2122,2090,2089,1672,1177,2028,2112,2087,2086,2097,2112,1848,1198,2074,2109,2093,2127,2122,2064,1862,1204,2195,2080,2064,2124,2080,1934,1894,1149,2017,2090,2102,2117,1982,1894,1975,1117,1631,2093,2008,2032,1924,1971,1990,5,10,255,10,5,255,5,5,5,9,5,10,255,10,5,5,5,5,5,5,5,5,5,5,5,5,5,5,5,5,5,9,5,5,5,5,5,5,5,255,5,4,255,5,5,5,5,5,5,5,5,5,5,5,5,5,5,255,5,255,5,255,255,255
1780855112.249775,19971,2006973016,840,2149,2106,2067,2077,2090,1266,988,1077,1306,2053,2042,2040,2028,1426,1106,1189,1899,2019,2080,2119,2136,2068,1652,1211,2082,2091,2088,2078,2111,2088,1891,1224,2082,2113,2082,2120,2096,2058,1862,1177,2195,2075,2064,2117,2138,1980,1943,1167,2094,2100,2088,2100,1993,1966,1975,1135,1899,2060,2074,2032,1971,1971,1990,5,5,10,5,5,10,5,5,5,5,5,5,10,5,5,5,5,9,5,5,5,5,5,5,5,5,5,5,5,5,5,5,5,5,5,5,5,5,5,255,5,255,10,255,5,5,5,5,5,5,5,5,5,5,5,255,5,10,5,10,255,10,255,255
1780855112.351081,19972,2007073017,845,2031,2106,2099,2102,1936,1335,992,1091,1315,2043,2105,2040,2028,1349,1074,1178,2029,2102,2077,2086,2081,2060,1652,1199,2064,2106,2088,2085,2093,2110,1891,1192,2108,2106,2097,2127,2158,2069,1862,1195,2195,2094,2064,2101,2079,1974,1939,1125,2094,2136,2134,2083,1952,1924,1975,1128,1899,1986,2074,2002,1971,1971,1990,5,5,255,5,5,9,5,5,5,5,5,5,255,255,5,5,5,5,5,5,5,5,5,255,5,5,5,5,5,5,5,255,5,5,5,5,5,5,5,255,5,255,5,255,5,5,5,5,5,255,5,5,5,5,5,255,5,255,5,255,10,255,255,255
1780855112.450826,19973,2007173017,850,1063,2034,2044,2068,2039,1255,982,1067,1257,2107,2101,2083,2028,1378,1104,1185,2121,2055,2062,2086,2102,2051,1631,1169,2068,2094,2100,2093,2124,2095,1847,1201,2108,2091,2100,2141,2158,2074,1862,1137,2195,2097,2117,2160,2032,1960,1939,1135,2094,2097,2094,2082,1984,1941,1978,1127,1927,2040,2034,2004,1964,1971,1990,5,255,10,5,5,5,5,5,5,9,5,5,10,255,5,5,5,5,5,5,255,5,5,10,5,5,5,5,5,5,5,10,5,255,5,5,5,255,5,255,5,255,5,10,5,5,5,255,5,255,5,5,5,255,5,10,5,10,5,10,5,10,255,255
1780855112.551735,19974,2007273017,846,2109,2039,2044,2092,2044,1316,1024,1087,1342,2107,2078,2130,2051,1475,1104,1159,1674,2094,2101,2086,2104,2079,1709,1151,2086,2097,2094,2087,2119,2076,1944,1187,2108,2092,2084,2106,2106,2032,1928,1168,2047,2094,2117,2096,2129,1960,1941,1146,2094,2096,2113,2109,2030,1890,1978,1126,1927,2040,2057,1910,1996,1971,1990,5,5,5,255,5,5,5,5,5,5,255,5,5,10,5,5,5,5,5,5,255,5,5,5,5,5,5,5,5,5,5,5,5,255,5,5,5,10,5,10,5,10,5,255,5,5,255,10,5,255,5,5,5,5,5,255,5,255,255,5,5,5,255,255
1780855112.651677,19975,2007373016,838,2029,2084,2075,2058,2087,1261,1018,1094,1225,2085,2068,2108,2039,1340,1118,1178,2007,2062,2089,2106,2109,2049,1668,1195,1977,2089,2076,2087,2087,2078,1858,1159,2021,2107,2087,2099,2106,2054,1898,1170,2090,2100,2117,2119,2089,1981,1952,1166,2095,2096,2093,2100,2054,1936,1953,1111,1927,2015,2029,1986,2008,1971,1990,5,5,5,10,5,5,5,5,5,5,10,5,5,5,5,5,5,5,5,5,10,5,5,5,5,5,5,5,5,5,5,5,5,10,5,5,5,255,5,5,5,5,5,255,5,5,10,5,5,10,5,5,5,5,5,10,5,255,10,5,5,5,255,255
1780855112.750833,19976,2007473017,843,1014,2060,2075,2118,2031,1252,1012,1072,1298,2013,2111,2108,2039,1492,1099,1176,1850,2083,2113,2063,2091,2103,1732,1207,2068,2075,2093,2097,2078,2061,1915,1211,2021,2101,2077,2101,2098,2067,1940,1172,2090,2073,2124,2046,2110,1981,1957,1142,2095,2116,2135,2079,2054,1935,1953,1144,1927,2084,2113,1997,2008,1922,1990,5,5,5,255,5,5,5,5,5,5,5,5,255,255,5,5,5,5,5,5,5,5,5,5,5,5,5,5,5,5,5,5,5,255,5,5,5,10,5,5,5,255,5,10,5,5,255,5,5,255,5,5,5,255,5,255,5,255,5,5,5,255,10,255
1780855112.850799,19977,2007573017,834,1058,2060,2097,2050,2075,1300,988,1098,1298,2022,2111,2097,2039,1390,1113,1195,1908,2082,2056,2055,2085,2094,1760,1161,1953,2080,2084,2096,2105,2081,1916,1202,1951,2094,2109,2126,2098,2057,1940,1144,2090,2089,2124,2097,2027,1981,1916,1167,2060,2074,2097,2053,2054,1956,1963,1100,1927,1974,1987,2078,1976,1922,1990,5,5,255,10,5,5,5,5,5,5,5,255,10,255,5,5,5,5,5,5,5,5,5,5,5,5,5,5,5,5,5,5,9,10,5,5,5,255,5,255,5,255,5,5,5,5,255,5,5,10,5,5,5,255,5,10,5,255,5,5,5,10,255,255
1780855112.953153,19978,2007673017,857,1062,2091,2055,2063,2024,1228,1006,1082,1262,2039,2082,2086,2039,1451,1142,1149,1740,2118,2063,2087,2122,2100,1760,1193,2013,2096,2077,2078,2103,2121,1916,1163,1980,2085,2106,2114,2098,2053,1940,1181,2090,2089,2112,2093,2104,1981,1934,1164,2060,2143,2121,2107,1962,1983,1960,1101,1927,2056,1989,1993,1940,1922,1990,5,255,10,5,5,5,5,5,5,5,5,10,5,255,5,5,5,5,5,5,5,5,5,255,5,5,5,5,5,5,5,255,9,5,5,5,5,255,5,255,5,255,255,5,5,5,255,5,5,255,5,5,5,10,5,5,5,255,5,5,5,5,255,255
1780855113.051269,19979,2007773016,840,2126,2024,2043,2104,2030,1273,986,1091,1196,2030,2078,2086,2039,1447,1089,1180,1839,2053,2068,2131,2079,2067,1745,1191,1988,2101,2093,2089,2131,2093,1929,1194,2026,2085,2101,2122,2101,2054,1934,1197,2090,2091,2130,2093,2101,1984,1974,1182,2038,2081,2066,2089,2026,1935,1947,1126,1961,2049,2046,1993,1979,1922,1990,5,4,5,5,5,5,9,5,5,5,5,5,255,255,5,5,5,9,5,5,5,5,5,10,5,5,5,5,5,5,5,10,5,5,255,5,5,10,5,10,5,255,10,5,255,5,10,5,5,10,5,5,5,5,5,5,5,10,5,5,5,5,255,255
1780855113.151428,19980,2007873017,845,1039,2092,2080,2062,1989,1249,980,1063,1254,2111,2070,2042,2108,1349,1126,1225,2104,2105,2115,2139,2134,2021,1745,1212,2105,2087,2100,2095,2135,2121,1929,1198,2064,2096,2091,2110,2103,2054,1908,1129,2090,2098,2130,2138,2048,1967,1958,1118,2038,2069,2065,2089,1987,1969,1947,1129,1961,2042,2046,1993,1979,1922,1990,5,5,5,5,5,5,5,5,5,5,5,5,10,10,5,5,5,4,5,5,5,5,5,255,5,5,5,5,5,5,5,255,5,5,10,5,5,5,255,5,5,255,5,255,10,5,5,5,5,255,5,5,255,5,5,5,5,255,5,255,255,255,255,255
1780855113.250529,19981,2007973016,837,1090,2086,2094,2057,2071,1249,975,1101,1406,2111,2101,2102,2108,1383,1133,1172,1938,2072,2092,2099,2057,2057,1682,1208,2045,2110,2092,2073,2103,2099,1880,1180,2035,2125,2092,2104,2150,2048,1969,1173,2022,2103,2084,2100,2095,1953,1976,1148,2038,2072,2124,2127,1972,1946,1934,1110,1961,2033,2046,1971,1922,1922,1990,5,5,5,5,5,5,255,5,5,5,255,5,5,255,5,5,5,5,5,5,5,5,5,10,5,5,5,5,5,5,5,10,5,5,5,5,5,5,10,5,5,10,5,10,5,5,5,5,5,255,5,5,10,5,5,5,5,255,5,255,10,10,255,255
1780855113.350016,19982,2008073017,846,1006,2079,2077,2092,1999,1322,993,1099,1283,2037,2035,2077,2075,1434,1104,1155,2001,2067,2090,2069,2064,2062,1682,1186,2045,2096,2086,2080,2115,2100,1880,1213,2002,2098,2100,2104,2042,2144,1908,1165,2022,2092,2104,2082,2038,1953,1946,1173,2038,2085,2114,2105,1972,1981,2004,1103,1961,2033,2046,2060,1922,1922,1990,5,5,5,5,5,5,10,5,5,5,10,5,5,10,5,5,5,5,5,5,5,5,5,255,5,255,5,5,5,5,5,255,5,3,5,5,5,5,5,5,5,255,5,5,5,5,255,5,5,255,5,5,5,255,5,5,5,255,255,255,5,255,255,255
1780855113.449808,19983,2008173016,850,1082,2077,2077,2089,2041,1242,1007,1091,1309,2116,2079,2111,2075,1526,1098,1185,1990,2092,2083,2085,2081,2043,1642,1173,2015,2090,2097,2092,2091,2100,1821,1186,2047,2068,2091,2094,2133,2144,1905,1190,1962,2063,2107,2087,2081,1995,1971,1160,2056,2141,2124,2051,1979,1969,1971,1125,1961,2080,2064,2033,1965,1922,1990,5,5,5,255,5,5,5,5,5,5,5,5,5,255,5,5,5,5,5,5,5,5,5,10,5,10,5,5,5,5,5,10,5,5,5,5,5,5,255,5,5,10,5,5,5,5,10,5,5,10,5,5,5,10,5,5,5,255,10,10,5,10,255,255
1780855113.550603,19984,2008273017,836,1079,2094,2060,2115,2041,1273,979,1064,1216,2060,2111,2151,2120,1423,1103,1164,2013,2079,2081,2060,2111,2083,1642,1190,2038,2096,2078,2067,2079,2107,1879,1182,2084,2112,2102,2132,2133,2040,1905,1211,1962,2112,2076,2110,2028,2021,1942,1128,2056,2115,2085,2096,1989,1968,1949,1114,1961,1982,2064,1978,1955,1922,1990,5,5,5,10,5,255,5,5,5,9,5,5,5,10,5,5,5,5,5,5,5,5,5,255,5,5,5,5,5,5,5,9,5,5,5,5,5,255,10,255,5,255,5,5,5,5,5,5,5,255,5,5,5,5,5,5,5,255,5,255,5,5,255,255
1780855113.651383,19985,2008373016,816,2084,2084,2102,2080,2068,1278,988,1094,1272,2074,2107,2067,2120,1348,1112,1182,2001,2054,2057,2112,2074,2048,1650,1164,2038,2095,2080,2091,2134,2110,1866,1201,2028,2110,2104,2117,2102,2080,1905,1183,1978,2093,2076,2125,2076,1974,1919,1149,2028,2151,2081,2107,1975,1933,1950,1117,1961,2006,2071,1962,1955,1948,1990,5,4,5,5,5,10,5,5,5,5,5,5,5,255,5,5,5,5,5,5,5,5,5,10,5,255,5,5,5,5,5,5,5,5,5,5,5,10,5,255,5,10,5,255,5,5,5,5,5,10,5,5,5,5,5,5,5,255,5,10,5,255,10,255
1780855113.749307,19986,2008473017,830,1005,2084,2075,2103,2012,1250,994,1071,1251,2104,2085,2054,2009,1387,1091,1153,2043,2090,2054,2051,2087,2077,1759,1169,2071,2080,2095,2102,2090,2112,1820,1190,2068,2072,2130,2088,2128,2080,1905,1188,1978,2089,2120,2125,2097,1984,1954,1150,2028,2103,2081,2120,1969,1933,1895,1105,1961,2049,2071,2021,1922,1948,1990,5,255,255,5,5,5,5,5,5,255,5,5,5,10,5,5,5,5,5,5,5,5,5,5,5,10,5,5,5,5,5,5,5,5,5,5,5,5,255,255,5,255,5,10,5,5,5,5,5,255,5,5,5,5,255,5,5,255,5,255,5,10,255,255
1780855113.851986,19987,2008573016,841,2063,2059,2089,2045,2012,1291,983,1079,1260,2031,2101,2054,2083,1455,1107,1185,1821,2050,2088,2094,2020,2069,1744,1194,2035,2093,2096,2086,2106,2100,1906,1195,2040,2065,2097,2107,2103,1979,1939,1142,1978,2082,2120,2114,2023,1954,1937,1143,2075,2087,2101,2111,2032,1936,1895,1096,1961,1995,2030,2021,1977,1947,1990,5,4,10,5,5,255,5,5,5,5,5,5,255,9,9,5,5,4,5,5,5,5,5,5,5,5,5,5,5,5,5,5,5,5,5,5,5,5,10,10,9,255,5,255,5,5,5,5,5,10,5,5,5,5,10,255,5,255,5,10,255,5,10,255
1780855113.950981,19988,2008673017,832,1060,2059,2082,2099,2012,1259,997,1063,1199,2031,2101,2054,2083,1486,1133,1199,1821,2106,2057,2122,2079,2032,1744,1187,2035,2081,2069,2092,2108,2084,1877,1207,2099,2086,2091,2090,2103,2039,1989,1175,2011,2081,2120,2094,2044,1991,1938,1196,2075,2124,2140,2111,1986,1985,1969,1108,1348,2044,2061,2021,1925,1947,1990,5,5,255,5,5,255,9,5,5,5,255,255,255,255,5,5,5,255,5,5,5,5,5,255,5,255,5,5,5,5,5,5,5,5,5,5,5,255,5,5,5,10,5,255,5,5,5,5,5,255,5,5,255,5,5,10,5,10,5,5,255,5,255,255
1780855114.050835,19989,2008773017,833,1042,2075,2127,2077,2012,1282,982,1084,1298,2069,2073,2061,2083,1454,1130,1175,1966,2093,2081,2091,2087,2102,1660,1219,2114,2066,2089,2077,2120,2035,1856,1199,2061,2093,2116,2099,2112,2039,1929,1178,2123,2078,2120,2094,2065,1964,1959,1170,2075,2110,2099,2111,2027,1940,1937,1133,1641,2052,2057,1997,1957,1947,1990,5,255,10,5,5,255,5,5,5,5,10,10,10,255,5,5,5,10,5,5,5,5,5,10,5,10,5,5,5,5,5,5,5,5,5,5,5,10,255,5,5,5,5,255,255,5,5,5,5,255,5,5,255,5,5,5,5,4,5,5,10,5,255,255
1780855114.151506,19990,2008873016,835,1065,2104,2042,2041,1926,1308,975,1076,1279,2069,2073,2061,2106,1415,1141,1192,1867,2082,2102,2114,2058,2022,1699,1201,2072,2083,2087,2093,2088,2089,1828,1195,1938,2120,2087,2097,2074,2062,1929,1185,2106,2104,2114,2135,2130,1964,1988,1142,2026,2125,2130,2073,1979,1952,1970,1138,1641,2032,2044,1997,1951,1947,1990,5,5,5,5,5,10,5,5,5,5,255,255,255,10,5,5,5,5,5,5,5,5,5,5,5,5,5,5,5,5,5,5,5,5,5,5,5,5,10,5,5,5,5,10,10,5,255,5,5,10,5,5,10,5,5,5,5,255,5,5,255,5,255,255
1780855114.252242,19991,2008973016,827,2028,2063,2057,2071,2069,1288,979,1079,1270,2126,2090,2099,2082,1404,1099,1183,1940,2084,2085,2062,2077,2076,1679,1198,2010,2110,2084,2098,2083,2132,1828,1158,1938,2112,2103,2096,2074,1998,1929,1155,2106,2083,2116,2130,2070,1960,1925,1157,2026,2118,2084,2084,1982,1935,1954,1154,1503,2009,1985,1994,1996,1947,1990,5,4,5,5,5,5,9,5,5,5,10,10,10,5,5,5,5,5,5,5,5,5,5,5,5,5,5,5,5,5,5,255,5,255,5,5,5,255,5,255,5,255,5,5,5,5,10,255,9,255,5,5,5,5,5,5,5,10,5,5,10,5,255,255
1780855114.349900,19992,2009073017,851,2058,2063,2120,2092,2069,1277,997,1074,1281,2013,2090,2069,2082,1472,1043,1203,1946,2097,2066,2076,2061,2078,1721,1185,2040,2098,2096,2095,2111,2078,1828,1180,2047,2096,2103,2091,2102,1998,1889,1182,2106,2089,2116,2094,2071,1960,1958,1117,2026,2122,2141,2084,1993,1973,1954,1141,1503,2061,2072,1994,2011,1947,1990,5,5,255,5,5,255,5,5,5,5,5,255,5,255,5,5,5,5,5,5,5,5,5,5,5,5,5,5,5,5,5,255,5,10,5,5,5,10,255,10,5,255,5,255,5,5,255,5,5,255,5,5,255,5,5,255,5,255,5,5,255,5,255,255
1780855114.451364,19993,2009173016,839,2038,2068,2069,2130,2069,1288,1014,1043,1218,2094,2064,2109,2041,1359,1083,1184,1618,2085,2100,2076,2099,2059,1758,1221,2068,2083,2094,2088,2144,2058,1873,1207,2032,2084,2084,2094,2042,1998,1889,1141,1966,2109,2048,2092,2057,1960,1951,1131,2049,2111,2118,2084,2039,1953,1955,1089,1503,2060,2005,1973,1928,1947,1990,5,5,10,5,5,255,5,5,5,5,5,10,5,10,5,5,5,5,5,5,255,5,5,5,5,5,5,5,5,5,5,10,5,5,5,5,5,5,255,255,9,10,5,10,5,5,255,5,5,10,5,5,255,5,5,10,5,255,5,5,10,5,255,255
1780855114.552762,19994,2009273017,835,1048,2061,2074,2110,2017,1341,983,1072,1326,2100,2054,2109,2041,1445,1136,1196,1618,2050,2037,2091,2077,2078,1758,1218,2068,2098,2096,2088,2100,2074,1841,1230,2045,2084,2117,2074,2179,2039,1889,1175,1966,2070,2110,2164,2118,1968,1951,1160,2097,2084,2092,2123,1995,1938,1966,1135,1503,2060,2077,2001,1928,1947,1990,5,5,5,5,5,10,5,5,5,5,5,5,255,255,5,5,5,255,5,5,10,5,5,255,5,255,5,5,5,5,5,5,5,5,255,5,5,5,10,255,5,255,5,5,5,5,10,255,5,5,5,5,10,5,5,5,5,255,255,5,5,255,255,255
1780855114.650820,19995,2009373017,837,2070,2044,2088,2061,1933,1276,1007,1054,1312,2054,2063,2109,2038,1430,1129,1175,2007,2087,2072,2055,2092,2105,1712,1191,1980,2106,2085,2095,2123,2099,1881,1150,2045,2035,2092,2096,2082,2053,1867,1202,1966,2086,2110,2056,2021,1968,1918,1150,2097,2089,2108,2110,1982,1946,1955,1106,1503,2019,2072,2007,1928,1947,1990,5,4,5,5,5,9,5,5,5,5,5,5,255,10,5,5,5,10,5,5,5,5,5,10,5,10,5,5,5,5,5,5,5,255,10,5,5,5,5,10,5,255,5,255,5,5,255,10,5,255,5,5,5,5,5,5,5,255,10,5,5,255,255,255
1780855114.761693,19996,2009483017,846,1002,2058,2060,2096,2086,1296,991,1095,1287,2035,2085,2109,2015,1421,1114,1133,2038,2096,2064,2133,2079,2118,1712,1181,1980,2070,2083,2090,2105,2065,1881,1176,1935,2054,2145,2126,2082,2053,1951,1225,1674,2103,2067,2099,2032,1968,1926,1159,2097,2122,2091,2080,1985,1912,1990,1104,1503,1985,2036,1913,1939,1930,1990,5,255,5,5,5,5,5,5,5,5,5,5,255,9,5,5,5,5,5,5,5,5,5,255,5,255,5,5,5,5,5,255,5,10,5,5,5,255,255,5,5,10,5,10,5,5,255,5,5,255,5,5,5,5,5,5,5,255,5,5,5,10,10,255
1780855114.862716,19997,2009583016,841,2099,2117,2058,2109,2069,1258,1014,1109,1297,2096,2066,2109,2015,1433,1153,1197,2011,2117,2073,2060,2080,2096,1620,1195,2121,2112,2094,2093,2113,2076,1827,1142,2074,2068,2086,2073,2145,2055,1909,1181,1674,2101,2092,2102,2110,1968,1926,1135,2023,2111,2108,2106,1974,1938,1918,1111,1503,2119,2073,2028,1939,1930,1990,5,8,5,5,5,5,5,5,5,5,5,5,255,255,5,5,5,5,5,5,5,5,5,10,5,10,5,5,5,5,5,10,5,5,5,5,5,10,10,5,5,255,5,5,5,5,255,255,5,10,5,5,5,5,5,5,5,255,5,5,5,255,255,255
1780855114.960503,19998,2009683017,829,2024,2117,2058,2072,2041,1268,994,1073,1297,1944,2103,2109,2015,1426,1136,1198,2011,2079,2065,2105,2128,2077,1706,1165,2083,2098,2088,2081,2072,2069,1827,1192,2076,2116,2117,2101,2128,2055,1909,1198,1674,2077,2092,2094,2072,1925,1921,1149,2023,2061,2117,2068,1984,1966,1957,1143,1503,2053,2059,1982,1939,1930,1990,5,5,255,255,5,5,5,5,5,5,9,5,255,255,5,5,5,255,5,5,5,5,5,5,5,5,5,5,5,5,5,255,5,5,5,5,5,5,255,255,5,255,5,255,5,5,10,10,5,255,5,5,5,5,5,5,5,255,5,5,5,255,255,255
1780855115.060577,19999,2009783016,815,2058,2117,2071,2082,1993,1315,1012,1041,1256,2086,2087,2109,2120,1433,1122,1181,2090,2073,2073,2144,2116,2056,1648,1170,2037,2086,2087,2098,2092,2115,1827,1216,2003,2078,2112,2110,2099,2065,1909,1189,1674,2126,2094,2084,2073,1931,1944,1121,1618,2113,2095,2103,1935,1936,1917,1102,1503,2057,2035,1986,1968,1930,1990,5,5,255,10,5,5,5,5,5,9,5,5,255,10,9,5,5,10,5,5,5,5,5,5,5,5,5,5,5,5,5,255,5,5,5,5,5,5,10,255,5,255,5,10,5,5,5,5,5,10,5,5,5,5,5,5,5,255,5,5,5,10,255,255
1780855115.160337,20000,2009883017,848,1034,2117,2092,2072,2107,1266,994,1067,1280,2077,2087,2053,2120,1461,1106,1164,2059,2066,2095,2113,2151,2082,1798,1166,2057,2083,2077,2102,2098,2056,1962,1235,2027,2078,2076,2116,2099,2065,1909,1203,1674,2084,2081,2095,2133,1998,1986,1142,2065,2147,2152,2140,2010,1923,1936,1097,1489,2093,2035,1991,1934,1930,1990,5,5,255,5,5,5,5,5,5,5,5,255,10,255,5,5,5,5,5,5,5,5,5,5,5,5,5,5,5,5,5,10,5,5,255,5,5,255,255,255,5,255,5,5,5,5,5,5,5,4,5,5,5,5,5,5,5,10,5,255,5,5,255,255
1780855115.260348,20001,2009983016,843,1985,2071,2096,2077,2017,1286,1001,1060,1297,2038,2074,2053,2120,1479,1121,1200,2078,2076,2103,2100,2119,2047,1707,1184,2057,2079,2093,2066,2085,2102,1922,1180,2035,2071,2069,2095,2099,2020,1909,1179,2130,2101,2133,2085,2075,1944,1966,1112,2050,2086,2123,2078,1971,1936,1953,1122,1489,2043,2053,1991,1968,1930,1990,5,5,10,5,5,5,5,5,5,5,5,10,255,255,5,5,5,5,5,5,5,5,5,5,5,5,5,5,5,5,5,5,5,5,10,5,5,255,10,255,5,10,5,5,5,5,3,5,5,5,5,5,5,5,5,5,5,255,5,10,255,5,255,255
1780855115.360018,20002,2010083017,835,1050,2065,2096,2120,2017,1266,988,1061,1259,2064,2100,2053,2044,1437,1095,1167,2043,2026,2099,2100,2073,2110,1607,1179,2067,2080,2084,2087,2088,2134,1922,1179,2074,2066,2106,2134,2099,2020,1909,1163,2130,2126,2133,2085,2071,1886,1959,1157,2050,2121,2085,2136,2006,1951,1916,1087,1489,2016,1996,2068,1982,1930,1990,5,255,5,255,5,255,5,5,5,5,5,5,255,10,5,5,5,5,5,5,5,5,5,5,5,5,5,5,5,5,5,255,5,5,5,5,5,255,255,255,5,255,5,255,255,5,5,5,5,255,5,5,5,5,5,5,5,255,5,5,10,5,255,255
1780855115.460478,20003,2010183016,850,1083,2025,2073,2072,2023,1248,982,1077,1262,2023,2038,2088,2031,1392,1089,1179,2015,2075,2097,2101,2102,2044,1611,1139,2032,2077,2085,2089,2094,2071,1836,1187,2007,2067,2093,2114,2128,2057,1879,1193,2064,2110,2137,2087,2099,2013,1919,1135,2014,2120,2114,2093,2033,1950,1914,1113,1489,2010,2070,2015,1937,1930,1990,5,255,5,10,5,10,5,5,5,5,5,5,10,5,5,5,5,5,5,5,5,5,5,5,5,5,5,5,5,5,5,10,5,5,5,5,5,10,10,10,5,10,5,10,10,5,5,5,5,10,5,5,5,5,5,5,5,255,5,5,5,5,255,255
1780855115.560830,20004,2010283017,847,1084,2019,2073,2121,2039,1301,981,1078,1327,2023,2088,2141,2111,1423,1096,1161,2015,2035,2101,2087,2055,2044,1704,1241,2029,2107,2074,2087,2095,2124,1836,1229,2050,2072,2104,2099,2128,2060,1931,1180,2064,2103,2066,2098,2057,2022,1922,1109,2013,2128,2087,2127,1976,1977,1914,1112,1489,2013,2050,1962,1999,1930,1990,5,5,5,255,5,5,5,5,5,5,255,5,5,5,5,9,5,255,5,5,5,5,5,5,5,5,5,5,5,5,5,255,5,5,5,5,5,255,5,5,5,255,5,5,5,5,5,5,5,5,5,5,5,5,5,255,5,255,5,5,5,5,255,255
1780855115.661776,20005,2010383016,849,2066,2041,2072,2061,2044,1286,996,1080,1289,2086,2097,2141,2111,1428,1097,1203,1888,2121,2103,2073,2053,2043,1704,1183,2054,2104,2068,2078,2108,2095,1836,1151,1966,2086,2099,2102,2128,2078,1926,1125,2041,2115,2087,2132,2106,1967,1964,1175,2014,2101,2119,2117,2047,1912,1980,1122,1489,1997,2020,1990,1934,1937,1990,5,5,5,10,5,5,5,5,5,5,10,5,255,255,5,5,5,10,5,5,5,5,5,255,5,5,5,5,5,5,5,255,5,5,5,5,5,255,5,5,5,10,5,5,5,5,5,5,5,5,5,5,5,5,5,10,5,255,5,5,5,5,10,255
1780855115.762340,20006,2010483017,828,1039,2041,2086,2091,2044,1219,980,1087,1284,2086,2061,2141,2083,1443,1118,1159,1914,2076,2085,2120,2076,2072,1655,1215,2054,2099,2090,2060,2088,2092,1836,1223,2030,2089,2062,2108,2044,2051,1968,1152,2064,2092,2087,2055,2074,1929,1945,1153,2014,2074,2106,2117,1999,1953,1911,1091,1489,1937,2017,2005,1934,1937,2015,5,5,255,5,5,255,9,5,5,5,255,5,255,10,5,9,9,5,5,5,5,5,5,10,5,255,5,5,5,5,5,255,5,5,5,5,5,10,5,5,9,5,5,255,5,5,5,5,5,255,5,5,255,5,5,5,5,255,5,5,5,255,255,10
1780855115.862707,20007,2010583017,856,2088,2041,2059,2060,2066,1292,1001,1050,1267,2085,2097,2078,2083,1438,1135,1179,2007,2071,2102,2083,2085,2104,1704,1170,2034,2065,2096,2084,2104,2113,1836,1181,2057,2066,2119,2107,2044,2097,1968,1201,2072,2099,2088,2091,2101,1950,1941,1138,2014,2101,2105,2107,1975,1917,1932,1092,1489,2009,2026,2005,1960,1937,2015,5,5,255,5,5,10,5,5,5,5,10,5,10,255,5,5,5,5,5,5,5,5,5,5,5,10,5,5,5,5,5,255,5,5,5,5,5,255,5,255,5,5,5,10,5,5,5,5,5,255,5,5,10,5,5,5,5,255,5,5,255,10,255,255
1780855115.961308,20008,2010683017,849,2075,2041,2058,2072,2027,1264,992,1084,1291,2053,2084,2108,2038,1365,1089,1178,2028,2074,2111,2071,2093,2068,1601,1235,2046,2063,2078,2064,2125,2108,1863,1216,2108,2119,2104,2106,2086,2031,1968,1169,2072,2103,2088,2109,2093,1910,1940,1132,2014,2095,2112,2107,2042,1931,1932,1116,1489,2046,2047,2047,1940,1937,2015,5,5,255,5,5,5,5,5,5,5,9,5,5,10,5,5,9,5,5,5,5,5,5,5,5,5,5,5,5,5,5,10,5,5,5,5,5,10,5,255,9,255,5,255,5,5,5,5,5,255,5,5,255,5,5,255,5,255,5,5,10,5,255,255
1780855116.060920,20009,2010783016,845,1010,2081,2043,2069,2041,1251,1007,1109,1252,2051,2058,2099,2038,1558,1140,1216,1606,2104,2082,2119,2077,2064,1601,1220,1986,2092,2073,2105,2052,2082,1786,1186,2045,2102,2084,2087,2123,2086,1968,1169,2092,2099,2092,2093,2082,1910,2009,1162,2014,2049,2120,2117,1997,1967,1932,1143,1489,2137,2039,1985,1981,1937,2015,5,9,10,5,5,5,5,5,5,9,5,5,5,255,5,5,5,5,5,5,5,5,5,255,9,5,5,5,5,5,5,5,5,5,5,5,5,5,5,255,5,10,5,10,5,5,255,5,5,255,5,5,10,5,5,10,5,255,5,5,5,5,255,255
1780855116.161609,20010,2010883016,837,1053,2013,2087,2065,2058,1301,993,1083,1178,2051,2097,2113,2097,1415,1126,1201,2017,2094,2084,2124,2082,2053,1601,1196,2090,2084,2087,2084,2024,2122,1947,1182,2139,2105,2087,2122,2061,2057,1968,1176,2092,2109,2114,2129,2124,1866,2009,1131,2063,2086,2072,2123,2018,1959,1932,1088,1489,2095,2050,1939,1981,1943,2015,5,5,5,5,5,5,9,5,5,5,5,5,5,10,5,5,5,4,5,5,5,5,5,255,5,5,5,5,5,5,5,5,5,5,5,5,5,5,5,255,9,255,5,5,5,5,10,255,5,10,5,5,5,5,5,255,5,255,5,5,5,255,10,255
1780855116.262323,20011,2010983017,849,1060,2081,2073,2066,2009,1267,1002,1072,1257,2069,2075,2062,2097,1427,1107,1195,2018,2094,2072,2017,2027,2064,1649,1202,2090,2078,2087,2094,2067,2083,1803,1149,2083,2105,2133,2104,2101,2058,1899,1173,2092,2081,2106,2131,2102,1866,1954,1164,2063,2143,2103,2095,1984,1964,1954,1126,1489,2052,2045,1939,1985,1943,2015,5,5,5,5,5,5,5,5,5,5,5,5,5,255,5,5,5,5,5,5,5,255,5,10,5,255,5,5,5,5,5,5,5,5,255,5,5,5,5,10,5,255,5,5,5,5,255,10,5,255,5,5,5,5,5,10,5,255,5,5,255,10,255,255
1780855116.361331,20012,2011083017,839,2051,2111,2050,2096,2007,1298,981,1086,1381,2083,2155,2062,2097,1397,1085,1189,1521,2076,2071,2086,2094,2062,1636,1213,2059,2094,2077,2081,2104,2118,1868,1174,2027,2134,2087,2093,2101,2058,1874,1190,2092,2088,2078,2065,2096,1866,1920,1148,2083,2085,2100,2095,2005,1960,1954,1113,1399,2087,2045,2098,2002,1969,2015,5,5,5,5,5,5,5,5,5,4,5,5,255,255,5,5,5,4,5,5,5,5,5,9,5,10,5,5,5,5,5,5,9,5,10,5,5,255,255,5,5,255,5,5,5,5,255,5,5,10,5,5,255,5,5,255,5,10,5,255,10,5,10,255
1780855116.460310,20013,2011183016,841,2059,2066,2067,2081,2030,1273,975,1105,1366,2090,2108,2055,2060,1408,1126,1218,1946,2064,2059,2106,2068,2089,1748,1164,2059,2101,2087,2049,2100,2085,1868,1182,2010,2141,2075,2068,2166,2053,1916,1192,2074,2138,2078,2131,2056,1866,1920,1135,2022,2102,2118,2081,1977,1951,1947,1116,1399,1994,2057,1993,2018,1969,2015,5,5,5,5,5,5,9,5,5,9,5,5,10,10,5,5,5,4,5,5,5,5,5,5,5,255,5,5,5,5,5,255,5,5,5,5,5,10,10,5,5,10,5,255,5,5,255,255,5,5,5,5,10,5,5,10,5,255,5,10,5,5,255,255
1780855116.561509,20014,2011283017,831,2068,2049,2081,2061,2095,1286,976,1074,1233,2090,2101,2055,2032,1439,1115,1203,2020,2082,2108,2078,2134,2074,1707,1216,2110,2090,2087,2095,2086,2080,1868,1240,2011,2075,2101,2133,2116,2053,1829,1152,2074,2080,2090,2119,2076,1866,1931,1113,2022,2125,2111,2081,1973,1962,1945,1097,1399,1994,2022,2004,2018,1969,2015,5,5,5,5,5,5,5,5,5,5,255,5,255,5,5,5,5,5,5,5,5,5,5,5,5,10,5,5,5,5,5,255,5,5,5,5,5,5,255,5,5,255,5,10,5,5,255,10,5,255,5,5,255,5,5,5,5,255,255,5,5,255,255,255
1780855116.661481,20015,2011383016,832,2057,2075,2076,2082,2095,1283,964,1086,1284,2035,2101,2032,2093,1472,1102,1172,1947,2089,2106,2089,2106,2045,1670,1156,2036,2082,2100,2091,2112,2120,1800,1209,2059,2086,2106,2081,2116,2063,1982,1139,2032,2086,2092,2114,2070,1930,1949,1137,2022,2073,2085,2090,2037,1944,1952,1125,1399,2054,2094,2053,1922,1969,2015,5,5,5,5,5,255,5,5,5,5,10,255,10,5,5,5,5,5,5,5,5,5,5,5,5,5,5,5,5,5,5,10,9,5,5,5,5,255,10,5,5,10,5,5,5,5,10,5,5,255,5,5,10,5,5,5,5,255,10,5,5,10,255,255
1780855116.763174,20016,2011483017,822,1039,2075,2102,2092,2061,1292,1018,1072,1238,2100,2084,2032,2093,1455,1109,1173,1985,2061,2086,2110,2111,2094,1670,1164,2048,2062,2092,2074,2113,2081,1919,1196,2014,2054,2109,2084,2073,2049,1870,1202,2032,2100,2094,2114,2075,1886,1965,1116,2045,2101,2073,2090,1983,1959,1978,1134,1399,1992,2036,1979,1972,1969,2015,5,5,255,5,5,10,5,5,5,5,5,10,255,255,5,5,5,5,5,5,5,5,5,255,5,5,5,5,5,5,5,5,5,5,5,5,5,10,5,5,5,255,5,5,255,5,5,5,5,10,5,5,255,5,5,5,5,255,5,5,5,5,255,255
1780855116.861438,20017,2011583016,843,1035,2064,2083,2055,2067,1292,1012,1071,1315,2052,2082,2079,2020,1372,1122,1213,1596,2061,2085,2130,2059,2032,1709,1179,2048,2100,2099,2105,2101,2095,1900,1154,2072,2054,2116,2057,2073,2034,1870,1162,2032,2075,2141,2116,2113,1983,1919,1148,2044,2072,2089,2085,1968,1958,1932,1104,1399,2006,2068,1980,1920,1963,2015,5,5,10,5,5,5,9,5,5,5,5,5,10,10,9,5,5,4,5,5,5,5,5,10,5,255,5,5,5,5,5,9,9,5,255,5,5,255,5,255,5,255,5,5,10,5,5,5,5,5,5,5,10,5,5,5,5,255,5,5,5,5,10,255
1780855116.961086,20018,2011683017,847,2091,2064,2070,2079,2012,1225,1003,1079,1334,2052,2082,2059,2095,1419,1145,1190,1754,2054,2074,2099,2094,2064,1787,1162,2048,2049,2096,2080,2112,2078,1900,1185,2072,2099,2081,2112,2073,2034,1870,1158,2032,2082,2114,2092,2092,2030,1944,1150,2044,2111,2102,2114,1952,1952,1983,1119,1711,2006,2068,1950,1949,1963,2015,5,5,255,5,5,5,9,5,5,5,255,255,5,5,5,5,5,5,5,5,5,5,5,5,5,255,5,5,5,5,5,255,5,255,10,5,5,255,255,255,5,255,5,5,5,5,5,5,5,255,5,5,5,5,5,5,5,10,255,255,5,5,255,255
1780855117.063554,20019,2011783016,842,2097,2045,2070,2096,2084,1242,980,1033,1252,2040,2094,2031,2095,1405,1157,1201,1607,2044,2099,2102,2075,2080,1671,1233,2036,2085,2083,2085,2092,2057,2014,1155,1667,2099,2115,2110,2072,2074,1916,1181,2090,2084,2106,2154,2069,1936,1937,1135,2044,2095,2114,2098,1952,1934,1960,1109,1711,2048,2088,2020,2005,1963,2015,5,5,10,5,5,5,9,5,5,5,10,10,5,255,5,5,5,5,5,5,5,5,5,5,5,10,5,5,5,5,5,10,5,10,255,5,5,10,10,10,5,10,5,5,5,5,5,5,5,255,5,5,5,255,5,5,5,255,10,10,5,5,255,255
1780855117.161081,20020,2011883017,829,1076,2045,2074,2054,2085,1227,977,1080,1321,2099,2094,2031,2095,1450,1099,1191,1607,2054,2081,2060,2196,2098,1671,1194,2001,2091,2093,2114,2098,2093,1785,1217,1667,2107,2104,2101,2073,2074,1916,1150,2090,2095,2067,2101,2097,2081,1932,1165,2000,2128,2117,2126,1950,1963,1960,1159,1711,2046,2088,2044,1949,1963,1997,5,255,255,5,5,5,9,5,5,5,5,255,255,255,5,5,5,255,5,5,5,5,5,255,5,5,5,5,5,5,5,4,5,255,10,5,5,5,255,255,5,255,5,5,5,5,5,5,5,10,5,5,5,10,255,255,5,255,5,255,5,5,255,10
1780855117.260889,20021,2011983016,843,1022,2060,2084,2064,2067,1318,1011,1051,1266,2090,2102,2033,2095,1367,1099,1175,1988,2082,2087,2068,2086,2059,1699,1191,2001,2068,2077,2072,2120,2069,1785,1188,2079,2115,2094,2067,2041,2094,1916,1174,2064,2106,2050,2124,2091,2081,1942,1134,2000,2108,2124,2080,1952,1950,1965,1133,1590,2025,2053,1971,1949,1963,1997,5,5,10,5,5,5,5,5,5,5,5,10,10,255,5,5,5,10,5,5,5,5,5,10,5,255,5,5,5,5,5,255,5,10,5,5,5,5,10,255,5,10,5,5,5,5,255,5,5,255,5,5,5,5,5,10,5,10,5,10,5,255,255,255
1780855117.361522,20022,2012083017,843,2072,2059,2091,2071,1931,1294,999,1066,1337,2090,2087,2033,2095,1517,1098,1174,2048,2108,2082,2064,2116,2076,1679,1199,2008,2084,2085,2110,2123,2093,1830,1187,2043,2106,2111,2114,2069,2009,1916,1160,2064,2102,2062,2088,2055,2081,1907,1153,2000,2110,2112,2083,2105,1905,1965,1107,1590,2001,2053,1988,1949,1963,1997,5,5,5,5,5,5,5,5,5,5,255,5,255,255,5,5,5,5,5,5,5,5,5,5,5,10,5,5,5,5,5,10,9,5,5,5,5,5,5,255,5,255,5,5,5,5,255,5,5,255,5,5,5,5,5,255,5,255,5,255,5,255,255,255
1780855117.470337,20023,2012193016,842,1028,2010,2073,2086,2079,1264,975,1079,1438,2097,2124,2033,2093,1400,1078,1204,2016,2085,2080,2069,2076,2058,1571,1176,2008,2072,2088,2102,2117,2084,1830,1179,1994,2073,2107,2119,2089,2054,1919,1154,2064,2098,2098,2061,2056,1932,1954,1147,2023,2071,2110,2104,2026,1943,1974,1109,1590,2112,2092,2034,1949,1963,1997,5,5,5,5,5,5,5,5,5,5,10,5,255,10,9,5,9,5,5,5,5,5,5,5,5,255,5,5,5,5,5,255,5,5,5,5,5,5,5,10,5,255,5,5,5,5,10,5,5,10,5,5,5,5,5,10,5,255,5,10,5,255,255,255
1780855117.571277,20024,2012293017,850,2058,1992,2102,2051,1966,1304,993,1052,1295,2057,2094,2079,2093,1431,1098,1189,2021,2089,2091,2087,2162,2103,1571,1124,2029,2099,2087,2069,2103,2075,1830,1154,2015,2120,2078,2109,2089,2054,1919,1165,2064,2104,2049,2105,2041,1975,1965,1126,2023,2083,2093,2090,1989,1974,1974,1151,1590,2044,2095,1994,1951,1963,1997,5,5,5,5,5,5,5,5,5,5,5,5,10,255,5,5,5,5,5,5,5,5,5,255,5,10,5,5,5,5,5,255,5,5,5,5,5,255,255,255,5,255,5,5,5,5,5,5,5,255,5,5,5,5,5,255,5,255,5,5,5,10,255,255
1780855117.670498,20025,2012393016,850,2067,2074,2092,2116,2129,1252,991,1082,1238,2057,2111,2085,2047,1483,1097,1226,1987,2072,2070,2101,2110,2065,1686,1162,1992,2088,2079,2087,2108,2077,1850,1189,2038,2124,2092,2122,2089,2029,1919,1159,2064,2103,2074,2090,2098,1997,1957,1165,2062,2054,2102,2095,2057,1949,1954,1114,1590,2067,2061,2032,1928,2010,1997,5,5,5,5,5,5,5,5,5,5,255,5,5,10,5,5,5,5,5,5,5,5,5,10,5,5,5,5,5,5,5,10,5,5,5,5,5,255,10,255,5,255,5,5,5,5,5,5,5,10,5,5,5,5,5,10,5,255,5,5,5,5,10,255
1780855117.770244,20026,2012493017,845,2109,2115,2041,2077,2055,1244,999,1095,1389,2056,2113,2098,2090,1454,1140,1223,2050,2074,2078,2094,2076,2037,1705,1153,2054,2054,2104,2068,2118,2086,1856,1167,2038,2117,2102,2091,2146,2076,1919,1179,2064,2125,2106,2113,2097,1997,1984,1144,2062,2102,2107,2090,2032,1954,1916,1081,1590,2036,2061,1985,1928,2010,1997,5,5,5,5,5,5,5,5,5,5,10,5,5,5,5,5,5,5,5,5,5,5,5,5,5,5,5,5,5,5,5,5,9,255,5,5,5,10,5,255,5,255,5,5,5,5,255,5,9,255,5,5,5,5,5,5,5,255,5,255,5,255,255,255
1780855117.871333,20027,2012593016,830,2088,2048,2090,2075,1925,1251,989,1085,1240,2056,2065,2064,2002,1441,1143,1190,1983,2068,2079,2101,2045,2053,1689,1206,2016,2081,2062,2090,2084,2047,1873,1205,1980,2108,2123,2106,2066,2040,1908,1209,2040,2075,2109,2096,2100,1890,1965,1155,2098,2098,2101,2109,2002,1957,1946,1113,1610,2012,2041,1989,1944,2010,1997,5,5,5,5,5,5,5,5,5,255,255,5,5,5,5,5,5,5,5,5,5,5,5,5,5,5,5,5,5,5,5,5,5,10,5,5,5,5,5,10,5,10,5,5,5,5,10,5,5,10,5,5,5,5,5,5,5,10,5,10,5,10,255,255
1780855117.969864,20028,2012693017,839,2106,2048,2042,2092,1988,1296,1003,1034,1350,2034,2104,2075,2002,1414,1125,1201,2025,2109,2059,2102,2125,2055,1689,1179,2071,2078,2094,2085,2148,2119,1935,1180,2052,2108,2129,2127,2103,2040,1908,1203,2040,2128,2074,2081,2096,1954,1916,1156,2098,2104,2119,2113,1975,1954,1947,1117,1610,2025,2041,1981,1944,2010,1997,5,5,255,5,5,5,5,5,9,5,10,5,5,255,5,5,5,5,5,5,5,5,5,255,5,5,5,5,5,5,5,5,5,5,255,5,5,5,255,255,5,255,5,5,5,5,5,5,5,255,5,5,5,5,5,5,5,255,5,255,5,255,255,255
1780855118.069910,20029,2012793016,838,2113,2084,2067,2092,2052,1340,996,1045,1200,2034,2045,2094,2072,1512,1107,1226,1663,2102,2073,2078,2092,2060,1670,1218,2075,2090,2099,2068,2128,2080,1946,1152,2005,2126,2088,2116,2058,2028,1908,1201,2040,2086,2111,2100,2046,1954,1972,1135,2139,2113,2119,2076,1974,1955,1950,1138,1610,2046,2025,2057,1918,2010,1997,5,5,10,5,5,5,5,5,5,5,255,5,5,10,5,5,9,4,5,5,5,5,5,10,5,5,5,5,5,5,5,5,5,5,10,5,5,5,10,255,5,255,5,5,9,5,255,5,5,10,5,255,5,5,5,5,5,255,5,10,5,10,255,255
1780855118.171402,20030,2012893017,836,2113,2068,2067,2083,2058,1269,995,1057,1272,2103,2070,2094,2072,1469,1100,1186,1899,2081,2084,2087,2074,2058,1670,1210,2040,2095,2092,2106,2105,2087,1872,1187,2019,2085,2081,2110,2103,2028,1908,1178,2040,2112,2129,2094,2081,1954,1953,1136,2139,2096,2088,2122,1974,1944,1933,1081,1610,2006,2005,2013,1925,2010,1997,5,255,5,255,5,5,5,5,5,5,10,5,255,255,5,5,9,4,5,5,5,5,5,255,5,5,5,5,5,5,5,5,5,5,5,5,5,5,255,255,5,255,5,5,5,5,255,5,5,255,5,10,5,255,5,5,5,255,5,5,5,5,255,255
1780855118.270832,20031,2012993017,835,2024,2068,2077,2059,2030,1268,994,1091,1272,2091,2132,2094,2072,1369,1083,1156,1973,2092,2076,2104,2088,2064,1695,1231,2040,2093,2085,2094,2108,2071,1893,1179,2130,2096,2108,2094,2117,2028,1912,1143,2040,2109,2116,2088,2115,1954,1934,1160,2041,2092,2085,2069,1970,1951,1957,1123,1798,2006,1990,2027,2023,2010,1997,5,10,255,10,5,5,5,5,5,5,5,5,255,255,9,5,5,5,5,5,5,5,5,10,5,255,5,5,5,5,5,5,5,5,5,5,5,5,255,10,5,255,5,5,5,5,255,5,5,10,5,5,5,10,5,5,5,10,255,5,5,5,255,255
1780855118.369840,20032,2013093017,838,2028,2103,2070,2059,2037,1248,963,1067,1263,2088,2084,2094,2065,1413,1115,1176,1565,2093,2092,2103,2084,2073,1729,1188,2055,2112,2102,2086,2099,2096,1826,1219,2130,2077,2089,2102,2118,2074,1988,1178,2040,2109,2111,2108,2076,1970,1933,1153,2041,2100,2138,2078,1970,1975,1928,1074,1798,2050,2062,1983,2023,2010,2481,5,5,10,5,255,5,5,5,5,5,5,5,255,10,5,5,5,5,5,5,5,5,5,5,5,10,5,5,5,5,5,5,5,255,5,5,5,5,10,5,5,255,255,5,5,5,10,5,5,255,5,5,5,255,5,5,5,255,10,5,5,255,255,10
1780855118.469894,20033,2013193016,837,2095,2030,2046,2101,2047,1202,1005,1090,1296,2053,2100,2093,2065,1435,1119,1197,2026,2071,2097,2120,2098,2021,1729,1215,2102,2081,2083,2097,2098,2033,1826,1216,2065,2101,2101,2110,2084,2032,1922,1167,2027,2090,2055,2095,2086,1970,1981,1152,1993,2015,2065,2093,2034,1995,1964,1134,1798,2004,1982,1967,1950,2010,2481,5,5,5,5,10,9,5,5,5,5,5,5,10,255,5,5,5,5,5,5,5,5,5,255,5,5,5,5,5,5,5,255,5,10,5,5,5,5,5,5,5,10,10,5,5,5,255,5,5,10,5,5,5,10,255,5,5,255,5,5,5,10,255,255
1780855118.572249,20034,2013293017,830,1996,2080,2070,2093,2001,1372,1013,1066,1276,2059,2067,2096,2092,1422,1092,1197,2026,2074,2082,2120,2147,2067,1679,1173,2056,2072,2088,2106,2102,2078,1826,1211,2027,2141,2068,2099,2084,2032,1922,1177,2027,2107,2130,2089,2086,1970,1888,1153,1993,2069,2075,2084,1950,1975,1972,1124,1538,2035,1982,1995,1950,2010,2481,5,5,5,5,5,5,5,5,5,5,5,5,5,10,5,5,5,255,5,5,255,5,5,10,5,5,5,5,5,5,5,255,5,5,5,5,5,255,255,255,5,255,5,5,5,255,255,5,5,255,5,5,5,5,5,5,5,10,5,255,5,255,255,255
1780855118.670844,20035,2013393017,844,2066,2080,2071,2097,2064,1274,967,1069,1265,2028,2083,2065,2092,1415,1103,1153,1732,2074,2072,2113,2069,2084,1701,1183,2029,2064,2080,2069,2091,2112,1850,1196,1970,2132,2075,2130,2157,2077,1922,1163,2027,2058,2126,2101,2129,1970,1937,1149,2017,2114,2129,2084,1950,1926,1972,1116,1538,2015,1982,1979,1950,2010,2481,5,5,255,5,5,5,5,5,5,5,5,5,5,255,5,5,5,10,255,5,10,5,5,5,5,5,5,5,5,5,5,10,5,5,5,5,5,10,10,10,5,255,5,5,5,10,255,5,5,10,5,5,255,255,5,255,5,255,5,255,5,10,255,255
1780855118.771391,20036,2013493017,845,2063,2087,2056,2048,2025,1257,987,1062,1349,2028,2083,2064,2101,1372,1110,1168,2039,2087,2068,2101,2082,2052,1701,1193,2084,2085,2089,2063,2104,2088,1817,1188,2173,2080,2106,2111,2144,2087,1928,1157,2027,2097,2130,2104,2064,2010,1910,1152,2017,2127,2083,2084,1998,1918,1972,1120,1538,2032,1982,1979,1950,2010,2481,5,5,10,5,5,5,5,5,5,5,255,255,5,10,5,5,5,5,10,5,5,5,5,255,5,5,5,5,5,5,5,5,5,4,5,5,5,5,5,5,5,255,5,5,5,5,10,5,5,255,5,5,255,10,5,255,5,255,5,255,255,255,255,255
1780855118.872795,20037,2013593017,849,2054,2087,2054,2059,1888,1295,968,1083,1391,2068,2112,2064,2065,1397,1124,1216,2050,2050,2080,2079,2116,2057,1642,1236,2036,2090,2087,2079,2131,2099,1890,1220,2042,2088,2081,2122,2070,2050,1928,1206,2027,2100,2130,2096,2064,1965,1906,1163,2017,2118,2109,2100,1998,1976,1972,1145,1538,2046,1970,2043,1972,1978,2481,5,5,255,5,5,5,5,5,5,5,10,10,255,5,9,5,5,5,5,5,5,5,5,10,5,5,5,5,5,5,5,5,5,5,5,5,5,5,5,255,5,255,5,255,5,255,5,5,5,255,5,5,10,5,5,255,5,255,5,10,10,10,10,255
1780855118.971967,20038,2013693017,860,2067,2087,2058,2064,2111,1300,1003,1080,1291,2062,2112,2064,2065,1427,1110,1186,2043,2077,2070,2109,2105,2087,1703,1156,2048,2098,2084,2082,2114,2079,1865,1188,2001,2088,2091,2091,2078,2098,1931,1198,2027,2110,2130,2139,2082,1965,1957,1136,2017,2101,2112,2100,1968,1938,1972,1121,1538,2040,1970,2034,1972,1978,2481,5,5,255,5,5,4,5,5,5,5,5,255,255,255,5,5,5,5,5,5,5,5,5,5,5,5,5,5,5,5,5,5,5,5,255,5,5,5,5,10,5,255,5,255,5,10,255,5,5,255,5,5,255,5,5,255,5,255,5,255,5,255,255,255
1780855119.071020,20039,2013793016,839,2063,2075,2089,2097,2064,1350,987,1080,1317,2119,2085,2085,2019,1422,1110,1157,1571,2102,2104,2127,2152,2099,1710,1185,2057,2091,2091,2084,2128,2084,1865,1204,2066,2104,2094,2116,2148,2051,1962,1168,2027,2108,2104,2077,2087,1965,1911,1140,2097,2090,2101,2123,2001,1923,1928,1117,1538,2050,2067,1886,1951,1978,2481,5,5,10,5,5,5,9,5,5,5,5,10,10,10,5,5,5,5,5,5,5,5,5,5,5,5,5,5,5,5,5,255,5,5,10,5,5,5,5,5,5,255,5,10,5,5,255,5,5,10,5,5,10,5,5,10,5,255,5,10,5,10,255,255
1780855119.170623,20040,2013893017,848,1043,2084,2100,2137,2064,1292,989,1080,1207,2073,2128,2088,2019,1470,1115,1222,2148,2087,2066,2127,2092,2107,1695,1175,2026,2101,2088,2098,2097,2088,1868,1176,2047,2068,2090,2125,2148,2051,1869,1191,2027,2125,2136,2148,2069,1961,1958,1156,2097,2097,2149,2123,1990,1930,1971,1107,1801,2050,2067,1994,1951,1978,2481,5,5,5,5,5,255,5,5,5,5,5,5,5,255,5,5,5,5,5,5,255,5,5,9,5,5,5,5,5,5,5,10,5,5,5,5,5,255,255,5,5,255,5,5,5,5,10,5,5,255,5,5,255,5,5,5,5,10,255,255,5,255,255,255
1780855119.272142,20041,2013993016,848,2065,2058,2107,2093,2064,1301,977,1091,1344,2060,2109,2092,2019,1443,1101,1193,2013,2100,2083,2061,2028,2104,1717,1194,2074,2098,2093,2062,2119,2079,1903,1175,2075,2069,2082,2101,2116,2063,1932,1189,2027,2099,2136,2084,2076,1996,1913,1177,2097,2091,2105,2104,2036,1948,1956,1102,1801,2032,2012,1944,1978,1978,2481,5,255,5,5,5,255,5,5,5,5,5,5,5,255,5,5,9,5,5,5,10,5,5,5,5,5,5,5,5,5,5,5,5,5,5,5,5,10,10,5,5,255,5,255,5,5,5,5,5,255,5,5,10,5,5,5,5,255,10,10,5,10,255,255
1780855119.369921,20042,2014093017,825,1035,2093,2107,2049,2048,1293,987,1075,1312,2060,2109,2065,2019,1393,1121,1196,2002,2079,2060,2105,2059,2068,1739,1190,2017,2101,2093,2087,2085,2087,1851,1198,2007,2089,2115,2112,2068,2088,1932,1170,2027,2120,2101,2110,2055,2014,1918,1151,2097,2065,2083,2104,1945,1959,1963,1104,1801,2096,2012,2020,1978,1978,2481,5,5,5,255,5,10,5,5,9,5,255,255,5,255,5,5,5,5,5,5,5,5,5,5,5,5,5,5,5,5,5,5,5,5,5,5,5,5,5,255,5,255,5,10,5,5,5,5,5,255,5,5,255,5,5,5,5,255,5,255,5,255,255,255
1780855119.469831,20043,2014193017,839,2063,2098,2107,2082,2044,1382,986,1089,1329,2078,2066,2065,2047,1420,1101,1180,2066,2055,2070,2105,2106,2047,1672,1165,2003,2093,2097,2100,2087,2067,1847,1174,2056,2093,2115,2060,2128,2039,1932,1121,2100,2096,2101,2110,2093,2011,1918,1131,2097,2109,2112,2058,2028,1933,1955,1119,1801,2106,1987,2073,1978,1902,2481,5,5,5,255,5,5,5,5,5,5,10,10,255,10,5,5,5,5,5,5,255,5,5,5,9,5,5,5,5,5,5,5,5,5,5,5,5,5,5,255,5,10,5,255,255,5,5,255,5,255,5,5,10,5,5,5,5,255,5,10,5,255,10,255
1780855119.571022,20044,2014293017,830,2070,2098,2070,2072,2099,1281,983,1100,1243,2078,2111,2065,2005,1386,1085,1201,1643,2098,2070,2084,2109,2072,1672,1213,2051,2107,2078,2091,2089,2097,1937,1224,2056,2110,2091,2097,2101,2059,1932,1188,2043,2081,2136,2107,2062,1964,1960,1150,2097,2148,2078,2123,2003,1944,1955,1151,1801,2098,2057,1941,1978,1902,2481,5,5,255,10,5,5,5,5,5,5,255,5,255,5,5,5,5,5,5,5,10,5,5,255,5,5,5,5,5,5,5,5,5,255,5,5,5,5,5,255,5,5,5,10,10,5,5,10,5,255,5,5,5,5,5,255,5,255,5,5,5,255,255,255
1780855119.670011,20045,2014393016,844,1036,2064,2093,2088,2012,1227,980,1071,1287,2068,2063,2056,2005,1486,1138,1196,1718,2063,2088,2092,2103,2072,1700,1186,2025,2110,2077,2084,2086,2072,1788,1196,2051,2080,2098,2104,2101,2079,1844,1170,2043,2109,2098,2093,2059,1958,1966,1157,2097,2120,2112,2123,1995,1979,1965,1114,1801,2098,2073,1979,1955,1961,2481,5,5,10,5,5,5,5,5,5,5,10,5,10,255,5,5,9,5,5,5,5,5,5,10,5,5,5,5,5,5,5,5,5,10,5,5,5,255,5,10,5,255,5,5,5,5,5,5,5,255,5,5,5,5,5,10,5,255,5,5,5,10,10,255
1780855119.770693,20046,2014493017,846,2092,2107,2093,2084,1940,1271,987,1063,1289,2120,2063,2106,2028,1427,1100,1222,2046,2067,2096,2080,2094,2033,1700,1208,2035,2098,2084,2086,2092,2074,1903,1168,2034,2061,2083,2101,2101,2079,1844,1171,2043,2079,2108,2085,2059,1965,1860,1147,2097,2107,2118,2123,2046,1935,1953,1112,1801,2019,2073,1976,1955,1961,2481,5,5,5,255,5,5,5,5,5,5,5,255,5,10,5,5,5,4,5,5,5,5,5,255,9,5,5,5,5,5,5,5,5,5,5,5,5,255,255,255,5,255,5,5,5,255,5,5,5,255,5,5,255,5,5,5,5,255,5,255,5,255,255,255
1780855119.869937,20047,2014593016,847,1036,2041,2093,2126,2091,1232,981,1066,1343,2021,2086,2054,2105,1392,1119,1223,1892,2077,2106,2105,2119,2052,1667,1184,1980,2073,2068,2083,2108,2094,1812,1189,2099,2061,2097,2106,2071,2079,1844,1175,2017,2080,2099,2050,2162,1965,1992,1126,1986,2118,2106,2119,1982,1969,1950,1098,1801,1990,2103,1970,1963,1961,2481,5,5,5,10,5,5,5,5,5,5,5,10,5,5,5,9,5,9,5,5,5,5,5,10,5,5,5,5,5,5,5,5,5,5,255,5,5,10,255,255,5,10,5,5,5,10,255,5,5,10,5,5,10,5,5,5,5,255,5,10,5,10,255,255
1780855119.971839,20048,2014693017,842,1063,2074,2078,2098,2113,1288,985,1084,1291,2015,2071,2054,2105,1445,1136,1159,1892,2054,2089,2110,2116,2043,1667,1201,2047,2082,2102,2096,2123,2103,1812,1205,2055,2126,2090,2094,2143,2087,1844,1201,2017,2103,2078,2047,2124,1929,1996,1152,1986,2086,2088,2091,1951,1960,1944,1135,1801,1990,2103,1970,1934,1961,2481,5,255,5,5,5,5,9,5,5,5,5,5,255,255,9,5,5,255,5,5,5,5,5,255,5,5,5,5,5,5,5,255,5,5,10,5,5,5,10,255,5,255,5,5,5,5,10,5,5,255,5,5,5,5,5,5,5,255,255,255,255,5,255,255
1780855120.071961,20049,2014793016,835,1057,1998,2059,2108,1868,1223,995,1064,1228,2015,2083,2092,2105,1448,1115,1208,2103,2105,2085,2102,2096,2121,1667,1177,2065,2111,2087,2078,2097,2041,1944,1164,2093,2126,2097,2114,2075,2087,1844,1199,2017,2118,2103,2109,2040,1947,1931,1130,2011,2150,2088,2088,2045,1948,1940,1096,1801,2076,2046,1995,1940,1961,2481,5,5,5,5,5,4,5,5,5,5,255,5,10,255,5,5,5,10,5,5,5,5,5,255,5,5,5,5,5,5,5,10,5,5,255,5,5,5,5,255,9,255,5,5,5,5,5,5,5,10,5,5,5,5,5,5,5,255,10,10,10,5,255,255
1780855120.181823,20050,2014903017,850,1029,2077,2111,2113,2067,1274,1000,1088,1317,2083,2083,2065,2105,1367,1104,1171,2043,2065,2070,2089,2109,2062,1686,1223,2065,2065,2082,2079,2126,2078,1860,1186,2041,2109,2114,2110,2114,2087,1901,1171,2017,2087,2120,2099,2074,1992,1937,1159,2003,2107,2124,2112,1980,1967,1940,1133,1801,2076,2046,2025,1965,1962,2481,5,5,5,5,5,5,5,5,5,5,10,255,5,255,5,5,5,5,5,5,5,5,5,10,9,255,5,5,5,5,5,5,5,5,10,5,5,5,255,10,5,255,5,5,5,5,5,5,5,5,5,5,5,5,5,255,5,255,255,255,5,5,10,255
1780855120.281840,20051,2015003016,849,2066,2077,2062,2090,1976,1303,1000,1073,1311,2070,2087,2082,2058,1400,1135,1156,1930,2108,2058,2077,2139,2060,1625,1260,2078,2085,2074,2086,2121,2131,1855,1209,2054,2095,2097,2105,2114,2071,1977,1181,1941,2106,2100,2113,2209,1992,1924,1114,2079,2091,2084,2104,2009,1944,1940,1095,1801,2056,2046,2000,1923,1940,2481,5,5,255,5,5,3,5,5,5,5,5,10,5,10,5,5,5,5,5,5,5,5,5,5,5,10,5,5,5,5,5,5,5,5,5,5,5,255,10,5,5,10,5,5,5,5,255,5,5,5,5,5,5,5,5,255,5,255,10,255,5,5,5,255
1780855120.382587,20052,2015103017,841,1082,2043,2089,2091,2025,1289,967,1084,1256,2017,2087,2067,2058,1417,1095,1181,2023,2070,2066,2122,2081,2049,1752,1176,2020,2073,2083,2096,2063,2108,1849,1223,2091,2122,2084,2072,2114,2071,1977,1160,1679,2111,2090,2120,2209,1931,1903,1157,2079,2105,2103,2104,1975,1957,1977,1112,1529,2025,2046,2095,1939,1940,2481,5,5,10,5,5,5,5,5,5,5,5,255,5,255,5,5,5,5,5,5,5,5,5,5,5,5,5,5,5,5,5,5,9,5,5,5,5,255,255,255,5,4,5,5,5,255,10,5,5,255,5,5,255,5,5,10,5,10,5,255,255,9,255,255
1780855120.480814,20053,2015203017,847,2090,2054,2098,2061,2054,1307,970,1104,1261,2071,2075,2083,2059,1410,1115,1188,2065,2098,2117,2102,2087,2071,1752,1195,2038,2083,2083,2094,2118,2112,1877,1195,2088,2118,2099,2091,2130,1995,2048,1187,1679,2085,2090,2120,2120,1951,1917,1136,2079,2069,2061,2105,1999,1944,1977,1111,1529,2045,2049,1991,1939,1940,2481,5,5,5,5,5,5,5,5,5,5,5,10,5,10,5,5,5,5,5,5,5,5,5,255,5,5,5,5,5,5,5,5,5,5,5,5,5,10,10,10,5,255,5,255,255,10,5,5,5,255,5,5,10,5,5,255,5,255,5,10,3,255,255,255
1780855120.581590,20054,2015303017,848,2060,2085,2061,2106,2070,1291,982,1062,1387,2071,2079,2083,2059,1420,1128,1171,2065,2077,2079,2085,2082,2062,1782,1207,2076,2093,2086,2067,2114,2085,1877,1224,2034,2105,2098,2091,2130,1995,2048,1162,1679,2104,2118,2110,2100,1951,1951,1172,2079,2074,2134,2105,1930,1977,1959,1098,1529,2021,2049,2078,1934,1940,2481,5,5,5,5,5,5,5,5,5,5,255,5,255,255,5,5,5,255,5,5,5,5,5,10,5,5,5,5,5,5,5,255,5,5,5,5,5,255,255,255,5,255,5,10,10,5,255,5,5,255,5,5,255,5,5,10,5,255,5,255,5,255,255,255
1780855120.681206,20055,2015403016,838,1074,2104,2078,2065,2119,1269,988,1098,1337,2071,2106,2083,2059,1441,1117,1241,1842,2103,2067,2104,2091,2087,1752,1205,2083,2094,2078,2075,2096,2120,1855,1173,1998,2075,2099,2069,2112,2038,2048,1123,1679,2086,2118,2084,2111,1930,1961,1116,2068,2115,2101,2113,2061,1908,1960,1082,1529,1968,2019,2016,1925,1940,2481,5,5,5,5,5,5,5,5,5,5,255,5,255,255,9,5,5,10,5,5,5,5,5,5,5,5,5,5,5,5,5,10,5,9,5,5,5,10,10,255,5,255,5,255,5,5,10,5,5,10,5,5,10,5,5,5,5,255,5,10,5,5,255,255
1780855120.781245,20056,2015503017,834,2028,2071,2072,2071,2036,1318,980,1082,1241,2069,2082,2109,2083,1358,1125,1167,1842,2108,2049,2094,2125,2102,1634,1184,2036,2086,2077,2084,2118,2109,1771,1177,2057,2134,2094,2098,2112,2038,2048,1187,1679,2083,2118,2034,2111,1930,1909,1144,1983,2079,2098,2078,2044,1956,1990,1113,1529,1968,2019,2028,1944,1940,2481,5,5,5,5,5,5,5,5,5,5,10,5,10,10,5,5,5,255,5,5,5,5,5,5,5,5,5,5,5,5,5,5,5,5,5,5,5,255,255,255,5,255,5,255,5,255,255,5,5,5,5,5,5,5,5,5,5,255,255,255,5,5,255,255
1780855120.881093,20057,2015603016,839,1040,2062,2079,2114,2031,1271,1004,1071,1399,2067,2053,2109,2027,1349,1120,1218,2053,2036,2085,2084,2092,2055,1735,1205,2084,2071,2087,2078,2100,2070,1808,1209,2067,2094,2068,2071,2129,2059,2048,1158,1679,2076,2118,2140,2061,1973,1871,1160,2047,2089,2110,2105,2022,1929,1990,1127,1529,2083,2023,2019,1970,1940,2481,5,4,5,5,5,5,5,5,5,5,5,5,255,5,5,5,5,10,5,5,5,5,5,5,5,5,5,5,5,5,5,5,5,5,5,5,5,10,10,255,5,255,5,255,5,10,10,5,5,5,5,5,5,5,5,255,5,255,10,10,5,5,255,255
1780855120.981166,20058,2015703017,833,1059,2076,2064,2099,2084,1300,973,1090,1303,2067,2053,2109,2166,1464,1092,1183,2061,2065,2078,2141,2101,2042,1592,1205,2029,2066,2091,2093,2106,2039,1808,1205,2025,2096,2092,2063,2101,2059,1886,1164,2000,2086,2147,2120,2061,1973,1984,1169,2047,2096,2081,2093,2034,1902,1968,1134,1669,2044,2023,2060,1968,1940,2481,5,5,5,5,5,5,5,5,5,5,255,255,255,5,5,5,5,5,5,5,5,5,5,5,5,5,5,5,5,5,5,255,5,5,5,5,5,5,255,10,5,10,5,10,5,255,255,5,5,5,5,5,5,5,5,10,5,10,5,255,5,5,255,255
1780855121.081019,20059,2015803017,837,1051,2077,2095,2086,2008,1255,957,1071,1324,2066,2077,2036,2087,1455,1099,1156,1964,2091,2054,2108,2064,2082,1670,1156,1975,2093,2099,2078,2100,2088,1808,1173,2095,2105,2075,2116,2076,2059,1886,1187,2000,2097,2147,2095,2145,1990,1937,1169,2110,2060,2103,2106,2083,1931,1909,1137,1669,2058,2023,2060,1951,1940,2481,5,5,5,5,5,5,5,5,5,5,10,10,10,5,5,5,5,5,5,5,5,5,5,9,5,5,5,5,5,5,5,255,5,5,5,5,5,5,255,255,5,255,5,255,5,10,10,5,5,5,5,5,5,5,5,5,5,255,5,255,255,5,255,255
1780855121.181061,20060,2015903017,837,1072,2053,2070,2065,2076,1276,997,1045,1290,2066,2077,2036,2087,1407,1088,1190,1964,2083,2068,2108,2117,2084,1670,1110,1974,2083,2097,2087,2073,2050,1808,1259,2083,2146,2119,2119,2075,2054,1916,1195,2000,2086,2069,2110,2109,1938,1926,1198,2110,2072,2079,2106,1984,1989,1928,1109,1669,1977,2046,2091,1951,1940,2481,5,5,5,5,5,5,5,5,5,5,255,255,255,255,9,5,5,255,5,5,255,5,5,255,5,5,5,5,5,5,5,255,5,4,5,5,5,5,10,10,5,255,5,10,5,5,5,5,5,255,5,5,255,5,5,5,5,255,5,10,10,255,10,255
1780855121.281988,20061,2016003016,834,1122,2067,2108,2078,2009,1292,1002,1083,1382,2085,2110,2098,2068,1433,1117,1186,1987,2064,2089,2092,2096,2086,1670,1196,2029,2088,2086,2091,2114,2057,1912,1221,2047,2081,2081,2116,2075,1992,1906,1188,2000,2084,2069,2140,2077,2004,1918,1107,2110,2131,2132,2095,1968,1948,1910,1067,1669,1994,2017,1960,1961,1940,2481,5,255,5,5,5,5,5,5,5,5,10,10,10,10,5,5,5,10,5,5,10,5,5,255,5,5,5,5,5,5,5,10,5,5,5,5,5,255,5,5,5,255,5,255,5,5,5,5,5,255,5,5,10,5,5,5,5,255,5,5,5,10,255,255
1780855121.380771,20062,2016103017,827,2096,2067,2064,2097,2093,1257,989,1085,1246,2101,2110,2098,2068,1429,1140,1186,2039,2053,2100,2060,2053,2041,1636,1220,2029,2093,2083,2090,2133,2093,1858,1212,2119,2090,2110,2090,2088,1992,1896,1148,2000,2073,2110,2144,2082,1971,1940,1143,2110,2097,2141,2116,2039,1954,1910,1078,1669,1994,2037,1980,1935,1940,2481,5,4,255,5,5,5,5,5,5,5,5,255,255,255,5,5,5,5,5,5,5,5,5,10,5,255,5,5,5,5,5,5,5,5,5,5,5,10,255,5,5,255,5,10,5,5,5,5,5,255,5,5,5,5,5,255,5,255,255,5,5,5,255,255
1780855121.481928,20063,2016203016,850,1094,2019,2085,2088,2013,1276,1007,1099,1228,2107,2088,2094,2068,1444,1115,1158,2003,2098,2091,2073,2084,2040,1713,1197,2016,2088,2086,2089,2121,2116,1847,1184,2140,2107,2092,2067,2088,2076,1891,1213,1978,2083,2102,2097,2110,1971,1900,1147,2110,2102,2124,2110,1986,1977,1968,1116,1717,2075,1985,2002,1935,1964,2481,5,5,10,5,5,5,5,5,5,5,5,10,10,255,5,5,5,5,5,5,5,5,5,9,5,10,5,5,5,5,5,5,5,5,5,5,5,255,10,5,9,10,5,5,5,5,255,5,5,255,5,5,5,5,5,10,5,10,10,5,5,255,10,255
1780855121.581044,20064,2016303016,852,1060,2054,2063,2087,2019,1216,981,1071,1261,2037,2073,2079,2118,1463,1081,1181,1899,2085,2093,2112,2091,2038,1689,1189,2048,2088,2100,2077,2088,2034,1847,1207,2046,2099,2096,2111,2140,2016,1891,1217,1660,2125,2080,2097,2109,1971,1963,1125,2110,2120,2104,2097,1994,1949,1969,1144,1717,2077,2017,1997,1935,1964,2481,5,5,5,5,5,5,5,5,5,9,5,5,5,10,5,5,5,5,5,5,5,5,5,5,5,5,5,5,5,5,5,255,5,5,5,5,5,10,5,255,5,4,5,5,5,5,255,5,5,255,5,5,5,5,5,5,5,255,5,5,5,255,255,255
1780855121.680951,20065,2016403017,849,1068,2088,2096,2090,2022,1264,994,1073,1305,2037,2083,2079,2118,1436,1117,1183,2005,2081,2074,2105,2119,2053,1689,1199,2062,2096,2074,2085,2090,2090,1832,1168,2008,2099,2115,2102,2121,2096,1891,1217,1660,2091,2061,2091,2088,2013,1956,1140,2110,2072,2140,2108,2018,1938,1980,1110,1717,2023,2067,2007,1935,1964,2481,5,5,5,5,5,5,5,5,5,5,255,5,255,255,5,5,5,5,5,5,5,5,5,255,5,5,5,5,5,5,5,10,5,5,5,5,5,5,5,255,5,255,5,5,5,5,10,5,5,255,5,5,5,5,5,5,5,255,5,5,5,255,255,255
1780855121.779963,20066,2016503017,841,2120,2048,2096,2068,2033,1231,1005,1082,1349,2094,2067,2053,2118,1491,1112,1188,1987,2029,2075,2105,2115,2057,1669,1180,2062,2082,2092,2097,2108,2089,1832,1241,2095,2064,2058,2109,2034,2046,1891,1167,1660,2126,2059,2082,2053,1984,1948,1181,2110,2099,2113,2108,1928,1931,1980,1114,1597,2023,2030,1994,1935,1964,2481,5,5,5,255,5,5,5,5,5,5,10,5,10,255,5,5,5,5,5,5,5,5,5,10,5,255,5,5,5,5,5,255,9,5,5,5,5,5,5,255,5,255,5,5,5,5,5,5,5,255,5,5,255,5,5,255,5,10,255,5,5,255,255,255
1780855121.879980,20067,2016603017,845,933,2066,2036,2081,2049,1328,979,1062,1195,2076,2067,2058,2118,1490,1142,1174,1931,2072,2116,2105,2049,2050,1669,1170,2062,2090,2086,2081,2087,2081,1890,1189,2095,2073,2119,2063,2093,2065,1891,1199,2030,2127,2119,2110,2093,1931,1947,1128,2110,2110,2139,2062,1978,1946,1961,1095,1597,2023,2036,1988,1935,1964,2481,5,5,5,10,5,5,5,5,5,5,5,255,5,255,9,5,5,9,5,5,5,5,5,255,5,255,5,5,5,5,5,10,5,255,5,5,5,5,5,255,5,10,5,5,5,5,5,5,5,255,5,5,10,5,5,10,5,255,255,5,5,255,255,255
1780855121.980468,20068,2016703017,841,1125,2054,2055,2068,2035,1262,979,1067,1254,2106,2067,2091,2080,1412,1127,1209,1931,2077,2097,2063,2089,2059,1669,1126,2027,2097,2095,2095,2099,2071,1783,1179,2029,2090,2103,2094,2127,2068,1941,1187,2030,2082,2081,2126,2083,1957,1905,1135,2110,2100,2105,2062,2036,1977,1979,1082,1597,2044,2036,1988,1945,1964,2481,5,5,5,5,5,5,5,5,5,5,5,255,5,10,5,5,9,255,5,5,5,5,5,255,9,10,5,5,5,5,5,5,5,10,5,5,5,5,5,10,5,255,5,5,5,5,5,5,5,255,5,5,255,5,5,5,5,255,10,255,255,10,255,255
1780855122.081446,20069,2016803016,822,985,2054,2076,2094,2086,1349,979,1054,1343,2071,2067,2059,2080,1413,1157,1188,1952,2070,2079,2089,2077,2097,1724,1199,2040,2078,2097,2113,2116,2107,1791,1203,1984,2107,2108,2104,2127,2071,1941,1150,2030,2076,2079,2085,2081,2059,1897,1148,2028,2109,2143,2106,1981,1931,1933,1100,1808,2091,2020,2010,1945,1964,2481,5,5,255,5,5,5,5,5,5,5,5,255,5,255,9,5,5,3,5,5,5,5,5,10,5,5,5,5,5,5,5,5,5,5,5,5,5,255,5,255,5,255,5,5,5,5,5,5,5,10,5,5,10,5,5,5,5,10,5,10,10,255,255,255
1780855122.181155,20070,2016903016,848,2049,2066,2072,2111,2071,1319,976,1074,1336,2073,2116,2159,2080,1391,1121,1173,2023,2035,2119,2041,2066,2028,1724,1166,2046,2102,2083,2069,2114,2082,1918,1172,2034,2092,2110,2097,2107,2071,1941,1146,2056,2089,2086,2094,2013,1952,1885,1175,2019,2102,2079,2146,1995,1952,1971,1105,1808,2025,2109,2004,1945,1964,2481,5,5,10,5,5,5,5,5,5,5,5,10,5,255,5,5,5,5,5,5,5,5,5,255,5,5,5,5,5,5,5,5,5,5,5,5,5,10,255,255,5,10,5,5,5,5,5,5,5,5,5,5,5,5,5,5,5,255,5,5,5,255,255,255
1780855122.282005,20071,2017003016,835,2046,2071,2056,2074,2070,1235,971,1077,1264,2139,2084,2086,2080,1478,1112,1158,1944,2036,2088,2101,2099,2031,1747,1202,2029,2081,2088,2104,2120,2103,1862,1184,2066,2073,2101,2082,2073,2075,1924,1138,2056,2119,2102,2101,2073,2004,1954,1143,2050,2091,2109,2084,2003,1941,1899,1125,1808,2051,1980,1946,1937,1964,2481,5,5,5,5,5,5,5,5,5,5,5,5,5,255,5,5,5,5,5,5,5,5,5,10,5,5,5,5,5,5,5,5,5,5,5,5,5,5,10,10,5,255,5,5,5,5,5,5,5,5,5,5,5,5,5,5,5,255,5,5,5,10,255,255
1780855122.381246,20072,2017103016,816,2078,2020,2051,2075,2041,1231,1027,1043,1263,2072,2079,2076,2115,1432,1118,1208,1960,2036,2079,2064,2093,2107,1828,1190,2084,2102,2093,2084,2091,2075,1862,1145,2088,2090,2130,2055,2131,2103,1924,1191,2040,2119,2087,2088,2065,2004,1878,1160,2050,2078,2141,2077,1990,1964,1979,1139,1661,2051,1980,1980,1985,1964,2481,5,5,5,5,5,5,5,5,9,5,5,5,5,10,5,5,5,5,5,5,5,5,5,5,9,5,5,5,5,5,5,255,5,5,5,5,5,5,5,255,5,10,255,5,5,5,255,5,5,255,5,5,5,5,5,5,5,10,255,255,5,5,255,255
1780855122.481438,20073,2017203016,848,2079,2028,2035,2088,2041,1257,990,1082,1334,2023,2083,2076,2115,1442,1116,1158,1947,2043,2097,2104,2086,2026,1652,1204,2100,2095,2089,2097,2099,2096,1855,1194,1975,2093,2106,2101,2100,2080,1924,1181,2040,2119,2102,2114,2081,1957,1941,1104,2027,2072,2112,2144,1950,1926,1941,1082,1661,2031,2035,2073,1993,1964,2481,5,5,5,5,5,255,5,5,5,5,5,5,255,255,9,5,5,5,5,5,5,5,5,5,9,9,5,5,5,5,5,10,5,5,5,5,5,5,5,255,9,255,255,5,5,5,10,5,5,10,5,5,5,5,5,5,5,255,10,10,5,5,255,255
1780855122.580022,20074,2017303017,849,1044,2028,2063,2092,2051,1329,991,1081,1270,2009,2083,2098,2038,1437,1122,1176,1974,2085,2095,2053,2084,2010,1652,1197,2100,2108,2094,2111,2137,2096,1930,1186,2039,2098,2096,2097,2100,2084,1924,1216,2040,2088,2102,2096,2046,1983,1877,1123,2027,2100,2094,2144,1967,1926,1948,1088,1661,2031,2050,2005,1967,1964,2481,5,5,255,5,5,10,5,5,5,5,5,255,10,10,9,5,5,5,5,5,5,5,5,255,5,255,5,5,5,5,5,5,5,5,5,5,5,255,5,255,9,255,10,255,5,5,5,5,5,255,5,5,255,5,255,5,5,255,255,5,5,5,255,255
1780855122.680416,20075,2017403016,841,2099,2089,2046,2108,2051,1316,982,1064,1288,2101,2093,2098,2061,1450,1106,1179,2037,2061,2068,2065,2096,2079,1712,1181,2044,2101,2099,2087,2111,2102,1913,1201,2001,2087,2091,2099,2046,2007,1971,1176,2040,2086,2097,2122,2090,1922,1928,1143,2027,2086,2105,2091,2001,1924,1957,1125,1661,2013,2018,2001,1966,1964,2481,5,5,10,5,5,255,5,5,5,5,5,10,255,5,5,5,5,5,5,5,5,5,5,10,5,10,5,5,5,5,5,5,5,5,5,5,5,10,5,10,5,255,5,10,5,5,5,5,5,255,5,5,10,5,10,5,5,255,10,5,5,5,255,255
1780855122.780585,20076,2017503017,845,2037,2089,2071,2083,2073,1239,957,1051,1312,2051,2090,2098,2061,1467,1080,1198,1999,2082,2098,2065,2065,2031,1690,1162,2041,2077,2106,2089,2118,2125,1833,1170,2013,2087,2096,2104,2046,2030,1971,1160,2040,2099,2106,2090,2052,1940,1929,1151,2036,2083,2089,2066,2003,1903,1957,1106,1661,2072,2070,2001,1966,1964,2481,5,5,255,5,5,10,5,9,5,5,5,5,255,255,5,5,5,5,5,5,255,5,5,5,5,5,5,5,5,5,5,5,5,5,255,5,5,255,5,255,5,255,5,5,5,5,5,5,5,10,5,5,5,5,5,255,5,255,5,5,255,255,255,255
1780855122.880667,20077,2017603016,832,2046,2163,2031,2109,2062,1240,992,1067,1336,2032,2095,2044,2061,1460,1119,1200,1935,2088,2091,2115,2085,2101,1690,1179,2065,2089,2098,2090,2097,2061,1833,1173,2018,2102,2110,2110,2136,2082,1948,1175,2009,2098,2106,2019,2075,1974,1947,1152,2036,2082,2095,2110,1982,1969,1946,1121,1661,2027,2086,2082,1988,1964,2481,5,5,10,5,5,5,5,5,5,5,5,5,10,255,5,5,5,9,5,5,10,5,5,255,5,5,5,5,5,5,5,255,5,5,10,5,5,10,5,10,5,10,5,255,5,5,5,5,5,255,5,5,5,255,5,10,5,255,5,5,10,10,255,255
1780855122.989883,20078,2017713017,841,1081,2057,2093,2085,2036,1243,1009,1055,1295,2060,2104,2044,2068,1376,1132,1224,1935,2079,2090,2042,2107,2082,1711,1190,1982,2079,2088,2082,2099,2080,1852,1230,2018,2057,2091,2130,2136,2077,1916,1157,2009,2098,2088,2162,2058,1957,1937,1134,2073,2078,2110,2080,2010,1930,1946,1115,1661,2035,2098,2082,1988,1978,2481,5,5,5,5,5,9,5,5,5,5,5,5,255,10,5,5,5,255,5,5,5,5,5,10,5,5,5,5,5,5,5,10,5,255,5,5,5,255,5,5,5,255,255,10,5,5,5,5,5,10,5,5,5,5,5,255,5,255,5,5,255,255,10,255
1780855123.090011,20079,2017813017,830,1028,2057,2105,2108,2085,1283,994,1097,1279,2042,2104,2078,2032,1430,1102,1192,1806,2084,2091,2042,2141,2072,1711,1188,2040,2102,2090,2095,2127,2110,1830,1208,2032,2119,2094,2138,2092,2045,1916,1172,2009,2117,2088,2116,2110,1957,1920,1155,2073,2103,2103,2099,1958,1924,1908,1085,1661,2006,2040,1975,1960,1933,2481,5,5,255,5,5,5,5,5,5,5,5,255,10,5,5,5,5,10,5,5,255,5,5,255,5,5,5,5,5,5,5,5,5,10,5,5,5,10,5,255,5,255,10,255,5,5,255,5,5,255,5,5,5,5,5,10,5,255,5,5,10,10,5,255
1780855123.189958,20080,2017913017,840,1036,2062,2070,2052,2085,1270,976,1083,1308,2019,2104,2104,2068,1384,1104,1196,2023,2062,2087,2075,2070,2038,1708,1142,2000,2080,2079,2096,2098,2151,1830,1202,2032,2122,2096,2144,2097,2054,1945,1181,2009,2104,2088,2103,2082,1957,1937,1130,2073,2119,2105,2099,1997,1942,1972,1130,1661,2006,2040,1970,1962,1933,2481,5,5,10,5,5,255,5,5,5,5,5,255,5,5,5,5,5,4,5,5,10,5,5,10,5,5,5,5,5,5,5,255,5,255,5,5,5,5,5,10,9,255,5,255,5,5,255,5,5,255,5,5,255,5,5,5,5,255,255,255,5,5,255,255
1780855123.289854,20081,2018013016,848,2065,2062,2070,2066,2051,1246,999,1121,1284,2019,2087,2122,2071,1441,1097,1183,2032,2076,2107,2115,2089,2080,1708,1189,2031,2094,2093,2091,2101,2107,1885,1193,2032,2124,2094,2083,2097,2020,1945,1218,2009,2146,2116,2095,2113,1977,1984,1172,2040,2054,2105,2099,2055,1936,1968,1110,1661,2039,2074,1991,1986,2001,2481,5,4,255,5,5,10,5,5,5,5,255,10,5,5,5,5,5,5,5,5,5,5,5,5,5,5,5,5,5,5,5,10,5,255,5,5,5,255,5,255,5,255,5,10,5,5,10,5,5,10,5,5,255,5,5,5,5,255,10,10,5,5,10,255
1780855123.390193,20082,2018113017,859,2054,2108,2070,2056,2020,1318,989,1053,1344,2063,2056,2121,2080,1415,1111,1182,1576,2109,2067,2112,2098,2040,1708,1156,2035,2100,2094,2090,2097,2066,1885,1197,2068,2084,2075,2097,2067,2020,1914,1153,2009,2095,2116,2120,2106,1950,1943,1135,2040,2101,2103,2099,2003,1952,1968,1130,2059,2089,2034,2054,1986,2001,2481,5,5,10,255,5,5,5,5,5,5,10,5,5,5,5,5,5,4,5,5,5,5,5,255,5,5,5,5,5,5,5,255,5,10,5,5,5,10,255,10,5,255,5,255,5,5,5,5,5,255,5,5,255,5,5,255,5,10,5,5,5,255,255,255
1780855123.490760,20083,2018213017,842,1089,2108,2060,2061,2020,1313,982,1078,1211,2063,2088,2103,2080,1405,1160,1176,1576,2093,2084,2107,2085,2027,1663,1186,2082,2092,2099,2085,2119,2099,1822,1198,2055,2084,2103,2100,2105,2142,1865,1159,2009,2120,2118,2119,2061,1950,1908,1128,2040,2107,2098,2111,1976,1949,1932,1112,2059,2016,2021,1927,1913,1935,2481,5,5,255,10,5,255,5,5,5,5,255,5,5,255,5,5,5,255,5,5,5,5,5,10,5,5,5,5,5,5,5,10,5,5,255,5,5,5,10,5,5,255,5,10,5,5,255,5,5,255,5,5,10,255,5,10,5,255,5,5,5,10,10,255
1780855123.589990,20084,2018313017,846,1127,2092,2043,2071,2072,1298,981,1056,1202,2063,2080,2172,2087,1380,1135,1177,1576,2080,2095,2087,2097,2077,1663,1196,2005,2093,2085,2086,2113,2121,1863,1175,2058,2078,2075,2086,2082,2142,1865,1195,2009,2125,2118,2115,2027,1966,1926,1144,2040,2076,2104,2070,1976,1970,1932,1100,2059,2010,2021,1958,1913,1935,2481,5,5,10,5,5,10,5,5,5,5,10,5,5,10,5,5,5,255,5,5,5,5,5,255,9,5,5,5,5,5,5,5,5,5,10,5,5,5,255,255,9,255,5,255,5,5,10,5,5,255,5,5,5,255,5,255,5,255,5,255,5,255,255,255
1780855123.689987,20085,2018413017,818,2075,2073,2068,2104,2074,1261,1003,1052,1295,2073,2081,2172,2087,1424,1143,1154,2000,2061,2083,2075,2098,2052,1663,1201,2039,2075,2092,2087,2093,2099,1904,1164,2056,2048,2100,2117,2260,2056,1865,1164,2009,2078,2085,2115,2052,1966,1901,1143,2071,2080,2083,2103,1995,1961,1975,1077,2059,2065,2050,1958,1968,1935,2481,5,5,5,5,5,5,5,5,5,5,5,5,255,255,9,5,5,10,5,5,5,5,5,255,5,5,5,5,5,5,5,5,5,5,5,5,5,5,10,255,5,255,5,10,5,5,255,5,5,10,5,5,5,10,5,10,5,255,5,10,255,10,255,255
1780855123.789927,20086,2018513017,828,2032,2080,2077,2068,2082,1314,1002,1081,1315,2073,2080,2083,2087,1425,1124,1147,1836,2077,2049,2101,2113,2059,1648,1171,2057,2087,2083,2101,2079,2106,1904,1172,2047,2102,2092,2102,2092,2056,1970,1182,2009,2074,2085,2098,2095,1913,1847,1149,2071,2091,2098,2112,1995,1938,1975,1095,2059,2046,2112,1963,2000,1970,2481,5,5,5,5,5,5,5,5,5,5,255,5,10,255,5,5,9,9,5,5,5,5,5,10,5,5,5,5,5,5,5,255,5,5,5,5,5,5,255,10,5,255,5,255,5,5,10,5,5,255,5,5,5,255,5,255,5,255,5,5,10,5,10,255
1780855123.890300,20087,2018613016,847,1035,2061,2075,2062,2053,1308,958,1071,1284,2048,2057,2099,2087,1401,1133,1213,1836,2086,2111,2058,2084,2099,1755,1239,2027,2081,2092,2059,2092,2075,1875,1168,2039,2102,2075,2090,2092,2021,1970,1167,2009,2072,2094,2107,2121,1937,1913,1156,2071,2104,2097,2117,2011,1926,1956,1102,2059,2019,2054,1958,1907,1934,2481,5,5,5,5,5,5,5,5,9,5,10,5,5,255,5,5,5,255,5,5,5,5,5,5,5,5,5,5,5,5,5,10,5,5,255,5,5,255,10,255,9,255,5,10,5,5,5,5,5,255,5,5,5,10,5,10,5,255,5,5,5,5,5,255
1780855123.990001,20088,2018713017,845,2068,2061,2048,2085,1934,1323,974,1105,1284,2106,2097,2130,2072,1411,1084,1215,1996,2089,2096,2096,2118,2020,1757,1188,2027,2076,2086,2084,2122,2069,1889,1187,2015,2093,2084,2136,2128,2047,1970,1213,2009,2084,2094,2110,2076,1932,1932,1124,2071,2094,2112,2155,1999,1944,1974,1090,2059,2019,2075,2152,1907,1934,2481,5,5,255,5,5,5,5,5,5,5,5,5,5,10,5,5,5,10,5,5,5,5,5,9,5,5,5,5,5,5,5,5,5,5,10,5,5,10,5,255,5,255,5,255,5,5,5,5,5,255,5,5,5,5,255,5,5,255,255,5,5,255,255,255
1780855124.090171,20089,2018813017,834,1084,2061,2065,2050,2056,1262,980,1069,1240,2051,2101,2086,2088,1340,1136,1140,1884,2055,2079,2096,2103,2040,1677,1215,2054,2057,2101,2089,2108,2114,1795,1186,2055,2095,2075,2052,2128,2028,1970,1171,2009,2094,2132,2138,2074,1977,1949,1115,2071,2055,2089,2106,2013,1956,2011,1082,2059,2065,2009,2152,1907,1934,2481,5,5,255,5,5,5,5,5,5,5,5,5,5,5,5,5,5,5,5,5,255,5,5,5,5,5,5,5,5,5,5,5,5,5,5,5,5,255,5,255,5,255,5,10,5,5,5,5,5,255,5,5,5,5,5,5,5,255,10,5,255,255,255,255
1780855124.190941,20090,2018913017,850,1024,2069,2053,2054,2015,1284,994,1100,1294,2051,2109,2086,2088,1443,1130,1177,2080,2072,2066,2096,2116,2081,1662,1188,2015,2078,2082,2096,2108,2123,1795,1168,2020,2092,2082,2113,2143,2051,1970,1150,2009,2082,2108,2112,2074,1977,1978,1158,2071,2099,2074,2106,2010,1968,2011,1104,2059,2018,2054,2005,1907,1934,2481,5,5,10,5,5,5,5,5,5,5,255,5,255,255,5,5,5,5,5,5,255,5,5,5,9,5,5,5,5,5,5,255,5,5,5,5,5,10,5,255,5,255,5,5,5,255,255,5,5,255,5,5,255,5,5,255,5,255,5,5,10,255,255,255
1780855124.289967,20091,2019013016,834,1022,2033,2062,2113,2015,1270,984,1097,1293,2023,2082,2087,2011,1411,1117,1178,1595,2089,2075,2057,2086,2084,1666,1192,2098,2072,2092,2068,2107,2084,1902,1175,1984,2067,2109,2107,2101,2002,1833,1174,2009,2119,2093,2096,2072,1954,1945,1140,2052,2078,2087,2102,2006,1981,1978,1109,1713,2050,2054,1981,1972,1934,2481,5,5,5,5,5,255,5,5,5,5,10,5,10,10,5,5,5,4,5,5,10,5,5,5,5,5,5,5,5,5,5,10,5,5,5,5,5,5,5,10,5,255,5,5,5,10,10,5,5,10,5,5,10,5,5,10,5,10,5,255,5,10,255,255
1780855124.390501,20092,2019113017,858,1033,2067,2045,2071,2015,1282,987,1071,1307,2080,2116,2087,2011,1394,1104,1152,1701,2105,2067,2057,2071,2033,1712,1214,2037,2103,2081,2102,2098,2112,1829,1206,2108,2121,2119,2074,2101,2002,1833,1205,2009,2122,2087,2081,2051,1949,1932,1176,2052,2101,2106,2129,2006,1954,1974,1121,1713,2088,2002,2036,1923,1934,2481,5,5,5,5,5,255,9,5,5,5,5,5,255,255,5,5,5,5,5,5,255,5,5,5,5,5,5,5,5,5,5,5,5,5,5,5,5,255,255,255,5,255,5,5,5,5,5,5,5,255,5,5,5,255,5,5,5,255,5,10,5,5,255,255
1780855124.490728,20093,2019213017,831,2052,2090,2082,2056,2015,1256,994,1064,1306,2056,2078,2087,2011,1431,1072,1180,1975,2083,2079,2085,2103,2045,1689,1188,2105,2084,2105,2083,2078,2092,1829,1182,2021,2112,2049,2110,2108,2002,1958,1167,2009,2122,2104,2081,2076,1945,1949,1135,2052,2066,2096,2091,1995,1922,1983,1128,1713,1974,1969,2016,1971,1934,2481,5,5,5,5,5,255,5,5,5,5,5,5,255,255,5,9,5,5,5,5,10,5,5,5,5,5,5,5,5,5,5,255,5,5,5,5,5,10,255,10,5,255,5,5,255,5,5,5,5,255,5,5,5,10,5,5,5,255,5,5,5,5,255,255
1780855124.589761,20094,2019313017,834,2135,2075,2040,2090,2042,1314,982,1066,1348,2074,2082,2081,2022,1432,1097,1181,2013,2065,2105,2073,2092,2062,1689,1240,2057,2072,2084,2087,2105,2068,1804,1208,2024,2091,2109,2094,2108,2043,1958,1215,2009,2111,2063,2160,2048,1953,1938,1157,2052,2074,2079,2091,1981,1978,1983,1102,1713,1974,2018,1955,1975,1934,2481,5,5,5,5,5,10,5,5,5,5,5,5,10,10,5,5,5,5,5,5,5,5,5,255,5,5,5,5,5,5,5,10,5,5,5,5,5,255,10,255,5,255,5,5,10,5,5,5,5,255,5,5,255,5,5,255,5,255,255,5,5,5,255,255
1780855124.691341,20095,2019413016,839,2049,2078,2061,2083,1995,1337,966,1078,1270,2136,2104,2066,2022,1427,1107,1175,1915,2047,2070,2106,2089,2081,1703,1210,2078,2088,2093,2082,2075,2082,1918,1188,2054,2096,2117,2109,2108,2034,1958,1168,2009,2134,2088,2084,2059,1944,1974,1147,2088,2111,2088,2134,1949,1965,1950,1122,1713,2053,2057,1994,1975,1934,2481,5,5,5,5,5,9,5,5,5,5,5,5,5,255,5,5,5,5,5,5,5,5,5,10,5,5,5,5,5,5,5,5,5,5,5,5,5,255,5,255,5,255,5,5,5,5,5,5,9,10,5,5,10,5,5,10,5,255,10,5,5,255,255,255
1780855124.790768,20096,2019513017,837,1127,2066,2101,2049,1996,1302,1003,1071,1269,2068,2068,2066,2101,1360,1102,1189,2004,2087,2060,2107,2120,2065,1647,1160,2078,2093,2102,2098,2082,2082,1918,1205,2054,2095,2076,2128,2104,2074,1884,1157,2009,2094,2088,2147,2070,1964,1872,1153,2088,2093,2081,2104,2026,1956,1965,1110,1713,2053,1963,2016,1896,1934,2481,5,255,5,5,5,5,5,5,5,5,5,5,255,10,5,5,5,5,5,5,5,5,5,5,5,255,5,5,5,5,5,255,5,255,5,5,5,10,5,10,5,255,5,255,5,5,5,5,5,255,5,5,5,5,5,5,5,255,255,5,5,10,255,255
1780855124.891196,20097,2019613016,846,2057,2111,2080,2092,2031,1301,999,1099,1265,2050,2061,2093,2101,1561,1109,1179,1947,2048,2051,2078,2129,2086,1684,1166,2087,2085,2091,2108,2103,2088,1918,1198,2054,2128,2133,2099,2075,2029,1871,1180,2009,2051,2135,2092,2068,1987,1903,1142,2020,2089,2122,2104,2040,1953,1951,1097,1713,2063,1963,2013,1996,1934,2481,5,4,5,5,5,5,5,5,5,5,5,5,10,255,4,5,9,5,5,5,5,5,5,5,5,10,5,5,5,5,5,255,5,255,5,5,5,5,5,5,5,255,5,10,5,5,5,5,5,10,5,5,255,5,5,5,5,255,10,255,5,5,255,255
1780855124.989943,20098,2019713017,848,1036,2066,2098,2090,2031,1270,995,1065,1266,2092,2112,2093,2101,1391,1120,1167,1929,2047,2052,2098,2070,2075,1684,1195,2046,2065,2087,2092,2102,2060,1927,1192,2054,2100,2091,2064,2075,2029,1916,1189,2009,2091,2102,2114,2069,1932,1953,1143,2020,2061,2122,2163,1981,1957,1908,1093,1522,2063,1963,2006,1934,1934,2481,5,5,5,5,5,255,5,5,5,5,5,5,255,255,5,5,5,5,5,5,5,5,5,255,5,5,5,5,5,5,5,10,5,255,5,5,5,255,255,5,5,255,5,5,5,5,5,5,5,255,5,255,10,5,5,5,5,10,255,255,5,5,255,255
1780855125.090549,20099,2019813016,845,1006,2045,2096,2071,1836,1258,976,1073,1313,2077,2062,2086,2101,1372,1128,1171,1863,2100,2061,2103,2095,2066,1725,1187,2079,2081,2102,2100,2068,2086,1906,1174,2054,2112,2079,2094,2130,2062,1916,1171,2009,2078,2071,2142,2098,1996,1979,1166,2023,2061,2072,2136,1975,1948,1962,1135,1522,2032,2042,2030,1934,1934,2481,5,5,5,5,5,10,5,5,5,5,5,5,10,255,5,5,5,5,5,5,5,5,5,10,5,5,5,5,5,5,5,5,5,10,5,5,5,10,10,255,5,255,5,5,5,5,5,5,5,10,255,10,5,5,5,5,5,255,10,10,5,255,255,255
1780855125.191045,20100,2019913017,869,1006,2078,2077,2071,2049,1239,971,1085,1212,2069,2084,2086,2109,1470,1134,1170,1863,2120,2079,2103,2065,2086,1793,1220,2025,2085,2084,2073,2126,2069,1808,1204,2011,2063,2079,2074,2073,2079,1916,1182,2009,2140,2071,2081,2058,1897,1963,1147,2023,2132,2085,2136,2026,1935,1956,1132,1836,2069,2042,1955,1934,1934,2481,5,255,5,5,255,4,5,5,5,5,5,5,255,10,4,5,5,255,5,5,255,5,5,5,5,5,5,5,5,5,5,5,5,5,5,5,5,5,5,255,5,255,5,255,5,5,5,5,5,255,10,5,255,5,5,5,5,10,5,255,5,255,255,255
1780855125.292271,20101,2020013016,826,2106,2084,2088,2124,2049,1296,988,1066,1199,2099,2071,2086,1956,1463,1082,1198,1992,2076,2065,2071,2087,2034,1643,1192,2051,2078,2093,2091,2116,2089,1884,1183,2044,2053,2106,2092,2141,2056,1925,1128,2009,2113,2099,2105,2104,1945,1975,1164,2014,2064,2100,2087,1990,1990,1959,1085,1836,2026,2104,1955,1982,1934,2481,5,10,5,5,10,255,5,5,5,5,5,5,255,5,5,5,5,10,5,5,10,5,5,5,5,5,5,5,5,5,5,5,5,5,5,5,5,5,5,10,5,255,5,10,5,5,5,5,5,10,5,5,10,5,5,5,5,255,5,10,5,10,255,255
1780855125.391912,20102,2020113017,846,1072,2129,2095,2055,2074,1234,979,1074,1318,2099,2100,2038,1956,1452,1090,1162,1999,2063,2070,2083,2106,2081,1643,1147,2046,2093,2091,2090,2084,2107,1884,1193,2001,2125,2070,2093,2156,2056,1901,1218,2009,2126,2126,2126,2080,1976,1985,1164,2014,2097,2101,2080,1990,1945,1959,1140,1836,2026,2062,1955,1957,1934,2481,5,5,5,5,5,10,5,5,9,5,255,5,10,255,5,5,5,5,5,5,5,5,5,255,5,5,5,5,5,5,5,255,5,5,5,5,5,5,255,5,5,255,5,5,5,5,5,5,5,255,5,5,5,255,5,255,5,255,255,5,255,5,255,255
1780855125.489930,20103,2020213016,832,1073,2095,2114,2065,2030,1271,984,1065,1261,2085,2038,2137,2026,1432,1139,1192,2085,2091,2073,2083,2084,2103,1752,1182,2082,2082,2092,2088,2096,2098,1894,1171,2001,2095,2089,2074,2109,2057,1791,1145,2009,2083,2107,2127,2088,1971,1904,1113,2047,2116,2085,2110,2017,1947,1972,1102,1710,2028,2051,2048,1994,1934,2481,5,5,5,5,5,5,5,5,5,5,10,5,5,10,5,5,5,5,5,5,5,5,5,10,5,5,5,5,5,5,5,10,5,255,5,5,5,5,10,5,5,255,5,5,5,5,5,5,5,10,5,5,5,10,5,10,5,10,10,5,10,5,255,255
1780855125.600680,20104,2020323016,834,2091,2065,2055,2086,2009,1232,996,1084,1225,2050,2111,2137,2023,1378,1122,1211,1599,2068,2098,2127,2060,2107,1631,1195,2070,2096,2087,2083,2116,2122,1894,1179,2073,2034,2115,2115,2140,2057,1791,1177,2018,2077,2125,2115,2043,1944,1925,1131,2047,2045,2110,2070,2004,1946,1971,1105,1710,2022,2044,1999,1941,1970,1929,5,5,5,5,5,5,5,5,5,5,5,5,255,5,5,5,9,4,5,5,5,5,5,5,5,5,5,5,5,5,5,255,5,10,5,5,5,5,255,255,5,10,5,5,5,5,5,5,5,255,5,5,5,5,5,5,5,255,5,5,5,5,10,10
1780855125.701808,20105,2020423017,845,2107,2065,2077,2082,2009,1208,1003,1038,1242,2050,2097,2112,2069,1477,1126,1177,2009,2080,2070,2096,2106,2059,1649,1190,2070,2058,2091,2092,2134,2112,1917,1181,2074,2122,2087,2099,2109,2057,1791,1205,2018,2105,2117,2070,2025,1928,1989,1137,2045,2111,2090,2054,2002,1949,1986,1126,1710,2081,2032,1976,1998,1970,1929,5,5,255,5,5,255,5,5,5,5,255,5,10,5,9,5,5,5,5,5,5,5,5,5,5,255,5,5,5,5,5,10,5,5,5,5,5,5,255,255,5,255,5,5,5,5,5,5,5,10,5,5,5,5,5,5,5,255,5,5,5,5,255,255
1780855125.800490,20106,2020523017,848,1061,2051,2077,2055,2009,1244,992,1076,1307,2050,2094,2112,2089,1470,1103,1185,1622,2080,2081,2096,2123,2067,1649,1167,1965,2097,2091,2101,2114,2102,1917,1215,2054,2066,2110,2113,2092,2057,1954,1182,2018,2105,2117,2096,2025,1990,1934,1161,2073,2092,2111,2086,1990,1973,1986,1121,1710,2085,2062,1976,1998,1970,1929,5,5,10,5,5,255,5,5,5,5,255,5,255,5,5,5,5,5,5,5,255,5,5,5,5,10,5,5,5,5,5,255,5,5,5,5,5,5,255,10,5,255,255,255,5,255,5,5,5,5,5,5,5,5,5,255,5,255,5,5,255,255,255,255
1780855125.901846,20107,2020623017,852,2066,2076,2082,2106,2050,1335,986,1064,1270,2069,2075,2087,2088,1398,1132,1194,1957,2073,2068,2081,2134,2068,1649,1200,2072,2089,2096,2097,2103,2138,1888,1228,2030,2114,2094,2114,2092,2041,1941,1179,2018,2111,2117,2128,2025,1923,1992,1123,2073,2092,2090,2127,1999,1927,1921,1111,2041,2085,2051,2002,1998,1970,1929,5,4,5,5,5,10,5,5,5,5,10,5,10,5,9,5,5,5,5,5,10,5,5,255,9,5,5,5,5,5,5,10,5,5,5,5,5,255,10,5,5,255,10,255,5,255,5,5,5,255,5,5,5,5,5,10,5,10,255,5,10,255,255,255
1780855126.002691,20108,2020723017,849,2082,2065,2082,2075,2061,1233,985,1081,1322,2046,2072,2087,2063,1493,1096,1190,1957,2075,2103,2069,2052,2083,1649,1182,2072,2065,2078,2089,2098,2054,1879,1227,2030,2114,2104,2131,2131,2062,1941,1184,2018,2078,2127,2112,2064,1958,1926,1155,2073,2076,2112,2105,1999,1964,1921,1105,2041,1999,2104,1993,1998,1970,1929,5,5,5,255,5,5,5,5,5,5,5,5,255,5,9,5,5,255,5,5,5,5,5,10,5,255,5,5,5,5,5,3,5,255,255,5,5,10,5,255,5,255,5,10,5,10,5,5,5,255,5,5,5,255,5,255,5,255,10,5,5,255,255,255
1780855126.101489,20109,2020823017,859,1029,2065,2081,2063,2047,1270,1003,1093,1356,2108,2100,2108,2063,1580,1098,1165,2055,2097,2059,2080,2110,2053,1699,1180,2025,2077,2090,2085,2101,2088,1879,1161,2030,2087,2078,2125,2131,2089,1941,1202,2018,2091,2133,2097,2130,1948,1967,1145,1608,2110,2109,2116,2041,1926,1979,1120,2041,1986,2064,2019,1998,1970,1929,5,4,255,10,5,5,5,5,5,5,5,5,10,255,5,5,5,10,5,5,5,5,5,5,5,10,5,5,5,5,5,255,5,255,10,5,5,255,5,255,5,255,5,5,5,5,5,5,5,10,5,5,5,10,5,10,5,255,5,5,5,255,255,255
1780855126.201524,20110,2020923017,830,1025,2060,2063,2066,2100,1191,978,1087,1339,2055,2080,2108,2063,1435,1089,1176,2037,2063,2064,2097,2123,2050,1699,1211,2029,2095,2094,2088,2108,2090,1879,1189,1967,2083,2076,2102,2131,2089,1941,1174,2018,2083,2104,2125,2071,2040,1920,1141,1608,2098,2108,2116,2043,1938,1953,1103,2041,2074,2044,1994,1969,1970,1929,5,5,10,5,5,5,5,5,5,5,5,5,255,255,5,5,5,5,5,5,5,5,5,255,5,5,5,5,5,5,5,255,5,10,5,5,5,255,255,255,5,255,5,5,5,5,5,5,5,255,5,5,255,5,5,5,5,255,5,5,5,10,255,255
1780855126.300766,20111,2021023017,844,1070,2085,2077,2111,2081,1263,992,1087,1325,2040,2068,2108,2085,1395,1121,1206,2035,2058,2066,2104,2076,2027,1699,1205,2053,2070,2095,2100,2105,2107,1879,1197,2093,2093,2108,2129,2131,2101,1886,1187,1986,2077,2104,2125,2084,1919,1943,1167,1608,2094,2096,2060,2024,1930,1962,1098,2041,2063,2064,2005,1981,1970,1929,5,5,5,5,5,5,5,5,5,5,5,5,255,10,5,5,5,5,5,5,5,5,5,255,9,5,5,5,5,5,5,255,5,5,5,5,5,255,10,10,5,10,5,255,255,5,5,5,5,255,5,5,10,5,5,5,5,255,5,5,5,5,255,255
1780855126.403049,20112,2021123016,840,2079,2107,2072,2099,2020,1271,993,1093,1325,2007,2080,2034,2054,1451,1110,1223,1923,2102,2081,2110,2088,2044,1689,1206,2026,2092,2096,2080,2071,2088,1835,1208,2093,2118,2096,2081,2131,2101,1888,1169,2028,2043,2153,2144,2169,1960,1936,1081,1964,2136,2087,2101,2043,1926,1938,1121,2041,2063,2064,2066,1981,1938,1929,5,4,5,5,5,5,5,5,5,255,5,5,10,5,5,5,5,4,5,5,5,5,5,10,5,5,5,5,5,5,5,10,5,255,5,5,5,255,255,5,5,5,5,10,10,5,5,5,5,10,5,5,5,5,5,5,5,255,255,255,5,255,10,255
1780855126.500447,20113,2021223017,837,2093,2091,2099,2108,2044,1289,1001,1082,1260,2007,2104,2034,2041,1391,1105,1198,1928,2031,2083,2093,2104,2099,1652,1180,2026,2098,2076,2091,2086,2098,1866,1210,2044,2073,2088,2128,2131,2059,1902,1202,2028,2073,2051,2102,2117,1976,1937,1141,1958,2073,2090,2078,1973,1958,1991,1095,2041,2069,2064,2049,1944,1938,1929,5,5,5,5,5,5,5,5,5,10,255,5,255,5,5,5,5,5,5,5,5,5,5,5,5,255,5,5,5,5,5,5,5,10,5,5,5,255,10,5,5,255,5,5,5,5,5,5,5,5,5,5,5,5,255,5,5,255,10,255,5,10,255,255
1780855126.600822,20114,2021323017,839,1107,2091,2039,2098,2046,1302,986,1116,1263,2007,2093,2114,2072,1464,1089,1205,1971,2090,2103,2118,2098,2067,1638,1169,2026,2083,2087,2091,2100,2084,1866,1195,2049,2113,2093,2069,2105,2078,1902,1197,2028,2116,2099,2115,2056,1999,1924,1156,1958,2054,2075,2126,1993,1961,1991,1116,2041,2039,2055,2049,1931,1938,1929,5,5,255,5,5,5,5,5,5,5,255,5,10,5,5,5,5,5,5,5,5,5,5,5,5,255,5,5,5,5,5,255,5,5,5,5,5,10,5,255,5,255,5,5,5,5,5,5,5,255,5,5,5,5,5,255,5,255,5,10,255,5,255,255
1780855126.700437,20115,2021423017,836,2028,2087,2042,2074,2053,1330,982,1062,1192,2007,2103,2102,2072,1421,1119,1171,1971,2092,2093,2118,2077,2081,1711,1193,2081,2080,2089,2077,2122,2090,1866,1212,2037,2062,2093,2097,2143,2058,1916,1221,2028,2086,2104,2128,2065,1927,1942,1121,2008,2092,2100,2083,2006,1927,1980,1107,2041,2088,2032,2019,1931,1938,1929,5,4,10,5,5,5,5,5,5,5,255,5,5,255,5,5,5,255,5,5,255,5,5,5,5,10,5,5,5,5,5,255,5,5,5,5,5,5,5,10,5,255,5,5,5,5,5,255,5,10,5,5,5,255,5,10,5,255,5,5,10,255,255,255
1780855126.800290,20116,2021523017,847,2082,2112,2055,2129,2099,1294,1009,1099,1369,2075,2080,2102,2072,1450,1097,1184,1996,2094,2092,2131,2088,2069,1659,1213,2029,2076,2090,2081,2160,2111,1802,1222,2019,2060,2110,2143,2082,2062,1954,1188,2027,2086,2104,2124,2075,2049,1945,1160,2008,2093,2102,2083,2013,1930,1980,1111,2041,2071,2025,2007,1931,1938,1929,5,5,5,5,5,5,5,5,5,4,10,5,255,255,5,5,5,10,5,5,10,5,5,5,5,5,5,5,5,5,5,10,5,5,5,5,5,5,5,5,5,10,255,255,5,5,5,5,5,255,5,5,255,5,5,255,5,255,5,5,5,255,255,255
1780855126.900221,20117,2021623016,840,2066,2073,2087,2090,2032,1250,969,1069,1266,2085,2080,2107,2098,1448,1119,1191,2057,2057,2076,2080,2093,2082,1674,1200,2079,2062,2086,2094,2086,2101,1802,1123,1979,2055,2114,2127,2082,2038,1954,1158,2104,2078,2095,2075,2121,1979,1945,1121,2040,2100,2112,2087,2006,1952,1966,1125,2041,2029,2095,1982,1976,1938,1929,5,5,5,5,5,5,5,5,5,5,5,255,10,10,5,5,5,5,5,5,5,5,5,5,5,5,5,5,5,5,5,255,5,5,5,5,5,255,5,255,5,5,10,10,5,5,5,255,5,10,5,5,10,5,5,10,5,255,5,5,5,10,255,255
1780855127.002412,20118,2021723017,844,1003,2093,2060,2077,2090,1297,1007,1062,1282,2039,2080,2081,2078,1340,1094,1194,2060,2100,2064,2097,2067,2078,1661,1200,2061,2081,2094,2090,2136,2081,1910,1126,2007,2103,2097,2058,2128,2038,1954,1167,2057,2092,2144,2105,2040,1971,1911,1170,2065,2116,2110,2117,2021,1917,1966,1122,2041,2035,2095,1982,1976,1938,1929,5,5,5,5,5,5,5,5,5,5,5,255,5,5,4,5,5,5,5,5,5,5,5,5,5,5,5,5,5,5,5,10,5,3,5,5,5,10,255,255,5,5,5,5,5,5,5,10,5,5,5,5,5,5,5,255,5,255,5,255,255,255,255,255
1780855127.101354,20119,2021823016,841,1023,2093,2077,2109,2095,1301,985,1095,1299,2084,2081,2085,2078,1464,1081,1153,1603,2048,2083,2096,2113,2081,1684,1224,2061,2098,2084,2098,2085,2099,1790,1174,2007,2084,2069,2101,2135,2080,1954,1189,2057,2125,2099,2091,2142,1984,1950,1132,1988,2093,2116,2087,2017,1941,1949,1123,1853,2040,2095,1981,1964,1938,1929,5,5,255,5,5,5,5,5,5,5,5,10,5,255,5,5,5,4,5,5,5,5,5,5,5,5,5,5,5,5,5,9,5,255,5,5,5,5,10,255,5,255,5,5,5,5,5,5,5,5,5,5,5,5,5,10,5,10,5,255,10,10,255,255
1780855127.201034,20120,2021923016,827,1029,2093,2037,2109,2055,1275,1008,1077,1259,2114,2114,2085,2052,1397,1126,1206,2024,2063,2099,2077,2083,2058,1692,1199,2065,2090,2098,2087,2106,2108,1908,1198,2054,2119,2097,2121,2114,2080,1877,1188,2057,2088,2033,2078,2103,1954,1917,1131,1988,2094,2128,2091,1978,1945,1939,1124,1853,2093,2095,2024,1971,1938,1929,5,5,255,5,5,5,5,5,5,5,5,5,255,10,5,5,5,4,5,5,5,5,5,5,5,5,5,5,5,5,5,5,5,10,5,5,5,5,255,10,5,255,5,5,5,5,5,5,5,255,5,5,5,5,5,5,5,255,5,255,5,5,255,255
1780855127.300644,20121,2022023017,846,1039,2086,2080,2071,2079,1316,973,1066,1255,2126,2065,2085,2052,1451,1129,1201,1995,2096,2087,2117,2053,2096,1692,1161,2031,2089,2080,2095,2071,2108,1908,1207,1993,2062,2108,2100,2068,2080,1877,1194,2057,2120,2074,2125,2110,1954,1955,1142,1961,2108,2103,2143,1969,1957,1927,1122,1853,2041,2055,1963,1874,1938,1929,5,5,10,5,5,5,9,5,5,5,5,5,255,255,5,5,5,5,5,5,5,5,5,255,5,5,5,5,5,5,5,255,5,5,5,5,5,5,255,255,5,255,5,5,5,5,255,5,5,10,5,5,5,5,5,5,5,255,5,10,5,5,255,255
1780855127.401527,20122,2022123017,843,1080,2097,2052,2048,2018,1275,1009,1063,1295,2072,2071,2084,2052,1419,1108,1174,1916,2097,2080,2045,2089,2078,1692,1187,2031,2086,2079,2072,2084,2071,1912,1213,1993,2069,2105,2103,2070,2081,1877,1217,2057,2096,2114,2077,2061,1954,1892,1145,1982,2103,2085,2099,2039,1932,1933,1108,1853,2014,2055,1963,2008,1938,1929,5,5,5,5,5,5,5,5,5,5,5,5,10,255,5,5,5,5,5,5,5,5,5,255,5,255,5,5,5,5,5,10,5,255,5,5,5,5,10,255,9,255,5,5,5,5,255,5,5,5,5,5,5,5,5,5,5,255,5,255,255,5,255,255
1780855127.500811,20123,2022223016,839,2068,2055,2039,2083,2050,1279,1024,1102,1277,2108,2080,2147,2052,1435,1130,1183,2096,2113,2073,2064,2084,2094,1692,1196,2040,2083,2089,2087,2112,2052,1820,1175,2044,2123,2106,2066,2140,2059,1877,1173,2042,2122,2092,2116,2061,1965,1923,1146,2092,2099,2122,2114,1969,1953,1965,1134,1853,2040,2017,2039,1962,1938,1929,5,5,5,5,5,5,5,5,9,5,5,5,5,255,5,5,5,5,5,5,5,5,5,255,5,10,5,5,5,5,5,5,5,10,5,5,5,5,5,255,5,10,5,5,5,255,10,5,5,5,5,5,5,5,5,5,5,255,5,10,10,5,255,255
1780855127.600707,20124,2022323017,838,2091,2062,2067,2093,2102,1243,992,1064,1248,2108,2048,2080,2052,1414,1136,1176,2096,2081,2047,2062,2084,2023,1719,1182,2035,2082,2074,2093,2102,2038,1985,1196,1948,2097,2094,2115,2055,2092,1877,1160,2042,2114,2085,2069,2061,1977,1898,1178,2092,2134,2115,2128,1982,1953,1930,1122,1853,2040,2081,2050,1943,1938,1929,5,5,5,5,5,5,5,5,5,5,255,5,5,255,5,5,5,255,5,5,5,5,5,10,5,5,5,5,5,5,5,5,5,5,5,5,5,5,5,255,5,255,5,5,5,255,5,5,5,255,5,5,5,5,255,5,5,255,255,5,5,5,255,255
1780855127.700524,20125,2022423016,843,2077,2107,2070,2083,2032,1384,977,1070,1296,2001,2111,2080,2052,1418,1128,1207,1720,2080,2092,2052,2100,2054,1683,1240,2035,2079,2074,2086,2086,2108,1906,1211,2060,2089,2090,2097,2125,2092,1967,1178,2042,2122,2124,2107,2105,1971,1943,1124,2039,2101,2115,2097,2086,1914,1930,1147,1853,2006,2087,2024,1968,1938,1929,5,5,5,5,5,5,5,5,5,5,10,5,255,255,5,5,5,10,5,5,5,5,5,5,5,255,5,5,5,5,5,5,5,5,5,5,5,5,255,10,5,255,5,5,5,10,5,5,5,10,5,5,5,5,10,255,5,255,10,5,5,5,255,255
1780855127.800628,20126,2022523017,826,1073,2065,2062,2073,2092,1262,998,1071,1250,2001,2097,2113,2052,1364,1157,1171,2023,2075,2069,2095,2105,2073,1683,1202,2074,2086,2093,2095,2100,2109,1906,1214,2084,2112,2089,2101,2128,2057,1934,1168,2042,2110,2078,2136,2091,2000,1906,1154,2039,2086,2101,2075,2028,1960,1965,1157,1853,2071,2045,2040,1968,1938,1929,5,5,5,5,5,5,5,5,5,5,255,5,10,255,5,5,5,4,5,5,5,5,5,255,5,10,5,5,5,5,5,255,5,5,5,5,5,5,10,5,5,255,5,5,5,5,5,5,5,255,5,5,5,5,5,10,5,255,5,5,5,255,255,255
1780855127.902986,20127,2022623017,838,999,2074,2067,2102,2038,1267,978,1087,1312,2082,2049,2113,2052,1424,1121,1228,2023,2122,2108,2106,2090,2081,1683,1188,1964,2091,2072,2085,2112,2113,1928,1163,1992,2047,2070,2136,2105,2057,1934,1166,2038,2080,2082,2101,2093,2000,1950,1133,2039,2093,2124,2132,1994,1962,1940,1095,1624,1933,2027,1999,1968,1908,1929,5,5,5,5,5,5,5,5,5,9,10,5,255,255,5,5,5,255,5,5,5,5,5,255,5,5,5,5,5,5,5,10,5,5,5,5,5,5,255,255,5,10,5,5,5,5,255,5,9,255,5,5,5,5,5,5,5,10,5,5,5,255,10,255
1780855128.000887,20128,2022723017,846,2069,2074,2092,2095,2074,1275,989,1095,1216,2082,2049,2051,2052,1463,1111,1220,2046,2099,2088,2064,2083,2009,1665,1185,1973,2081,2071,2067,2081,2064,1928,1198,1968,2112,2075,2108,2105,2057,1961,1150,2152,2088,2082,2111,2029,1979,1900,1157,2039,2093,2148,2110,2050,1962,1940,1139,1624,2029,2070,2015,1957,1908,2093,5,5,255,5,5,5,5,5,9,5,255,255,10,255,5,5,5,10,5,5,5,5,5,10,5,5,5,5,5,5,5,255,5,5,5,5,5,255,255,10,5,5,5,255,5,5,10,5,5,255,5,5,5,5,255,255,5,255,5,5,5,10,255,10
1780855128.100479,20129,2022823017,837,2095,2040,2075,2086,2051,1209,984,1079,1343,2082,2049,2124,2049,1451,1101,1221,2084,2081,2070,2079,2113,2011,1665,1198,1963,2093,2083,2075,2078,2097,1762,1194,1983,2118,2091,2113,2177,2057,1961,1165,2152,2078,2089,2129,2031,2000,1907,1147,1984,2060,2103,2096,2050,1944,1984,1115,1624,2049,2070,1967,1957,1908,2093,5,5,10,5,5,5,5,5,5,5,255,255,5,10,5,5,5,5,5,5,5,5,5,255,5,5,5,5,5,5,5,10,5,5,5,5,5,10,255,255,5,255,5,10,5,5,5,5,5,10,5,5,5,255,10,10,5,255,5,255,5,255,255,255
1780855128.200679,20130,2022923016,848,2098,2056,2021,2068,2092,1267,978,1076,1256,2070,2065,2091,2092,1431,1091,1176,1993,2093,2054,2103,2129,2066,1713,1199,2073,2088,2100,2061,2083,2096,1762,1180,2081,2086,2103,2108,2177,2119,1961,1150,2152,2087,2104,2048,2058,2001,1897,1150,2051,2080,2119,2096,2050,1920,1920,1123,1624,2058,2086,1966,1954,1908,2093,5,5,5,5,5,5,5,5,5,5,10,10,5,5,5,5,5,5,5,5,5,5,5,10,5,5,5,5,5,5,5,255,5,5,5,5,5,255,10,255,5,255,5,5,5,5,5,5,5,5,5,5,255,255,5,5,5,255,5,10,5,10,255,255
1780855128.310410,20131,2023033016,836,958,2078,2091,2078,2064,1240,980,1069,1363,2045,2061,2085,2092,1322,1111,1188,2025,2096,2086,2074,2081,2045,1686,1177,1984,2083,2077,2085,2126,2075,1899,1165,2070,2086,2102,2118,2100,2070,1925,1192,1677,2098,2076,2114,1982,2031,1953,1176,2068,2089,2100,2109,1999,1920,1900,1087,1837,2054,2034,1950,1975,1908,2093,5,4,5,5,5,5,5,5,5,5,5,5,5,255,5,5,5,5,5,5,5,5,5,5,5,5,5,5,5,5,5,10,5,5,255,5,5,10,5,10,5,10,5,5,5,5,5,5,5,5,5,5,10,10,5,5,5,10,5,5,5,5,255,255
1780855128.412143,20132,2023133017,848,1029,2078,2073,2071,1989,1340,990,1092,1280,2051,2061,2062,2092,1384,1119,1175,1888,2070,2094,2086,2111,2067,1701,1227,2047,2107,2089,2095,2097,2079,1801,1218,2035,2144,2083,2117,2076,2065,1898,1158,1677,2076,2076,2137,1982,2031,1963,1144,2068,2057,2103,2068,1951,1930,1900,1111,1837,2044,2040,1950,1957,1908,2093,5,5,255,5,5,5,5,5,5,5,5,255,5,255,5,5,5,9,5,5,5,5,5,5,5,5,5,5,5,5,5,5,5,5,10,5,5,5,5,5,5,255,5,255,5,255,255,5,5,255,5,5,5,5,5,255,5,255,5,5,255,5,255,255
1780855128.510516,20133,2023233017,842,1044,2078,2061,2090,2054,1256,974,1074,1364,2051,2061,2058,2074,1437,1121,1191,1653,2089,2117,2076,2086,2033,1696,1201,2001,2093,2104,2104,2088,2090,1801,1185,2058,2041,2084,2074,2076,2054,1898,1193,1677,2099,2112,2088,2087,1955,1945,1136,2068,2086,2060,2099,2041,1957,1949,1114,1837,2075,2025,1988,1998,1908,2093,5,5,255,5,5,5,5,5,5,5,255,255,5,10,4,5,5,4,5,5,5,5,5,5,9,5,5,5,5,5,5,255,5,5,5,5,5,255,5,255,5,255,5,10,5,10,10,5,5,255,5,5,5,5,5,10,5,255,5,5,10,5,255,255
1780855128.611590,20134,2023333016,844,2080,2085,2061,2123,1951,1286,979,1079,1264,2051,2056,2121,2074,1433,1109,1199,2042,2081,2093,2128,2080,2035,1614,1179,2018,2091,2086,2085,2142,2086,1714,1173,2036,2090,2106,2132,2076,2051,1892,1171,1677,2070,2088,2095,2040,1925,1946,1153,2035,2086,2148,2093,2018,1960,1949,1104,1837,2069,2051,1994,1934,1908,2093,5,5,10,255,5,5,5,5,5,5,255,10,5,255,5,5,5,4,5,5,5,5,5,5,9,5,5,5,5,5,5,10,5,5,5,5,5,255,5,10,5,255,5,5,5,5,5,5,5,10,5,5,5,5,5,255,5,255,5,5,5,5,255,255
1780855128.709492,20135,2023433016,858,2043,2085,2084,2060,2087,1269,984,1075,1258,2131,2064,2140,2060,1426,1107,1177,1996,2106,2074,2065,2110,2052,1649,1191,2075,2090,2077,2094,2131,2105,1857,1155,2039,2075,2094,2104,2122,2057,1890,1147,1677,2099,2087,2113,2071,1985,1932,1138,2032,2098,2076,2063,2055,1923,1998,1178,1751,2090,2049,1994,1979,1908,2093,5,5,255,10,5,5,5,5,5,5,10,5,5,10,5,5,9,5,5,5,5,5,5,5,5,5,5,5,5,5,5,5,5,5,5,5,5,10,5,5,5,255,5,5,5,5,5,5,5,5,5,5,5,5,5,10,5,10,5,5,255,5,255,255
1780855128.810388,20136,2023533017,842,2071,2081,2067,2090,2034,1274,993,1056,1317,2004,2066,2104,2060,1538,1120,1172,1849,2073,2090,2159,2101,2091,1649,1214,2107,2081,2090,2078,2054,2101,1887,1228,2039,2127,2072,2120,2122,2057,1890,1196,1677,2092,2096,2124,2099,1977,1915,1165,2032,2110,2118,2117,1955,1964,1998,1141,1751,2064,2049,2012,1965,1908,2093,5,5,10,5,5,9,9,5,5,5,5,5,5,255,9,5,5,9,5,5,5,5,5,255,5,5,5,5,5,5,5,5,5,255,5,5,5,255,255,255,5,255,5,5,5,5,5,5,9,255,5,5,5,5,5,255,5,255,5,255,10,5,255,255
1780855128.912094,20137,2023633017,858,2035,2128,2102,2090,2016,1286,994,1076,1322,2004,2097,2104,2060,1447,1089,1176,1803,2061,2061,2036,2116,2068,1659,1200,1980,2107,2069,2105,2136,2084,1910,1193,2046,2100,2100,2120,2111,2057,1890,1158,2084,2090,2096,2087,2095,1933,1915,1139,2032,2086,2100,2103,1986,1926,1967,1131,1751,2060,2038,1978,1941,1908,2093,5,5,5,5,5,5,5,5,5,5,255,5,255,255,9,5,5,9,5,5,5,5,5,10,5,5,5,5,5,5,5,5,5,10,5,5,5,10,255,255,5,10,5,255,5,5,5,255,5,255,5,5,5,5,5,10,5,255,5,10,5,5,255,255
1780855129.011055,20138,2023733016,843,2051,2090,2046,2094,2025,1246,990,1069,1293,2115,2097,2104,2060,1398,1109,1178,2025,2066,2057,2070,2087,2084,1692,1176,2028,2098,2094,2092,2108,2059,1822,1165,2074,2087,2079,2130,2111,2049,1877,1160,2084,2080,2109,2088,2109,1974,1947,1174,2007,2111,2090,2103,2002,1930,1967,1132,1751,2070,2042,1999,1959,1908,2093,5,5,5,5,5,5,5,5,5,9,10,255,255,255,5,5,5,4,5,5,5,5,5,5,5,5,5,5,5,5,5,5,5,5,5,5,5,255,10,10,5,255,5,10,5,5,5,10,9,10,5,5,255,5,5,5,5,255,5,5,5,5,255,255
1780855129.110713,20139,2023833016,829,2070,2090,2106,2058,2106,1302,985,1056,1387,2058,2080,2090,2060,1431,1087,1179,1965,2080,2114,2127,2074,2072,1705,1195,2068,2087,2092,2087,2080,2087,1807,1173,2034,2024,2114,2082,2073,2060,1877,1162,2084,2075,2063,2094,2072,1996,1956,1135,2021,2103,2115,2101,2031,1985,1994,1125,1751,2055,2042,1999,1952,1908,2093,5,5,255,5,5,5,5,5,5,5,5,10,10,255,5,5,5,5,5,5,5,5,5,5,5,5,5,5,5,5,5,5,5,5,5,5,5,10,5,255,5,255,5,5,5,5,5,5,5,5,5,5,10,5,5,5,5,255,5,255,255,5,255,255
1780855129.211274,20140,2023933017,835,2076,2090,2106,2085,2086,1250,1025,1063,1224,2099,2080,2090,2060,1452,1108,1185,1914,2070,2087,2103,2116,2081,1698,1159,2070,2103,2079,2082,2156,2117,1881,1163,2023,2120,2094,2114,2137,2047,1877,1175,2084,2073,2063,2110,2109,1996,1978,1159,2021,2130,2139,2101,1949,1970,1972,1100,1751,2055,2078,2044,1968,1968,2093,5,5,255,255,5,5,5,5,5,5,5,5,255,255,5,5,5,5,5,5,5,5,5,5,5,5,5,5,5,5,5,5,5,5,5,5,5,5,5,255,5,255,5,255,5,5,255,5,5,255,5,5,255,5,5,5,5,255,255,10,10,5,10,255
1780855129.311847,20141,2024033016,837,2074,2060,2064,2096,2074,1232,994,1066,1251,2047,2080,2065,2074,1422,1139,1199,2064,2077,2076,2075,2115,2042,1710,1211,2055,2091,2088,2071,2120,2095,1863,1175,2044,2097,2104,2102,2118,2047,1877,1179,2084,2076,2089,2154,2055,2051,1918,1147,2021,2109,2108,2158,1980,1923,1990,1103,1751,2006,2051,1966,1954,1968,2093,5,5,10,10,5,5,5,5,9,9,5,255,10,10,5,5,5,5,5,5,5,5,5,5,5,5,5,5,5,5,5,5,5,5,5,5,5,5,255,255,5,255,5,10,5,5,10,5,5,255,5,5,10,5,5,5,5,255,10,5,5,5,255,255
1780855129.410879,20142,2024133016,842,2060,2076,2073,2096,2084,1328,985,1068,1266,1988,2084,2098,2079,1464,1093,1194,2034,2089,2107,2047,2115,2069,1710,1185,2055,2078,2088,2109,2118,2118,1863,1174,1955,2097,2066,2111,2094,2095,1984,1165,2084,2104,2089,2086,2149,2022,1957,1163,2021,2065,2090,2092,2019,1949,1952,1094,1751,2047,2012,1965,1999,1968,2093,5,5,5,5,5,5,5,5,5,5,5,10,5,5,5,5,5,5,5,5,5,5,5,255,5,255,5,5,5,5,5,255,5,5,5,5,5,5,10,10,5,255,5,255,5,5,5,5,5,255,5,5,5,5,5,5,5,255,5,5,5,5,255,255
1780855129.511410,20143,2024233017,839,1085,2118,2073,2077,2059,1227,1014,1055,1330,2058,2088,2072,2079,1379,1135,1165,1963,2064,2094,2102,2074,2019,1710,1191,2032,2095,2081,2100,2078,2081,1864,1176,2073,2130,2094,2125,2094,2095,1922,1161,2084,2089,2092,2082,2100,1950,1924,1140,2021,2077,2117,2121,1986,1952,1914,1109,1751,2029,2064,1990,1999,1968,2093,5,5,5,5,5,5,5,5,5,5,5,5,5,255,9,5,5,5,5,5,5,5,5,255,5,10,5,5,5,5,5,10,5,9,5,5,5,255,255,5,5,255,5,10,5,5,5,5,5,255,5,5,5,5,5,5,5,255,5,5,5,255,255,255
1780855129.609895,20144,2024333016,833,2081,2049,2048,2071,2013,1286,983,1080,1312,2064,2057,2093,2102,1546,1109,1169,1823,2074,2089,2133,2105,2102,1710,1200,2058,2085,2096,2096,2078,2065,1810,1188,2063,2130,2083,2117,2137,2095,1922,1173,2084,2106,2101,2029,2089,1996,1965,1186,2024,2079,2109,2123,1958,1932,1995,1121,1751,2056,2082,1972,2013,1968,2093,5,5,5,5,5,5,5,5,5,5,5,5,5,10,5,9,5,5,5,5,5,5,5,255,5,5,5,5,5,5,5,5,5,5,255,5,5,10,255,255,9,255,5,5,5,5,5,5,5,10,5,5,5,5,5,5,5,255,5,5,5,10,255,255
1780855129.710871,20145,2024433017,830,1020,2068,2074,2083,2013,1296,987,1087,1353,2061,2104,2093,2076,1495,1118,1181,2025,2056,2089,2055,2100,2098,1632,1242,2035,2085,2087,2083,2090,2070,1863,1151,2063,2086,2094,2082,2137,2095,1916,1206,2084,2101,2101,2122,2129,1967,1962,1151,2079,2083,2109,2092,1987,1923,1982,1124,1751,2019,2066,1986,1942,1968,2093,5,255,5,5,5,255,9,5,5,5,5,5,255,5,5,5,5,4,5,5,5,5,5,10,5,5,5,5,5,5,5,5,5,255,10,5,5,255,255,10,5,255,5,255,5,5,5,5,5,5,5,5,5,5,5,5,5,255,5,5,5,5,255,255
1780855129.811522,20146,2024533017,837,2105,2058,2074,2052,2096,1251,971,1078,1183,2061,2105,2093,2074,1388,1126,1191,2065,2093,2047,2147,2062,2055,1632,1190,2007,2091,2079,2079,2107,2102,1863,1209,1994,2101,2058,2089,2063,2095,2002,1190,2084,2131,2073,2118,2116,1997,1911,1154,2079,2063,2107,2121,2008,1886,1997,1140,1471,2019,2055,1997,1927,1968,2093,5,4,5,255,5,10,9,5,5,5,255,5,255,5,5,5,5,5,5,5,5,5,5,255,5,5,5,5,5,5,5,255,5,10,5,5,5,10,255,4,5,255,5,10,5,5,5,5,5,255,5,5,5,5,5,5,5,10,255,5,5,5,255,255
1780855129.910121,20147,2024633017,848,2113,2033,2091,2079,2096,1321,979,1070,1181,2069,2085,2079,2074,1415,1106,1206,2026,2051,2079,2115,2086,2079,1692,1215,2036,2102,2081,2106,2096,2077,1920,1191,2037,2121,2103,2089,2063,2095,2002,1196,2068,2074,2073,2100,2064,2012,1959,1153,2042,2058,2092,2108,1983,1934,1997,1109,1471,2096,2034,2036,1964,1968,2093,5,5,5,10,5,255,9,5,5,5,10,5,10,255,5,5,5,5,5,5,5,5,5,10,5,5,5,5,5,5,5,10,5,5,5,5,5,255,255,255,9,10,5,255,5,5,5,5,5,10,5,5,5,5,5,255,5,255,10,5,5,5,255,255
1780855130.012535,20148,2024733017,840,2125,2121,2032,2076,2070,1276,1001,1044,1348,2053,2058,2080,2074,1464,1124,1201,1929,2053,2075,2110,2098,2102,1632,1157,1998,2046,2071,2081,2077,2093,1938,1159,2066,2063,2109,2131,2094,2095,2002,1204,2068,2102,2115,2065,2087,2012,1934,1119,2042,2077,2119,2105,2005,1951,1950,1098,1471,2096,2034,1982,1926,2026,2093,5,255,5,5,5,10,5,5,5,5,5,5,5,255,5,5,5,5,5,5,5,5,5,5,5,5,5,5,5,5,5,5,5,5,5,5,5,10,255,255,5,255,5,10,5,5,255,5,5,255,5,5,5,5,5,10,5,255,255,255,5,5,10,255
1780855130.113120,20149,2024833016,850,2057,2075,2078,2093,2051,1261,970,1074,1196,2053,2089,2080,2025,1551,1126,1196,1955,2075,2080,2089,2081,2035,1801,1189,2044,2112,2083,2069,2088,2049,1833,1182,2086,2082,2118,2103,2087,2020,2002,1172,2086,2089,2145,2090,2089,1981,1916,1123,1914,2119,2100,2067,1984,1933,1969,1095,1630,2060,2050,1997,1926,2026,2093,5,5,5,5,5,5,9,5,5,5,255,5,255,10,5,5,5,5,5,5,5,5,5,5,5,5,5,5,5,5,5,5,9,5,5,5,5,5,10,255,5,10,5,5,5,5,10,5,5,10,5,5,5,5,5,5,5,3,10,10,5,255,255,255
1780855130.210306,20150,2024933016,839,2048,2079,2077,2093,1990,1284,1000,1121,1250,2053,2086,2035,2050,1443,1103,1197,2028,2114,2074,2054,2101,2106,1801,1223,1996,2088,2079,2097,2083,2098,1965,1178,2072,2089,2099,2100,2090,2048,2002,1166,2036,2094,2080,2125,2146,1982,1935,1118,1914,2093,2117,2067,2032,2009,1938,1112,1519,2058,2050,1987,1972,2005,2093,5,5,5,5,255,9,5,5,5,5,255,5,10,5,5,5,5,5,5,5,5,5,5,255,9,5,5,5,5,5,5,5,5,5,5,5,5,5,5,255,5,5,5,5,5,5,5,5,5,255,5,5,255,5,5,5,5,5,5,255,5,10,10,255
1780855130.312586,20151,2025033016,838,2077,2081,2064,2054,1980,1287,1000,1060,1217,2087,2088,2035,2050,1456,1104,1212,1575,2101,2057,2110,2105,2042,1698,1189,2044,2100,2088,2090,2095,2073,1965,1178,2012,2082,2079,2080,2106,2068,1902,1172,2036,2095,2099,2154,2107,1988,1914,1138,1914,2098,2071,2114,1946,1949,1966,1128,1519,2095,2035,2000,1936,2005,2093,5,5,5,5,10,5,5,5,5,5,10,5,255,255,5,5,5,5,5,5,5,5,5,10,5,5,5,5,5,5,5,255,5,5,5,5,5,5,5,10,5,255,5,5,5,5,5,5,5,255,5,5,10,5,5,5,5,255,5,10,5,5,255,255
1780855130.411359,20152,2025133017,849,1053,2052,2012,2096,2065,1307,1006,1053,1264,2080,2059,2109,2050,1389,1131,1206,1575,2050,2100,2098,2069,2049,1651,1184,2034,2079,2095,2072,2115,2078,1965,1201,2012,2097,2102,2101,2119,2068,1878,1211,2036,2089,2100,2165,2064,2017,1921,1135,1914,2117,2096,2112,2049,1899,1992,1110,1519,2034,2035,1994,1948,2005,2093,5,5,5,5,5,5,5,5,5,9,5,5,10,255,5,5,5,255,5,5,5,5,5,5,5,5,5,5,5,5,5,255,5,255,5,5,5,5,255,5,9,255,5,5,5,5,5,255,5,255,5,5,5,5,5,5,5,255,5,255,5,5,255,255
1780855130.512810,20153,2025233017,852,2035,2087,2012,2109,2017,1378,983,1055,1239,2080,2069,2109,2050,1446,1082,1219,2038,2090,2089,2098,2082,2029,1652,1194,1991,2081,2087,2093,2080,2101,1965,1180,2031,2087,2096,2113,2103,2074,1878,1185,2036,2076,2077,2064,2111,1958,1896,1141,2022,2065,2090,2097,1983,1937,1934,1081,1519,2091,2054,1962,1948,2005,2093,5,5,5,255,5,5,5,5,5,5,255,5,5,255,5,5,5,10,5,5,255,5,5,5,9,5,5,5,5,5,5,255,5,10,5,5,5,5,10,255,5,255,5,5,5,5,5,5,5,255,5,5,5,5,5,5,5,255,5,10,5,255,255,255
1780855130.611378,20154,2025333017,832,2043,2026,2062,2071,1970,1305,973,1101,1233,2076,2090,2014,2067,1327,1128,1183,2087,2087,2114,2106,2116,2062,1656,1187,1991,2087,2096,2109,2116,2122,1965,1192,2067,2096,2070,2081,2103,2039,1878,1168,1994,2099,2071,2082,2109,1933,1933,1176,2022,2107,2097,2097,1980,1959,1977,1168,1519,2091,2054,1949,1935,2005,2093,5,5,5,10,5,5,5,5,5,5,10,5,5,10,5,5,5,5,5,5,10,5,5,5,9,255,5,5,5,5,5,255,5,5,5,5,5,255,5,255,5,10,5,5,5,5,5,5,5,255,5,5,255,5,5,5,5,255,255,255,5,10,255,255
1780855130.712182,20155,2025433017,829,2042,2026,2089,2095,2076,1239,973,1117,1324,2076,2065,2133,2110,1494,1108,1215,2114,2070,2103,2083,2030,2099,1829,1152,2007,2087,2086,2113,2099,2083,1870,1199,2063,2135,2071,2099,2126,2050,1878,1164,1994,2093,2071,2082,2103,1943,1941,1144,2022,2113,2123,2077,2045,1966,1977,1136,1519,2030,2022,1979,1910,2005,2093,5,5,255,5,5,5,5,5,5,5,255,5,5,5,9,5,5,5,5,5,5,5,5,5,5,10,5,5,5,5,5,10,5,5,5,5,5,10,5,255,5,255,5,255,255,5,5,5,5,255,5,5,10,5,5,255,5,255,10,10,5,5,255,255
1780855130.812013,20156,2025533017,834,2030,2078,2089,2097,2073,1321,1017,1069,1394,2076,2091,2133,2065,1400,1088,1197,2051,2053,2052,2136,2082,2027,1625,1189,2021,2077,2092,2084,2124,2051,1870,1171,2007,2103,2090,2096,2157,2043,1884,1161,1994,2112,2105,2078,2000,1985,1903,1149,2022,2100,2113,2077,2003,1940,1971,1113,1519,2073,2022,1979,1920,1988,2093,5,5,10,255,5,5,5,5,5,5,255,5,255,5,5,5,5,5,5,5,5,5,5,4,5,5,5,5,5,5,5,255,5,5,5,5,5,5,5,10,5,255,5,10,10,5,5,5,5,255,5,5,255,5,5,10,5,255,5,255,5,5,10,255
1780855130.912053,20157,2025633016,838,1062,2066,2098,2071,2089,1273,994,1071,1275,2088,2088,2133,2065,1390,1171,1197,1983,2071,2078,2078,2110,2069,1625,1152,1992,2076,2077,2083,2103,2102,1870,1191,2084,2103,2064,2108,2119,1962,1949,1182,2044,2094,2114,2087,2057,1950,1952,1142,2039,2107,2111,2100,2003,1977,1985,1089,1519,2059,2050,1962,1956,1988,2093,5,5,5,10,5,5,5,5,5,4,10,5,255,255,9,9,9,9,5,5,5,5,5,255,5,5,5,5,5,5,5,255,5,5,255,5,5,5,5,5,5,10,5,5,5,5,5,5,5,10,5,5,10,5,5,5,5,255,5,10,5,5,255,255
1780855131.022205,20158,2025743017,838,1058,2066,2098,2087,2089,1290,1020,1069,1404,2055,2076,2102,2118,1576,1139,1181,1989,2077,2084,2121,2094,2055,1723,1181,1995,2080,2086,2094,2113,2103,1870,1144,2021,2101,2082,2078,2077,2098,1949,1162,2044,2070,2114,2103,2068,1997,1936,1140,2039,2052,2088,2096,2017,1929,1920,1132,1519,2059,2050,1962,1960,1988,2093,5,5,255,5,5,255,5,5,5,4,5,5,10,10,9,5,5,5,5,5,5,5,5,10,5,5,5,5,5,5,5,255,5,5,10,5,5,5,5,255,9,255,5,255,5,5,5,5,5,255,5,5,5,5,5,5,5,255,255,255,5,5,255,255
1780855131.121852,20159,2025843016,842,1053,2049,2067,2092,1991,1244,992,1058,1298,2076,2073,2102,1984,1393,1158,1183,1859,2060,2116,2061,2173,2072,1741,1201,2056,2080,2090,2087,2108,2092,1847,1189,2132,2100,2091,2084,2091,2039,1949,1160,2044,2103,2083,2105,2068,1996,1898,1142,2007,2098,2113,2114,2006,1939,1964,1109,1457,2044,2046,2013,2005,1988,2093,5,5,10,5,5,10,5,5,5,5,9,5,255,5,5,5,5,9,5,5,5,5,5,5,5,5,5,5,5,5,5,10,5,5,5,5,5,5,5,255,5,255,5,10,5,255,5,5,5,10,5,5,5,3,5,5,5,10,10,10,5,3,255,255
1780855131.222277,20160,2025943017,837,1060,2077,2039,2090,2006,1229,998,1086,1307,2076,2080,2102,2059,1419,1088,1223,2019,2058,2064,2087,2088,2030,1741,1202,2070,2076,2093,2086,2087,2087,1792,1204,2132,2048,2077,2079,2087,2039,1934,1160,2044,2103,2083,2086,2099,1989,1908,1142,2007,2116,2113,2063,2044,1929,1967,1139,1457,2087,2054,2020,1962,1988,2093,5,5,5,5,5,5,5,5,5,5,255,5,255,5,5,5,9,5,5,5,5,5,5,255,5,5,5,5,5,5,5,5,5,255,5,5,5,5,255,10,5,255,255,255,5,10,5,5,5,255,5,255,5,5,5,5,5,255,5,5,5,5,255,255
1780855131.321179,20161,2026043017,833,2009,2077,2063,2101,2079,1228,988,1042,1369,2076,2068,2102,2144,1412,1121,1171,2020,2099,2053,2062,2096,2094,1741,1163,2037,2101,2089,2107,2078,2070,1840,1185,2132,2089,2089,2074,2103,2039,1875,1180,2044,2086,2083,2099,2085,1913,1931,1174,1919,2122,2137,2113,2010,1944,1962,1094,1457,1990,2040,2010,1968,1988,1973,5,5,255,5,5,5,5,5,5,5,255,5,255,5,5,5,5,5,5,5,5,5,255,255,5,5,5,5,5,5,5,5,5,255,5,5,5,5,255,5,5,255,10,255,5,5,5,5,5,10,5,10,5,5,5,5,5,255,5,5,5,5,255,10
1780855131.421424,20162,2026143017,837,1082,2072,2089,2101,2079,1270,1003,1083,1231,2076,2079,2089,2144,1508,1123,1206,2035,2073,2088,2091,2086,2062,1658,1196,2037,2057,2083,2090,2098,2085,1840,1190,2067,2140,2090,2107,2103,2039,1900,1197,2044,2080,2139,2113,2102,1984,1916,1144,2078,2070,2115,2113,2004,1991,1998,1117,1852,2100,2089,1965,1977,1988,1973,5,5,10,5,255,255,5,5,5,5,255,5,10,255,9,5,5,5,5,5,5,5,5,10,5,255,5,5,5,5,5,255,5,10,5,5,5,255,255,5,5,255,5,10,5,5,5,5,5,5,5,5,255,5,5,5,5,10,5,5,5,5,255,255
1780855131.520202,20163,2026243016,846,1082,2077,2117,2105,2066,1272,982,1076,1215,2079,2074,2065,2106,1402,1120,1196,2071,2129,2073,2066,2056,2077,1743,1183,1991,2089,2104,2103,2103,2093,1882,1215,2031,2064,2100,2086,2120,2048,1915,1160,2044,2125,2125,2094,2102,1984,1937,1169,2078,2068,2106,2082,1987,1935,1957,1146,1852,2052,2066,2037,1977,1988,1973,5,255,5,5,10,10,9,5,5,5,10,5,5,10,5,9,5,5,5,5,5,5,5,5,5,10,5,5,5,5,5,10,5,5,5,5,5,10,10,5,9,255,5,5,5,255,255,5,5,255,5,5,10,5,5,5,5,255,5,5,5,255,255,255
1780855131.621333,20164,2026343016,837,1082,2096,2064,2064,2042,1287,979,1082,1427,2065,2076,2156,2121,1414,1073,1164,2024,2091,2060,2084,2105,2032,1689,1206,2015,2082,2078,2099,2116,2084,1869,1170,2139,2082,2084,2138,2095,2048,1914,1194,2039,2068,2125,2068,2058,1925,1968,1187,2078,2084,2116,2132,2011,1973,1942,1115,1852,2013,2066,1970,1931,1988,1973,5,255,5,5,5,5,5,5,5,4,5,5,5,5,5,5,5,5,5,5,5,5,5,5,5,5,5,5,5,5,5,5,5,5,5,5,5,5,255,5,5,10,5,255,5,10,10,5,5,255,5,5,5,5,5,5,5,255,5,255,5,10,255,255
1780855131.720935,20165,2026443017,837,1036,2076,2101,2060,2028,1282,1003,1085,1248,2075,2028,2053,2121,1393,1120,1173,1953,2066,2067,2093,2096,2049,1689,1182,2084,2086,2100,2081,2079,2096,1869,1183,2008,2111,2110,2106,2112,2048,1905,1185,2039,2072,2147,2068,2090,1975,1923,1141,1586,2079,2087,2131,2011,1949,1977,1113,1852,1950,2113,2061,1937,1988,1973,5,10,5,5,5,5,9,5,5,5,5,5,5,255,5,5,5,5,5,5,5,5,5,255,5,5,5,5,5,5,5,255,5,5,5,5,5,5,255,5,5,255,5,10,255,5,5,5,5,10,5,5,5,255,255,255,5,255,5,10,5,5,255,255
1780855131.820526,20166,2026543017,841,1039,2081,2020,2084,2028,1282,1000,1079,1263,2052,2070,2053,2121,1451,1153,1171,1755,2084,2078,2093,2073,2086,1631,1169,2065,2093,2087,2088,2109,2102,1869,1163,2058,2094,2127,2096,2090,2043,1945,1177,1988,2123,2104,2110,2090,2009,1948,1165,1586,2095,2127,2131,1928,1934,1977,1115,1852,1950,2038,1895,1941,1988,2005,5,5,5,5,5,255,255,5,5,5,5,5,255,255,5,9,5,5,5,5,255,5,5,10,5,5,5,5,5,5,5,255,5,5,5,5,5,5,10,5,5,10,5,5,10,255,5,5,9,255,5,5,255,10,5,255,5,255,255,5,5,5,255,10
1780855131.920691,20167,2026643016,847,1093,2092,2050,2023,2117,1320,979,1069,1222,2057,2105,2071,2054,1464,1101,1157,1689,2074,2085,2091,2127,2073,1673,1202,2019,2100,2087,2075,2096,2100,1911,1160,2047,2098,2107,2105,2078,2040,1909,1136,1988,2121,2122,2110,2080,1894,1940,1132,2019,2095,2089,2087,2028,1966,1950,1099,1998,2002,2078,1983,1941,1988,2005,5,5,5,5,5,10,10,5,5,5,5,5,10,10,9,5,9,5,5,5,10,5,5,5,5,5,5,5,5,5,5,10,5,5,5,5,5,5,5,5,9,255,5,5,255,10,5,5,5,10,5,5,10,5,5,10,5,10,10,5,5,5,255,255
1780855132.021282,20168,2026743017,835,1051,2051,2073,2035,2025,1328,995,1053,1230,2091,2149,2071,2054,1445,1102,1205,2041,2060,2069,2125,2058,2048,1649,1189,1978,2102,2110,2094,2091,2084,2111,1211,2047,2098,2056,2083,2047,2040,1916,1198,1988,2098,2122,2116,2080,1989,1944,1160,2013,2099,2125,2038,1990,1894,1950,1129,1845,2002,2016,2001,1922,1992,2005,5,255,5,5,5,5,5,5,5,5,5,5,255,255,5,5,5,4,5,5,5,5,5,5,5,5,5,5,5,5,5,5,5,255,255,5,5,5,255,5,5,255,5,255,10,5,5,5,5,5,5,5,5,5,5,255,5,5,255,5,5,5,10,255
1780855132.121176,20169,2026843016,854,2092,2045,2093,2040,2017,1264,986,1089,1300,2073,2090,2064,2105,1455,1110,1156,1576,2078,2057,2107,2085,2024,1728,1202,2040,2090,2088,2092,2091,2072,2111,1224,2038,2127,2079,2114,2047,2061,1906,1206,1988,2079,2112,2121,2026,1953,1946,1136,2082,2101,2110,2103,2008,1947,1935,1093,1558,2048,2113,1957,1936,1973,2005,5,4,5,5,5,5,5,5,5,5,5,5,10,10,5,5,5,4,5,5,5,5,5,9,9,5,5,5,5,5,5,255,5,10,10,5,5,255,10,5,5,255,5,10,5,5,5,5,5,5,5,5,5,5,5,10,5,5,10,5,5,5,5,255
1780855132.221534,20170,2026943017,842,1041,2048,2103,2098,1976,1255,1023,1074,1258,2073,2035,2064,2105,1384,1094,1205,1593,2064,2075,2107,2109,2074,1695,1216,2016,2078,2092,2101,2098,2106,2111,1214,2022,2090,2107,2113,2098,2039,1906,1164,2065,2094,2112,2097,2026,2052,1946,1166,2034,2122,2105,2090,1978,1987,1947,1122,1558,2051,2113,1966,1934,1950,2005,5,255,5,5,5,5,5,5,5,5,255,5,255,255,5,5,5,3,5,5,255,5,5,5,5,5,5,5,5,5,5,255,5,5,5,5,5,10,5,255,5,10,5,255,5,255,5,255,5,5,5,5,5,5,5,5,5,255,5,255,5,5,5,255
1780855132.320738,20171,2027043016,839,2012,2085,2029,2088,2044,1263,998,1065,1315,2003,2068,2064,2079,1411,1126,1187,2037,2066,2080,2092,2116,2064,1730,1193,2020,2092,2078,2075,2094,2074,1853,1175,2070,2064,2044,2092,2098,2035,1906,1177,2052,2078,2062,2062,2101,1946,1946,1140,2160,2115,2108,2090,1976,1972,1923,1139,1839,2051,2044,2038,2025,1950,2005,5,10,5,5,5,5,5,5,5,5,10,5,255,10,5,5,5,5,5,5,10,5,5,5,5,5,5,5,5,5,5,10,5,5,5,5,5,255,5,255,5,5,5,10,5,10,5,255,5,5,5,5,255,5,5,5,5,10,255,10,5,5,255,255
1780855132.420498,20172,2027143017,831,2067,2090,2031,2089,1952,1287,996,1067,1330,2045,2043,2062,2079,1350,1110,1201,2084,2049,2081,2107,2076,2091,1652,1191,2057,2081,2094,2094,2098,2123,1807,1193,2103,2094,2107,2097,2098,2035,1927,1203,2044,2106,2110,2062,2104,1946,1945,1157,2160,2066,2127,2096,1960,1952,2004,1094,1890,2051,2072,2011,2025,1950,2005,5,5,5,5,5,5,5,5,5,5,5,5,10,255,5,5,5,5,5,5,5,5,5,5,5,5,5,5,5,5,5,5,5,5,5,5,5,255,255,10,5,5,5,5,255,5,255,10,5,255,5,5,10,5,5,5,5,5,255,5,5,255,255,255
1780855132.521183,20173,2027243017,839,1071,2090,2043,2095,2008,1314,989,1066,1351,2045,2075,2062,2079,1430,1101,1173,1766,2039,2062,2052,2050,2078,1703,1166,2057,2078,2088,2066,2080,2101,1823,1215,1948,2097,2085,2057,2103,2067,1927,1211,2044,2127,2092,2100,2048,1944,1988,1128,2037,2080,2089,2093,1989,1961,1950,1147,1890,1945,2072,2031,2025,1950,2005,5,4,255,5,5,9,5,5,5,5,255,5,5,255,5,5,5,9,5,5,5,5,5,5,5,255,5,5,5,5,5,5,5,5,5,5,5,10,10,255,5,255,5,5,10,5,10,5,5,10,5,5,5,255,5,5,5,255,10,255,5,255,255,255
1780855132.620512,20174,2027343017,829,2097,2103,2084,2102,2009,1363,1007,1079,1220,2045,2049,2062,2079,1441,1084,1132,1971,2090,2086,2053,2085,2082,1688,1174,2056,2094,2077,2087,2114,2084,1897,1175,1948,2092,2094,2112,2103,2075,1927,1199,2044,2103,2092,2104,2089,1944,1988,1160,2035,2112,2109,2129,1989,1972,1946,1108,1890,1971,2060,2031,2025,1950,2005,5,4,10,5,5,5,5,5,5,5,255,5,255,255,5,5,5,4,5,5,5,5,5,5,5,10,5,5,5,5,5,5,5,255,5,5,5,255,5,255,9,255,5,255,5,5,255,255,5,5,5,5,5,255,5,5,5,255,5,10,255,255,255,255
1780855132.721357,20175,2027443017,842,1062,2084,2088,2102,2107,1278,999,1078,1249,2045,2058,2112,2079,1432,1095,1180,1852,2073,2094,2073,2085,2067,1673,1168,2048,2092,2090,2070,2136,2063,1917,1196,1948,2104,2130,2113,2130,2075,1927,1186,2066,2107,2156,2128,2113,1960,1953,1151,2035,2114,2108,2129,2004,1904,1936,1109,1890,2055,2059,2041,1968,1950,2005,5,255,5,5,5,5,5,5,5,5,255,5,10,255,5,5,5,5,5,5,5,255,5,5,5,5,5,5,5,5,5,5,5,255,5,5,5,10,255,10,9,10,5,10,5,5,10,10,5,255,5,5,255,10,5,5,5,255,5,5,10,10,255,255
1780855132.818650,20176,2027543017,846,1072,2084,2003,2091,2107,1340,996,1049,1226,2092,2075,2112,2072,1391,1102,1214,1711,2031,2102,2091,2091,2069,1700,1178,2057,2090,2101,2091,2094,2065,1846,1185,1948,2102,2088,2107,2086,2075,1902,1189,2061,2125,2080,2110,2064,1946,1893,1155,2070,2105,2121,2077,2004,1928,1956,1108,1890,2054,2059,2041,1968,1950,2005,5,255,255,5,5,255,9,5,5,5,10,5,255,10,5,5,5,5,5,5,5,10,5,5,9,5,5,5,5,5,5,5,5,255,5,5,5,5,255,5,5,5,5,5,5,5,5,5,5,10,5,5,10,255,5,5,5,255,5,255,255,255,255,255
1780855132.921751,20177,2027643017,837,1116,2118,2085,2103,2107,1298,982,1084,1256,2081,2077,2065,2031,1407,1114,1177,1999,2089,2093,2067,2031,2045,1659,1135,2020,2112,2084,2098,2082,2100,1846,1215,1929,2106,2079,2121,2086,2055,1920,1182,2061,2075,2135,2060,2100,1960,1893,1161,2070,2112,2117,2109,1996,1963,1962,1100,1890,2048,2027,2017,1979,1950,2005,5,255,10,5,5,255,9,5,5,5,5,5,10,5,5,5,5,4,5,5,5,5,5,5,5,5,5,5,5,5,5,255,5,10,5,5,5,255,10,5,5,255,5,5,5,5,5,255,5,255,5,5,5,10,5,5,5,255,5,10,10,10,255,255
