host_ts,seq,esp_t_us,d00,d01,d02,d03,d04,d05,d06,d07,d08,d09,d10,d11,d12,d13,d14,d15,d16,d17,d18,d19,d20,d21,d22,d23,d24,d25,d26,d27,d28,d29,d30,d31,d32,d33,d34,d35,d36,d37,d38,d39,d40,d41,d42,d43,d44,d45,d46,d47,d48,d49,d50,d51,d52,d53,d54,d55,d56,d57,d58,d59,d60,d61,d62,d63,s00,s01,s02,s03,s04,s05,s06,s07,s08,s09,s10,s11,s12,s13,s14,s15,s16,s17,s18,s19,s20,s21,s22,s23,s24,s25,s26,s27,s28,s29,s30,s31,s32,s33,s34,s35,s36,s37,s38,s39,s40,s41,s42,s43,s44,s45,s46,s47,s48,s49,s50,s51,s52,s53,s54,s55,s56,s57,s58,s59,s60,s61,s62,s63
1780877844.413084,1,2643117,844,2081,0,0,2083,2074,1315,1005,1073,1264,2045,2085,2086,1974,1381,1129,1180,1626,2084,2100,2114,2112,2091,1721,1209,2041,2075,2087,2084,2108,2078,1924,1213,2064,2100,2092,2115,0,0,1892,1188,0,2084,2120,2098,2116,1978,1957,1132,0,2102,2077,2111,2007,1938,0,1123,1736,2075,2064,1990,1950,0,0,6,6,255,255,6,6,6,6,6,6,6,6,6,6,6,6,6,6,6,6,6,6,6,6,6,6,6,6,6,6,6,6,6,6,6,6,6,255,255,6,6,255,6,6,6,6,6,6,6,255,6,6,6,6,6,255,6,6,6,6,6,255,255,255
1780877844.462232,2,2693031,842,1001,2023,2055,2083,2074,1230,980,1101,1234,2026,2078,2090,2060,1442,1100,1157,1626,2088,2097,2090,2088,2088,1678,1195,2058,2108,2090,2092,2109,2049,1806,1198,1994,2056,2110,2094,2080,0,1905,1153,0,2111,2067,2125,2045,1981,1957,1157,0,2106,2112,2111,1988,1938,1980,1091,1736,2075,2037,1999,1950,0,1986,5,255,10,10,255,255,5,5,5,5,5,5,5,5,5,5,5,255,5,5,5,5,5,5,5,5,5,5,5,5,5,5,5,5,5,5,5,10,255,5,5,255,5,5,5,5,5,255,5,255,5,5,255,5,255,10,5,255,5,5,5,255,255,10
1780877844.563330,3,2793026,850,2051,2084,2069,2081,2074,1289,988,1064,1275,2073,2084,2129,2083,1372,1122,1185,2069,2087,2063,2107,2088,2079,1677,1184,2020,2085,2076,2077,2112,2095,1919,1198,2055,2098,2091,2086,2070,0,1905,1183,0,2076,2083,2113,2140,1997,1940,1153,0,2119,2084,2068,1985,1923,1936,1091,1428,2047,2054,2010,1950,0,1986,5,4,5,5,10,255,9,5,5,5,5,5,5,5,5,5,5,10,5,5,5,5,5,5,5,5,5,5,5,5,5,5,5,5,5,5,5,5,255,255,5,255,5,5,5,5,5,10,5,255,5,5,10,5,10,5,5,10,5,5,5,255,255,255
1780877844.663258,4,2893027,834,1059,2072,2069,2069,2097,1251,995,1081,1214,2063,2084,2129,2041,1393,1119,1205,2069,2077,2090,2064,2103,2098,1687,1154,2019,2086,2084,2075,2106,2113,1822,1185,2036,2083,2104,2135,2070,0,1890,1220,0,2086,2110,2060,2048,1997,1951,1160,0,2105,2120,2068,1983,1945,1981,1092,1428,2072,2054,1960,1950,0,1986,5,255,5,255,5,10,5,5,5,5,5,255,255,5,5,5,5,255,5,5,5,5,5,5,5,5,5,5,5,5,5,5,5,5,5,5,5,255,255,10,5,255,5,5,5,5,255,5,5,255,5,5,255,5,5,5,5,255,5,255,5,255,255,255
1780877844.763649,5,2993026,840,1048,2091,2069,2087,2017,1219,992,1094,1266,2032,2088,2129,2041,1525,1096,1184,1948,2104,2066,2118,2102,2046,1687,1152,2026,2085,2084,2076,2089,2093,1850,1248,2048,2112,2091,2099,2127,2075,1890,1156,2102,2096,2098,2126,2082,2012,1987,1156,0,2047,2103,2084,1993,1983,1960,1109,1428,2083,2054,2007,1942,1960,1986,5,10,5,255,5,5,5,5,5,5,5,10,255,255,9,5,5,10,5,5,5,5,5,255,5,5,5,5,5,5,5,5,5,5,5,5,5,10,10,255,9,10,5,5,5,5,10,5,5,255,5,5,10,5,5,5,5,255,5,255,5,10,10,255
1780877844.863094,6,3093026,853,1048,2094,2063,2056,2017,1221,985,1085,1266,2057,2068,2070,2012,1458,1085,1175,1981,2065,2089,2057,2087,2067,1710,1143,2109,2086,2087,2093,2103,2099,1917,1211,2083,2075,2078,2099,2098,2021,1734,1162,2102,2078,2117,2126,2097,1963,1999,1195,0,2084,2131,2073,1972,1960,1946,1132,2083,2002,2026,2029,1974,1960,1986,5,255,5,10,5,255,5,5,5,255,5,5,10,10,5,5,5,5,5,5,5,5,5,10,5,5,5,5,5,5,5,5,5,5,5,5,5,5,5,10,5,255,5,5,5,5,5,5,5,255,5,5,5,5,5,5,5,10,5,10,5,5,255,255
1780877844.962442,7,3193026,831,2077,2070,2099,2083,2069,1250,995,1052,1266,2062,2084,2070,2012,1403,1093,1179,1981,2072,2095,2107,2130,2076,1654,1209,2062,2064,2089,2076,2073,2079,1822,1206,2004,2075,2069,2084,2105,2043,1896,1197,2102,2108,2073,2124,2073,1937,1904,1123,0,2110,2098,2105,2006,1927,1943,1110,1599,2058,2045,1993,1919,1960,1986,5,10,5,5,5,10,5,5,5,255,5,5,255,255,5,5,5,255,5,5,5,5,5,5,5,5,5,5,5,5,5,5,5,5,5,5,5,5,5,5,5,255,5,5,5,5,5,5,5,255,5,5,5,5,5,5,5,4,5,5,5,5,255,255
1780877845.062860,8,3293027,841,2077,2049,2089,2049,2069,1224,994,1076,1328,2062,2069,2101,2047,1405,1101,1202,1981,2057,2084,2065,2123,2013,1654,1204,1996,2076,2074,2079,2111,2095,1868,1161,2012,2075,2095,2094,2093,2043,1896,1162,1999,2083,2133,2147,2080,1922,1904,1136,0,2133,2094,2105,1979,1976,1990,1114,1599,2058,2045,1993,1919,1960,1986,5,255,5,5,5,255,5,5,5,10,255,5,10,10,5,5,5,255,5,5,5,5,5,255,9,5,5,5,5,5,5,5,5,5,255,5,5,5,255,255,5,10,5,5,5,5,5,255,5,255,5,5,255,5,5,5,5,255,255,5,5,255,255,255
1780877845.162393,9,3393027,835,2077,2072,2054,2060,2066,1332,973,1073,1231,2074,2069,2101,2016,1415,1133,1180,2033,2098,2088,2138,2157,2076,1654,1177,2031,2084,2102,2079,2106,2076,1940,1189,2056,2078,2053,2123,2075,2043,1928,1148,1999,2095,2104,2104,2072,1939,1958,1152,0,2089,2092,2086,1979,1973,1990,1116,1599,2059,2039,2043,1919,1960,1986,5,255,5,5,5,10,5,5,5,5,10,255,255,5,5,5,5,10,5,5,5,5,5,255,5,5,5,5,5,5,5,5,9,5,10,5,5,5,255,10,5,255,5,5,5,5,5,10,5,255,5,5,10,255,5,255,5,255,10,5,5,255,255,255
1780877845.262361,10,3493027,836,2077,2090,2108,2092,2072,1330,993,1066,1399,2058,2109,2077,2016,1356,1115,1184,2033,2065,2075,2138,2085,2082,1699,1185,2053,2074,2088,2069,2099,2062,1915,1185,1975,2055,2094,2102,2075,2043,1908,1141,1952,2095,2082,2078,2094,1939,1958,1157,0,2077,2106,2081,2035,1949,1990,1116,1527,2059,2035,1977,1909,1960,1986,5,255,5,5,5,5,5,5,5,5,5,10,10,255,5,5,5,255,5,5,255,5,5,10,5,5,5,5,5,5,5,5,5,5,5,5,5,255,255,5,5,10,255,5,5,5,255,255,5,255,5,5,5,10,5,255,5,10,255,5,5,10,255,255
1780877845.363197,11,3593026,834,2077,2053,2108,2087,1958,1290,978,1046,1144,2056,2089,2114,2027,1510,1095,1190,2050,2090,2075,2120,2083,2084,1686,1182,2016,2087,2091,2065,2094,2097,1838,1213,2016,2120,2082,2129,2082,2050,1903,1166,2016,2086,2102,2119,2057,1939,1929,1142,0,2112,2076,2121,2002,1942,1990,1112,1418,2081,2030,1980,1998,1948,1986,5,255,5,255,5,5,5,5,5,4,5,5,5,10,5,5,5,10,5,5,10,5,5,5,5,5,5,5,5,5,5,5,5,5,5,5,5,10,10,5,5,5,10,5,5,5,255,10,5,255,5,5,5,5,5,255,5,5,10,5,5,5,10,255
1780877845.463607,12,3693026,846,1102,2064,2055,2112,2047,1259,991,1074,1307,2066,2089,2046,2026,1395,1140,1211,2050,2107,2059,2108,2111,2075,1660,1175,2049,2083,2084,2085,2087,2093,1830,1178,2016,2090,2080,2102,2082,2055,1924,1166,2016,2127,2078,2112,2059,1952,1948,1187,2004,2106,2096,2121,2018,1962,1990,1107,1418,2071,2030,1988,1949,1948,1986,5,10,5,10,5,5,5,5,5,5,5,255,5,5,5,5,5,255,5,5,5,5,5,5,5,5,5,5,5,5,5,9,5,255,5,5,5,255,5,5,5,255,5,5,5,5,10,5,5,10,5,5,255,5,5,255,5,255,5,255,5,5,255,255
1780877845.572550,13,3803026,846,2083,2101,2089,2085,2027,1276,1011,1069,1307,2010,2056,2083,2017,1433,1120,1183,1906,2046,2076,2107,2116,2067,1650,1213,1993,2072,2080,2090,2096,2067,1938,1196,2012,2090,2111,2102,2110,2055,1926,1167,2020,2100,2078,2104,2106,1975,1948,1130,2004,2075,2100,2102,2063,1934,1990,1121,1418,2032,2041,2013,2008,1948,1986,5,4,5,5,5,5,5,5,5,5,5,10,5,5,5,5,5,10,5,5,5,5,5,5,5,5,5,5,5,5,5,5,5,10,255,5,5,10,255,5,5,10,5,255,5,5,5,255,5,255,5,5,10,5,5,255,5,255,5,10,5,5,255,255
1780877845.672640,14,3903026,839,2083,2101,2106,2115,1985,1251,985,1056,1249,2061,2056,2048,2141,1372,1073,1200,1906,2080,2075,2097,2067,2047,1655,1177,1983,2080,2072,2060,2106,2104,1895,1145,2001,2070,2091,2084,2134,2055,1901,1152,2032,2094,2117,2139,2092,1977,1916,1161,2004,2109,2059,2092,1965,1968,1990,1134,1418,2032,2083,1987,1932,1950,1986,5,255,255,5,5,5,5,5,5,5,5,255,5,5,5,5,5,255,5,5,5,5,5,5,5,5,5,5,5,5,5,5,5,5,10,5,5,5,255,5,5,5,5,10,5,5,5,10,5,255,5,5,5,5,5,255,5,255,255,5,5,5,10,255
1780877845.772631,15,4003026,846,2059,2062,2084,2104,1999,1242,981,1061,1238,2062,2070,2048,2077,1422,1075,1184,2037,2086,2098,2061,2107,2098,1620,1166,1983,2116,2093,2082,2104,2100,1970,1202,2027,2082,2050,2108,2128,2055,1930,1172,2079,2096,2078,2127,2163,1990,1901,1143,2004,2094,2082,2123,1965,1964,1990,1133,1418,2007,2017,2030,1931,1950,1986,5,10,10,5,5,5,5,5,5,5,5,10,255,5,5,5,5,10,5,5,5,5,5,5,5,255,5,5,5,5,5,5,5,5,5,5,5,5,255,5,5,5,5,5,5,5,5,5,5,255,9,5,5,255,5,255,5,255,10,5,5,5,255,255
1780877845.873757,16,4103027,827,1016,2087,2076,2104,1999,1246,1011,1065,1315,2062,2078,2092,2044,1456,1088,1173,2010,2059,2073,2095,2059,2116,1689,1208,2022,2089,2077,2099,2105,2095,1970,1213,2015,2117,2095,2104,2128,2055,1957,1194,2079,2093,2152,2132,2061,1932,1938,1140,2004,2096,2145,2100,1998,1955,1990,1158,1717,2007,2017,1985,1931,1950,1986,5,5,5,5,255,255,5,5,5,5,255,5,10,5,5,5,5,5,5,5,5,5,5,5,5,10,5,5,5,5,5,255,5,5,5,5,5,255,255,5,5,255,5,5,5,5,5,5,5,255,5,5,5,5,5,255,5,10,255,255,5,255,255,255
1780877845.973162,17,4203026,847,997,2059,2096,2082,2082,1283,994,1079,1250,2102,2078,2122,2088,1435,1117,1184,1664,2076,2089,2121,2102,2043,1672,1157,2076,2094,2098,2098,2097,2131,1873,1222,2055,2093,2099,2099,2107,2079,1957,1170,2045,2102,2070,2076,2061,1981,1926,1194,2004,2064,2145,2089,1994,1911,1921,1110,1717,2012,2071,2043,1931,1950,1986,5,5,5,5,10,10,5,5,5,5,10,255,5,5,5,5,5,4,5,5,5,5,5,5,5,5,5,5,5,5,5,10,5,5,5,5,5,10,10,255,5,10,5,5,5,255,5,5,5,255,5,255,5,5,5,10,5,255,10,10,5,255,255,255
1780877846.073414,18,4303026,823,1031,2055,2090,2090,2082,1255,982,1066,1330,2051,2078,2050,2049,1494,1128,1204,1980,2098,2107,2121,2063,2071,1686,1173,2072,2078,2082,2074,2108,2108,1873,1200,2043,2109,2097,2107,2122,2079,1957,1168,2094,2078,2100,2076,2093,1963,1921,1127,2038,2088,2066,2089,2019,1911,1921,1113,1717,2056,2033,1996,1926,1950,1986,5,5,5,5,5,255,5,5,5,5,5,255,5,5,5,5,5,4,5,5,5,5,5,5,5,5,5,5,5,5,5,255,9,5,5,5,5,5,255,255,5,5,5,5,255,10,5,5,5,10,5,10,255,5,255,255,5,255,5,5,5,10,255,255
1780877846.173158,19,4403026,825,2060,2068,2064,2086,2079,1236,976,1048,1284,2066,2128,2057,2074,1395,1112,1182,1873,2080,2092,2091,2094,2069,1726,1207,2092,2094,2075,2078,2132,2099,1873,1194,2081,2097,2087,2069,2122,2058,1957,1161,2094,2078,2096,2149,2104,1936,1945,1138,2038,2118,2109,2116,1984,1921,1953,1138,1717,2055,2033,1974,1926,1950,1986,5,4,5,5,5,10,5,5,5,5,5,10,5,5,5,5,5,5,5,5,5,5,5,5,5,5,5,5,5,5,5,255,5,5,5,5,5,255,10,255,5,255,255,5,10,5,5,5,5,255,5,5,10,5,10,10,5,255,5,255,5,255,255,255
1780877846.274595,20,4503027,847,2060,2027,2084,2085,2044,1286,976,1082,1280,2063,2128,2068,2074,1395,1115,1195,1873,2080,2077,2092,2089,2074,1726,1169,2033,2098,2088,2078,2094,2087,1855,1162,2061,2097,2083,2092,2087,2058,1956,1201,2012,2092,2095,2103,2062,2004,1943,1150,2038,2069,2058,2116,1984,1938,1953,1135,1734,2037,2030,1974,1926,1933,1986,5,255,5,5,5,5,5,5,5,5,5,255,5,255,255,5,5,255,5,5,5,5,5,255,5,5,5,5,5,5,5,10,5,5,255,5,5,10,255,10,5,10,10,5,5,5,5,5,5,255,5,5,255,255,5,255,5,10,5,10,255,255,10,255
1780877846.373621,21,4603026,829,1080,2103,2071,2082,2044,1254,986,1086,1225,2091,2128,2104,2074,1388,1133,1168,2054,2068,2116,2063,2096,2039,1634,1187,1986,2082,2087,2080,2093,2100,1855,1219,1903,2103,2083,2118,2109,2032,1830,1183,2012,2101,2095,2119,2116,1950,1943,1137,2038,2106,2100,2116,2014,1946,1975,1112,1734,2046,2057,1999,1972,1933,1986,5,10,5,5,5,255,9,5,5,5,5,255,5,255,10,5,5,10,5,5,5,5,5,10,5,5,5,5,5,5,5,255,5,5,10,5,5,5,10,5,5,255,5,255,5,5,5,255,5,255,5,5,255,10,5,10,5,255,5,5,10,10,255,255
1780877846.472955,22,4703026,839,1061,2103,2071,2101,2088,1282,975,1073,1237,2113,2090,2076,2074,1367,1106,1173,2027,2069,2073,2115,2120,2092,1686,1204,2077,2093,2079,2105,2110,2083,1844,1213,2042,2072,2098,2069,2112,2032,1944,1192,2012,2112,2095,2093,2113,1990,1958,1129,2038,2078,2113,2097,2033,1964,1975,1125,1734,2058,2032,1989,1933,1933,1986,5,255,255,255,5,10,5,5,5,5,5,10,5,255,5,5,5,5,5,5,5,5,5,5,5,5,5,5,5,5,5,10,5,5,5,5,5,5,255,5,5,255,5,255,5,5,5,10,5,255,5,5,10,5,5,255,5,255,5,5,5,5,255,255
1780877846.574415,23,4803026,842,2055,2019,2071,2050,1954,1275,1010,1070,1307,2043,2090,2059,2077,1372,1101,1166,1956,2069,2092,2127,2084,2061,1686,1197,2061,2085,2093,2087,2121,2077,1855,1202,2093,2109,2103,2111,2112,2055,1889,1165,2012,2091,2119,2093,2117,1990,1958,1171,2038,2110,2086,2105,1982,1962,1933,1127,1976,2070,2074,1999,1951,1933,1986,5,4,10,255,5,5,5,5,5,5,5,255,5,10,5,5,5,5,5,5,5,5,5,255,5,5,5,5,5,5,5,5,5,5,5,5,5,255,10,5,5,255,5,10,5,5,255,255,5,255,5,5,5,5,5,10,5,10,5,5,5,5,255,255
1780877846.672934,24,4903027,863,2055,2019,2073,2050,1954,1277,993,1067,1307,2062,2090,2059,2077,1462,1106,1170,1971,2053,2077,2087,2090,2080,1686,1187,2063,2092,2085,2095,2082,2097,1889,1213,2036,2094,2099,2095,2112,2055,1889,1184,2020,2117,2060,2097,2060,1990,1917,1140,2038,2098,2107,2105,2031,1949,1933,1105,1853,2076,2074,2041,1951,1933,2031,5,255,255,10,255,255,5,5,5,255,5,10,255,255,5,5,5,5,5,5,5,5,5,255,5,5,5,5,5,5,5,5,5,5,5,5,5,255,255,255,5,10,5,5,5,5,255,10,5,255,5,5,255,5,5,255,5,9,5,255,5,255,255,10
1780877846.773088,25,5003026,833,967,2104,2091,2066,2069,1266,975,1062,1262,2085,2074,2119,2074,1451,1122,1189,1911,2074,2102,2091,2094,2084,1676,1194,2096,2093,2089,2081,2124,2084,1914,1179,2036,2109,2105,2106,2084,2092,1889,1171,1958,2123,2088,2115,2089,1968,1993,1132,2038,2114,2099,2113,2023,1939,1940,1092,1853,2048,2074,1941,1951,1933,2031,5,10,10,5,10,10,5,5,5,10,5,5,10,10,5,5,5,5,5,5,5,5,5,10,5,5,5,5,5,5,5,5,5,255,5,5,5,10,10,255,5,5,5,5,5,5,10,5,5,255,5,5,10,5,5,10,5,255,5,255,5,255,255,255
1780877846.873466,26,5103027,833,967,2104,2050,2066,2069,1248,993,1087,1262,2060,2094,2074,2074,1410,1103,1203,2054,2099,2086,2093,2126,2064,1554,1171,2132,2096,2087,2073,2135,2074,1934,1156,2045,2067,2089,2114,2116,2092,1913,1163,1958,2107,2088,2129,2072,1937,1952,1172,2038,2090,2107,2145,2017,1924,1983,1073,1853,2006,1987,2041,1968,1933,2031,5,255,255,5,255,255,5,5,5,255,5,5,5,255,5,5,5,5,5,5,5,5,5,5,5,5,5,5,5,5,5,5,5,10,5,5,5,5,255,10,5,255,5,255,5,5,5,255,5,255,5,5,5,5,5,5,5,255,5,10,5,10,255,255
1780877846.974124,27,5203026,832,1025,2112,2050,2093,2053,1250,984,1099,1320,2054,2074,2074,2074,1433,1119,1189,2054,2087,2092,2106,2115,2020,1705,1200,2082,2093,2087,2075,2085,2063,1893,1203,2049,2139,2101,2103,2068,2053,1937,1186,1958,2093,2088,2102,2121,1922,1919,1196,2038,2111,2104,2129,2046,1926,1983,1113,1853,2010,2013,1990,1998,1933,2031,5,10,10,255,10,10,5,5,5,10,5,5,255,255,5,5,5,255,5,5,5,5,5,5,5,5,5,5,5,5,5,5,5,5,5,5,5,5,10,5,5,255,5,255,5,5,5,5,5,255,5,5,5,5,5,255,5,255,5,5,5,5,255,255
1780877847.073985,28,5303027,844,1025,2098,2050,2076,2016,1298,1009,1062,1261,2076,2074,2074,2067,1444,1140,1171,2054,2087,2066,2116,2073,2020,1619,1206,2066,2095,2093,2077,2081,2075,1893,1194,2086,2096,2081,2102,2068,2053,1937,1243,2110,2093,2073,2142,2145,1998,1972,1177,2038,2072,2058,2129,2013,1970,1962,1147,1853,2009,2038,2013,1955,1933,2031,5,255,5,255,5,5,5,5,5,5,5,255,255,10,5,5,9,255,5,5,5,5,255,5,5,5,5,5,5,5,5,255,5,5,5,5,5,255,255,255,5,10,255,10,5,5,5,5,5,255,5,5,255,5,5,10,5,255,5,5,5,5,255,255
1780877847.172632,29,5403026,841,1025,2049,2054,2083,2016,1325,1012,1100,1270,2034,2069,2082,2067,1421,1142,1177,1971,2055,2068,2081,2095,2080,1703,1181,2039,2098,2079,2087,2103,2053,1770,1198,2049,2098,2093,2111,2182,2053,1937,1189,2110,2108,2115,2102,2102,1977,1939,1134,2038,2152,2119,2099,2013,1956,1961,1112,1853,2093,2038,1979,1968,1933,2031,5,255,5,10,5,255,5,5,5,5,5,10,10,255,5,5,5,10,5,5,5,5,10,5,9,5,5,5,5,5,5,10,5,5,5,5,5,10,255,255,5,255,10,5,5,5,5,5,5,255,5,5,10,255,5,5,5,255,5,255,5,5,255,255
1780877847.272390,30,5503027,821,1025,2081,2054,2101,2074,1239,974,1093,1218,2043,2069,2110,2067,1407,1138,1192,2017,2091,2079,2118,2071,2071,1697,1196,2056,2088,2080,2084,2084,2044,1832,1207,2058,2100,2083,2087,2114,2053,1898,1136,2110,2108,2077,2132,2074,1977,1936,1143,2038,2072,2108,2118,1996,1970,1961,1125,1853,2038,2038,1979,1977,1933,2031,5,255,5,255,5,10,5,5,5,5,5,255,5,255,5,5,5,5,5,5,5,5,5,5,9,5,5,5,5,5,5,5,5,5,5,5,5,5,255,10,5,255,5,5,5,5,255,5,5,255,5,5,5,10,5,5,5,255,5,255,255,5,255,255
1780877847.372904,31,5603026,825,1048,2081,2081,2106,1997,1288,991,1085,1302,2089,2063,2123,2051,1416,1143,1178,2066,2059,2082,2096,2103,2052,1697,1192,2027,2117,2077,2090,2100,2094,1931,1221,1955,2105,2076,2107,2149,2053,1951,1190,2110,2096,2077,2116,2117,1952,1959,1152,2038,2111,2111,2111,1995,1967,1933,1121,1853,2069,2048,2018,1977,1933,2031,5,255,255,10,5,5,5,5,5,5,5,10,5,10,5,5,5,5,5,5,5,5,5,255,5,5,5,5,5,5,5,5,5,5,5,5,5,5,255,5,5,255,5,255,5,5,10,5,5,255,5,5,5,5,5,5,5,255,5,10,10,5,255,255
1780877847.473127,32,5703028,845,1048,2048,2103,2106,1997,1341,983,1075,1247,2051,2063,2123,2051,1402,1105,1202,1992,2076,2086,2096,2162,2102,1662,1177,2057,2081,2083,2083,2123,2069,1931,1187,2052,2125,2113,2118,2090,2053,1951,1212,2110,2133,2077,2069,2117,1953,1953,1136,2038,2102,2103,2111,1974,1981,1933,1137,1853,2069,2048,2018,2001,1933,2031,5,255,10,5,255,255,5,5,5,5,5,255,255,255,5,5,5,5,5,5,255,5,5,10,5,5,5,5,5,5,5,255,5,5,5,5,5,5,255,255,5,255,5,255,5,255,5,5,5,255,5,5,255,5,5,255,5,255,255,255,5,5,255,255
1780877847.574916,33,5803026,841,1057,2077,2103,2098,2086,1316,997,1070,1287,2103,2091,2091,2051,1421,1128,1176,1997,2087,2095,2058,2092,2065,1725,1234,2000,2076,2094,2077,2075,2077,1876,1214,2052,2125,2073,2113,2090,2051,1902,1181,2110,2082,2117,2099,2096,1953,1946,1140,2084,2078,2095,2119,2004,1900,1926,1135,1520,2063,2048,2022,1907,1933,2009,5,255,5,255,10,10,5,5,5,5,5,10,10,255,5,5,5,5,5,5,10,5,5,9,5,5,5,5,5,5,5,10,5,255,5,5,5,255,10,10,5,255,5,10,5,10,255,5,5,10,5,5,10,5,5,10,5,10,10,255,5,5,255,10
1780877847.673940,34,5903027,853,1057,2018,2103,2091,2034,1301,988,1096,1282,2103,2098,2091,2051,1430,1102,1215,1997,2087,2111,2072,2083,2120,1725,1183,2045,2100,2084,2079,2106,2077,1833,1194,2004,2117,2084,2087,2093,2050,1924,1146,1720,2082,2094,2125,2086,1943,1946,1142,2084,2123,2094,2119,2004,1967,1935,1104,1577,2059,2036,1966,1960,1933,2009,5,255,5,255,5,5,5,5,5,5,255,5,255,255,5,5,5,255,5,5,5,5,5,255,5,5,5,5,5,5,255,5,5,10,5,5,5,10,5,5,5,10,255,5,5,5,10,255,5,255,5,5,255,255,5,5,5,5,5,10,5,5,255,255
1780877847.774247,35,6003026,851,2041,2055,2056,2088,2095,1263,983,1044,1249,2068,2091,2079,2051,1379,1134,1222,1997,2098,2080,2119,2105,2063,1641,1199,2014,2084,2089,2073,2105,2095,1813,1181,2004,2080,2102,2097,2141,2050,1871,1196,1910,2082,2101,2054,2064,1931,1946,1128,2051,2106,2074,2057,2022,1936,1935,1114,1577,2035,2029,1982,1960,1933,2009,5,10,5,10,5,5,5,5,5,5,10,5,10,255,5,5,5,255,5,5,5,5,5,10,5,5,5,5,5,5,10,5,5,255,5,5,5,5,255,5,5,5,10,5,5,5,5,255,5,10,5,5,10,10,5,255,5,255,5,5,5,255,255,255
1780877847.875762,36,6103027,845,2041,2079,2092,2111,2095,1262,998,1051,1380,2095,2105,2079,2051,1473,1120,1193,2101,2142,2104,2050,2087,2040,1697,1185,2027,2090,2086,2081,2088,2115,1897,1163,2058,2109,2089,2105,2141,2050,1871,1222,1910,2110,2114,2136,2101,1969,1921,1128,2051,2117,2100,2057,1962,1962,1987,1105,1577,1972,2029,1982,1930,1933,2009,5,255,5,5,5,255,5,5,5,5,5,5,255,255,5,5,5,10,5,5,5,5,5,5,5,5,5,5,5,5,5,5,5,10,5,5,5,255,255,255,9,255,5,5,5,5,5,10,5,255,5,5,255,5,5,10,5,255,5,255,255,255,255,255
1780877847.973145,37,6203026,848,2041,2082,2081,2039,2064,1283,998,1070,1308,2087,2105,2051,2051,1441,1110,1174,1931,2097,2120,2100,2080,2082,1690,1221,2024,2110,2087,2075,2105,2080,1955,1205,2027,2131,2092,2092,2120,2050,1906,1195,2065,2078,2124,2089,2096,1969,1946,1160,2051,2082,2075,2118,1952,1931,1952,1097,1577,2029,2084,2000,1930,1933,2028,5,255,5,5,5,10,5,5,5,5,5,255,10,255,5,5,5,5,5,5,5,5,5,5,5,5,5,5,5,5,5,5,5,5,5,5,5,10,255,10,5,10,5,5,5,5,255,5,5,255,5,5,10,5,5,5,5,255,5,10,10,255,255,10
1780877848.074444,38,6303027,831,2041,2061,2091,2039,2061,1289,989,1053,1308,2043,2086,2051,2038,1416,1121,1144,1931,2090,2093,2068,2109,2086,1628,1204,2039,2063,2090,2083,2104,2090,1866,1190,2027,2092,2104,2105,2120,2050,1878,1146,2068,2078,2064,2124,2160,1996,1953,1140,2028,2091,2113,2116,1943,1988,1949,1086,1759,2029,2020,2028,1930,1933,2028,5,255,5,5,255,5,5,5,5,255,5,10,255,10,5,5,5,255,5,5,5,5,5,5,9,5,5,5,5,5,5,5,9,255,5,5,5,255,255,5,5,9,255,5,5,5,10,5,5,10,5,5,5,5,5,5,5,10,255,5,5,255,255,255
1780877848.172762,39,6403026,815,2041,2057,2082,2076,2080,1214,982,1074,1299,2088,2058,2021,2087,1386,1124,1182,1984,2096,2081,2127,2098,2055,1648,1190,2039,2095,2099,2101,2096,2084,1893,1194,2050,2124,2078,2087,2095,2050,1971,1179,2060,2108,2073,2127,2053,1985,1931,1159,2028,2117,2081,2093,1986,1937,1894,1112,1759,2057,2067,1999,1930,1933,2028,5,255,5,5,10,5,5,5,5,10,5,5,10,5,5,5,5,10,5,5,5,5,5,5,5,255,5,5,5,5,5,5,5,10,5,5,5,10,255,5,5,5,10,5,5,5,5,5,5,255,5,5,5,5,5,5,5,255,10,5,5,255,255,255
1780877848.283536,40,6513027,830,2041,2085,2082,2076,2044,1259,1003,1058,1203,1982,2058,2080,2087,1429,1138,1233,1984,2091,2094,2124,2090,2043,1652,1168,2048,2090,2096,2101,2084,2107,1893,1186,2016,2059,2070,2110,2142,2050,1971,1210,2060,2097,2073,2122,2112,1985,1958,1163,2028,2105,2105,2071,1977,1942,1936,1126,1649,2010,2067,1999,1934,1933,2028,5,255,5,255,5,5,5,5,9,5,5,255,5,255,5,5,5,255,5,5,5,5,5,5,5,10,5,5,5,5,5,255,5,5,5,5,5,5,255,255,5,255,5,255,5,5,255,5,5,255,5,5,5,255,5,5,5,10,5,255,255,10,255,255
1780877848.384705,41,6613026,834,2073,2071,2082,2111,2031,1268,979,1059,1294,2115,2079,2074,2087,1392,1095,1207,1925,2051,2088,2105,2122,2086,1642,1217,1884,2083,2089,2098,2089,2123,1924,1210,2061,2096,2090,2127,2079,2050,1943,1209,2060,2072,2144,2089,2068,1984,1903,1177,2061,2107,2065,2102,2014,1974,1936,1137,1570,2010,2095,1976,1920,1933,2028,5,10,5,255,5,5,5,5,5,5,5,10,5,255,5,5,9,10,5,5,5,5,5,5,5,9,5,5,5,5,5,10,5,5,5,5,5,5,255,10,5,255,5,10,5,5,10,5,5,10,5,5,5,5,5,255,5,5,5,10,255,5,255,255
1780877848.484869,42,6713026,839,1057,2084,2041,2046,2031,1253,1000,1070,1252,2022,2079,2046,2031,1397,1101,1218,1925,2083,2079,2058,2059,2082,1659,1211,2058,2082,2100,2088,2082,2101,1872,1205,2004,2082,2093,2056,2132,2050,1921,1171,2060,2114,2108,2108,2106,1926,1898,1157,2061,2097,2065,2101,2003,1974,1979,1111,1570,2047,2095,2007,1940,1956,2028,5,4,5,10,5,255,5,5,5,5,5,255,5,10,5,5,5,255,5,5,5,5,5,5,5,5,5,5,5,5,5,5,9,5,5,5,5,5,255,5,5,255,5,5,5,5,5,5,5,255,5,255,5,5,255,10,5,255,5,255,5,5,10,255
1780877848.584478,43,6813026,847,1071,2075,2050,2068,1945,1301,1001,1053,1375,2079,2065,2119,2031,1508,1092,1239,2015,2128,2073,2073,2098,2087,1608,1204,2040,2075,2092,2087,2121,2101,1892,1183,2084,2087,2108,2105,2059,2050,1921,1202,2060,2092,2117,2098,2046,1977,1935,1138,2041,2076,2146,2104,1999,1957,1978,1128,1570,2009,2008,2031,1945,1956,2028,5,5,5,5,5,10,9,5,5,5,5,10,5,255,5,5,5,10,5,5,5,5,5,5,9,5,5,5,5,5,5,5,5,5,5,5,5,5,255,255,5,255,5,5,5,5,5,5,5,10,5,10,5,5,10,5,5,255,5,10,5,5,255,255
1780877848.684463,44,6913026,841,1071,2130,2050,2089,2048,1294,982,1084,1241,2096,2067,2119,2052,1378,1112,1202,1996,2075,2089,2122,2095,2060,1778,1181,2046,2098,2079,2089,2113,2085,1830,1203,2078,2099,2100,2109,2096,2050,1859,1182,2060,2103,2122,2054,2162,1944,1945,1182,2003,2099,2084,2104,1986,1951,1972,1121,1570,2058,2008,1982,1921,1956,2028,5,255,5,255,5,5,5,5,5,5,5,5,255,10,5,5,5,5,5,5,5,5,5,5,5,5,5,5,5,5,5,9,5,5,5,5,5,5,255,10,5,255,5,5,5,5,5,5,5,5,5,5,255,5,5,5,5,255,5,255,5,5,255,255
1780877848.782467,45,7013026,841,2075,2070,2091,2111,2048,1265,1014,1067,1236,2096,2103,2097,2052,1390,1120,1174,1996,2081,2087,2114,2099,2040,1720,1153,2066,2080,2094,2092,2092,2104,1957,1165,1961,2090,2096,2108,2134,2050,1859,1170,2060,2084,2137,2098,2120,1993,1960,1167,2012,2077,2090,2090,1986,1958,1972,1115,1570,2085,2043,1963,1923,1956,2028,5,10,5,10,5,255,5,5,5,5,255,5,10,255,5,5,5,255,5,5,5,5,5,5,5,5,5,5,5,5,5,5,5,5,5,5,5,5,255,255,5,255,5,5,5,5,5,5,5,5,5,5,10,5,5,255,5,255,5,10,5,5,255,255
1780877848.882363,46,7113027,844,2075,2112,2075,2083,2021,1240,999,1080,1217,2079,2103,2078,2094,1432,1087,1210,1996,2081,2085,2080,2121,2096,1683,1233,2048,2082,2089,2080,2126,2087,1957,1204,2080,2084,2094,2087,2112,2050,1859,1193,2064,2100,2137,2080,2120,1993,1946,1174,2012,2094,2074,2090,1989,1958,1937,1108,1570,2063,2043,2048,1946,1938,1968,5,255,5,5,5,10,5,5,5,5,10,255,5,10,5,5,5,255,5,5,5,5,5,5,5,5,5,5,5,5,5,255,5,5,5,5,5,5,255,255,5,10,5,255,5,255,255,5,5,255,5,5,255,5,255,10,5,255,5,255,5,5,10,10
1780877848.983140,47,7213026,841,1039,2103,2079,2078,2038,1323,976,1071,1280,2046,2103,2106,2131,1484,1117,1178,2059,2121,2092,2103,2070,2071,1683,1198,2086,2113,2084,2122,2089,2103,1847,1166,2072,2086,2097,2112,2112,2053,1859,1196,2064,2095,2137,2083,2098,1926,1958,1173,1980,2072,2100,2090,2009,1944,1947,1141,1716,2021,2045,1990,1968,1938,1968,5,10,5,5,5,5,9,5,5,5,5,255,5,5,5,5,5,10,5,5,5,5,9,255,5,5,5,5,5,5,5,10,5,5,5,5,5,255,10,255,5,255,5,255,5,10,10,5,5,10,5,5,255,5,10,5,5,10,5,10,5,5,255,255
1780877849.082557,48,7313026,833,1068,2073,2079,2077,2038,1261,987,1078,1238,2062,2103,2126,2131,1365,1130,1232,2059,2076,2093,2097,2097,2063,1683,1216,2040,2111,2084,2076,2134,2082,1975,1177,2011,2101,2100,2089,2112,2084,1927,1229,2064,2082,2109,2094,2079,1926,1951,1129,1980,2098,2113,2099,1960,1972,2026,1126,1716,2078,2025,1987,1932,1909,1968,5,5,5,255,5,255,5,5,5,5,5,255,5,255,5,5,5,255,5,5,5,5,5,255,5,5,5,5,5,5,5,5,5,5,5,5,5,255,5,10,5,255,5,10,5,5,255,5,5,255,5,5,10,5,5,5,5,255,5,5,5,5,10,255
1780877849.183928,49,7413026,845,1047,2069,2065,2093,2098,1272,963,1061,1301,2062,2094,2077,2117,1393,1129,1204,2011,2084,2113,2097,2065,2034,1689,1189,2045,2107,2091,2095,2102,2084,1828,1201,1983,2095,2080,2088,2074,2084,1936,1214,2046,2096,2093,2125,2129,1985,1936,1159,1980,2061,2112,2122,1976,1977,2026,1112,1716,2036,2030,2010,1915,1962,1968,5,5,5,10,5,10,5,5,5,5,255,10,5,10,5,5,5,10,5,5,255,5,5,10,5,5,5,5,5,5,5,5,5,5,5,5,5,10,255,255,5,10,5,5,5,5,10,5,5,255,5,5,5,5,5,255,5,255,5,5,5,5,5,255
1780877849.282909,50,7513027,843,2071,2040,2066,2064,2098,1293,980,1082,1350,2062,2094,2136,2117,1430,1140,1187,2011,2085,2101,2076,2069,2057,1649,1201,2072,2088,2095,2086,2092,2079,2014,1199,2040,2086,2088,2113,2086,2075,1936,1150,2046,2098,2098,2122,2090,1958,1964,1143,1980,2087,2090,2092,1986,1947,1946,1113,1716,2036,2069,2010,1943,1962,1968,5,5,5,5,5,255,9,5,5,5,255,255,5,255,5,5,5,255,5,5,10,5,5,5,5,5,5,5,5,5,5,9,5,5,5,5,5,5,10,255,5,255,5,5,5,5,5,5,5,255,5,5,5,5,5,10,5,255,255,5,255,5,255,255
1780877849.384675,51,7613026,840,2071,2091,2056,2080,2063,1293,990,1042,1305,2026,2087,2062,2028,1455,1102,1197,1964,2095,2098,2099,2033,2094,1706,1161,2029,2088,2078,2101,2114,2048,1939,1156,2007,2060,2099,2089,2099,2075,1946,1177,1527,2101,2098,2108,2089,1932,1951,1132,1980,2095,2102,2092,2085,1957,1959,1131,1716,2049,2034,1974,1943,1909,1968,5,255,5,5,5,10,9,5,5,5,10,10,5,10,5,5,5,10,5,5,5,5,5,5,5,5,5,5,5,5,5,5,5,5,5,5,5,5,255,10,5,10,5,255,5,5,5,5,5,255,5,5,255,5,5,5,5,255,10,5,10,255,10,255
1780877849.485375,52,7713026,834,2071,2056,2070,2084,2069,1280,976,1077,1231,2062,2087,2048,2053,1397,1108,1195,1964,2096,2104,2077,2080,2094,1706,1211,2061,2118,2094,2095,2076,2050,1949,1183,2007,2075,2116,2084,2093,2075,1946,1158,1999,2101,2159,2097,2106,1944,1964,1149,1980,2052,2100,2098,2018,1926,1981,1115,1716,2005,2055,2007,1992,1909,1968,5,255,5,5,5,5,5,5,5,5,5,255,5,5,5,5,5,255,5,5,5,5,255,255,5,5,5,5,5,5,5,5,5,5,5,5,5,5,255,255,5,5,255,10,5,5,5,5,5,255,5,5,10,5,5,5,5,255,5,5,5,10,255,255
1780877849.583748,53,7813026,831,2071,2107,2066,2080,2070,1196,986,1069,1319,2062,2056,2098,2047,1445,1093,1206,1982,2089,2124,2057,2065,2073,1706,1217,2019,2073,2095,2080,2104,2101,1872,1191,2007,2073,2085,2086,2098,2048,1903,1201,1999,2093,2053,2071,2106,1965,1936,1142,2108,2074,2102,2093,1981,1945,1910,1106,1716,2029,2049,1981,1992,2066,1968,5,255,5,5,5,5,5,5,9,5,255,10,5,5,5,5,5,10,5,5,5,5,10,255,5,5,5,5,5,5,5,5,5,255,5,5,5,5,10,10,5,255,10,5,5,255,5,5,5,10,5,5,5,5,5,5,5,255,5,5,5,255,10,255
1780877849.683880,54,7913027,849,2071,2039,2076,2072,2046,1274,984,1089,1272,2062,2097,2098,2044,1375,1135,1182,1982,2074,2085,2057,2087,2062,1706,1207,2024,2073,2091,2092,2092,2093,1872,1170,2007,2087,2093,2100,2120,2048,1903,1187,1999,2093,2123,2115,2065,1936,1936,1147,2108,2102,2124,2078,1985,1945,1910,1100,1890,2072,2035,2095,1937,2066,1968,5,255,5,5,5,5,5,5,5,5,255,5,255,5,5,5,5,255,5,5,255,5,5,10,5,5,5,5,5,5,5,255,5,10,5,5,5,5,255,255,9,255,255,5,5,10,5,5,5,255,5,5,5,5,255,255,5,10,5,5,5,10,255,255
1780877849.782243,55,8013026,847,2071,2060,2076,2066,2072,1244,1005,1053,1219,2057,2104,2101,2044,1375,1109,1203,1952,2094,2082,2101,2091,2063,1676,1197,2113,2067,2082,2079,2116,2064,1787,1188,2039,2088,2100,2101,2094,2056,1943,1193,2025,2121,2087,2147,2080,1942,1918,1143,2108,2101,2118,2105,2036,1929,1950,1134,1672,2019,2055,1997,1981,1913,1968,5,255,5,255,5,5,5,5,5,5,10,5,10,255,255,5,5,10,5,5,10,5,5,5,5,5,5,5,5,5,5,10,5,5,5,5,5,5,10,10,5,10,10,5,5,5,5,5,5,255,5,5,5,5,10,10,5,4,5,5,5,5,10,255
1780877849.883604,56,8113027,849,2071,2090,2076,2066,2072,1229,967,1067,1248,2034,2104,2066,2044,1471,1129,1185,2052,2076,2066,2101,2116,2055,1736,1232,2019,2107,2080,2088,2116,2093,1787,1186,2081,2126,2087,2105,2094,2056,1895,1154,2025,2084,2087,2143,2111,1932,1938,1172,2108,2094,2107,2105,2007,1926,1950,1112,1710,2026,2070,2016,2014,1913,1968,5,255,5,255,255,255,5,5,5,5,5,255,5,255,10,5,5,5,5,5,255,5,5,5,5,5,5,5,5,255,5,255,5,5,5,5,5,255,255,5,5,255,5,255,5,5,5,5,5,255,5,5,255,5,5,255,5,9,5,5,5,5,255,255
1780877849.985488,57,8213026,827,2071,2026,2056,2074,1990,1277,996,1066,1297,2096,2109,2093,2099,1370,1096,1203,2052,2112,2103,2097,2114,2076,1721,1169,2029,2095,2101,2085,2096,2075,1923,1184,2085,2104,2086,2106,2119,2056,1873,1174,1975,2080,2087,2105,2114,1947,1939,1141,2024,2115,2085,2105,1960,1948,1981,1106,1710,2007,2063,2022,1991,1913,1968,5,255,255,10,10,10,5,5,9,5,5,10,5,10,5,5,5,255,5,5,10,5,5,5,5,5,5,5,5,10,5,10,5,5,5,5,5,10,255,5,5,10,5,255,5,5,5,5,5,10,5,5,255,5,5,10,5,255,5,5,5,5,255,255
1780877850.083429,58,8313026,846,2076,2138,2056,2103,2017,1236,968,1078,1317,2062,2055,2100,2058,1418,1116,1185,2003,2038,2100,2097,2108,2054,1636,1182,2112,2105,2086,2086,2111,2062,1888,1192,2049,2083,2091,2099,2185,2056,1878,1210,1975,2080,2087,2105,2110,1990,1893,1125,2024,2095,2126,2117,2021,1946,1932,1088,1710,2069,2063,1993,1991,1913,1968,5,10,5,255,5,5,9,5,5,5,5,5,5,5,5,5,5,10,5,5,255,5,5,5,5,5,5,5,5,5,5,5,9,5,5,5,5,5,255,5,5,255,255,255,5,5,5,5,5,255,5,5,10,5,5,5,5,255,5,255,5,255,255,255
1780877850.183500,59,8413026,845,2109,2069,2073,2090,2106,1296,984,1086,1284,2069,2108,2096,2006,1490,1133,1192,2032,2057,2086,2087,2069,2105,1734,1182,2021,2072,2078,2101,2108,2111,1888,1189,2019,2103,2072,2101,2081,2082,1878,1183,2029,2070,2085,2120,2080,1960,1935,1144,2044,2086,2119,2076,1985,1934,1964,1113,1710,2069,2047,2013,1991,1913,1968,5,5,5,10,5,5,5,5,5,5,5,5,5,5,5,5,5,5,5,5,10,5,5,5,9,5,5,5,5,5,5,255,5,9,5,5,5,5,10,255,5,10,10,10,5,5,5,5,5,10,5,5,5,5,5,5,5,255,255,10,5,255,255,255
1780877850.282146,60,8513026,845,2109,2110,2051,2100,2053,1304,977,1046,1240,2034,2093,2050,2041,1435,1112,1227,1971,2082,2115,2145,2112,2081,1734,1213,2029,2097,2091,2113,2080,2084,1820,1170,2019,2100,2089,2078,2172,2082,1966,1193,2093,2094,2120,2094,2084,1968,1970,1158,2044,2061,2110,2093,1981,1931,1964,1074,1710,2063,2047,1969,1924,1913,1964,5,255,5,5,5,5,5,5,5,5,5,5,5,5,5,5,5,5,5,5,5,5,5,255,5,5,5,5,5,5,5,10,5,255,5,5,5,5,255,10,5,5,5,5,5,5,5,5,5,255,5,5,5,5,5,255,5,255,10,255,5,10,255,10
1780877850.384547,61,8613026,841,2053,2056,2051,2116,2036,1282,977,1067,1351,2070,2081,2050,2077,1397,1129,1181,2038,2043,2054,2065,2108,2056,1666,1140,2002,2082,2081,2093,2110,2073,1848,1200,1943,2055,2112,2078,2103,2082,1855,1137,2093,2105,2115,2150,2084,1939,1924,1134,2044,2091,2047,2087,1977,1952,1962,1123,1603,2100,2016,1997,1999,1985,1964,5,10,5,255,5,5,5,5,5,5,5,5,255,5,5,5,5,5,5,5,5,5,5,10,5,5,5,5,5,5,5,9,5,10,5,5,5,5,255,5,5,255,5,5,5,5,5,5,5,255,5,5,5,5,5,10,5,10,5,10,5,5,10,255
1780877850.484681,62,8713027,825,2053,2086,2051,2075,2036,1264,1008,1051,1294,2070,2081,2081,2065,1431,1100,1230,2038,2073,2088,2103,2082,2006,1666,1171,2076,2103,2086,2087,2117,2067,1908,1191,2064,2166,2103,2109,2103,2082,1898,1150,2093,2103,2126,2079,2077,1978,1957,1131,2044,2112,2081,2087,1989,1952,1967,1106,1603,2056,2016,2033,1998,1985,1964,5,255,5,255,5,255,5,5,5,5,255,255,10,5,5,5,5,255,5,5,5,5,5,255,5,5,5,5,5,5,5,5,5,5,5,5,5,255,255,5,5,255,5,5,5,5,5,5,5,255,5,5,255,5,255,5,5,255,5,255,5,5,255,255
1780877850.585299,63,8813026,831,2053,2044,2061,2083,2114,1255,971,1073,1316,2133,2088,2095,2086,1378,1111,1187,2050,2082,2098,2057,2096,2063,1701,1177,2054,2068,2090,2094,2086,2107,1936,1199,2091,2063,2102,2090,2095,2082,1898,1154,2093,2095,2072,2071,2055,1946,1941,1144,2080,2117,2111,2072,2015,1929,1957,1088,1603,2029,2046,2011,1952,1979,1964,5,255,5,10,5,10,5,5,5,5,10,10,5,5,5,5,5,10,5,5,5,5,5,10,5,5,5,5,5,5,5,5,5,5,5,5,5,10,255,255,5,255,5,5,5,5,5,5,5,10,5,5,10,5,10,5,5,255,5,10,5,5,10,255
1780877850.682873,64,8913027,836,1049,2071,2061,2098,2051,1272,957,1081,1366,2134,2088,2095,2086,1420,1090,1184,2018,2067,2073,2112,2096,2063,1697,1177,2027,2064,2080,2088,2090,2113,1903,1172,1994,2063,2110,2086,2124,2082,1927,1176,2093,2095,2046,2108,2048,2035,1903,1181,2015,2128,2088,2072,2023,1970,2016,1133,1491,2040,2047,1957,1977,1979,1964,5,10,5,255,5,5,5,5,5,5,255,255,255,255,5,5,5,5,5,5,5,255,255,5,5,5,5,5,5,5,5,5,5,5,255,5,5,5,255,10,5,255,255,5,5,5,5,5,5,5,5,5,255,5,5,5,5,10,5,5,5,5,255,255
1780877850.784319,65,9013027,860,1049,2057,2067,2060,2051,1256,988,1078,1366,2031,2111,2095,2096,1442,1097,1190,1994,2119,2093,2105,2099,2089,1673,1218,2025,2086,2081,2099,2104,2064,1986,1202,2061,2083,2086,2084,2142,2082,1927,1198,2110,2094,2046,2083,2041,1971,1918,1160,2015,2099,2068,2096,1997,1939,2016,1141,1491,2044,2047,1981,1962,1979,1964,5,255,5,10,5,255,5,5,5,255,5,10,255,10,5,5,5,5,5,5,5,10,10,5,5,5,5,5,5,5,5,5,5,5,10,5,5,5,255,255,5,10,10,255,5,5,5,5,5,255,5,5,10,5,5,255,5,255,5,255,5,5,255,255
1780877850.884359,66,9113026,830,1049,2045,2067,2060,2051,1292,986,1056,1261,2113,2111,2078,2071,1455,1135,1166,1994,2132,2084,2125,2080,2074,1691,1192,2032,2086,2082,2108,2106,2078,1926,1214,1984,2149,2088,2102,2142,2082,1946,1184,2110,2105,2114,2094,2037,1996,1925,1125,2015,2092,2111,2109,1990,1958,1954,1128,1491,2017,2083,2001,1957,2016,1964,5,255,5,255,255,255,5,5,5,10,5,255,10,5,5,5,5,255,5,5,5,5,5,5,5,5,5,5,5,5,5,5,9,5,5,5,5,255,255,10,5,255,5,10,5,5,5,5,5,255,5,5,5,5,5,10,5,255,5,10,5,5,10,255
1780877850.992421,67,9223026,843,1032,2054,2079,2060,2051,1348,997,1077,1443,2096,2111,2078,2148,1355,1107,1205,1935,2078,2084,2092,2091,2082,1664,1196,1987,2070,2081,2092,2112,2080,1876,1198,1984,2117,2072,2090,2083,2068,1882,1176,2110,2102,2107,2121,2085,1970,1986,1129,2051,2146,2142,2105,2015,1935,1912,1119,1748,2097,2057,2001,1937,2016,1964,5,10,5,10,255,10,5,5,5,5,5,255,255,5,5,5,5,10,5,5,5,5,5,5,5,5,5,5,5,5,5,5,5,255,5,5,5,10,10,5,5,255,5,5,5,5,5,5,5,10,5,5,5,5,5,5,5,10,5,5,255,5,255,255
1780877851.094038,68,9323027,833,1032,2047,2073,2080,2091,1278,973,1053,1443,2116,2111,2078,2009,1382,1104,1204,1935,2082,2064,2092,2094,2067,1664,1177,2056,2072,2078,2089,2108,2096,1913,1163,2027,2104,2082,2097,2083,2068,2007,1166,2110,2091,2107,2082,2139,1932,1911,1140,2002,2095,2102,2083,1990,1935,1947,1137,1748,2016,2044,1962,1983,2016,1964,5,255,5,5,10,5,5,5,5,255,5,255,255,5,5,5,5,255,5,5,255,5,5,255,5,5,5,5,5,5,5,5,5,10,5,5,5,255,255,5,5,255,5,255,5,5,5,5,5,5,5,5,5,5,255,5,5,255,5,5,10,5,255,255
1780877851.193740,69,9423026,851,2093,2090,2036,2080,2065,1289,971,1067,1317,2104,2111,2081,2077,1434,1083,1165,1935,2078,2091,2123,2119,2041,1664,1214,2061,2088,2095,2091,2097,2081,1913,1229,2027,2097,2111,2097,2083,2068,2007,1169,2038,2079,2132,2121,2113,1937,1984,1147,2002,2122,2075,2093,1968,1963,1960,1104,1377,2033,2054,2028,1927,2016,1964,5,10,5,5,255,5,5,5,5,10,5,255,10,5,5,5,5,255,5,5,10,5,5,255,5,5,5,5,5,5,5,255,5,5,5,5,5,255,255,255,5,10,5,10,5,5,5,5,5,255,5,5,5,5,10,5,5,10,5,5,5,5,255,255
1780877851.292571,70,9523027,837,2093,2090,2036,2099,2065,1328,990,1063,1294,2104,2111,2088,2077,1427,1119,1179,1935,2108,2088,2109,2069,1985,1664,1193,2006,2065,2089,2062,2117,2113,1832,1179,2047,2084,2088,2109,2083,2063,1823,1150,2038,2123,2091,2103,2077,1937,1984,1163,2002,2102,2097,2114,1919,1938,1960,1112,1377,2033,2068,1944,1927,2016,1964,5,255,255,255,10,255,5,5,5,5,255,255,5,255,5,5,5,255,5,5,5,5,5,255,5,5,5,5,5,5,5,10,5,5,5,5,5,255,10,10,5,255,5,5,5,5,255,255,5,255,5,5,5,5,5,255,5,255,255,5,5,255,255,255
1780877851.394775,71,9623026,833,2093,2023,2043,2069,2084,1263,994,1055,1264,2072,2072,2068,2084,1387,1097,1167,1935,2068,2068,2085,2088,2108,1693,1194,2027,2108,2089,2077,2108,2100,1873,1181,2096,2084,2071,2110,2090,2075,1823,1183,2038,2105,2125,2122,2032,1937,1962,1155,2002,2079,2087,2072,2014,1960,1949,1118,1377,2046,2058,1972,1996,2016,1964,5,255,10,10,5,10,5,5,5,5,10,10,5,10,5,5,5,255,5,5,5,5,5,10,9,5,5,5,5,5,5,5,5,5,255,5,5,10,5,255,5,255,5,5,5,5,255,10,5,255,5,5,5,5,5,10,5,255,10,5,5,10,255,255
1780877851.493589,72,9723027,839,1020,2057,2043,2096,1979,1261,984,1043,1374,2063,2072,2053,2084,1433,1132,1159,1935,2064,2097,2098,2078,2067,1685,1232,2060,2091,2098,2084,2106,2084,1874,1201,1998,2084,2099,2095,2089,2075,1910,1180,2038,2101,2096,2105,2090,1937,1938,1087,2052,2035,2113,2087,2042,1960,1944,1131,1377,2046,2058,1950,1961,2016,1964,5,10,5,255,5,5,5,5,5,5,5,255,5,255,5,5,5,255,5,5,5,5,5,5,5,5,5,5,5,5,5,5,5,5,10,5,5,5,255,10,5,255,5,5,5,5,255,5,5,10,5,5,5,5,255,5,5,255,255,255,5,5,255,255
1780877851.592500,73,9823026,831,1048,2053,1979,2092,2063,1248,966,1076,1390,1999,2072,2076,2075,1402,1117,1185,2020,2078,2098,2092,2119,2061,1667,1156,2073,2085,2101,2082,2077,2062,1803,1208,2054,2084,2096,2097,2165,2075,1892,1160,2018,2105,2129,2103,2090,1937,1948,1170,2052,2135,2103,2100,1982,1931,1977,1099,1712,2082,2058,2025,1978,2016,1964,5,5,5,10,5,5,5,5,9,5,5,255,5,10,5,5,5,10,5,5,5,5,5,5,5,5,5,5,5,5,5,5,5,5,255,5,5,5,255,5,5,10,5,5,5,255,255,255,5,255,5,5,5,5,10,5,5,10,10,255,5,5,255,255
1780877851.693900,74,9923027,843,1048,1515,1979,2072,2063,1278,979,1086,1307,1999,2072,2076,2057,1400,1126,1180,2011,2100,2079,2075,2084,2049,1667,1173,2080,2085,2084,2076,2098,2062,1853,1225,2056,2098,2084,2084,2079,2075,1924,1214,2018,2105,2102,2082,2095,1937,1916,1174,2052,2146,2133,2063,2015,1973,1939,1147,1712,2082,2058,2007,1990,2016,1964,5,255,4,255,5,255,5,5,5,5,255,255,255,5,5,5,5,5,5,5,5,5,5,255,5,5,5,5,5,5,5,5,9,5,10,5,5,5,255,5,5,255,255,5,5,10,255,5,5,255,5,5,5,5,5,5,5,255,255,255,5,5,255,255
1780877851.792562,75,10023026,843,1101,1150,1420,1283,2052,1281,981,1078,1329,2057,2072,2090,2124,1450,1100,1191,1995,2126,2066,2120,2108,2066,1604,1225,2045,2069,2085,2087,2101,2114,1909,1200,2004,2103,2090,2104,2052,2075,1924,1197,2018,2083,2067,2094,2053,1977,1922,1146,2052,2081,2132,2087,1999,1961,1939,1100,1712,2096,2063,1962,1946,2016,1964,5,10,4,10,4,10,5,5,5,5,10,255,10,5,5,5,5,5,5,5,5,5,5,10,5,5,5,5,5,5,5,5,9,5,5,5,5,5,255,255,5,255,10,5,5,5,10,5,5,255,5,5,5,5,5,255,5,255,10,10,5,5,255,255
1780877851.895240,76,10123026,840,857,837,960,969,1091,1218,984,1075,1211,1044,1096,1300,1185,1436,1144,1188,1995,2047,2053,2012,2108,2019,1614,1183,2041,2106,2091,2081,2102,2103,1909,1166,2068,2045,2088,2112,2122,2075,1951,1222,2018,2115,2109,2110,2105,1954,1953,1156,2052,2090,2086,2080,2002,1961,1939,1103,1537,2096,2052,1944,1904,2016,1964,5,4,4,4,4,4,5,5,5,5,4,10,4,4,5,5,5,255,5,5,5,255,5,5,9,5,5,5,5,5,5,255,5,5,5,5,5,5,255,10,5,255,5,5,5,5,5,5,5,255,5,5,5,5,255,255,5,10,255,5,5,5,255,255
1780877851.993585,77,10223026,840,1057,677,684,587,440,417,952,1068,1251,753,710,818,581,1281,452,1215,2058,905,1034,931,1275,2023,1676,1197,2011,2082,2077,2015,2078,2099,1730,1198,2027,2107,2076,2122,2138,2048,1921,1183,2066,2104,2079,2114,2107,1981,1964,1139,2052,2082,2086,2091,2055,1941,1939,1108,1537,2110,2088,1934,1980,2016,1964,5,5,5,4,4,4,4,5,9,5,4,4,4,4,5,4,5,10,4,5,4,10,5,5,5,5,5,5,5,5,5,10,5,5,5,5,5,5,10,5,5,10,5,5,5,5,5,3,5,255,5,5,5,5,10,10,5,255,10,5,5,5,255,255
1780877852.094521,78,10323027,849,1041,677,684,2106,648,639,391,1082,1287,2093,687,656,630,421,410,1194,2058,2085,697,665,682,514,422,1170,1993,2105,719,2070,698,514,442,1151,2064,2091,924,2122,2116,2048,1921,1173,2072,2079,2150,2110,2070,1935,1949,1147,2032,2100,2095,2084,1965,1921,1939,1131,1537,2110,2093,2020,1980,2016,1964,5,5,255,255,4,4,4,4,5,5,4,255,5,5,4,5,5,255,4,4,4,4,4,4,5,5,5,4,5,4,4,4,5,5,5,4,255,5,255,255,5,5,5,5,5,5,5,5,5,10,5,5,5,5,5,255,5,255,255,5,5,255,255,255
1780877852.193250,79,10423026,836,2061,2040,2061,2074,2079,1226,984,1062,1329,2045,2071,2084,2049,660,1123,1207,1636,2095,2091,2073,652,632,609,1158,2009,2089,2087,785,641,607,583,1204,2057,2109,776,670,650,616,551,1184,2072,2092,2122,2133,653,1912,1943,1162,2016,2064,2074,2084,1990,1959,1976,1139,1537,2020,2038,1978,1980,2016,1964,5,5,10,10,5,4,4,4,5,5,5,4,4,4,4,4,5,10,5,4,4,5,5,5,5,5,5,4,5,5,5,5,5,5,5,5,10,4,10,10,5,255,5,5,5,4,5,5,5,5,5,5,255,5,5,10,5,255,10,5,5,255,255,255
1780877852.292189,80,10523027,844,2061,2110,2061,2074,2079,1333,989,1100,1330,1975,2066,2056,2071,1435,1102,1255,1988,2104,2090,2102,652,2017,609,1210,2073,2101,2092,2058,1099,703,724,1186,2045,2107,2107,2030,736,673,623,1183,2072,2092,2062,786,715,619,610,1169,2016,2138,2135,760,667,630,594,1121,1537,2034,2038,2051,664,2016,1964,5,255,5,255,255,255,5,5,5,5,5,5,5,5,4,5,5,4,5,5,5,255,4,255,5,5,5,5,5,4,5,5,5,5,5,5,4,5,5,5,5,255,255,5,5,5,4,5,5,255,5,5,10,4,4,4,5,255,5,255,5,255,255,255
1780877852.392486,81,10623026,847,2071,2019,2061,2087,2083,1323,990,1067,1233,2108,2066,2126,2009,1402,1108,1209,1993,2072,2069,2102,2103,2090,1681,1219,2043,2098,2084,2087,2113,2072,724,1164,2055,2100,2098,2095,1164,1046,816,1128,2118,2086,2097,2099,1073,799,761,1163,2016,2099,2124,760,812,752,651,1115,1537,2038,2038,1986,799,677,652,5,10,5,255,10,10,5,5,5,5,5,255,5,5,5,5,5,5,5,5,255,10,5,10,5,5,5,5,5,5,4,255,9,5,5,5,5,5,4,5,5,10,10,5,4,4,4,5,5,255,5,5,255,255,5,5,5,255,5,255,5,5,10,10
1780877852.492667,82,10723026,830,2059,2080,2061,2043,2097,1314,975,1059,1275,2033,2066,2126,2055,1400,1140,1162,1998,2087,2068,2123,2103,2054,1681,1190,2043,2088,2086,2074,2111,2084,724,1163,2069,2122,2100,2107,1832,1046,1040,1274,2041,2093,2126,2065,2072,1139,975,1124,2016,2067,2122,760,2004,1059,842,1152,1783,2009,2038,1996,1241,876,803,5,5,5,255,5,5,5,5,5,5,5,255,255,5,5,5,5,5,5,5,10,255,5,255,9,255,5,5,5,5,5,255,5,5,5,5,5,5,255,4,5,5,5,5,5,5,5,4,5,255,5,5,255,4,4,5,5,10,5,255,5,4,5,5
1780877852.593427,83,10823026,843,2071,2080,2089,2089,2080,1244,990,1100,1321,2079,2095,2054,2055,1371,1133,1183,2038,2086,2076,2049,2102,2106,1768,1191,2072,2098,2089,2094,2107,2089,1921,1200,2080,2102,2099,2087,1832,1046,1040,1197,2090,2093,2116,2097,2091,1580,1036,1169,2070,2062,2120,2076,1932,1488,991,1154,1783,2090,2064,1977,1961,1071,975,5,5,255,10,5,5,5,5,5,5,5,10,10,255,5,5,5,5,5,5,5,10,5,10,5,10,5,5,5,5,5,10,5,5,5,5,5,255,255,255,5,5,255,5,5,5,4,5,5,10,5,5,10,5,4,5,5,255,5,10,5,5,5,5
1780877852.694914,84,10923026,825,2071,2069,2089,2089,2080,1265,969,1109,1240,2079,2055,2101,1990,1400,1151,1184,2077,2068,2092,2099,2101,2032,1637,1195,2043,2102,2094,2072,2069,2063,1965,1265,1982,2059,2084,2086,2051,1046,1892,1184,2090,2114,2116,2074,2077,1580,1964,1148,2070,2091,2083,2076,1979,1608,1059,1135,2001,2086,2064,1950,1984,1071,1012,5,255,10,255,255,255,9,5,5,5,5,5,5,10,5,5,5,5,5,5,5,5,5,3,5,5,5,5,5,5,5,5,5,5,5,5,5,10,255,10,5,255,10,255,5,5,255,4,5,255,5,5,255,5,5,5,5,10,5,255,5,5,255,5
1780877852.792989,85,11023026,849,2071,2081,2093,2058,2086,1278,986,1055,1266,2079,2055,2101,2095,1445,1120,1178,2007,2084,2106,2060,2075,2127,1678,1183,2040,2086,2072,2112,2102,2098,1833,1199,2057,2066,2075,2147,2096,1046,1920,1174,2090,2069,2144,2116,2083,1929,1921,1169,2070,2095,2136,2114,2048,1915,1662,1133,2001,2029,2064,2034,1984,1071,1334,5,255,5,10,10,10,5,5,5,5,255,255,255,5,5,5,5,5,5,5,5,5,5,5,5,5,5,5,5,5,5,5,5,5,5,5,5,5,255,5,5,255,5,10,5,5,10,5,5,255,5,5,10,5,4,4,5,255,5,255,5,255,255,4
1780877852.894377,86,11123027,834,2071,2055,2093,2081,2072,1316,984,1091,1426,2059,2055,2101,2064,1425,1142,1190,2007,2061,2112,2092,2084,2058,1718,1143,2118,2101,2094,2092,2110,2095,1833,1184,2057,2103,2119,2115,2091,1046,1920,1159,2090,2107,2097,2078,2083,1960,1948,1153,2070,2115,2136,2111,1969,1883,1948,1138,2001,2029,2030,1994,1880,1071,1475,5,255,5,255,5,5,5,5,5,5,10,255,255,5,5,5,5,255,5,5,5,5,5,5,5,5,5,5,5,5,5,255,5,255,5,5,5,5,255,255,5,255,5,5,5,255,5,5,5,255,5,255,5,5,5,4,5,255,255,10,5,10,255,5
1780877852.993868,87,11223026,847,2064,2045,2058,2089,2053,1266,993,1058,1332,2100,2055,2111,2036,1375,1128,1177,1941,2060,2069,2135,2089,2106,1651,1206,2049,2078,2089,2092,2112,2097,1833,1227,2026,2095,2090,2117,2105,2050,1893,1169,2090,2085,2097,2099,2118,1960,1970,1132,2007,2074,2076,2103,1989,1907,1787,1135,2001,2038,2022,2011,1953,1071,1475,5,10,5,10,5,5,5,5,5,5,5,255,10,5,9,5,5,10,5,5,5,5,5,5,9,5,5,5,5,5,5,255,5,10,5,5,5,5,10,10,5,255,5,255,5,10,255,5,5,10,5,10,5,5,5,5,5,255,10,5,5,5,255,255
1780877853.094212,88,11323027,842,2064,2045,2066,2087,2053,1231,1021,1069,1269,2010,2055,2090,2051,1414,1091,1183,1941,2068,2076,2074,2089,2041,1651,1235,2013,2095,2088,2081,2116,2134,1923,1203,2026,2129,2072,2131,2091,2050,1964,1189,1989,2085,2127,2118,2116,1960,1937,1128,2007,2074,2108,2092,1975,1938,1938,1142,2001,2053,2092,1934,1910,1071,1475,5,255,255,5,5,255,5,5,5,5,5,255,5,5,5,5,5,255,5,5,5,255,5,255,5,5,5,5,5,5,5,10,5,255,5,5,5,5,255,5,5,10,255,10,5,5,255,5,5,255,5,5,5,5,5,5,5,255,5,5,5,5,255,255
1780877853.193086,89,11423026,850,1039,2053,2066,2093,2071,1255,977,1075,1250,2126,2076,2102,2036,1434,1085,1153,1941,2101,2092,2036,2099,2084,1599,1219,2051,2092,2085,2088,2099,2124,1766,1185,2045,2080,2097,2045,2164,2050,1964,1195,1789,2077,2098,2120,2073,1941,1951,1130,2109,2119,2117,2108,2050,1934,1971,1134,2001,2062,2075,2008,1938,1071,1475,5,10,10,255,5,10,5,5,5,5,5,10,5,5,5,5,5,255,5,5,5,10,5,10,5,5,5,5,5,5,5,5,5,10,5,5,5,3,255,255,5,5,10,5,5,5,10,255,5,10,5,5,5,5,5,5,5,255,5,5,5,255,255,255
1780877853.293351,90,11523027,853,1021,2039,2066,2093,2071,1261,1004,1100,1250,2068,2076,2112,2036,1434,1085,1160,1951,2072,2084,2060,2105,2103,1642,1181,2057,2086,2087,2084,2089,2120,1766,1186,2056,2088,2130,2108,2082,2087,1964,1173,1946,2104,2098,2090,2073,1996,1938,1139,2109,2124,2115,2088,1990,1934,1993,1113,1871,2053,2075,2017,1989,1979,1475,5,5,5,255,255,255,5,5,5,255,5,255,5,255,255,5,5,10,5,5,5,5,5,5,5,5,5,5,5,5,5,255,5,5,5,5,5,5,10,255,5,5,5,255,5,5,5,5,5,255,5,5,5,5,255,5,5,10,5,255,5,5,10,255
1780877853.393991,91,11623026,836,1030,2069,2066,2075,2058,1255,976,1103,1270,2038,2082,2099,2036,1388,1110,1186,1960,2085,2086,2086,2125,2033,1642,1162,1991,2108,2075,2095,2110,2070,1849,1216,2088,2105,2083,2090,2202,2045,1964,1208,1946,2080,2121,2104,2094,1974,1911,1135,2109,2081,2118,2088,1985,1962,1919,1132,1871,2044,2052,1998,1943,1979,2032,5,5,5,255,10,10,5,5,5,10,5,10,5,255,10,5,5,5,5,5,5,5,5,255,9,5,5,5,5,5,5,10,5,5,5,5,5,5,5,255,5,255,5,10,5,5,5,5,5,255,5,5,255,5,10,5,5,255,5,10,5,5,255,10
1780877853.494967,92,11723026,841,2060,2034,2057,2107,2058,1248,970,1056,1282,2038,2053,2099,2036,1392,1110,1207,1973,2107,2081,2053,2092,2053,1694,1200,2046,2072,2088,2090,2111,2092,1912,1207,2064,2090,2110,2095,2156,2045,1964,1175,1993,2089,2121,2104,2108,1974,1909,1166,1990,2115,2127,2129,1985,1938,1949,1101,1799,2033,2070,1990,1935,1979,2032,5,5,5,10,5,255,5,5,5,5,255,5,255,255,5,5,5,5,5,5,5,5,5,10,9,5,5,5,5,5,5,5,5,5,5,5,5,9,255,255,5,10,5,255,255,5,255,5,5,10,5,5,10,255,5,5,5,3,5,5,5,5,255,255
1780877853.593707,93,11823026,839,2060,2034,2091,2088,1962,1251,971,1097,1238,2019,2121,2054,2036,1420,1126,1194,1732,2071,2101,2084,2080,2050,1673,1188,1990,2084,2089,2086,2082,2081,1843,1205,2019,2048,2096,2104,2082,2074,1934,1200,1993,2105,2121,2086,2081,1977,1913,1135,1990,2060,2103,2098,1990,1926,1945,1132,1799,2036,2050,1995,1934,1979,2032,5,255,255,5,5,10,5,5,5,5,10,5,10,255,5,5,5,4,5,5,5,5,5,5,5,5,5,5,5,5,5,5,5,5,5,5,5,5,10,255,5,255,5,255,10,5,10,5,5,255,5,5,5,10,5,5,5,255,5,5,5,5,255,255
1780877853.706016,94,11933027,844,2060,2074,2085,2089,1962,1241,1003,1063,1271,2082,2121,2054,1978,1509,1154,1182,1732,2059,2127,2089,2104,2043,1717,1214,1990,2096,2085,2089,2071,2070,1908,1171,2019,2048,2101,2085,2069,2074,1934,1223,1993,2083,2127,2103,2126,1972,1933,1148,1990,2086,2092,2098,1990,1952,1945,1119,1799,2021,2039,1993,1934,1979,2032,5,255,10,5,5,255,5,5,5,5,5,255,255,10,5,5,5,255,5,5,5,5,5,5,5,255,5,5,5,5,5,5,5,255,255,5,5,5,255,255,5,255,5,10,5,5,5,5,5,255,5,5,255,255,5,255,5,255,5,5,5,255,255,255
1780877853.803511,95,12033026,826,1081,2087,2085,2067,2055,1325,974,1097,1279,2082,2101,2072,1978,1483,1117,1185,1620,2087,2060,2088,2102,2069,1717,1214,2049,2111,2083,2086,2103,2057,1908,1178,2104,2080,2083,2094,2092,2043,1934,1201,1993,2072,2070,2099,2154,1978,1991,1159,2019,2072,2081,2098,2032,1967,1975,1118,1799,2028,2034,1997,1972,1979,2032,5,10,5,255,5,10,5,5,5,5,255,10,10,255,5,5,5,10,5,5,5,5,5,255,5,10,5,5,5,5,5,255,5,10,10,5,5,5,10,255,5,255,5,5,5,5,255,5,5,10,5,5,255,10,5,10,5,255,5,5,5,10,255,255
1780877853.902883,96,12133027,838,1081,2067,2085,2067,2050,1261,994,1089,1293,2064,2101,2097,2073,1454,1112,1224,2041,2087,2092,2079,2153,2100,1717,1195,2066,2099,2076,2086,2132,2078,1836,1204,2051,2054,2072,2112,2093,2043,1934,1188,1993,2091,2122,2130,2144,1978,1955,1175,2019,2110,2082,2098,1999,1946,1975,1144,1799,2078,2067,2031,1972,1979,2032,5,255,5,255,255,5,5,5,5,5,10,255,5,10,5,5,5,4,5,5,5,5,5,255,5,5,5,5,5,5,5,10,5,5,5,5,5,5,255,255,5,255,5,5,5,5,255,5,5,255,5,5,255,5,5,255,5,255,5,5,5,255,255,255
1780877854.003389,97,12233026,829,1081,2081,2084,2055,2082,1313,981,1068,1391,2028,2074,2129,2120,1377,1123,1218,2011,2062,2107,2093,2052,2049,1686,1211,2024,2091,2089,2073,2097,2074,1900,1216,2015,2119,2127,2089,2087,2043,1952,1223,1534,2087,2060,2102,2068,1975,1931,1157,2037,2124,2102,2098,2034,1955,1995,1102,1852,2057,2067,2045,1972,1979,2032,5,255,5,10,10,5,5,5,5,5,5,10,5,5,5,5,5,5,5,5,5,5,5,10,5,5,5,5,5,5,5,5,5,5,5,5,5,5,255,10,5,10,5,5,5,5,10,5,5,10,5,5,255,5,5,10,5,10,5,255,5,255,255,255
1780877854.103470,98,12333027,836,2088,2090,2084,2048,2082,1252,983,1079,1391,2028,2074,2062,2087,1439,1096,1195,2038,2066,2074,2069,2078,2071,1694,1190,2038,2090,2097,2100,2083,2105,1864,1221,2019,2047,2109,2092,2119,2043,1952,1179,1534,2061,2112,2092,2068,1997,1937,1143,2037,2075,2102,2126,1984,1955,1995,1135,1852,2022,2067,2004,1939,1979,2032,5,10,5,255,5,255,5,5,5,255,255,255,5,5,5,5,5,5,5,5,5,5,5,5,5,5,5,5,5,5,5,5,5,5,5,5,5,5,255,255,5,255,5,5,5,5,5,5,5,255,5,255,10,5,255,255,5,255,5,255,5,10,255,255
1780877854.203185,99,12433026,832,1065,2092,2078,2050,1926,1292,988,1060,1268,2112,2069,2051,2087,1394,1107,1200,2021,2073,2080,2129,2099,2042,1694,1197,1564,2074,2096,2118,2091,2083,1873,1178,2007,2132,2107,2080,2129,2043,1957,1196,1534,2112,2112,2100,2105,1997,1928,1155,2007,2080,2110,2094,2006,1920,1995,1134,1953,2060,2004,2012,1948,1979,2032,5,4,5,10,5,10,5,5,5,10,10,10,5,255,5,5,5,5,5,5,5,5,5,255,5,5,5,5,5,5,5,5,5,5,5,5,5,5,255,10,5,255,5,255,5,5,255,5,5,10,5,10,5,5,10,255,5,10,5,10,5,5,255,255
1780877854.304112,100,12533026,838,2039,2064,2078,2047,2035,1218,980,1085,1268,2043,2081,2029,2073,1409,1073,1168,2058,2090,2080,2087,2102,2067,1683,1172,2061,2090,2079,2089,2073,2076,1850,1184,2031,2112,2099,2110,2112,2043,1909,1169,1534,2095,2128,2110,2108,1936,1928,1185,2007,2103,2106,2088,2014,1958,1995,1125,1953,2060,2078,2002,1948,1979,2032,5,4,5,255,5,5,5,5,5,255,5,5,5,10,5,5,5,5,5,5,5,5,5,10,5,5,5,5,5,5,5,5,5,5,5,5,5,5,255,5,5,255,5,10,5,3,10,255,5,255,5,5,5,5,5,255,5,255,5,5,5,255,255,255
1780877854.402323,101,12633026,829,1031,2064,2055,2100,2025,1270,981,1051,1337,2068,2085,2093,2059,1429,1113,1188,1979,2075,2079,2100,2080,2028,1683,1169,2080,2104,2087,2071,2077,2097,1907,1222,2067,2066,2085,2126,2137,2056,1915,1211,1534,2081,2077,2121,2060,1936,1983,1133,2006,2094,2120,2075,2014,1963,1935,1139,1866,2062,2060,2113,1972,1965,2032,5,5,255,10,5,5,5,5,5,10,5,5,5,5,5,5,5,5,5,5,5,5,5,255,9,5,5,5,5,5,5,5,5,5,5,5,5,5,10,5,5,255,5,5,5,5,255,10,5,10,5,5,5,255,255,10,5,10,5,5,5,10,10,255
1780877854.503367,102,12733026,829,2079,2076,2055,2069,2087,1196,985,1075,1272,2068,2085,2149,2059,1379,1138,1169,2004,2110,2061,2086,2095,2054,1686,1191,2062,2065,2096,2100,2082,2083,1850,1187,2067,2099,2078,2097,2116,2056,1915,1196,1534,2093,2040,2101,2049,1998,1977,1134,2006,2122,2071,2075,2014,1965,1939,1092,1457,2039,2066,1977,1991,1941,2032,5,5,10,255,5,5,5,5,5,5,255,255,5,255,5,5,5,5,5,5,5,5,5,10,5,5,5,5,5,5,5,5,5,255,5,5,5,5,255,255,5,255,5,5,5,5,10,5,5,255,5,5,255,255,5,5,5,5,5,5,5,5,5,255
1780877854.603675,103,12833026,830,2053,2089,2054,2069,1975,1298,1009,1050,1267,2079,2046,2098,2051,1389,1107,1179,1922,2067,2065,2094,2047,2028,1683,1241,2020,2090,2083,2090,2068,2037,1888,1205,2049,2072,2087,2098,2083,2056,1905,1171,1534,2100,2095,2076,2013,1934,1941,1150,1997,2112,2088,2095,2055,1959,1922,1128,1457,1998,2019,1977,1991,1941,2032,5,5,5,10,5,5,5,5,5,5,10,10,5,10,5,5,5,5,5,5,5,5,5,5,5,5,5,5,5,5,5,5,5,10,5,5,5,5,255,10,5,255,5,5,5,5,5,5,5,10,5,5,10,10,5,5,5,255,5,5,255,255,255,255
1780877854.703189,104,12933027,847,2040,2089,2054,2104,1975,1291,987,1072,1220,2082,2046,2070,2051,1454,1123,1198,1996,2076,2108,2068,2099,2047,1689,1204,2000,2090,2083,2093,2083,2086,1905,1183,2086,2075,2072,2109,2096,2056,1905,1184,1534,2100,2099,2053,2096,1938,1905,1130,1997,2081,2119,2098,1964,1949,1922,1126,1457,2083,2019,2040,1991,1941,2032,5,5,255,255,5,255,5,5,5,5,5,255,5,255,5,5,5,5,5,5,5,5,5,9,5,5,5,5,5,5,5,5,5,5,5,5,5,5,255,255,5,255,255,5,5,5,5,5,5,255,5,5,5,5,5,255,5,255,5,255,10,255,255,255
1780877854.804174,105,13033026,823,2078,2067,2054,2085,2070,1290,988,1070,1342,2089,2046,2118,2075,1443,1130,1203,2027,2077,2106,2083,2070,2051,1718,1177,2048,2086,2083,2086,2068,2093,1865,1160,2089,2117,2095,2092,2082,2076,1893,1162,1534,2110,2099,2130,2077,1935,1970,1168,1997,2094,2097,2117,1978,1957,1922,1110,1457,2012,2098,2063,1934,1941,1977,5,5,10,255,5,10,9,5,5,5,5,255,5,10,5,5,5,5,5,5,5,5,5,5,5,5,5,5,5,5,5,5,5,5,5,5,5,5,10,10,5,255,10,255,5,5,5,5,5,255,5,5,5,5,5,255,5,255,5,10,5,10,255,10
1780877854.903927,106,13133027,843,2035,2131,2054,2082,2084,1263,990,1080,1347,2089,2093,2118,2025,1417,1109,1215,2027,2066,2083,2108,2137,2015,1718,1171,2013,2088,2083,2096,2108,2062,1865,1233,2068,2133,2102,2097,2082,2076,2010,1169,1534,2110,2099,2093,2076,1935,1956,1152,1997,2081,2087,2115,1965,1938,1956,1096,1532,2012,2098,2015,1934,1941,1977,5,5,5,255,5,5,5,5,5,5,255,10,255,5,5,5,5,255,5,5,5,5,5,255,5,5,5,5,5,5,5,255,5,5,5,5,5,255,255,5,5,255,255,255,5,5,255,5,5,255,5,5,5,5,5,10,5,10,255,255,5,255,255,255
1780877855.002542,107,13233026,851,1075,2091,2073,2081,2044,1283,993,1048,1287,2078,2047,2061,2085,1427,1115,1162,1968,2075,2108,2101,2113,1997,1619,1184,2095,2086,2104,2072,2106,2105,1800,1209,2068,2111,2103,2125,2082,2076,2010,1168,2054,2127,2080,2071,2076,1983,1952,1160,1997,2128,2103,2079,2047,1944,1970,1131,1532,2018,2086,1969,1976,1941,1977,5,4,5,10,5,5,9,5,5,5,10,5,10,5,5,5,5,10,5,5,5,5,5,10,5,5,5,5,5,5,5,10,5,255,5,5,5,255,255,255,5,10,10,10,5,255,10,5,5,255,5,5,5,5,5,5,5,255,10,10,5,10,255,255
1780877855.103937,108,13333027,835,2083,2049,2073,2081,2044,1286,985,1065,1248,2035,2047,2080,2085,1371,1126,1191,1968,2091,2071,2101,2125,2096,1711,1179,2095,2083,2079,2083,2117,2089,1836,1232,2011,2082,2096,2102,2129,2076,1908,1179,2054,2086,2119,2082,2074,1971,1918,1171,1997,2108,2127,2079,2009,1930,1970,1080,1765,2018,2086,1995,1939,1941,1977,5,4,5,255,255,255,5,5,5,5,5,255,5,255,5,5,5,255,5,5,5,5,5,5,5,255,5,5,5,5,5,5,5,10,5,5,5,10,255,10,5,255,5,5,5,10,5,5,5,255,5,5,255,5,5,255,5,10,255,255,5,5,255,255
1780877855.202812,109,13433026,843,1105,2053,2085,2115,2112,1264,963,1086,1334,2038,2074,2058,2015,1445,1119,1162,1975,2072,2104,2041,2098,2041,1711,1222,2011,2090,2082,2089,2098,2086,1814,1199,2016,2085,2077,2109,2083,2076,1908,1224,2054,2115,2119,2112,2099,1972,1919,1180,1997,2067,2074,2105,1985,1933,1953,1127,1765,2082,2088,2012,1891,1941,1977,5,4,5,10,10,10,5,5,5,5,5,10,5,10,5,5,5,10,5,5,5,5,5,255,5,10,5,5,5,5,5,5,5,5,5,5,5,5,255,255,5,255,5,255,5,5,5,5,5,255,5,5,10,5,5,10,5,255,10,10,5,5,255,255
1780877855.303383,110,13533027,841,1034,2064,2085,2115,2079,1241,965,1086,1248,2060,2073,2123,2023,1355,1120,1233,1975,2082,2116,2041,2098,2045,1710,1164,2009,2078,2083,2089,2098,2064,1904,1188,2038,2085,2088,2094,2063,2076,1749,1191,2054,2108,2172,2102,2058,1972,1919,1135,1997,2138,2092,2105,1994,1957,1953,1084,2012,2082,2088,1969,1940,1941,1977,5,5,5,255,255,5,5,5,5,5,5,5,5,5,5,5,5,255,5,5,255,255,5,10,5,5,5,5,5,255,5,5,5,5,5,5,5,5,255,10,9,255,5,10,5,5,255,255,5,255,5,5,255,5,5,255,5,10,255,255,5,5,255,255
1780877855.402157,111,13633026,839,2109,2082,2100,2095,2039,1243,1004,1087,1351,2084,2093,2123,2028,1486,1104,1201,1639,2048,2103,2101,2106,2059,1686,1205,2027,2125,2089,2091,2074,2095,1887,1175,2141,2085,2080,2103,2054,2093,1749,1185,2054,2080,2056,2126,2093,1967,1947,1133,1997,2106,2102,2117,1974,1954,1953,1112,2012,2021,2092,2005,1960,1976,1977,5,5,5,10,10,5,5,5,5,5,5,5,255,5,5,5,5,10,5,5,10,10,5,5,5,5,5,5,5,10,5,5,5,5,255,5,5,5,10,255,5,255,5,5,5,5,10,10,5,255,5,5,10,5,5,255,5,255,10,10,255,5,10,255
1780877855.503168,112,13733027,834,2109,2092,2100,2089,1990,1289,999,1083,1216,2084,2093,2050,2031,1430,1103,1210,2029,2114,2074,2095,2093,2101,1686,1181,2081,2110,2087,2100,2104,2072,1777,1202,2021,2065,2091,2085,2072,2093,1749,1173,2054,2109,2102,2089,2092,1966,1953,1140,1997,2127,2105,2117,2007,1944,1953,1129,2012,2037,2077,1984,1902,1988,1977,5,255,5,255,5,5,9,5,5,5,255,255,10,5,5,5,5,4,5,5,5,5,5,255,5,5,5,5,5,5,5,9,5,5,10,5,5,5,255,255,5,255,5,5,5,5,5,5,5,255,5,5,255,5,5,255,5,255,5,5,5,5,5,255
1780877855.603559,113,13833026,834,2070,2073,2090,2051,2034,1267,971,1078,1264,2084,2093,2042,2035,1447,1116,1206,2029,2047,2098,2076,2082,2094,1688,1204,2039,2069,2074,2089,2093,2117,1863,1198,2024,2083,2099,2098,2072,2093,1920,1209,2020,2123,2126,2092,2111,1908,1953,1159,2003,2085,2114,2090,2003,1948,2005,1126,2012,1980,2077,2022,1943,1988,1977,5,10,5,10,5,5,5,5,5,5,255,255,5,5,5,5,5,255,5,5,5,5,5,10,5,5,5,5,5,5,5,5,5,5,5,5,5,255,255,10,5,10,5,5,5,5,5,5,5,10,5,5,10,5,5,10,5,255,5,255,5,5,255,255
1780877855.704030,114,13933027,833,2070,2046,2090,2058,2034,1212,996,1081,1355,2084,2093,2072,2003,1374,1100,1201,2029,2056,2105,2087,2087,2092,1781,1218,2043,2091,2092,2107,2131,2109,1811,1186,2059,2087,2087,2077,2160,2093,1920,1167,2091,2135,2107,2110,2083,1976,1935,1158,2017,2106,2109,2099,1974,1928,2005,1105,2012,2075,2077,1938,1936,1988,1977,5,255,5,255,5,255,5,5,5,5,255,255,5,5,5,5,5,255,5,5,5,5,5,5,5,5,5,5,5,5,5,5,9,5,5,5,5,10,255,255,5,5,5,5,5,5,5,5,5,5,5,5,5,5,5,255,5,255,5,255,5,5,255,255
1780877855.803764,115,14033026,838,1039,2108,2070,2124,2079,1309,1011,1082,1314,2059,2073,2126,2089,1388,1079,1185,2013,2090,2094,2079,2086,2036,1649,1215,2049,2094,2087,2105,2098,2093,1919,1267,2031,2095,2094,2092,2093,2093,1843,1201,2091,2135,2079,2115,2052,1939,1951,1123,1976,2110,2093,2092,1965,1928,2005,1116,2012,2018,2049,2055,1944,1988,1977,5,255,5,10,5,10,5,5,5,5,10,10,5,5,9,5,5,10,5,5,5,5,5,5,5,5,5,5,5,5,5,5,9,5,5,5,5,5,255,10,9,255,255,5,5,5,5,5,5,5,5,5,5,5,255,255,5,255,5,10,5,5,255,255
1780877855.903331,116,14133027,839,1069,2059,2070,2069,2062,1372,991,1076,1291,2049,2073,2126,2080,1400,1100,1177,2013,2073,2098,2115,2091,2055,1649,1174,2029,2089,2098,2075,2069,2088,1937,1199,2036,2121,2088,2125,2130,2093,1923,1209,2091,2087,2125,2115,2104,1988,1959,1135,2021,2095,2093,2092,2009,1973,1928,1126,2012,2056,2050,2013,1996,1988,1977,5,5,5,255,5,5,9,5,5,5,5,255,255,5,5,5,5,255,5,5,5,5,5,255,9,5,5,5,5,5,5,5,5,5,5,5,5,5,255,5,5,255,10,5,255,5,5,5,5,5,5,255,255,5,10,10,5,255,5,5,5,5,255,255
1780877856.003858,117,14233026,848,2063,2104,2050,2062,2076,1255,995,1060,1251,2057,2072,2078,2185,1442,1122,1178,1993,2087,2100,2051,2087,2091,1649,1179,1960,2105,2088,2087,2091,2140,1859,1176,2040,2101,2084,2104,2122,2049,1930,1180,2091,2071,2159,2087,2091,1979,1950,1128,2034,2076,2074,2124,1999,1933,1972,1093,1736,1958,2050,2013,1985,1988,1977,5,4,5,10,5,5,5,5,5,5,5,10,10,5,5,5,5,10,5,5,5,5,5,255,5,5,5,5,5,5,5,5,5,5,5,5,5,5,10,5,5,255,5,5,10,5,5,255,5,5,5,10,10,5,5,5,5,10,5,255,255,5,255,255
1780877856.103734,118,14333027,843,1044,2109,2090,2098,1871,1224,1003,1086,1251,2093,2072,2073,2105,1415,1115,1203,2011,2049,2104,2096,2083,2066,1731,1216,2098,2092,2080,2117,2072,2108,1865,1161,1989,2147,2094,2081,2094,2049,1930,1175,2091,2091,2082,2113,2142,1993,1950,1144,2034,2126,2111,2124,1969,1933,1972,1135,1339,2057,2050,1997,1985,1988,2117,5,255,5,5,5,4,9,5,5,255,5,255,5,5,5,5,5,5,5,5,5,5,5,10,5,5,5,5,5,5,5,5,5,5,5,5,5,5,255,255,5,255,5,5,5,5,5,255,5,255,5,5,255,5,255,255,5,4,5,255,10,255,255,10
1780877856.203325,119,14433026,841,1015,2109,2090,2071,2069,1241,979,1059,1237,2122,2072,2079,2105,1478,1150,1186,2020,2069,2090,2052,2113,2041,1647,1204,2019,2089,2090,2091,2106,2104,1901,1167,2011,2112,2092,2117,2129,2054,1930,1176,2091,2084,2082,2078,2142,1993,1917,1163,2055,2094,2130,2081,2032,1933,1936,1090,1822,2043,2050,2024,1950,1988,2117,5,10,255,255,5,5,5,5,5,10,5,255,5,255,5,5,5,5,5,5,5,5,5,5,5,5,5,5,5,5,5,5,5,5,5,5,5,5,10,255,5,255,5,255,5,255,255,10,5,10,5,5,10,5,10,10,5,4,5,255,5,10,255,255
1780877856.303982,120,14533027,823,1015,2062,2077,2085,1989,1272,982,1092,1249,2095,2072,2123,2179,1404,1111,1198,2020,2075,2088,2091,2086,2090,1647,1207,2019,2086,2090,2081,2082,2044,1873,1178,2081,2122,2100,2100,2103,2054,1930,1153,2058,2083,2104,2082,2043,1993,1911,1130,2055,2105,2106,2081,2049,1960,1937,1118,1822,2071,2050,2024,1925,1988,2117,5,255,10,10,5,5,5,5,5,5,5,255,5,10,5,5,5,255,5,5,5,5,5,255,5,255,5,5,5,5,5,5,5,5,5,5,5,5,255,255,5,10,5,10,5,10,10,5,5,255,5,5,255,5,5,5,5,255,5,255,5,5,255,255
1780877856.412148,121,14643026,839,1015,2084,2063,2069,2006,1226,1006,1096,1245,2060,2057,2021,2080,1442,1081,1183,2021,2060,2069,2106,2099,2037,1647,1188,2026,2107,2094,2088,2073,2120,1873,1180,2116,2078,2114,2103,2100,2054,1933,1180,2011,2088,2123,2099,2143,2015,1956,1169,2055,2092,2106,2114,1982,1946,1975,1126,1902,2053,2054,2015,1947,1988,2117,5,255,5,5,5,5,5,5,5,5,255,10,5,5,5,5,5,10,5,5,5,5,5,255,5,10,5,5,5,5,5,255,5,5,5,5,5,5,255,10,5,5,5,5,5,5,5,5,5,255,5,5,10,5,5,5,5,10,5,10,5,5,255,255
1780877856.512518,122,14743027,838,1015,2075,2063,2083,2006,1319,962,1071,1295,2060,2057,2130,2015,1466,1080,1181,1971,2083,2060,2115,2066,2025,1647,1231,2077,2070,2078,2093,2106,2110,1935,1186,2044,2058,2077,2075,2073,2054,1919,1175,2011,2096,2132,2079,2061,1964,1971,1155,2055,2133,2116,2114,1970,1946,1975,1128,1902,1990,2029,1940,1937,1988,2117,5,255,5,255,5,255,5,5,9,5,255,255,5,5,5,5,5,5,5,5,5,5,5,255,5,5,5,5,5,5,5,10,5,5,5,5,5,5,255,5,5,255,5,5,5,5,5,5,5,255,5,5,255,5,5,255,5,255,5,5,5,5,255,255
1780877856.612425,123,14843026,826,1061,2058,2067,2082,2086,1303,976,1070,1255,2102,2057,2126,2015,1379,1119,1199,2059,2083,2087,2085,2125,2051,1647,1204,2077,2090,2098,2101,2095,2118,1906,1206,1993,2130,2103,2108,2105,2077,1919,1177,2013,2113,2052,2087,2077,1932,1971,1130,2067,2106,2105,2080,2016,1941,1960,1124,1902,1990,2047,2013,1959,1988,2117,5,10,5,10,5,10,5,5,5,5,10,255,5,255,5,5,5,5,5,5,5,5,5,255,5,255,5,5,5,5,5,5,5,5,5,5,5,5,10,255,5,10,5,5,5,5,5,255,5,10,5,5,10,5,5,10,5,255,255,5,5,5,255,255
1780877856.713617,124,14943027,841,2084,2084,2067,2082,2086,1322,983,1086,1292,2111,2094,2090,2060,1414,1087,1194,2059,2059,2091,2085,2055,2087,1647,1220,2119,2112,2096,2092,2094,2084,1893,1200,2005,2067,2104,2112,2105,2077,1919,1232,2013,2118,2098,2125,2100,1932,1971,1150,2067,2102,2105,2080,1955,1936,1966,1118,1902,1993,2047,2000,1948,1988,2117,5,5,5,255,255,255,9,5,9,5,5,10,5,10,5,5,5,255,5,5,255,5,5,255,5,10,5,5,5,5,5,5,5,5,5,5,5,255,255,255,5,255,5,5,5,5,255,10,5,255,5,255,255,5,5,5,5,255,10,255,5,5,255,255
1780877856.814166,125,15043026,847,1049,2031,2073,2081,2079,1288,994,1066,1280,2036,2082,2126,2077,1419,1113,1216,2011,2079,2099,2102,2068,2037,1655,1209,2044,2086,2094,2073,2088,2085,1893,1174,2041,2069,2087,2086,2105,2073,1919,1202,2013,2071,2093,2111,2099,1919,1931,1142,2067,2111,2104,2091,1978,1922,1923,1145,1902,1987,2064,2033,1971,1988,2117,5,5,5,10,10,10,5,5,5,5,5,5,5,5,5,5,5,10,5,5,10,5,5,10,5,5,5,5,5,5,5,255,5,5,5,5,5,10,10,255,9,255,5,5,5,5,10,5,5,255,5,10,10,5,5,5,5,255,5,10,5,5,255,255
1780877856.913115,126,15143027,859,1049,2056,2086,2087,2080,1347,971,1063,1298,2036,2079,2050,2023,1428,1133,1181,2011,2081,2063,2066,2103,2089,1658,1221,2053,2076,2094,2095,2096,2098,1893,1195,2041,2129,2122,2103,2151,2063,1847,1187,2013,2081,2093,2075,2126,1979,1950,1153,2067,2070,2099,2091,2003,1922,1923,1113,1902,2038,2064,2006,1992,1988,2117,5,255,5,5,5,5,9,5,5,5,255,5,5,5,5,5,5,255,5,5,5,5,5,5,5,255,5,5,5,5,5,255,5,255,5,5,5,5,5,10,5,255,5,255,5,5,9,5,5,255,5,5,5,5,255,255,5,255,5,255,5,5,255,255
1780877857.014169,127,15243026,831,2067,2058,2070,2079,2049,1338,985,1065,1284,2084,2095,2056,2023,1367,1091,1172,2030,2069,2107,2126,2088,2082,1819,1178,2092,2102,2080,2110,2090,2078,1893,1152,2041,2090,2104,2142,2113,2064,1847,1178,2013,2122,2090,2111,2062,1936,1921,1166,2067,2080,2089,2087,1966,1922,1975,1096,1902,2054,2008,2031,1926,1998,2117,5,10,5,5,5,5,5,5,5,5,10,5,5,255,5,5,5,10,5,5,5,5,5,3,5,5,5,5,5,5,5,255,5,255,5,5,5,5,5,255,5,255,5,10,5,5,5,5,5,255,5,5,5,255,255,10,5,255,5,10,5,5,10,255
1780877857.113640,128,15343027,849,2068,2058,2100,2079,2049,1340,981,1045,1251,2084,2095,2070,2023,1424,1061,1197,2030,2050,2092,2102,2078,2093,1819,1217,2010,2077,2077,2063,2103,2118,1825,1184,2028,2124,2081,2082,2074,2064,1889,1155,2013,2088,2090,2108,2088,1981,1934,1130,2067,2075,2098,2087,2017,1969,1975,1148,1902,2054,2008,1951,1926,1981,2117,5,5,255,5,255,255,5,5,5,5,255,255,5,255,5,5,5,255,5,5,5,5,5,255,5,5,5,5,5,5,5,10,5,10,5,5,5,5,255,10,5,255,5,255,5,5,5,5,5,255,5,5,255,5,10,255,5,255,255,255,5,255,5,255
1780877857.213146,129,15443026,841,2068,2043,2100,2112,2010,1328,1000,1062,1308,2089,2066,2081,2023,1450,1115,1170,2040,2072,2096,2102,2087,2072,1774,1208,2051,2081,2091,2091,2110,2114,1914,1181,1999,2098,2062,2090,2030,2018,1882,1154,2053,2094,2062,2132,2079,1982,1954,1183,2067,2070,2089,2087,1983,1947,1975,1121,1902,2069,2028,2040,1957,1981,2117,5,255,10,255,10,10,5,5,5,5,10,10,5,255,5,5,5,10,5,5,255,5,5,10,5,5,5,5,5,5,5,5,9,5,5,5,5,5,10,5,5,10,5,10,5,5,5,5,5,255,5,5,255,5,5,255,5,255,10,10,5,10,255,255
1780877857.313819,130,15543027,826,2068,2085,2100,2084,2074,1258,990,1092,1238,2108,2066,2102,2023,1500,1085,1200,2040,2090,2099,2105,2077,2008,1683,1192,2051,2058,2094,2070,2111,2101,1837,1173,2012,2110,2070,2082,2030,2018,1944,1172,1994,2084,2151,2122,2028,1982,1954,1153,2067,2089,2116,2114,2004,1947,1975,1142,1902,1977,2047,1964,1957,1981,2117,5,255,5,255,5,5,5,5,5,5,5,255,5,255,5,5,5,255,5,5,10,5,5,5,5,255,5,5,5,5,5,9,5,5,5,5,5,255,255,5,5,5,5,5,5,5,255,255,5,255,5,5,10,5,255,255,5,255,5,5,5,255,255,255
1780877857.413751,131,15643026,835,2084,2090,2076,2084,2029,1357,979,1080,1311,2040,2094,2104,2023,1400,1074,1189,2061,2096,2091,2092,2090,2120,1704,1191,2086,2098,2097,2090,2082,2075,1865,1178,1963,2106,2086,2098,2095,2018,1918,1208,2041,2093,2151,2088,2113,1997,1934,1143,1989,2120,2099,2093,1994,1965,1975,1104,1791,2030,2097,1974,1975,1981,2117,5,10,5,10,255,5,5,5,5,5,5,10,5,255,5,5,5,10,5,5,5,5,5,5,5,10,5,5,5,5,5,5,5,5,5,5,5,10,255,5,5,5,5,255,5,5,10,10,5,10,5,5,5,5,10,255,5,10,5,5,5,10,255,255
1780877857.512571,132,15743026,826,2084,2076,2076,2071,2029,1289,990,1039,1232,2085,2101,2046,2087,1390,1120,1162,2013,2081,2095,2104,2089,2067,1752,1185,2082,2093,2079,2087,2113,2061,1841,1223,1968,2095,2101,2112,2117,2018,1918,1175,2041,2086,2119,2134,2071,1925,1940,1142,2059,2118,2076,2090,2023,1956,1985,1097,1533,2015,2097,1970,1983,1981,2117,5,255,5,255,10,255,9,5,5,5,5,5,5,10,5,5,5,5,5,5,5,5,5,5,5,5,5,5,5,5,5,5,9,5,5,5,5,5,255,255,5,255,5,10,5,5,5,5,5,5,5,5,5,5,5,10,5,4,5,255,5,5,255,255
1780877857.613723,133,15843026,834,1023,2069,2076,2082,1975,1266,988,1104,1269,2066,2101,2057,2057,1396,1177,1195,2066,2087,2084,2082,2076,2065,1679,1215,2041,2099,2085,2098,2106,2107,1841,1231,2054,2100,2068,2132,2088,2018,1918,1192,2041,2118,2103,2123,2059,1997,1974,1139,2004,2075,2096,2103,2023,1940,1981,1113,1533,2073,2057,2025,1937,1981,2117,5,255,5,255,5,10,5,5,9,5,5,255,5,5,5,5,5,5,5,5,5,5,5,5,9,5,5,5,5,5,5,255,5,5,5,5,5,5,255,255,5,255,5,5,5,5,5,5,5,5,5,5,5,255,5,5,5,255,5,10,5,5,255,255
1780877857.713423,134,15943027,840,1036,2071,2073,2082,1975,1331,985,1084,1265,2074,2101,2062,2048,1410,1131,1177,2066,2075,2068,2082,2130,2084,1748,1186,2068,2064,2100,2072,2130,2128,1825,1221,2078,2137,2080,2070,2125,2018,1918,1156,2041,2081,2121,2135,2059,1997,1937,1149,2004,2108,2110,2103,1965,1948,1981,1098,1533,2073,2077,2025,2001,1981,2117,5,5,5,10,255,255,9,5,9,5,5,255,5,5,5,5,9,255,5,5,255,5,5,5,5,5,5,5,5,5,5,10,5,5,5,5,5,5,255,255,5,255,5,5,5,255,255,5,5,255,5,5,255,10,5,255,5,255,255,5,5,5,255,255
1780877857.813010,135,16043026,834,1038,2091,2078,2084,2062,1352,1000,1106,1332,2121,2061,2062,2061,1384,1122,1163,1958,2072,2090,2081,2131,2089,1581,1223,2029,2073,2082,2057,2100,2068,1919,1204,2017,2131,2100,2114,2101,2018,1901,1196,2079,2085,2099,2135,2095,1996,1951,1135,2004,2104,2113,2082,1941,1977,1933,1131,1533,1997,2078,1967,2000,1981,2117,5,5,5,5,10,10,5,5,5,5,5,10,255,5,5,5,5,10,5,5,10,5,5,5,5,5,5,5,5,5,5,5,5,5,5,5,5,5,255,10,5,3,5,5,255,10,10,5,5,255,5,5,10,5,5,10,5,255,10,5,5,5,255,255
1780877857.913132,136,16143027,851,2107,2058,2086,2065,2062,1233,1007,1079,1265,2066,2061,2062,2061,1360,1074,1224,1958,2067,2081,2121,2106,2080,1686,1188,2110,2107,2082,2098,2125,2073,1919,1192,2031,2103,2104,2096,2112,2018,1901,1205,2079,2093,2080,2118,2076,1982,2004,1156,2004,2094,2109,2082,1990,1955,1971,1114,1533,1997,2078,1986,2047,1981,1992,5,4,5,5,5,255,5,5,5,5,5,255,255,255,5,5,5,255,5,5,5,5,5,9,5,5,5,5,5,5,5,255,5,5,5,5,5,5,255,255,5,255,5,5,10,5,5,5,5,255,5,5,255,5,5,5,5,255,255,255,5,5,255,10
1780877858.013832,137,16243026,839,2073,2052,2098,2079,2098,1207,993,1089,1251,2064,2078,2093,2067,1450,1084,1186,1571,2078,2102,2071,2111,2096,1686,1205,2037,2082,2089,2093,2141,2112,1878,1193,2057,2111,2104,2070,2107,2018,1972,1163,2078,2110,2080,2120,2108,1956,1956,1138,2004,2094,2099,2083,1988,1923,1956,1113,1533,2053,2087,1997,1937,1918,1992,5,5,5,5,5,10,5,5,5,5,5,10,10,10,5,5,5,10,5,5,5,5,5,255,9,5,5,5,5,5,5,10,5,5,5,5,5,5,255,10,5,10,5,5,5,5,5,5,5,255,5,5,10,5,5,5,5,255,10,10,5,5,10,255
1780877858.113796,138,16343027,851,2073,2120,2098,2106,2038,1305,997,1082,1281,2147,2078,2093,2067,1427,1102,1201,1571,2066,2086,2036,2116,2000,1780,1208,1933,2094,2081,2094,2094,2106,1878,1201,2021,2109,2084,2098,2089,2018,1920,1173,2037,2084,2061,2111,2110,1956,1956,1153,2004,2087,2109,2082,2015,1925,1976,1111,1713,2036,2087,1997,1923,1982,1992,5,255,5,255,5,5,5,5,5,5,5,255,255,255,5,5,5,255,5,5,5,5,5,10,5,5,5,5,5,5,5,255,9,5,5,5,5,5,255,5,5,5,5,5,5,5,255,255,5,255,5,5,5,5,5,5,5,10,5,255,255,5,5,255
1780877858.213432,139,16443026,829,2055,2072,2061,2065,2044,1272,967,1083,1267,2021,2078,2109,2067,1404,1092,1179,1571,2089,2065,2087,2071,2038,1673,1191,2074,2102,2085,2082,2110,2080,1919,1235,2079,2114,2111,2122,2106,2032,1920,1162,2037,2088,2104,2120,2121,1984,1911,1126,2004,2101,2118,2082,1980,1953,1988,1129,2157,2026,2022,2012,1979,1982,1992,5,10,5,10,5,5,5,5,5,5,5,255,10,255,5,5,5,255,5,5,5,5,5,5,5,5,5,5,5,5,5,10,5,5,5,5,5,5,10,255,5,255,5,5,5,5,10,10,5,255,5,5,5,5,5,5,5,4,5,10,10,5,255,255
1780877858.314079,140,16543027,844,1009,2072,2035,2057,2044,1273,1019,1036,1256,2028,2078,2109,2037,1416,1086,1194,2072,2082,2109,2099,2091,2084,1691,1204,2044,2085,2085,2086,2058,2120,1919,1185,2015,2087,2078,2100,2106,2032,1861,1181,2038,2078,2078,2113,2097,1962,1918,1145,2004,2064,2111,2082,1972,1945,1988,1133,2157,2046,2022,2012,1979,1982,1992,5,5,255,5,5,255,5,5,5,5,5,255,255,10,5,5,5,10,5,5,5,5,5,5,5,5,5,5,5,5,5,255,5,5,5,5,5,255,255,10,5,10,5,5,5,5,5,5,5,255,5,5,255,5,5,255,5,255,5,255,255,255,255,255
1780877858.413094,141,16643026,844,2136,2046,2035,2093,2055,1282,1024,1060,1275,2028,2081,2109,2031,1427,1102,1196,1948,2068,2062,2094,2091,2143,1734,1190,2070,2078,2097,2086,2103,2077,1787,1190,2047,2095,2096,2122,2106,2065,1960,1174,2038,2092,2088,2103,2077,2075,1946,1167,2004,2111,2092,2102,2011,1931,1989,1120,2157,2046,2022,1992,1968,1982,1992,5,4,10,255,5,10,5,5,5,5,255,10,255,5,5,5,5,5,5,5,5,5,5,5,5,5,5,5,5,5,5,10,5,5,5,5,5,255,10,5,5,255,5,5,5,5,5,5,5,255,5,5,10,5,5,10,5,255,5,255,10,10,255,255
1780877858.513809,142,16743027,828,2136,2046,2035,2068,2055,1272,994,1047,1275,2075,2081,2028,2025,1426,1109,1175,1948,2068,2080,2092,2077,2143,1697,1194,2041,2075,2094,2109,2081,2059,1882,1193,2013,2099,2102,2092,2092,2054,1960,1178,2038,2121,2134,2120,2105,1915,1920,1127,2004,2111,2105,2085,2062,1949,1954,1100,2157,2046,2042,1944,1968,1982,1992,5,255,255,255,5,255,9,5,5,255,10,255,10,5,5,5,5,255,5,5,5,5,255,5,5,5,5,5,5,5,5,5,5,5,5,5,5,10,5,255,5,255,5,5,5,5,5,5,5,255,5,5,5,5,5,5,5,255,255,10,255,255,255,255
1780877858.613467,143,16843026,841,1020,2140,2066,2062,2037,1269,1005,1092,1328,2065,2081,2028,2025,1417,1098,1183,1576,2086,2074,2099,2065,2013,1697,1181,2011,2066,2089,2107,2104,2079,1882,1196,1988,2100,2102,2088,2047,2054,1960,1209,2085,2081,2102,2113,2075,1948,1938,1152,2004,2111,2114,2097,1979,1930,1919,1108,2157,2062,2042,1997,1961,1970,1992,5,10,10,10,5,10,5,5,5,10,5,255,255,255,5,5,5,10,5,5,5,5,10,255,5,5,5,5,5,5,5,255,5,5,5,5,5,5,255,255,5,10,5,5,5,5,5,5,5,255,5,5,5,5,5,5,5,255,10,255,5,10,10,255
1780877858.713016,144,16943027,841,2063,2063,2076,2059,2037,1233,974,1055,1322,2038,2103,2028,2089,1412,1078,1170,2000,2096,2092,2068,2112,2072,1697,1169,2045,2049,2084,2098,2129,2098,1694,1204,1988,2120,2094,2089,2047,2054,1960,1185,2085,2101,2102,2106,2075,1948,1949,1147,2004,2088,2086,2120,1977,1942,1967,1117,2157,2062,2042,1997,1927,1970,1992,5,4,5,5,5,255,5,5,5,5,5,10,255,10,5,5,5,4,5,5,5,5,5,255,5,5,5,5,5,5,5,10,5,255,5,5,5,255,255,255,5,255,5,255,5,5,255,5,5,255,5,5,5,5,5,5,5,255,255,255,255,5,255,255
1780877858.812466,145,17043027,850,2063,2111,2081,2086,2076,1223,1012,1081,1256,2068,2077,2028,2089,1377,1131,1188,2046,2079,2075,2129,2116,2046,1680,1192,2073,2112,2079,2082,2084,2114,1667,1182,2018,2130,2064,2101,2123,2041,1960,1167,2085,2099,2102,2101,2142,2002,1949,1145,2004,2053,2081,2120,2002,1915,1973,1067,2157,2049,2053,1976,1953,1934,1992,5,255,5,5,5,10,5,5,5,5,255,5,255,255,5,5,5,5,5,5,5,5,5,10,5,5,5,5,5,5,5,5,5,10,5,5,5,10,10,255,5,255,5,255,5,5,10,255,5,255,5,5,255,5,255,5,5,255,10,10,10,5,10,255
1780877858.914313,146,17143026,854,2063,2093,2081,2082,2086,1281,972,1090,1340,2094,2081,2028,2089,1388,1094,1163,2046,2052,2061,2132,2122,2046,1683,1225,2003,2093,2075,2063,2125,2081,1965,1203,2023,2130,2072,2125,2143,2041,1948,1136,2027,2105,2077,2104,2099,1906,1948,1133,2004,2104,2113,2078,2000,1941,1999,1106,2157,2049,2053,2022,1971,1970,1992,5,255,5,255,5,5,5,5,5,5,5,5,255,255,5,5,5,255,5,5,5,5,255,5,9,5,5,5,5,5,5,5,5,5,5,5,5,5,255,10,5,10,5,10,5,5,5,10,5,255,5,5,10,5,5,5,5,255,255,255,5,5,5,255
1780877859.013557,147,17243026,838,1064,2088,2067,2082,2069,1297,1003,1067,1299,2094,2081,2028,2110,1419,1087,1156,2046,2047,2089,2091,2102,2059,1665,1182,2066,2102,2087,2088,2120,2098,1909,1178,2023,2095,2100,2155,2138,2041,1934,1196,2027,2122,2082,2095,2109,2030,1958,1181,2103,2117,2077,2108,1976,1952,1986,1116,2157,2031,2071,2003,1965,1970,1992,5,10,5,10,255,5,5,5,5,5,255,255,255,10,5,5,5,255,5,5,5,5,10,5,5,5,5,5,5,5,5,5,5,255,5,5,5,5,255,5,5,255,5,5,5,5,5,5,5,10,5,5,5,5,5,5,5,255,10,10,5,5,255,255
1780877859.123327,148,17353026,846,2027,2076,2097,2072,2051,1236,1003,1086,1360,2025,2081,2028,2077,1481,1098,1173,1976,2058,2099,2086,2097,2058,1623,1190,2033,2087,2082,2110,2100,2084,1909,1208,2054,2087,2102,2101,2103,2041,1860,1160,2027,2122,2106,2096,2070,1986,1929,1170,2103,2053,2105,2099,1990,1916,1986,1101,2018,2026,2096,2043,1964,1970,1992,5,5,5,5,10,5,5,5,5,5,10,255,255,5,5,5,5,10,5,5,5,5,5,5,5,5,5,5,5,5,5,255,5,10,5,5,5,5,255,5,5,255,255,5,5,5,5,255,5,255,5,5,5,5,5,255,5,10,5,5,255,5,255,255
1780877859.223709,149,17453026,835,1135,2095,2061,2068,2071,1233,979,1065,1243,2071,2059,2028,2089,1465,1136,1199,1976,2093,2115,2040,2069,2057,1623,1219,2032,2095,2084,2099,2085,2078,1889,1228,2054,2109,2103,2118,2071,2093,1934,1166,2027,2080,2070,2122,2080,1986,1929,1162,2103,2111,2102,2054,1968,1942,1917,1099,1483,2058,2096,2008,1983,1970,1992,5,4,5,5,5,5,5,5,5,5,5,10,255,5,5,5,5,255,5,5,5,5,5,255,5,5,5,5,5,5,5,10,5,255,5,5,5,5,10,5,9,255,10,5,5,5,255,5,5,255,5,5,5,5,5,10,5,4,5,255,5,5,255,255
1780877859.323956,150,17553027,843,1023,2095,2061,2082,2071,1291,989,1103,1302,2056,2059,2073,2045,1469,1126,1160,1976,2065,2105,2060,2094,2107,1623,1177,1996,2081,2081,2093,2115,2106,1876,1235,2073,2111,2090,2095,2098,2093,1943,1166,2027,2080,2080,2071,2108,1965,1929,1148,2103,2085,2112,2054,2013,1955,1917,1097,1810,2027,2074,2008,1914,1970,1992,5,5,255,255,5,255,5,5,5,5,5,255,10,5,5,5,5,255,5,5,5,5,5,255,5,5,5,5,5,5,5,5,5,10,5,5,5,5,255,5,5,255,255,5,5,5,10,255,5,255,5,5,255,5,5,255,5,4,5,10,5,5,255,255
1780877859.425105,151,17653026,827,2047,2103,2078,2092,1971,1298,982,1081,1332,2056,2085,2062,2096,1428,1092,1175,1976,2076,2099,2119,2101,2046,1604,1176,2086,2097,2076,2079,2123,2098,1850,1200,2258,2097,2095,2084,2121,2056,1961,1175,1992,2086,2140,2124,2091,1965,1968,1150,2103,2066,2106,2099,2001,1945,1917,1115,1975,2027,2074,1976,1971,1970,1704,5,5,10,10,5,10,5,5,5,5,255,10,5,5,5,5,5,255,5,5,5,5,5,10,5,5,5,5,5,5,5,5,9,3,5,5,5,5,10,5,5,10,10,5,5,5,255,10,5,255,5,5,10,5,5,255,5,3,255,255,5,5,255,10
1780877859.522384,152,17753026,819,2047,2064,2052,2082,2096,1239,983,1111,1253,2084,2085,2062,2096,1448,1133,1196,1976,2063,2075,2070,2096,2060,1724,1174,2059,2081,2092,2065,2101,2093,1867,1288,2055,2071,2090,2073,2121,2056,1931,1169,2031,2107,2140,2114,2069,1937,1937,1186,2103,2117,2118,2087,1963,1910,1917,1107,1993,2043,2062,2036,1881,1671,1704,5,255,5,5,5,5,9,5,5,5,10,255,255,255,5,5,5,255,5,5,5,5,5,5,5,5,5,5,5,5,5,5,5,4,5,5,5,255,255,5,5,5,5,255,5,5,10,5,5,255,5,5,5,5,5,255,5,5,10,10,5,5,10,255
1780877859.623124,153,17853026,839,2050,2030,2064,2072,2086,1271,964,1078,1332,2084,2080,2062,2055,1460,1126,1191,2007,2087,2073,2108,2079,2058,1722,1239,2010,2076,2079,2085,2145,2085,1910,1183,2027,2091,2105,2112,2076,2100,1898,1144,2031,2093,2114,2115,2069,1976,1895,1153,2103,2061,2124,2072,2038,1967,1942,1116,1958,2059,2064,2041,1881,1671,1292,5,10,5,5,5,5,5,5,5,5,5,10,255,10,5,5,5,10,5,5,5,5,5,9,5,5,5,5,5,5,5,5,9,5,5,5,5,10,10,5,5,255,5,10,5,255,5,5,5,255,5,5,5,5,5,10,5,5,5,5,5,255,255,10
1780877859.723584,154,17953027,853,2062,2060,2064,2073,2086,1233,991,1067,1259,2084,2080,2042,2055,1490,1143,1190,2007,2095,2119,2076,2138,2069,1722,1201,2012,2093,2088,2113,2134,2093,1765,1200,2128,2089,2081,2152,2076,2100,1898,1117,2031,2110,2114,2036,2060,1914,1943,1165,2103,2121,2097,2072,1965,1967,1280,1109,1958,2048,2064,1984,1940,1406,1081,5,5,5,255,5,255,5,5,5,5,255,255,10,255,5,5,5,255,5,5,5,5,5,255,9,5,5,5,5,5,5,5,5,5,5,5,5,255,255,255,5,255,5,255,5,10,5,5,5,255,5,5,255,5,255,4,5,255,5,255,5,10,10,4
1780877859.823023,155,18053026,850,2090,2060,2064,2058,2109,1236,999,1069,1326,2052,2060,2042,2105,1432,1157,1200,2037,2089,2086,2100,2092,2027,1663,1194,2015,2099,2099,2099,2089,2070,1884,1166,2087,2112,2093,2111,2121,2045,1894,1193,2031,2085,2114,2065,2060,1410,1163,1164,2061,2106,2120,2126,1926,1314,1087,1157,1958,2079,2077,1963,1096,1216,1027,5,5,255,255,5,10,5,5,5,5,10,10,255,10,5,5,5,10,5,5,5,5,5,10,5,5,5,5,5,5,5,5,5,5,5,5,5,10,10,10,5,255,5,255,5,255,4,4,5,10,5,5,10,5,10,5,5,255,5,10,5,4,5,5
1780877859.924744,156,18153026,847,2029,2074,2091,2079,2055,1330,983,1055,1331,2052,2060,2096,2105,1420,1132,1195,2037,2057,2094,2073,2077,2045,1634,1198,2115,2080,2100,2100,2100,2069,1842,1198,2104,2112,2080,2075,2121,1294,1951,1185,2031,2078,2096,2088,2051,1215,934,1157,2061,2113,2083,1070,1950,985,790,1105,1779,2079,2077,1994,983,893,650,5,5,10,10,5,5,9,5,5,5,255,255,10,255,5,5,5,255,5,5,5,5,5,5,5,5,5,5,5,5,5,5,5,5,255,5,5,255,4,5,5,255,5,10,5,10,5,4,5,255,5,5,4,5,4,4,5,10,255,255,5,5,4,4
1780877860.024086,157,18253026,859,2083,2096,2086,2125,2060,1285,993,1066,1288,2110,2060,2096,2053,1427,1104,1192,1533,2108,2096,2073,2107,2073,1748,1192,2019,2074,2087,2087,1276,2078,1904,1193,2059,2107,2071,2005,1308,926,737,1160,1916,2117,1060,2116,884,828,365,1112,2016,2083,2100,900,789,598,382,1132,1779,2031,2047,836,645,627,339,5,5,5,5,5,5,5,5,9,5,10,255,255,10,5,5,5,10,5,5,255,5,5,5,5,5,5,5,5,4,5,5,5,5,10,5,5,10,4,4,9,10,5,4,5,4,4,4,5,10,5,5,5,4,4,4,5,255,10,10,4,4,4,4
1780877860.123735,158,18353027,845,2046,2095,2088,2125,2040,1228,968,1070,1231,2089,2060,2096,393,1427,358,1221,1533,2101,1071,426,401,362,356,1170,2032,2114,2115,2076,413,363,358,1217,2027,2134,981,983,546,364,339,1194,1916,2102,705,675,618,374,398,1138,2016,2116,2081,671,629,1949,382,1110,1779,2031,2047,836,1937,627,339,5,5,5,5,255,5,5,5,5,5,5,255,255,4,255,4,5,255,5,4,10,4,4,4,5,5,5,5,5,4,4,4,5,5,5,5,5,4,4,4,5,255,5,4,4,5,4,5,5,255,5,5,4,5,4,255,5,255,255,255,255,5,255,255
1780877860.224340,159,18453026,835,1049,2071,453,426,381,427,933,1067,1292,2047,637,536,605,431,680,1166,1982,677,649,622,616,641,665,1231,1953,2099,684,645,729,669,1866,1209,2018,2078,2083,1585,685,364,339,1186,2045,2074,2127,1567,2067,374,1919,1169,2016,2153,2118,671,1998,1957,1939,1121,1779,2044,2070,1962,1963,627,2066,5,4,5,4,10,4,4,5,5,5,5,10,10,4,10,4,5,10,4,4,5,4,4,4,5,5,5,4,4,4,4,4,5,5,5,4,4,255,255,255,5,10,5,5,4,4,255,5,5,255,5,5,255,4,5,10,5,255,10,10,10,5,255,10
1780877860.325238,160,18553026,847,649,626,609,630,646,1255,1002,1087,760,658,730,661,937,431,1101,1178,2069,2098,922,895,1027,2058,1703,1227,1966,2098,2082,2111,2068,2084,1803,1167,2017,2096,2076,2114,2061,364,339,1205,2045,2074,2067,2109,2084,1999,1941,1150,2016,2083,2083,2105,1995,1940,1965,1154,1779,2063,2020,2104,1957,627,2066,5,4,4,5,4,4,4,5,5,4,4,5,5,4,255,4,5,5,4,4,4,4,4,5,5,5,5,4,4,4,4,5,5,5,5,5,4,4,255,255,5,255,255,5,4,5,10,5,5,255,5,5,10,5,5,5,5,255,5,5,5,5,255,255
1780877860.424021,161,18653026,846,849,820,847,1105,646,1305,966,1090,1296,1038,730,1213,2030,1420,1122,1201,2009,2059,2078,2123,2070,2037,1650,1210,1967,2064,2092,2093,2097,2114,1890,1194,2055,2061,2083,2113,2111,364,1940,1166,2045,2125,2067,2099,2087,1954,1961,1145,2039,2104,2092,2072,1986,1932,1934,1113,1541,2068,2024,1974,1982,627,2066,5,4,5,4,4,255,5,5,5,4,4,255,4,4,10,5,5,5,5,4,4,4,5,5,5,9,5,5,5,5,5,5,9,5,5,5,5,5,255,10,5,255,10,255,5,5,5,5,5,10,5,5,5,255,5,5,5,10,5,5,5,5,255,255
1780877860.522306,162,18753027,842,2074,2115,1467,1452,646,1329,1017,1088,1372,2057,730,1593,2103,1407,1107,1173,2009,2058,2094,2028,2069,2063,1625,1182,2021,2079,2079,2098,2091,2119,1890,1172,2064,2061,2094,2101,2111,364,1861,1169,1982,2101,2160,2071,2153,1976,1943,1141,2039,2096,2091,2082,1987,1932,1934,1145,1541,2068,2024,1935,1981,627,2066,5,4,4,4,4,255,5,5,5,5,5,255,4,5,5,5,5,255,5,5,5,5,5,5,5,5,5,5,5,5,5,255,5,5,255,5,5,255,255,5,5,10,5,10,5,5,5,5,5,255,5,5,5,5,255,255,5,255,255,255,5,5,255,255
1780877860.623213,163,18853026,836,2075,2111,1699,2074,1959,1322,973,1082,1371,2039,730,1593,2051,1430,1099,1168,1987,2071,2075,2122,2125,2066,1680,1200,2057,2081,2086,2089,2098,2109,1890,1185,2080,2094,2091,2091,2089,2078,1913,1166,2039,2073,2069,2116,2077,1969,1935,1098,2039,2096,2098,2121,2009,1976,1960,1117,1541,2041,2016,1956,1918,1967,2066,5,5,5,4,4,10,5,5,5,5,5,255,255,5,5,5,5,10,5,5,5,5,5,5,5,5,5,5,5,5,5,255,5,5,10,5,5,10,10,5,5,5,5,5,5,5,5,5,5,255,5,5,5,5,10,10,5,255,10,10,5,5,10,255
1780877860.723130,164,18953027,843,2075,2071,1699,2092,2030,1234,995,1119,1290,2068,730,1593,2058,1356,1099,1238,1987,2075,2094,2171,2097,2109,1680,1211,2025,2080,2083,2093,2108,2113,1876,1204,2060,2094,2096,2096,2089,2078,1850,1139,1946,2104,2069,2139,2061,1958,1953,1118,2039,2093,2112,2080,1992,1931,1960,1117,1541,2041,2041,2046,1925,1967,2066,5,255,5,255,5,5,5,5,5,5,5,255,255,5,5,5,5,255,5,5,5,5,5,255,5,5,5,5,5,5,5,10,5,5,255,5,5,255,255,5,5,5,5,255,5,5,5,5,5,255,5,5,5,5,5,255,5,255,255,5,5,5,255,255
1780877860.823693,165,19053026,843,2092,2024,2058,2089,2084,1323,973,1080,1191,2043,2095,1593,2058,1442,1118,1186,1987,2076,2077,2070,2094,2085,1683,1198,2038,2096,2090,2104,2120,2065,1838,1206,2043,2069,2087,2108,2106,2072,1938,1226,1946,2075,2134,2108,2103,1958,1953,1139,2039,2070,2120,2086,2022,1955,1950,1118,1541,2059,2019,1991,1907,1965,2066,5,10,5,10,5,5,9,5,5,5,5,10,255,255,5,5,5,255,5,5,5,5,5,10,5,5,5,5,5,5,5,5,5,5,10,5,5,10,10,5,5,255,5,10,5,5,5,5,5,255,5,5,5,5,5,10,5,255,10,5,5,5,10,255
1780877860.922354,166,19153026,846,1039,2062,2064,2070,2061,1265,1002,1048,1241,2115,2087,2061,2041,1411,1131,1190,1987,2092,2059,2073,2101,2078,1674,1193,2074,2093,2084,2104,2115,2103,1815,1203,1902,2078,2094,2090,2101,2072,1938,1199,1946,2097,2083,2095,2053,1958,1955,1135,2039,2077,2101,2086,1978,1977,1950,1110,1541,2079,2025,2003,1927,1965,2066,5,5,5,5,5,5,5,5,5,5,5,5,10,10,5,5,5,255,5,5,5,5,5,5,5,5,5,5,5,5,5,5,5,5,5,5,5,5,255,255,5,255,5,5,5,5,255,5,5,255,5,5,255,5,5,255,5,255,5,5,5,5,255,255
1780877861.023312,167,19253026,837,2074,2062,2093,2087,2037,1273,980,1056,1344,2098,2087,2094,2041,1377,1098,1214,2015,2094,2084,2093,2065,2084,1652,1197,2046,2091,2077,2075,2115,2096,1889,1192,2040,2038,2095,2085,2081,2057,1938,1219,1905,2100,2106,2108,2060,1947,1964,1150,2039,2096,2101,2107,2026,1931,1950,1134,1541,2072,2035,1990,1966,1965,2066,5,4,255,5,5,5,9,5,5,5,5,255,5,255,5,5,5,10,5,5,5,255,5,5,5,9,5,5,5,255,5,5,5,5,5,5,5,5,10,255,5,10,5,5,5,5,10,5,5,255,5,5,10,5,5,255,5,255,5,5,5,5,255,255
1780877861.123372,168,19353027,843,2060,2129,2050,2097,2069,1269,1002,1086,1314,2070,2087,2094,2041,1451,1095,1202,1981,2081,2052,2141,2087,2075,1663,1209,2083,2101,2087,2086,2094,2097,1889,1199,2035,2134,2084,2092,2099,2057,1968,1176,1986,2100,2088,2066,2060,1915,1964,1160,2039,2073,2101,2094,2013,1912,1950,1138,1541,2047,1975,2000,1966,1965,2066,5,5,10,5,5,5,5,5,5,5,5,255,255,255,5,5,5,5,5,5,5,5,5,5,5,5,5,5,5,10,5,255,9,5,5,5,5,5,255,10,5,5,255,5,5,255,5,255,5,255,5,255,5,5,5,255,5,255,5,5,5,255,255,255
1780877861.222463,169,19453026,836,2060,2094,2065,2094,2040,1272,984,1101,1200,2073,2073,2054,2034,1447,1106,1174,1981,2033,2064,2089,2130,2038,1663,1195,2116,2075,2089,2091,2104,2068,1876,1211,1986,2089,2090,2082,2135,2069,1856,1196,1986,2102,2155,2071,2113,1915,1897,1145,2039,2067,2109,2094,1987,1967,1990,1122,1541,2083,1975,2056,1934,1983,2066,5,5,5,5,5,5,5,5,5,5,5,10,10,10,5,5,5,255,5,5,5,5,5,255,5,5,5,5,5,5,5,10,5,5,5,5,5,5,10,5,5,255,10,5,5,10,255,10,5,255,5,10,255,5,5,10,5,255,5,255,5,10,10,255
1780877861.323933,170,19553027,858,2060,2079,2084,2083,2040,1255,996,1067,1292,2073,2073,2051,2087,1384,1117,1153,2054,2065,2055,2106,2086,2057,1663,1206,2074,2097,2082,2101,2087,2088,1940,1184,2037,2070,2080,2131,2135,2069,1984,1171,1986,2102,2118,2085,2106,1915,1978,1165,2039,2128,2104,2104,1962,1981,1990,1142,1541,2030,1975,1977,1996,1983,2066,5,255,5,5,5,255,9,5,5,5,255,255,5,5,5,5,5,10,5,5,5,5,5,255,5,5,5,5,5,5,5,5,5,5,5,5,5,255,255,5,5,255,255,5,5,5,255,5,5,255,5,5,10,5,5,255,5,255,5,255,5,5,255,255
1780877861.423140,171,19653026,840,2043,2072,2077,2076,2083,1257,981,1072,1275,2093,2057,2051,2071,1449,1109,1191,2054,2092,2057,2110,2095,2069,1663,1199,2053,2094,2090,2092,2118,2059,1940,1167,2065,2054,2088,2086,2108,2076,1867,1176,1478,2089,2103,2178,2083,1958,1959,1150,2039,2095,2111,2104,1975,1915,1956,1136,1541,2049,2034,2025,2028,1983,2066,5,10,5,5,5,10,5,5,5,5,10,10,255,5,5,5,5,255,5,5,5,5,5,255,5,5,5,5,5,5,5,255,5,5,5,5,5,10,10,5,5,10,10,5,4,5,10,5,5,255,5,5,255,5,5,10,5,255,5,10,5,5,255,255
1780877861.523082,172,19753027,835,2043,2106,2077,2076,2101,1213,990,1045,1321,2079,2071,2051,2071,1450,1126,1208,2054,2071,2088,2101,2126,2116,1663,1161,2056,2078,2085,2086,2095,2113,1862,1191,2008,2090,2071,2084,2091,2076,1867,1144,1478,2080,2124,2071,2083,1958,1937,1143,2039,2078,2097,2116,2008,1944,1956,1123,1541,2067,2064,1999,1900,1983,2066,5,255,5,255,255,5,5,5,5,5,5,5,255,255,5,5,5,255,5,5,5,5,5,255,5,5,5,5,5,5,5,10,5,5,5,5,5,5,255,255,5,255,5,5,5,255,255,5,5,255,5,5,10,5,5,255,5,255,5,5,5,5,255,255
1780877861.624415,173,19853026,844,1094,2070,2083,2102,2077,1283,996,1076,1350,2078,2071,2051,2065,1398,1095,1170,1935,2106,2070,2088,2114,2022,1663,1201,2047,2101,2094,2094,2112,2063,1862,1201,2045,2118,2106,2110,2104,2076,1919,1190,2006,2081,2130,2138,2032,1990,1923,1152,2039,2042,2108,2116,2041,1961,1947,1113,1541,2003,2064,2031,1926,1983,2066,5,10,5,10,10,5,5,5,5,5,5,255,255,10,5,5,5,10,5,5,5,5,5,255,5,5,5,5,5,5,5,255,5,5,5,5,5,5,255,10,5,10,5,5,5,10,10,5,5,255,5,5,255,5,5,10,5,255,5,255,5,5,255,255
1780877861.724683,174,19953027,837,1020,2063,2083,2102,2077,1239,997,1086,1220,2043,2071,2051,2067,1425,1127,1175,1640,2067,2080,2088,2099,2073,1634,1156,2047,2094,2092,2095,2103,2110,1862,1215,2104,2087,2089,2106,2055,2076,1906,1171,2006,2081,2130,2101,2012,1975,1943,1146,2049,2067,2103,2116,1998,1971,1947,1112,1895,1982,2064,1988,1911,1983,2066,5,5,5,255,255,255,5,5,5,5,5,255,255,5,5,5,5,4,5,5,255,5,5,10,5,255,5,5,5,5,5,255,5,5,5,5,5,5,255,5,5,255,255,5,5,5,5,5,5,10,5,5,255,5,5,255,5,10,5,255,5,5,255,255
1780877861.822606,175,20053026,847,1020,2036,2083,2066,2093,1257,986,1063,1290,2058,2071,2109,2067,1430,1155,1181,2004,2067,2061,2112,2121,2054,1660,1184,2040,2088,2091,2075,2125,2091,1925,1201,2060,2058,2087,2109,2158,2046,1906,1138,2006,2112,2073,2119,2088,1929,1929,1171,2044,2080,2086,2116,1976,1911,1962,1083,2068,1982,2080,2014,1911,1975,2066,5,255,5,255,10,10,5,5,5,5,5,10,10,255,5,5,5,4,5,5,10,5,5,5,5,10,5,5,5,5,5,10,9,5,5,5,5,5,10,255,5,255,10,5,5,5,5,5,5,5,5,5,255,5,5,10,5,5,255,10,5,255,10,255
1780877861.933868,176,20163027,838,1020,2104,2083,2060,2075,1293,985,1065,1205,2082,2071,2109,2055,1457,1138,1215,2023,2029,2085,2096,2081,2037,1801,1200,2090,2088,2080,2112,2100,2092,1889,1202,2010,2088,2078,2129,2096,2046,1932,1201,2006,2125,2115,2149,2082,1975,1969,1186,2044,2150,2107,2116,1987,1954,1962,1143,2068,1982,2060,2002,1911,1925,2066,5,255,5,255,5,5,5,5,5,5,5,255,255,10,5,5,5,5,5,5,5,5,5,5,5,5,5,5,5,5,5,5,5,5,5,5,5,5,255,10,5,255,5,5,5,5,5,5,5,255,5,5,255,5,5,255,5,255,255,5,5,255,5,255
1780877862.033545,177,20263027,826,2051,2107,2083,2077,1952,1235,996,1111,1215,2052,2079,2128,2055,1398,1108,1181,2079,2055,2117,2072,2082,2027,1642,1194,2088,2078,2095,2078,2104,2091,1877,1203,2047,2121,2089,2075,2073,2046,1898,1188,2006,2098,2115,2114,2032,1975,1946,1135,2044,2071,2105,2116,2033,1936,1933,1139,2068,1982,2060,1954,1911,1925,2045,5,10,5,255,5,5,5,5,5,5,5,10,10,255,5,5,5,5,5,5,5,5,5,5,5,5,5,5,5,5,5,5,5,5,5,5,5,5,255,5,5,255,5,255,5,5,255,255,5,255,5,5,10,5,5,10,5,255,255,255,5,255,255,10
1780877862.135125,178,20363026,832,1077,2090,2083,2077,1952,1304,994,1077,1238,2092,2096,2128,2066,1373,1144,1200,2024,2072,2078,2089,2082,2088,1642,1153,2049,2092,2078,2071,2127,2065,1863,1188,2055,2117,2108,2100,2115,2046,1989,1187,2006,2097,2033,2110,2150,2014,1926,1122,2044,2092,2092,2130,1994,1942,1932,1137,2068,2080,2057,1960,1911,1925,1991,5,5,5,255,255,255,5,5,5,5,5,5,255,10,5,5,9,5,5,5,5,5,5,255,5,5,5,5,5,5,5,9,5,5,5,5,5,5,255,5,5,255,5,10,5,5,10,5,5,255,5,5,5,5,5,5,5,255,10,10,5,255,255,5
1780877862.234145,179,20463026,826,1028,2094,2046,2069,2010,1315,979,1089,1322,2092,2100,2112,2046,1402,1121,1168,2082,2070,2085,2104,2068,2048,1740,1214,2006,2077,2086,2075,2080,2099,1806,1172,2032,2117,2087,2131,2095,2046,1989,1185,2006,2100,2120,2110,2077,1950,1954,1160,2030,2099,2108,2125,1972,1941,1965,1102,1503,2046,2057,1970,1911,1925,1991,5,255,5,10,10,10,5,5,5,5,255,5,10,5,5,5,5,5,5,5,5,5,5,10,5,9,5,5,5,5,5,5,5,5,255,5,5,5,255,255,5,255,5,5,5,5,5,5,5,10,5,5,5,5,5,5,5,10,5,255,5,255,255,255
1780877862.333672,180,20563026,822,2078,2048,2088,2069,2010,1334,1007,1056,1263,2085,2073,2112,2073,1449,1105,1181,1935,2058,2083,2121,2116,2060,1740,1242,2095,2098,2083,2102,2133,2082,1897,1181,2104,2066,2102,2081,2108,2046,1924,1165,2006,2100,2114,2110,2029,1935,1935,1137,2030,2074,2080,2125,1958,1933,1977,1130,1503,2044,2057,2067,1972,1925,1991,5,4,5,5,5,255,5,5,5,5,10,5,255,5,5,5,5,3,5,5,5,5,5,255,5,5,5,5,5,5,5,5,5,5,10,5,5,5,255,10,5,255,255,5,5,5,5,5,5,255,5,5,255,5,5,5,5,255,5,255,5,10,255,255
1780877862.433607,181,20663026,855,2078,2071,2059,2064,2047,1473,995,1092,1257,2020,2073,2112,2073,1417,1132,1201,1987,2039,2070,2068,2099,2072,1732,1172,2053,2093,2093,2062,2096,2093,1903,1216,2038,2097,2101,2116,2081,2046,1916,1142,2006,2092,2155,2113,2090,1981,1934,1144,2030,2119,2101,2095,2009,1957,1977,1110,1503,2019,2057,2040,1972,1925,1991,5,5,5,5,5,10,5,5,5,5,5,255,255,255,5,5,5,5,5,5,5,5,5,10,5,5,5,5,5,5,5,5,5,5,5,5,5,5,255,5,5,255,10,5,5,5,5,5,5,255,5,5,10,5,5,5,5,255,5,255,5,255,255,255
1780877862.533446,182,20763026,830,2053,2102,2059,2081,2022,1258,989,1077,1233,2035,2073,2050,2055,1426,1139,1209,1987,2110,2071,2075,2084,2067,1741,1178,2079,2079,2081,2065,2126,2117,1794,1209,2064,2097,2108,2121,2081,2046,1916,1192,2006,2088,2081,2073,2112,1916,1974,1160,2030,2117,2083,2097,2028,1928,1940,1122,1738,2081,2057,2009,1923,1925,1991,5,5,5,255,5,5,5,5,5,5,5,255,10,10,5,5,5,255,5,5,5,5,5,5,9,5,5,5,5,5,5,5,5,5,255,5,5,5,255,255,5,255,5,5,5,5,5,5,5,255,5,5,5,5,5,5,5,10,5,255,5,10,255,255
1780877862.633617,183,20863026,838,2053,2102,2066,2060,2091,1267,988,1078,1224,2035,2047,2075,2055,1433,1118,1178,1916,2073,2079,2091,2049,2017,1741,1161,2027,2097,2086,2096,2107,2114,1886,1191,2009,2097,2111,2080,2081,2046,1869,1200,2006,2086,2109,2103,2126,1982,1913,1180,2030,2062,2106,2129,2006,1959,1984,1112,1738,2057,2006,1999,1996,1950,1991,5,255,255,10,5,5,5,5,5,5,255,10,5,255,5,5,5,10,5,5,5,5,5,255,5,5,5,5,5,5,5,5,5,5,255,5,5,255,255,10,9,255,5,5,5,5,5,5,5,255,5,5,5,5,5,5,5,255,5,10,5,5,10,255
1780877862.735181,184,20963027,832,2053,2102,2091,2048,2039,1280,1004,1077,1397,2078,2064,2075,2055,1480,1097,1198,2032,2069,2088,2061,2095,2042,1741,1185,2035,2079,2090,2088,2100,2074,1827,1222,2055,2112,2087,2113,2112,2046,1869,1146,2006,2101,2109,2113,2122,1996,1928,1157,2030,2085,2112,2076,2006,1960,1943,1070,1738,2056,2069,2035,1911,1950,1991,5,255,255,5,5,5,5,5,5,5,10,5,255,255,5,5,5,5,5,5,5,5,5,255,5,5,5,5,5,5,5,5,5,5,10,5,5,10,255,255,5,255,5,255,5,5,5,5,5,255,5,5,5,255,5,5,5,255,5,5,5,5,255,255
1780877862.833749,185,21063026,855,2005,2093,2063,2092,2039,1269,994,1075,1338,2044,2064,2049,2063,1517,1098,1164,1992,2072,2070,2094,2120,2111,1741,1206,2061,2095,2089,2086,2096,2100,1861,1184,2017,2097,2114,2103,2105,2090,1901,1203,2099,2102,2092,2079,2101,1938,1903,1141,2030,2126,2117,2090,2015,1980,1947,1113,1738,2070,2073,1947,1986,1950,1991,5,10,10,5,5,255,5,5,5,5,5,255,10,10,5,5,5,5,5,5,5,5,5,255,9,5,5,5,5,5,5,5,5,5,5,5,5,5,10,10,5,10,5,10,5,5,5,5,5,255,5,5,5,10,5,5,5,255,5,5,5,5,255,255
1780877862.934232,186,21163027,835,2005,2107,2063,2058,2135,1288,999,1075,1257,2038,2074,2103,2063,1440,1113,1189,1992,2067,2103,2098,2065,2111,1649,1220,2065,2083,2099,2076,2089,2093,1776,1146,2016,2097,2099,2085,2105,2090,1901,1203,2099,2069,2120,2041,2058,1970,1932,1148,2030,2085,2117,2090,1955,1949,1947,1110,1738,2060,2061,1989,1986,1950,1991,5,255,5,255,5,10,9,5,5,5,5,10,5,255,5,5,5,255,5,5,5,5,255,10,5,5,5,5,5,5,5,3,5,5,255,5,5,255,255,255,5,255,5,5,5,5,5,5,5,255,5,5,255,5,5,255,5,255,5,5,5,255,255,255
1780877863.034011,187,21263027,852,2005,2107,2074,2101,1989,1257,999,1056,1260,2038,2071,2080,2065,1443,1111,1193,1992,2071,2076,2116,2075,2079,1649,1181,2022,2074,2094,2095,2121,2108,1879,1208,2112,2091,2072,2090,2097,2059,1904,1181,2099,2100,2070,2073,2085,1939,1899,1125,2030,2100,2111,2090,2021,1949,1950,1153,1738,2037,2061,1989,1913,1950,1991,5,255,255,10,5,5,5,5,5,9,255,5,5,10,5,5,5,255,5,5,5,5,10,255,5,5,5,5,5,5,5,5,5,5,10,5,5,10,10,10,5,255,5,5,5,255,5,5,5,255,5,5,255,5,255,10,5,255,5,255,5,10,255,255
1780877863.134366,188,21363027,829,1032,2064,2074,2086,2057,1240,1033,1083,1269,2071,2071,2080,2025,1416,1109,1176,1992,2072,2078,2101,2098,2075,1735,1180,2027,2104,2100,2094,2136,2105,1885,1158,2033,2091,2067,2077,2097,2059,1938,1175,2066,2082,2102,2105,2087,1939,1898,1147,2030,2110,2120,2097,2006,1955,1950,1099,1738,2037,2061,2016,1934,1950,1991,5,10,10,255,5,5,9,5,5,5,10,255,255,5,5,5,5,255,5,5,5,5,5,10,5,5,5,5,5,5,5,5,5,5,255,5,5,255,255,5,5,10,5,5,5,5,255,5,5,255,5,5,10,5,10,255,5,255,255,255,5,5,255,255
1780877863.233657,189,21463026,837,2070,2054,2082,2104,2034,1332,978,1053,1214,2071,2071,2160,2079,1419,1123,1177,2007,2119,2130,2118,2075,2114,1628,1205,2016,2081,2092,2098,2069,2128,1850,1193,2043,2123,2079,2119,2097,2078,1924,1183,2066,2105,2085,2097,2104,1875,1918,1180,2030,2110,2121,2097,1978,1958,1957,1081,1738,2067,2030,2016,1942,1980,1991,5,4,5,10,5,5,9,5,5,5,255,255,10,5,5,5,5,10,5,5,5,5,5,5,5,5,5,5,5,5,5,5,5,5,10,5,5,255,10,5,5,255,5,5,5,5,10,5,5,255,5,5,255,5,5,10,5,255,10,10,255,5,10,255
1780877863.334602,190,21563026,827,1033,2057,2060,2104,2108,1233,994,1077,1271,2046,2095,2160,2089,1478,1112,1217,2017,2069,2082,2099,2055,2027,1687,1176,1991,2097,2084,2085,2136,2114,1864,1219,2104,2129,2089,2068,2092,2078,1848,1173,2013,2106,2122,2110,2126,1966,1884,1168,2030,2094,2130,2097,1975,1960,1934,1115,1738,2026,2092,1994,1942,1980,1991,5,5,5,5,255,5,5,5,5,5,10,10,255,5,5,5,5,5,5,5,5,5,5,5,9,5,5,5,5,5,5,5,5,5,5,5,5,10,255,5,5,10,5,5,5,5,5,255,5,255,5,5,255,5,5,5,5,255,5,5,10,255,255,255
1780877863.433511,191,21663026,843,1054,2102,2085,2100,2063,1232,968,1093,1281,2017,2092,2054,2062,1427,1104,1212,1994,2067,2103,2103,2062,2081,1712,1154,1964,2078,2085,2111,2121,2083,1928,1183,2024,2105,2101,2099,2106,2078,1908,1181,2013,2102,2063,2111,2100,1992,1940,1157,2030,2082,2108,2097,1991,1941,1945,1120,1738,2045,1996,1993,1962,1980,1991,5,255,5,5,10,5,5,5,5,5,5,5,10,5,5,5,5,5,5,5,5,5,5,5,5,5,5,5,5,5,5,5,5,5,5,5,5,5,255,5,5,255,5,5,5,5,5,5,5,255,5,5,255,5,5,5,5,255,5,5,5,10,255,255
1780877863.535457,192,21763027,834,1023,2084,2067,2100,2040,1302,998,1066,1302,2144,2092,2050,2062,1419,1102,1189,1994,2067,2092,2073,2080,2034,1679,1191,2018,2054,2083,2077,2099,2094,1902,1187,2073,2040,2097,2079,2106,2078,1908,1153,2013,2102,2063,2092,2061,1957,1928,1167,1980,2089,2088,2097,1999,1966,1939,1141,1738,2064,2091,2003,1962,1980,1991,5,5,5,5,255,5,5,5,5,5,5,255,5,255,5,5,5,255,255,5,5,5,5,5,5,5,5,5,5,5,5,5,5,5,5,5,5,255,255,255,5,255,255,255,5,5,5,5,5,10,5,5,255,5,5,5,5,255,5,5,5,255,255,255
1780877863.631754,193,21863026,837,1045,2084,2085,2096,2071,1271,988,1061,1265,2048,2105,2050,2062,1404,1113,1182,2041,2065,2102,2073,2119,2068,1603,1203,1996,2083,2104,2080,2108,2088,1873,1221,2048,2088,2064,2103,2107,2041,1948,1206,2013,2102,2081,2085,2092,1957,1948,1124,1980,2115,2128,2100,2029,1958,1984,1128,1627,2014,2112,2003,1939,1980,1991,5,5,255,5,10,5,5,5,5,5,5,10,255,255,5,5,5,10,10,5,5,5,5,5,5,5,5,5,5,5,5,5,5,5,5,5,5,10,10,10,5,255,10,10,5,5,255,5,5,255,5,5,10,5,5,5,5,10,5,5,5,10,255,255
1780877863.733474,194,21963027,844,1071,2043,2070,2096,2071,1320,971,1069,1265,2048,2105,2057,2029,1422,1114,1192,2041,2097,2104,2077,2068,2087,1688,1235,2058,2106,2082,2089,2103,2099,1873,1237,1955,2115,2087,2122,2165,2041,1885,1169,2049,2132,2081,2102,2052,1986,1940,1169,2053,2116,2106,2100,2024,1946,1984,1114,1627,2045,2112,1994,1939,1972,1991,5,5,10,5,255,255,5,5,5,255,255,255,10,10,5,5,5,255,5,5,5,5,5,5,5,5,5,5,5,5,5,255,5,5,5,5,5,5,255,5,9,10,5,255,5,5,10,5,5,10,5,5,255,5,5,255,5,255,5,255,5,255,10,255
1780877863.834612,195,22063026,831,1071,2056,2070,2064,2057,1303,998,1065,1283,2043,2105,2091,2031,1410,1097,1179,1880,2040,2066,2079,2091,2046,1688,1181,2077,2074,2082,2073,2061,2072,1873,1192,2016,2065,2057,2115,2115,2048,1856,1228,2034,2082,2146,2066,2094,1982,1984,1130,2053,2108,2095,2111,2004,1970,1972,1132,1627,2007,2112,1977,1954,1972,1991,5,255,5,255,10,10,5,5,5,10,10,255,5,5,5,5,5,10,5,5,5,5,5,255,5,255,5,5,5,5,5,255,5,9,5,5,5,5,10,5,9,5,5,10,5,5,5,5,5,255,5,5,10,5,5,10,5,255,5,255,5,10,255,255
1780877863.932831,196,22163027,833,1045,2056,2070,2064,2046,1329,999,1060,1336,2064,2105,2052,2090,1467,1090,1180,1880,2101,2099,2107,2083,2069,1708,1252,2066,2088,2086,2092,2108,2116,1882,1192,2016,2120,2105,2111,2133,2048,1937,1180,2034,2105,2109,2151,2148,1982,2002,1135,2037,2091,2068,2094,2015,1990,1972,1108,1627,2100,2112,1997,1950,1972,1991,5,10,255,255,255,5,9,5,5,5,5,255,5,5,5,5,5,255,5,5,5,5,5,10,5,5,5,5,5,5,5,10,5,255,5,5,5,5,255,5,5,255,5,5,5,5,255,5,5,10,5,5,5,5,5,255,5,255,5,255,5,5,255,255
1780877864.034021,197,22263026,866,2071,2067,2094,2055,1969,1276,982,1054,1283,2084,2096,2052,2083,1482,1098,1181,2046,2102,2072,2081,2075,2058,1760,1216,2079,2085,2093,2109,2090,2061,1978,1179,2031,2107,2097,2099,2143,2048,1962,1179,2034,2102,2131,2100,2116,1944,1895,1129,2037,2119,2084,2094,2004,1952,2013,1139,1627,2051,2025,2004,1928,1972,1991,5,4,10,10,10,5,5,5,5,5,5,10,255,5,5,5,5,10,5,5,5,5,5,5,5,5,5,5,5,5,5,5,5,10,5,5,5,5,255,5,5,255,5,5,5,5,10,5,5,255,5,5,255,5,5,10,5,255,5,10,5,5,255,255
1780877864.133848,198,22363026,830,2071,2081,2067,2093,2010,1277,998,1074,1369,1988,2077,2060,2085,1414,1111,1204,2046,2077,2058,2106,2059,2062,1620,1199,2065,2101,2078,2110,2090,2069,1754,1153,2063,2073,2093,2097,2060,2041,1836,1196,2036,2095,2131,2134,2103,1944,1931,1118,2037,2055,2104,2094,1914,1978,2013,1114,1627,2086,2025,2043,1941,1941,1991,5,255,5,5,5,5,5,5,5,5,5,5,10,5,5,5,5,255,5,5,5,5,5,5,5,5,5,5,5,5,5,4,5,5,5,5,5,5,10,5,5,10,5,255,5,5,255,5,5,255,5,5,255,5,5,255,5,255,5,255,5,5,10,255
1780877864.234981,199,22463026,841,2096,2087,2059,2123,2021,1268,999,1082,1324,2022,2084,2102,2036,1382,1107,1172,2019,2084,2106,2071,2099,2103,1662,1177,1978,2064,2071,2093,2134,2076,1903,1194,2052,2054,2100,2122,2060,2029,2012,1175,1987,2100,2116,2079,2049,1944,1952,1105,2048,2078,2062,2094,2018,1967,1934,1120,1627,2058,2061,1979,1941,1941,1991,5,10,5,5,5,5,5,5,5,5,5,5,5,5,5,5,5,10,5,5,5,5,5,5,5,5,5,5,5,5,5,5,5,5,5,5,5,255,5,5,5,5,5,10,5,5,255,5,5,10,5,5,255,5,5,10,5,255,5,10,5,255,255,255
1780877864.335377,200,22563026,849,1000,2079,2059,2082,2085,1251,987,1061,1256,2073,2101,2033,2056,1476,1095,1203,2019,2073,2104,2083,2128,2068,1703,1216,2079,2075,2090,2096,2089,2082,1881,1194,2035,2132,2093,2098,2080,2049,1925,1179,1987,2089,2116,2115,2108,1922,1995,1159,2043,2095,2073,2094,1990,1962,1934,1098,1522,2058,2061,2009,1910,1941,1991,5,4,5,255,5,5,5,5,5,5,5,5,5,5,5,5,5,255,5,5,5,5,5,5,5,5,5,5,5,5,5,5,5,5,5,5,5,10,5,5,5,255,5,255,5,5,10,5,5,5,5,5,255,5,5,255,5,10,255,255,5,10,255,255
1780877864.433535,201,22663026,841,1047,2084,2076,2100,2091,1286,982,1059,1207,2043,2101,2110,2057,1353,1144,1188,2027,2077,2088,2094,2095,2042,1681,1162,2008,2069,2077,2095,2067,2059,1912,1189,2106,2095,2089,2109,2131,2049,1931,1157,2046,2099,2116,2080,2083,1908,1939,1169,2043,2104,2132,2094,1977,1954,1934,1115,1522,2030,2024,2009,1958,1977,1991,5,5,5,10,5,5,9,5,5,5,5,255,5,5,5,9,5,10,5,5,5,5,5,5,5,5,5,5,5,5,5,5,5,4,5,5,5,5,255,5,5,10,5,255,5,5,5,5,5,255,5,5,255,5,5,255,5,255,10,10,255,5,10,255
1780877864.543996,202,22773027,844,1047,2073,2076,2062,2091,1232,971,1082,1261,2043,2088,2104,2048,1442,1156,1191,1999,2100,2092,2108,2125,2057,1673,1170,2057,2101,2082,2083,2119,2095,1868,1216,2024,2124,2085,2111,2131,2052,1931,1227,2066,2084,2090,2093,2148,1941,1951,1164,2043,2102,2132,2094,1998,1967,1916,1111,1522,2030,2024,2032,1965,1977,1991,5,255,5,255,5,255,5,5,5,5,255,10,5,5,5,5,5,5,5,5,5,5,5,5,5,5,5,5,5,5,5,5,9,5,5,5,5,255,10,255,5,5,5,10,5,5,5,5,5,255,5,255,255,5,5,10,5,255,255,255,10,5,255,255
1780877864.641023,203,22873026,837,2012,2093,2097,2090,2055,1285,992,1064,1305,2024,2088,2050,2126,1383,1110,1183,1966,2113,2096,2114,2058,2018,1661,1174,2057,2092,2086,2084,2109,2079,1839,1194,2088,2088,2101,2087,2097,2052,1914,1196,2066,2105,2118,2101,2071,1954,1943,1160,2036,2092,2103,2098,2000,1959,1950,1137,1951,2071,2024,1977,1965,2015,1991,5,10,5,10,5,10,5,5,5,5,10,255,5,5,5,5,5,5,5,5,5,5,5,5,5,255,5,5,5,5,5,5,9,5,5,5,5,10,255,10,5,255,5,5,5,5,5,5,5,10,5,10,10,5,5,5,5,10,10,255,5,255,10,255
1780877864.745378,204,22973027,827,2084,2072,2097,2088,2058,1305,995,1074,1238,2024,2088,2062,2126,1381,1100,1230,1573,2074,2069,2119,2053,2043,1695,1249,2007,2069,2098,2082,2119,2124,1770,1205,2041,2075,2085,2135,2082,2052,1914,1190,2066,2085,2104,2097,2123,1954,1943,1161,2028,2108,2097,2067,1964,1933,1980,1115,1951,2024,2024,2010,1939,2015,1991,5,5,5,255,5,5,5,5,5,9,255,255,5,255,5,5,5,5,5,5,5,5,5,5,5,10,5,5,5,5,5,5,5,5,5,5,5,5,255,255,5,255,5,5,5,5,255,255,5,5,5,5,5,5,5,5,5,255,5,255,5,10,255,255
1780877864.843628,205,23073026,838,979,2061,2079,2106,2089,1285,994,1082,1359,2087,2066,2062,2126,1408,1104,1190,1968,2042,2057,2081,2107,2112,1612,1194,2057,2072,2079,2096,2106,2100,1860,1228,2036,2046,2108,2083,2098,2044,1926,1211,2046,2117,2070,2090,2109,1940,1934,1130,2028,2117,2123,2113,1987,1972,1955,1124,1810,1998,2097,1981,1940,2015,1991,5,4,5,10,5,5,5,5,5,5,10,10,255,255,5,5,5,4,5,5,5,5,5,5,5,5,5,5,5,5,5,5,5,5,5,5,5,5,10,10,5,10,5,5,5,5,10,10,5,255,5,5,5,5,5,5,5,10,5,10,5,255,255,255
1780877864.943531,206,23173026,840,2074,2062,2086,2106,2089,1303,977,1056,1281,2087,2066,2132,2058,1400,1134,1205,1683,2024,2105,2117,2107,2032,1637,1164,2002,2075,2081,2097,2054,2104,1870,1231,2054,2089,2111,2091,2082,2044,1926,1175,2003,2078,2120,2090,2105,1977,1944,1134,2028,2117,2104,2113,2011,1946,1967,1127,1544,1998,2082,2004,1980,2015,1991,5,4,5,5,255,255,9,5,5,5,255,255,10,10,5,5,5,4,5,5,5,5,5,5,5,4,5,5,5,5,5,5,5,5,5,5,5,5,255,255,5,5,5,5,5,5,5,5,5,255,5,5,255,5,5,5,5,5,255,5,5,255,255,255
1780877865.043316,207,23273026,838,2062,2044,2065,2096,2124,1338,974,1065,1216,2081,2064,2053,2011,1416,1083,1165,2031,2078,2076,2085,2099,2055,1695,1217,2065,2080,2083,2082,2078,2106,1854,1218,1909,2091,2081,2105,2132,2044,1920,1154,2003,2100,2113,2110,2090,1932,1914,1151,2028,2083,2133,2076,2005,1928,1931,1140,1498,2059,2082,1991,2012,2015,1991,5,5,5,5,10,10,5,5,5,5,10,10,5,5,5,5,5,4,5,5,5,5,5,5,9,5,5,5,5,5,5,5,5,9,5,5,5,5,255,10,5,255,5,5,5,5,5,5,5,255,5,5,10,5,5,5,5,5,10,255,5,5,255,255
1780877865.143894,208,23373026,845,2062,2081,2090,2079,2124,1323,999,1056,1317,2010,2070,2123,2033,1459,1098,1187,2043,2096,2100,2079,2099,2077,1652,1216,1978,2078,2086,2099,2103,2129,1854,1179,2008,2066,2070,2103,2115,2063,1916,1163,2003,2100,2161,2083,2097,1944,2009,1149,2028,2087,2081,2076,1990,1965,1953,1127,1865,2057,2082,1991,2006,2015,1991,5,255,5,5,5,255,5,5,5,5,5,5,5,5,5,5,5,5,5,5,5,5,5,5,5,5,5,5,5,5,5,255,5,5,5,5,5,5,10,5,5,255,255,5,5,5,5,5,5,255,5,5,255,5,5,5,5,5,5,255,255,5,255,255
1780877865.244209,209,23473026,841,2062,2060,2057,2052,2003,1310,1005,1057,1250,2070,2075,2071,2033,1441,1133,1170,1868,2088,2077,2094,2104,2039,1743,1180,2065,2107,2084,2083,2106,2093,1790,1155,2036,2087,2087,2106,2115,2038,1872,1163,1975,2109,2114,2131,2082,1922,1941,1154,1981,2071,2103,2076,2013,1925,1965,1091,1865,2010,2028,2067,1982,2005,1991,5,255,5,5,5,10,5,5,9,5,5,5,5,255,5,5,5,5,5,5,5,5,5,5,9,5,5,5,5,5,5,10,5,5,5,5,5,255,5,5,5,10,10,5,5,5,5,5,5,10,5,5,255,5,5,5,5,255,5,10,10,5,10,255
1780877865.342651,210,23573027,841,2062,2084,2057,2052,2029,1315,999,1058,1315,2026,2096,2110,2033,1411,1127,1175,1868,2077,2077,2086,2092,2054,1743,1219,1993,2086,2087,2117,2131,2119,1937,1203,2032,2115,2078,2117,2024,2038,1872,1189,1975,2122,2114,2119,2105,1922,1968,1157,1981,2079,2103,2076,2032,1974,1912,1073,1914,2043,2028,2025,1934,2005,1991,5,255,5,255,255,5,5,5,5,5,5,5,5,255,5,5,5,255,5,5,5,5,5,255,5,5,5,5,5,5,5,5,5,5,5,5,5,10,255,255,5,255,5,255,5,5,255,5,5,255,5,255,255,5,5,5,5,10,5,255,5,5,255,255
1780877865.442156,211,23673026,835,1026,2032,2092,2052,2036,1284,992,1084,1273,1999,2070,2055,2150,1363,1112,1186,2028,2044,2062,2100,2098,2054,1743,1194,1997,2094,2089,2106,2118,2095,1913,1246,2052,2092,2107,2161,2135,2091,1872,1147,2102,2080,2093,2117,2066,1987,1929,1146,1981,2042,2106,2085,1980,1959,1909,1118,1914,2033,2022,1983,1982,2005,1991,5,255,5,10,255,5,5,5,5,5,5,5,5,10,5,5,5,10,5,5,5,5,255,255,5,5,5,5,5,5,5,5,5,5,5,5,5,5,10,255,5,10,5,10,5,5,10,5,5,255,5,10,10,5,5,5,5,255,5,10,5,5,255,255
1780877865.543551,212,23773026,831,1057,2043,2083,2057,2036,1243,971,1091,1263,2052,2070,2055,2106,1395,1111,1146,1911,2076,2071,2065,2084,2050,1661,1193,2089,2089,2076,2120,2095,2137,1934,1194,2067,2099,2098,2080,2114,2091,1872,1195,2113,2123,2093,2115,2086,1982,1922,1166,2042,2097,2094,2114,1979,1955,1909,1165,1914,2033,2038,2016,1982,2005,1991,5,5,5,5,10,255,5,5,5,5,5,255,255,5,5,5,5,5,5,5,5,5,10,10,5,5,5,5,5,5,5,5,5,5,5,5,5,5,255,255,5,5,5,255,5,5,5,5,5,10,5,5,5,5,5,255,5,255,255,5,5,255,255,255
1780877865.641018,213,23873026,838,2069,2043,2059,2058,2047,1276,996,1087,1254,2031,2064,2106,2064,1447,1083,1217,2016,2074,2094,2114,2096,2062,1703,1169,2069,2086,2087,2080,2097,2101,1868,1196,2036,2101,2083,2140,2107,2051,1938,1173,1986,2084,2104,2093,2084,1982,1960,1139,2042,2110,2112,2084,2009,1945,1909,1124,1914,2103,2057,2014,1982,1980,1991,5,4,255,5,5,10,5,5,5,5,5,10,10,5,5,5,5,5,5,5,5,5,5,9,5,5,5,5,5,5,5,5,5,5,5,5,5,5,10,10,9,5,5,10,5,5,255,5,5,255,5,5,5,5,5,255,5,255,10,5,5,255,10,255
1780877865.743927,214,23973027,846,2044,2097,2059,2087,2047,1214,1011,1075,1311,2030,2064,2091,2124,1442,1120,1197,2016,2090,2089,2114,2099,2045,1686,1177,2069,2089,2093,2082,2112,2091,1969,1196,2167,2101,2089,2095,2195,2051,1937,1201,1986,2084,2104,2095,2022,1993,1967,1118,2042,2118,2088,2084,2009,1955,2001,1132,1456,2088,2057,2038,1931,1980,1991,5,5,10,255,5,255,5,5,5,5,5,255,5,5,5,5,5,255,5,5,255,5,5,5,5,255,5,5,5,5,5,5,5,5,255,5,5,3,255,5,5,255,255,255,5,5,10,5,5,255,5,5,255,255,5,10,5,10,5,255,5,10,255,255
1780877865.844020,215,24073026,831,1037,2071,2077,2086,2064,1208,1001,1058,1207,2058,2073,2104,2124,1415,1139,1198,2016,2068,2062,2095,2108,2093,1686,1201,2046,2097,2082,2081,2086,2082,1898,1179,2039,2081,2106,2084,2091,2051,1877,1177,2009,2110,2104,2130,2126,1989,1959,1138,2042,2077,2112,2084,2020,1944,1972,1091,1456,2061,2067,2011,1923,1980,1991,5,4,5,10,5,10,5,5,5,5,5,10,5,255,5,5,5,255,5,5,10,5,5,255,5,10,5,5,5,5,5,5,5,5,10,5,5,5,255,255,5,10,10,255,5,5,5,5,5,255,5,5,255,10,5,5,5,255,5,10,5,5,255,255
1780877865.942130,216,24173027,840,1084,2033,2077,2064,2064,1282,975,1077,1207,2058,2068,2102,2049,1415,1111,1164,2016,2087,2087,2095,2059,2042,1727,1181,1985,2080,2092,2067,2124,2105,1794,1183,2110,2097,2086,2060,2092,2069,1897,1195,2009,2097,2064,2140,2100,1989,1954,1149,2042,2085,2085,2107,2016,1943,1943,1116,1456,2082,2050,1984,1919,1980,1959,5,255,5,255,5,255,5,5,5,255,255,5,5,3,255,5,5,255,5,5,255,5,5,10,5,5,5,5,5,5,5,5,5,3,5,5,5,5,10,5,5,255,5,10,5,5,255,5,5,255,5,5,10,5,5,5,5,255,5,5,5,5,255,10
1780877866.042593,217,24273026,842,2054,2064,1998,2083,2087,1280,973,1073,1246,2062,2096,2076,2074,1355,1083,1186,2033,2076,2102,2104,2132,1994,1727,1191,2047,2082,2087,2082,2062,2092,1884,1190,2072,2096,2092,2097,2117,2063,1897,1172,2009,2097,2091,2168,2073,1974,1994,1129,2042,2087,2098,2118,1947,1948,1920,1114,1456,2062,2050,2013,1960,1980,1959,5,4,5,10,5,10,5,5,5,10,10,5,5,5,10,5,5,10,5,5,10,5,5,255,5,5,5,5,5,5,5,5,5,5,5,5,5,5,5,255,5,255,255,5,5,5,10,255,5,255,5,5,5,5,5,5,5,255,5,255,5,5,255,255
1780877866.144353,218,24373027,843,1122,2064,1998,2079,2050,1286,977,1084,1254,2062,2096,2089,2051,1355,1115,1198,2074,2076,2083,2110,2093,2046,1727,1182,2082,2078,2087,2101,2112,2120,1911,1186,2021,2056,2084,2110,2256,2075,1897,1189,2093,2092,2080,2095,2077,1974,1946,1176,2042,2132,2065,2076,1990,1948,1920,1094,1456,2062,2050,2000,1926,1980,1923,5,255,255,255,5,5,5,5,5,5,255,255,5,5,255,5,5,5,5,5,5,5,5,255,5,5,5,5,5,5,5,5,5,5,5,5,5,5,5,255,5,10,10,5,5,5,255,5,5,255,5,5,5,5,255,255,5,255,255,255,5,5,255,10
1780877866.246632,219,24473026,847,1120,1213,1284,2113,2050,1325,1010,1065,1187,2112,2096,2074,2071,1398,1146,1183,2062,2061,2077,2084,2122,2075,1675,1197,2062,2067,2090,2082,2084,2069,1850,1203,2067,2090,2092,2092,2103,2081,1897,1175,2092,2125,2034,2086,2097,1958,1955,1132,2012,2111,2091,2132,1970,1938,1920,1108,1456,2115,2056,1998,1926,1940,1923,5,10,10,10,5,255,5,5,5,5,10,255,5,5,10,5,5,5,5,5,5,5,5,10,5,5,5,5,5,5,5,5,5,5,5,5,5,5,5,255,5,5,5,5,5,5,10,255,5,10,5,5,5,5,10,255,5,255,10,10,255,255,10,255
1780877866.343679,220,24573027,839,1083,1065,1017,1060,1073,1295,1019,1044,1282,2016,1190,2074,1172,1442,1102,1197,2038,2071,2050,2084,2108,2075,1779,1226,2056,2091,2088,2088,2109,2051,1850,1205,2078,2098,2089,2128,2143,2047,1897,1157,2133,2103,2114,2092,2077,1958,1932,1111,2012,2125,2106,2132,2002,1938,1947,1089,1826,2014,2140,1998,1926,1940,1923,5,5,5,4,5,10,5,5,5,5,5,10,255,4,5,5,5,5,5,5,255,5,255,5,5,5,5,5,5,5,5,255,5,5,5,5,5,5,5,255,5,5,5,5,5,5,255,5,5,255,5,5,255,5,255,10,5,10,5,5,255,255,255,255
1780877866.442627,221,24673026,842,918,700,680,426,426,414,971,1079,1386,754,724,857,447,1442,430,1186,2073,2065,2079,1164,2089,2070,1654,1199,2088,2079,2090,2071,2103,2089,1802,1192,2081,2057,2082,2106,2107,2047,1897,1181,2133,2100,2021,2111,2083,1958,1883,1163,2026,2105,2104,2123,2015,1940,1957,1142,1826,2014,2047,1956,1974,1940,1923,5,9,4,4,4,4,4,5,5,5,4,4,10,4,255,4,5,5,5,5,10,5,10,5,5,5,5,5,5,5,5,10,5,5,5,5,5,5,255,255,5,255,5,5,5,5,255,5,5,10,5,5,10,5,10,5,5,255,255,5,10,10,255,255
1780877866.542075,222,24773027,842,918,2103,688,637,506,413,383,1098,1231,698,660,614,593,371,362,1203,2073,2088,683,664,419,374,369,1218,2049,2084,2123,2115,546,418,369,1225,1973,2054,2059,2115,2107,424,414,1214,2133,2127,2133,2101,2085,1958,1972,1148,2026,2095,2104,2083,1979,1967,1957,1095,1826,2014,2085,2001,1974,2009,1951,5,255,4,5,4,5,5,4,5,5,5,5,4,5,10,5,5,255,5,4,4,4,4,4,5,5,5,5,5,4,4,4,5,5,5,5,5,255,255,255,5,255,5,5,5,5,255,5,5,255,5,255,5,5,5,255,5,255,255,5,5,255,10,10
1780877866.642552,223,24873026,840,918,2068,2057,2062,506,1321,977,1075,1287,2048,2074,2147,752,617,625,1212,2022,2057,2073,667,617,598,564,1187,2067,2056,2092,650,631,573,521,1220,2046,2067,2111,671,643,599,411,1200,2028,2084,2133,2099,2106,1958,435,1171,1980,2066,2138,2069,1995,1933,1981,1122,1616,2091,2085,2001,1967,2009,1951,5,255,5,4,4,255,4,4,5,5,4,4,4,255,4,4,5,10,5,4,5,5,4,5,5,5,5,5,5,5,5,5,5,5,5,5,4,10,5,5,5,10,5,255,5,5,10,4,5,10,5,10,5,5,5,10,5,10,10,255,255,10,255,255
1780877866.741970,224,24973027,840,2029,2067,2057,2062,2058,1261,971,1078,1287,2103,2074,2152,752,1380,1096,1180,2022,2092,2093,2064,898,772,681,1189,2027,2102,2098,2104,1097,643,653,1237,2087,2142,2119,873,708,645,599,1176,2028,2153,2133,732,707,640,615,1157,1980,2091,2135,780,689,674,1968,1110,1616,2026,2104,2009,1972,2009,1951,5,10,5,255,255,10,5,5,5,255,5,255,5,255,4,4,5,255,5,5,4,4,255,5,5,5,5,5,5,4,5,5,5,5,5,5,4,5,5,5,5,255,5,255,255,5,4,5,5,255,5,5,4,4,4,5,5,255,5,10,10,5,255,255
1780877866.842237,225,25073026,859,2078,2074,2065,2062,2076,1334,993,1065,1300,2031,2078,2152,752,1412,1054,1193,1847,2082,2057,2101,2094,2103,1616,1242,2069,2071,2087,2072,2093,948,882,1237,2044,2078,2081,1586,1094,910,725,1158,2028,2106,2133,2102,1039,720,683,1183,2074,2079,2070,2105,1793,739,657,1122,1803,2026,2050,1988,1972,679,673,5,5,5,10,10,5,5,5,5,10,5,10,255,255,5,5,5,10,5,5,5,4,4,4,5,5,5,5,5,4,4,4,5,5,5,5,4,4,4,5,5,255,5,255,4,5,5,5,5,10,5,5,4,4,5,4,5,10,255,5,5,255,10,10
1780877866.941822,226,25173026,817,2078,2102,2081,2079,2076,1271,996,1057,1270,2103,2093,2042,752,1480,1113,1171,1895,2108,2108,2123,2084,2073,1676,1151,2057,2098,2089,2101,2100,2102,882,1211,2022,2106,2113,2084,1094,910,962,1204,2028,2101,2133,2139,1520,1040,914,1128,2074,2108,2103,2105,2037,1006,832,1109,1803,1974,2050,1988,1952,864,807,5,5,5,5,5,255,9,5,5,5,5,5,10,255,5,5,5,5,5,5,5,5,5,5,5,5,5,5,5,5,5,255,5,5,5,5,5,255,255,4,5,255,5,255,5,4,4,4,5,255,5,5,255,4,4,5,5,255,10,255,255,10,5,5
1780877867.042256,227,25273026,848,1042,2087,2077,2079,1938,1205,990,1082,1278,2109,2079,2088,2081,1438,1113,1206,2027,2065,2073,2087,2103,2041,1667,1197,2048,2099,2091,2102,2076,2086,882,1130,1986,2059,2112,2125,2092,910,962,1169,2028,2101,2164,2057,1710,1564,1066,1153,2061,2085,2079,2077,2018,1506,986,1119,1723,2064,2061,1959,1952,864,999,5,4,5,5,255,10,5,5,9,5,5,5,5,10,5,5,5,5,5,5,5,5,5,5,5,5,5,5,5,5,5,255,5,5,5,5,5,10,255,255,5,255,5,10,5,4,4,5,5,10,5,5,10,5,4,5,5,10,5,10,10,255,255,5
1780877867.142283,228,25373027,833,1042,2087,2077,2079,2004,1271,978,1100,1250,2001,2100,2116,2080,1438,1121,1157,2027,2073,2082,2098,2111,2064,1667,1185,2029,2088,2078,2101,2107,2104,882,1160,2064,2059,2037,2113,2131,2041,962,1189,2028,2090,2120,2114,2046,1564,1066,1161,2061,2114,2086,2077,1974,1636,1491,1087,1723,2071,2061,1959,1952,864,999,5,255,255,255,255,5,5,5,5,5,5,5,5,5,255,5,5,255,5,5,5,5,5,255,5,5,5,5,5,5,5,255,5,5,5,5,5,5,10,255,5,255,5,5,5,5,255,255,5,255,5,5,255,5,5,4,5,255,5,255,255,255,255,255
1780877867.242284,229,25473026,843,1042,2030,2063,2086,2109,1268,980,1078,1199,2072,2086,2058,2059,1372,1091,1189,2040,2100,2077,2037,2080,2086,1675,1215,2009,2092,2089,2108,2109,2068,1850,1205,2043,2109,2103,2143,2046,2041,1907,1154,2028,2080,2131,2115,2091,1961,1904,1153,2061,2093,2111,2082,1982,1932,1762,1100,1771,2042,2061,2001,1999,864,999,5,255,10,10,10,5,5,5,5,5,5,5,5,5,10,5,5,10,5,5,5,5,5,10,5,5,5,5,5,5,5,10,5,5,5,5,5,5,255,10,5,255,5,5,5,5,10,10,5,255,5,5,10,5,4,4,5,10,5,255,10,10,255,255
1780877867.352960,230,25583027,830,1042,2095,2063,2086,2030,1250,977,1073,1232,2099,2086,2087,2066,1406,1092,1189,1951,2113,2048,2100,2075,2057,1675,1213,1977,2087,2085,2105,2108,2125,1780,1257,2051,2109,2074,2076,2162,2041,1932,1205,2028,2099,2131,2113,2056,1903,1903,1157,2061,2074,2074,2082,1992,1903,1762,1126,1614,2078,2076,1990,1933,864,999,5,255,5,255,255,5,5,5,5,5,5,255,5,5,5,5,5,5,5,5,5,5,5,255,5,5,5,5,5,5,5,9,5,5,255,5,5,5,255,5,5,255,5,255,5,5,5,5,5,255,5,5,255,5,5,255,5,5,5,10,255,5,255,255
1780877867.453181,231,25683026,838,1042,2085,2078,2089,2021,1303,991,1074,1340,2099,2080,2053,2066,1418,1119,1186,1967,2080,2097,2065,2116,2057,1677,1173,2066,2067,2091,2114,2104,2092,1780,1172,2080,2036,2090,2125,2117,2059,1916,1177,2006,2095,2102,2129,2068,1970,1958,1154,2056,2085,2097,2109,2029,1933,1591,1099,1552,2038,2074,2014,1994,864,999,5,255,5,10,10,5,5,5,5,5,255,10,5,255,5,5,5,5,5,5,5,5,5,10,5,5,5,5,5,5,5,255,5,5,10,5,5,5,10,5,5,10,5,10,5,5,5,5,5,10,5,5,10,5,5,10,5,5,5,5,5,5,255,255
1780877867.553467,232,25783026,821,1028,2085,2082,2096,2021,1225,1001,1120,1284,2099,2062,2101,2066,1436,1097,1194,1567,2104,2078,2092,2101,2111,1677,1192,2033,2098,2094,2065,2105,2076,1917,1196,2060,2106,2061,2117,2116,2059,1884,1196,2108,2095,2124,2112,2097,2005,1934,1149,2056,2105,2095,2096,2017,1903,1722,1116,1552,2052,2037,2025,1925,864,999,5,10,255,5,5,255,5,5,5,5,255,5,5,255,5,5,5,4,5,5,5,5,5,255,5,5,5,5,5,5,5,10,5,5,5,5,5,5,255,5,5,5,255,5,5,5,5,5,5,255,5,5,5,5,5,5,5,255,5,5,5,5,255,255
1780877867.650938,233,25883026,842,1028,2099,2102,2077,2021,1280,993,1065,1280,1990,2111,2038,2095,1430,1090,1177,1584,2054,2091,2075,2122,2043,1669,1186,1974,2089,2097,2076,2108,2087,1928,1190,2010,2097,2089,2116,2108,2030,1884,1166,2108,2096,2124,2102,2046,1972,1934,1127,2056,2075,2088,2096,2039,1927,1997,1082,1552,2052,2037,2004,1918,1983,999,5,255,10,5,5,255,5,5,5,5,10,5,5,10,5,5,5,5,5,5,5,5,5,10,5,5,5,5,5,5,5,5,5,5,5,5,5,5,10,255,5,255,10,255,5,5,5,255,5,255,5,5,255,5,5,4,5,255,255,255,5,5,10,255
1780877867.752586,234,25983027,844,1028,2043,2102,2077,2037,1232,978,1057,1291,1990,2111,2038,2095,1512,1103,1163,1584,2094,2112,2097,2041,2084,1669,1231,2049,2079,2092,2113,2110,2099,1928,1182,2027,2065,2107,2076,2137,2030,1884,1181,2108,2098,2124,2104,2091,1972,1921,1173,2056,2106,2096,2096,1974,1925,1997,1126,1860,2051,2071,2001,1945,1983,999,5,255,5,255,255,10,5,5,5,5,255,255,255,255,5,5,5,255,5,5,5,5,5,255,5,4,5,5,5,5,5,255,5,5,5,5,5,5,255,255,5,255,5,255,5,5,255,10,5,255,5,5,255,5,5,255,5,10,10,10,5,5,255,255
1780877867.854239,235,26083026,838,1028,2087,2074,2077,2035,1256,968,1067,1305,2088,2060,2043,2095,1490,1115,1199,2014,2051,2077,2068,2111,2080,1667,1157,2071,2083,2080,2075,2105,2082,1953,1189,2050,2092,2100,2109,2158,2030,1890,1164,2064,2093,2086,2137,2060,1959,1919,1136,2056,2116,2091,2105,2028,1925,1929,1149,1860,2023,2055,2001,1950,1983,999,5,255,5,10,255,5,5,5,5,5,10,10,10,255,5,5,5,10,5,5,5,5,5,10,5,4,5,5,5,5,5,10,5,5,5,5,5,5,255,10,5,10,5,10,5,5,10,255,5,255,5,5,10,5,255,10,5,255,5,5,255,5,255,255
1780877867.956678,236,26183027,841,1028,2087,2052,2104,2035,1242,1008,1044,1263,2131,2060,2045,2095,1422,1109,1177,2014,2080,2091,2061,2084,2070,1697,1175,1896,2101,2086,2088,2108,2115,1853,1215,2060,2107,2073,2087,2134,2030,1878,1185,2127,2093,2086,2145,2068,1982,1927,1135,2056,2082,2109,2105,1955,1952,1944,1119,1860,2053,2027,1971,1968,1983,999,5,255,255,5,10,255,5,5,5,5,5,255,5,255,5,5,9,255,5,5,5,5,5,5,5,5,5,5,5,5,5,5,5,5,5,5,5,5,255,3,5,5,255,255,5,5,5,5,5,255,5,5,255,5,10,5,5,255,5,5,10,5,255,255
1780877868.055743,237,26283026,841,1028,2074,2053,2077,2051,1255,997,1062,1266,2093,2051,2056,2021,1383,1131,1199,2069,2084,2090,2120,2082,2053,1692,1212,2110,2099,2084,2106,2110,2067,1823,1197,1984,2079,2096,2102,2078,2054,1878,1163,2127,2095,2115,2116,2182,1962,1914,1160,2075,2068,2084,2117,1979,1954,1950,1141,1860,2019,2029,2030,1934,1983,999,5,255,10,5,5,10,5,5,5,5,5,10,5,10,5,5,5,10,5,5,5,5,5,5,5,4,5,5,5,5,5,5,5,5,5,5,5,5,10,255,5,255,10,10,5,5,5,5,5,10,5,5,10,5,5,5,5,255,5,5,5,5,255,255
1780877868.153788,238,26383026,834,1028,2107,2047,2072,2051,1293,963,1074,1236,2093,2051,2064,2035,1421,1118,1231,2069,2096,2114,2061,2093,2049,1552,1195,2057,2099,2095,2095,2123,2109,1772,1180,2011,2097,2101,2115,2098,2054,1878,1174,2127,2100,2115,2142,2104,1968,1951,1149,2028,2140,2084,2117,2035,1941,1973,1078,1687,1990,2026,1964,2020,1975,999,5,255,5,5,5,255,5,5,5,5,255,255,5,5,5,5,5,255,5,5,5,5,5,5,5,5,5,5,5,5,5,5,5,5,5,5,5,5,255,255,5,255,5,255,5,5,5,5,5,5,5,255,255,5,5,5,5,10,5,5,5,5,10,255
1780877868.252991,239,26483026,856,2058,2007,2067,2075,2098,1316,962,1079,1340,2093,2097,2116,2035,1392,1081,1184,2039,2079,2088,2083,2085,2046,1716,1165,2045,2097,2094,2090,2104,2079,1882,1223,2055,2075,2073,2078,2137,2039,1968,1161,2062,2080,2127,2114,2063,2029,1978,1156,2028,2075,2115,2117,2012,1982,1931,1125,1687,2064,2026,2006,1951,1975,999,5,10,5,5,5,10,9,5,5,5,255,10,5,255,5,5,5,10,5,5,5,5,5,5,5,5,5,5,5,5,5,5,5,5,5,5,5,5,10,10,5,10,5,10,5,5,5,5,5,255,5,10,255,5,5,5,5,255,5,255,5,5,255,255
1780877868.352261,240,26583027,846,2041,2052,2067,2090,2108,1276,990,1090,1219,2093,2074,2116,2035,1438,1133,1178,2039,2053,2075,2100,2115,2052,1705,1189,2052,2082,2104,2104,2108,2086,1882,1222,2018,2109,2110,2120,2125,2061,1968,1178,2062,2093,2109,2108,2109,1984,1898,1177,2013,2071,2105,2117,1994,1982,1931,1115,1687,2068,2051,2067,1951,1975,999,5,5,5,255,5,5,5,5,5,5,255,5,255,255,5,5,5,255,5,5,5,5,5,5,5,5,5,5,5,5,5,255,5,5,5,5,5,5,5,255,5,255,5,5,5,5,5,5,5,10,5,5,255,5,255,255,5,255,5,10,5,255,255,255
1780877868.452473,241,26683026,845,2070,2064,2067,2077,2108,1285,1005,1086,1289,2056,2088,2093,2035,1434,1130,1187,2011,2052,2083,2110,2052,2065,1629,1193,1983,2090,2097,2088,2093,2103,1882,1201,1983,2088,2048,2076,2125,2082,1968,1217,2080,2071,2109,2093,2102,1975,1966,1143,2013,2066,2086,2100,1978,1982,1987,1079,2335,2045,2051,2029,1982,1975,999,5,5,5,10,5,255,9,5,5,5,10,5,10,255,5,5,5,10,5,5,5,5,5,5,5,5,5,5,5,5,5,255,5,5,5,5,5,255,5,255,5,10,5,255,5,5,5,5,5,255,5,5,10,5,255,10,5,10,5,255,5,10,255,255
1780877868.552151,242,26783026,841,1143,2095,2067,2069,2060,1347,981,1075,1294,2025,2036,2055,2192,1412,1086,1216,1963,2076,2061,2098,2096,2090,1629,1203,2123,2091,2091,2091,2081,2083,1887,1190,2017,2068,2079,2108,2123,2082,1968,1173,2039,2084,2109,2113,2093,1941,1913,1162,2013,2110,2076,2138,1978,1973,1940,1107,2335,2020,2051,2039,1934,1975,999,5,5,5,255,5,10,5,5,5,5,5,5,5,10,5,5,5,5,5,5,5,5,5,255,5,5,5,5,5,5,5,10,5,5,5,5,5,10,255,255,5,5,5,255,5,5,5,5,5,255,5,5,5,255,10,5,5,255,5,255,5,5,255,255
1780877868.654427,243,26883027,842,1143,2095,2067,2054,2028,1215,986,1086,1282,2025,2061,2108,2192,1423,1115,1151,1963,2086,2061,2128,2085,2036,1702,1198,2036,2091,2081,2093,2073,2103,1905,1206,2062,2072,2098,2127,2106,2081,1968,1170,2039,2082,2111,2094,2056,1941,1930,1140,2013,2104,2093,2119,1963,1945,1965,1112,2335,2095,2049,1972,1957,1975,999,5,255,255,255,5,5,5,5,5,5,255,5,5,255,5,5,5,255,5,5,5,5,5,10,5,5,5,5,5,5,5,5,5,5,5,5,5,5,10,255,5,255,5,10,5,5,9,5,5,255,5,5,5,255,5,5,5,255,5,10,5,5,255,255
1780877868.752141,244,26983026,832,1075,2094,2067,2074,2032,1278,980,1094,1280,2045,2061,2068,2039,1444,1100,1186,1963,2090,2059,2049,2071,2057,1702,1168,2115,2090,2091,2105,2103,2044,1866,1189,2068,2083,2091,2095,2141,2049,1920,1203,2039,2082,2083,2073,2100,1968,1923,1171,2017,2069,2094,2097,1943,1971,1965,1139,2335,2004,2049,1972,1989,1975,999,5,10,10,255,5,5,9,5,5,5,10,255,5,10,5,5,5,255,5,5,5,5,5,255,9,5,5,5,5,5,5,5,5,5,5,5,5,5,5,10,5,255,255,5,5,5,5,5,5,10,5,5,5,5,5,255,5,255,5,255,255,5,255,255
1780877868.852644,245,27083026,837,1040,2047,2067,2099,2065,1282,982,1065,1303,2073,2081,2068,2082,1435,1089,1144,1977,2059,2037,2069,2101,2090,1729,1214,2048,2086,2087,2097,2089,2116,1919,1171,2068,2091,2072,2114,2098,2049,1920,1162,2032,2106,2140,2148,2068,1931,1974,1149,2017,2075,2073,2100,2006,1929,1987,1119,2335,2068,2020,2002,1989,1975,1952,5,5,5,255,5,5,5,5,5,5,5,10,255,5,5,5,5,10,5,5,5,5,5,10,5,5,5,5,5,5,5,5,5,255,5,5,5,5,255,255,9,10,10,5,5,5,5,5,5,255,5,5,5,5,5,10,5,255,5,10,10,255,255,10
1780877868.952232,246,27183027,843,1040,2028,2067,2079,1987,1279,982,1066,1265,2073,2066,2129,2094,1357,1091,1167,1977,2064,2071,2117,2116,2081,1729,1223,2100,2084,2086,2092,2133,2093,1919,1211,2052,2094,2074,2127,2139,2049,1920,1223,2032,2092,2035,2052,2051,1984,1959,1126,2039,2075,2083,2100,1977,1950,1987,1107,2335,2068,2020,1968,1925,1975,1952,5,255,5,255,5,5,5,5,5,5,255,5,10,5,5,5,5,255,5,5,5,5,5,255,5,5,5,5,5,5,5,255,9,10,5,5,5,5,255,255,5,255,5,5,5,5,5,5,5,10,5,5,255,5,5,255,5,255,255,255,5,10,255,255
1780877869.052238,247,27283026,830,1039,2026,2091,2072,2040,1286,991,1051,1292,2073,2104,2073,2059,1407,1097,1181,1630,2053,2094,2108,2099,2041,1633,1173,2096,2082,2092,2091,2135,2097,1827,1165,2104,2099,2100,2089,2106,2049,1920,1186,2100,2118,2070,2117,2059,1984,1929,1126,1946,2120,2109,2134,2015,1926,1946,1110,1647,2059,2066,1968,1945,1975,1952,5,255,5,10,5,5,5,5,5,5,255,5,5,5,5,5,5,10,5,5,5,5,5,10,9,5,5,5,5,5,5,10,5,5,5,5,5,5,255,255,5,10,5,5,5,5,255,5,5,5,5,5,10,5,5,10,5,10,10,10,255,5,255,255
1780877869.152375,248,27383026,849,2092,2059,2091,2074,2058,1263,1000,1051,1359,2051,2071,2093,2059,1418,1144,1196,1987,2095,2093,2108,2080,2074,1633,1176,2027,2088,2094,2090,2116,2141,1880,1185,2068,2117,2089,2080,2125,2049,1882,1174,2100,2105,2107,2110,2113,1958,1943,1138,1946,2087,2054,2134,1952,1958,1946,1134,1647,2063,2063,1975,1985,1975,1952,5,4,5,255,5,5,5,5,5,5,10,5,5,255,5,5,5,4,5,5,5,5,5,255,5,5,5,5,5,5,5,5,5,5,5,5,5,5,255,10,5,255,5,5,5,5,10,5,5,255,5,5,255,5,5,255,5,255,5,5,10,5,255,255
1780877869.253219,249,27483026,847,1042,2059,2116,2085,1986,1349,981,1087,1246,2051,2069,2041,2049,1435,1108,1178,2081,2080,2078,2144,2114,2055,1697,1212,2052,2083,2075,2070,2092,2092,1871,1235,2035,2117,2098,2118,2125,2058,1930,1201,2100,2097,2078,2136,2130,1978,1905,1151,1946,2077,2100,2134,1958,1906,1911,1109,1644,2078,2044,1978,1938,1975,1952,5,4,255,10,5,5,5,5,5,5,255,5,5,10,5,5,5,5,5,5,5,5,5,10,5,5,5,5,5,5,5,5,5,5,255,5,5,255,10,5,5,255,5,5,5,5,5,5,5,255,5,5,255,5,5,10,5,10,5,5,5,5,255,255
1780877869.353621,250,27583027,854,1042,2058,2116,2085,1986,1316,998,1073,1212,2038,2078,2041,2038,1509,1083,1169,2081,2070,2064,2100,2097,2092,1706,1178,2066,2078,2091,2086,2111,2062,1871,1190,2013,2099,2070,2091,2109,2058,1930,1185,2100,2097,2098,2144,2074,1940,1905,1153,1963,2086,2129,2096,1982,1939,1911,1110,1644,2054,2055,2015,1941,1975,1952,5,255,10,255,255,255,5,5,5,5,10,5,255,5,5,5,5,255,5,5,5,5,5,5,5,5,5,5,5,5,5,255,5,5,10,5,5,10,255,255,9,255,255,5,5,5,5,255,5,10,5,5,10,5,5,255,5,255,5,5,5,5,255,255
1780877869.453763,251,27683026,836,1042,2085,2046,2045,2007,1302,1008,1094,1273,2067,2108,2124,2038,1424,1126,1204,2064,2059,2094,2145,2102,2030,1701,1193,1999,2078,2092,2090,2090,2098,1906,1215,1988,2094,2097,2073,2089,2058,1892,1193,2050,2115,2107,2114,2093,1940,1948,1145,1963,2101,2107,2080,1963,1953,1962,1112,1644,2061,2027,2007,1996,1956,1952,5,255,5,10,10,10,5,5,5,5,5,5,10,255,5,5,5,10,5,5,5,5,5,5,5,5,5,5,5,5,5,10,5,5,5,5,5,5,255,10,5,10,10,5,5,5,5,10,5,255,5,5,5,5,5,10,5,255,5,5,5,5,10,255
1780877869.554806,252,27783027,836,1042,2046,2090,2074,2095,1251,986,1064,1252,2097,2108,2061,2029,1435,1134,1149,2064,2062,2071,2090,2125,2057,1686,1204,2023,2094,2085,2088,2102,2100,1889,1161,2008,2069,2105,2105,2155,2058,1892,1229,2103,2081,2099,2082,2128,1940,1949,1154,1963,2131,2086,2080,1967,1918,1962,1106,1495,2061,2071,2014,1996,1956,1952,5,255,5,5,5,5,5,5,5,5,5,255,5,10,5,5,5,255,5,5,5,5,5,5,5,9,5,5,5,5,5,5,9,5,5,5,5,5,255,255,5,5,5,5,5,5,255,5,5,255,5,5,255,5,5,255,5,10,255,5,5,255,255,255
1780877869.652569,253,27883026,834,2055,2068,2089,2098,1960,1313,1004,1054,1319,2007,2108,2035,2053,1464,1114,1177,1578,2085,2080,2090,2093,2054,1645,1158,2027,2090,2079,2084,2117,2108,1889,1179,1985,2097,2114,2121,2076,2058,1867,1153,2103,2121,2100,2055,2113,1978,1952,1137,2007,2134,2117,2117,1985,1964,1941,1123,1495,2061,2071,2028,1985,1956,1952,5,10,5,5,5,5,9,5,5,5,5,255,5,5,5,5,5,10,5,5,5,5,5,5,5,5,5,5,5,5,5,255,5,5,5,5,5,5,255,10,5,255,5,5,5,5,10,5,5,10,5,5,10,5,5,10,5,255,255,255,5,10,255,255
1780877869.750967,254,27983026,834,2070,2084,2089,2100,1960,1266,990,1064,1321,2007,2108,2090,2118,1388,1103,1187,1578,2064,2116,2077,2070,2044,1690,1200,2034,2093,2095,2079,2102,2113,1888,1216,2049,2150,2086,2103,2149,2058,1909,1201,2103,2079,2100,2113,2121,1963,1951,1140,2007,2140,2140,2093,1996,1923,1941,1126,1495,2006,2045,2046,1985,1989,1952,5,5,5,255,5,255,5,5,5,5,255,255,5,5,5,5,5,255,5,5,5,5,5,5,5,5,5,5,5,5,5,10,5,5,5,5,5,5,255,5,5,255,5,255,5,5,5,5,5,255,5,5,5,5,5,255,5,255,10,10,5,5,10,255
1780877869.852891,255,28083026,839,2070,2070,2082,2065,2065,1219,1001,1079,1354,1990,2043,2107,2065,1425,1096,1187,1995,2049,2064,2121,2070,2044,1657,1159,2030,2078,2096,2073,2083,2122,1877,1186,2054,2110,2079,2115,2164,2047,1951,1195,2103,2067,2100,2111,2103,1946,1950,1143,2082,2090,2077,2093,1981,1955,1955,1144,1495,2006,2045,1980,1939,1989,1952,5,255,5,10,5,10,5,5,5,5,10,10,5,5,5,5,5,10,5,5,5,5,5,5,5,5,5,5,5,5,5,5,5,5,5,5,5,5,10,5,5,255,5,255,5,5,5,255,5,10,5,5,255,5,5,10,5,255,5,255,5,5,255,255
1780877869.953326,256,28183027,848,2070,2077,2082,2065,2065,1278,977,1077,1374,2096,2043,2073,2100,1393,1130,1201,2048,2121,2088,2091,2109,2081,1672,1196,2098,2101,2086,2080,2096,2091,1901,1180,1973,2114,2090,2097,2113,2047,1951,1154,1995,2067,2143,2096,2087,1946,1966,1127,2082,2099,2127,2093,1962,1952,1968,1127,1495,2006,2045,1997,1975,1964,1952,5,255,5,255,255,255,5,5,9,5,5,255,5,5,5,5,9,5,5,5,5,5,5,9,5,5,5,5,5,5,5,5,5,5,5,5,5,5,255,255,5,10,255,10,5,5,255,5,5,255,5,5,255,5,5,5,5,255,255,255,5,5,10,255
1780877870.063922,257,28293026,835,1047,2095,2064,2060,2109,1296,967,1071,1299,2062,2076,2096,2100,1412,1090,1202,2045,2074,2108,2089,2105,2077,1633,1174,2027,2081,2085,2074,2110,2090,1893,1198,1981,2050,2095,2135,2111,2029,1918,1195,1995,2107,2099,2092,2030,1954,1969,1155,2082,2091,2112,2070,1994,1974,1946,1108,1495,2071,2025,1977,1975,1949,1952,5,10,5,10,10,10,5,5,5,5,5,10,5,255,5,5,5,5,5,5,5,5,5,5,5,5,5,5,5,5,5,5,5,5,5,5,5,5,10,10,5,255,10,5,5,5,10,5,5,255,5,5,10,5,5,5,5,255,10,10,5,255,5,255
1780877870.163658,258,28393027,850,1047,2084,2078,2114,2109,1253,977,1107,1299,2089,2076,2104,2100,1430,1095,1167,1694,2111,2103,2112,2096,2030,1777,1191,2027,2094,2089,2086,2138,2053,1959,1183,2068,2067,2090,2102,2111,2029,1918,1171,1995,2110,2078,2124,2084,1954,1953,1142,2082,2101,2095,2118,1990,1957,1946,1098,2012,2071,2039,1990,1968,1949,1952,5,255,5,5,5,255,9,5,5,255,5,255,5,255,5,5,5,4,5,5,5,5,5,5,5,255,5,5,5,5,5,5,5,5,5,5,5,255,255,255,5,255,5,5,5,5,255,5,5,255,5,5,5,5,5,255,5,10,255,5,5,10,255,255
1780877870.264293,259,28493026,834,979,2029,2074,2102,2072,1249,1014,1073,1387,2040,2076,2061,2056,1420,1088,1188,1949,2053,2094,2065,2103,2030,1665,1224,2021,2075,2092,2094,2089,2107,1800,1233,2109,2092,2077,2094,2099,2045,1918,1185,1995,2077,2094,2078,2064,1954,1933,1172,2042,2087,2112,2099,2009,1941,1936,1137,1597,2065,2039,1982,1968,1949,1952,5,10,5,5,5,10,5,5,5,10,5,255,5,10,5,5,5,4,5,5,5,5,5,5,5,10,5,5,5,5,5,9,5,5,5,5,5,10,10,255,5,255,5,5,5,5,255,5,5,10,5,5,5,5,5,10,5,5,10,255,5,255,255,255
1780877870.362919,260,28593027,842,1060,2097,2074,2104,2030,1341,1001,1083,1340,2089,2076,2125,2041,1393,1093,1152,2006,2087,2087,2131,2076,2073,1665,1204,1993,2095,2083,2086,2124,2089,1897,1218,2025,2110,2117,2116,2080,2045,1966,1166,1995,2107,2094,2089,2056,1954,1906,1136,2042,2097,2103,2097,1945,1962,1936,1133,1597,2065,2039,1952,1968,1949,1952,5,5,5,255,5,5,4,5,5,5,5,255,5,5,5,5,5,5,5,5,5,5,5,255,5,5,5,5,5,5,5,5,5,5,5,5,5,5,255,10,5,255,5,255,5,5,255,5,5,255,5,5,5,5,5,255,5,255,255,255,5,255,255,255
1780877870.462880,261,28693026,831,2094,2064,2074,2102,2046,1279,988,1057,1259,2063,2067,2008,2095,1363,1134,1174,2015,2066,2078,2083,2104,2101,1621,1179,2051,2117,2080,2103,2128,2072,1897,1209,2030,2088,2111,2116,2073,2010,1987,1147,1612,2091,2067,2105,2122,1993,1931,1135,1995,2097,2129,2097,2067,1968,1942,1104,1597,2063,2072,1965,1968,1949,1952,5,4,5,255,5,5,5,5,5,5,5,10,5,5,5,5,5,5,5,5,5,5,5,10,5,5,5,5,5,5,5,255,5,5,5,5,5,5,10,5,5,10,5,10,5,5,10,5,5,10,5,5,255,5,5,10,5,255,10,10,5,10,255,255
1780877870.565318,262,28793026,835,2067,2082,2074,2065,2046,1256,987,1062,1269,2006,2086,2074,2095,1455,1088,1197,2012,2040,2063,2110,2114,2059,1652,1145,2070,2102,2094,2069,2100,2104,1865,1158,2033,2085,2099,2086,2139,2076,1908,1214,1612,2125,2067,2100,2098,2034,1931,1142,2047,2070,2117,2097,1983,1968,1924,1141,1597,2062,2072,2010,1912,1949,1952,5,5,5,255,5,255,5,5,5,5,5,5,5,255,5,5,5,5,5,5,5,5,5,5,5,5,5,5,5,5,5,10,5,5,5,5,5,5,5,5,5,255,5,255,5,5,5,5,5,5,5,5,255,5,255,5,5,255,5,255,5,5,255,255
1780877870.662091,263,28893026,837,2046,2087,2074,2077,2044,1293,1002,1098,1274,2056,2095,2074,2106,1447,1116,1203,1965,2055,2079,2094,2090,2047,1693,1174,2007,2080,2091,2110,2080,2102,1894,1192,1946,2065,2097,2110,2093,2076,1896,1171,1612,2080,2106,2135,2113,1942,1950,1147,2047,2105,2079,2083,2069,1951,1924,1105,1597,2078,2075,2010,2027,1949,1952,5,5,5,10,5,10,5,5,5,5,5,5,255,10,5,5,5,5,5,5,5,5,5,5,5,5,5,5,5,5,5,5,5,5,5,5,5,5,255,5,5,255,5,10,5,5,5,5,5,255,5,5,10,5,10,255,5,255,5,10,255,5,255,255
1780877870.762204,264,28993027,812,2046,2059,2054,2077,2079,1281,986,1073,1308,2106,2095,2093,2106,1447,1117,1200,1965,2087,2054,2074,2068,2083,1693,1175,1984,2097,2102,2078,2083,2092,1894,1201,1996,2120,2074,2102,2093,2030,1897,1194,2148,2110,2106,2114,2065,1945,1989,1163,2047,2107,2105,2093,2069,1951,1924,1105,1864,2078,2075,1997,2027,1949,1952,5,255,5,5,255,5,9,5,9,5,5,255,10,5,255,5,5,255,5,5,5,5,5,255,5,5,5,5,5,5,5,255,5,5,5,5,5,255,10,5,5,10,5,255,5,5,5,5,5,255,5,5,5,255,255,255,5,10,255,255,10,255,255,255
1780877870.862269,265,29093026,845,1084,2097,2054,2074,2058,1283,1016,1095,1306,2060,2088,2097,2068,1350,1122,1189,1946,2084,2070,2071,2112,2051,1696,1205,1984,2083,2089,2091,2111,2060,1931,1218,2050,2104,2091,2108,2132,2101,1897,1197,2018,2093,2104,2143,2065,1928,1929,1133,2047,2047,2117,2094,1946,1952,1924,1119,1864,2038,2075,1945,1984,1949,1952,5,10,5,255,10,5,9,5,5,5,5,10,5,5,10,5,5,10,5,5,5,5,5,10,9,255,5,5,5,5,5,10,5,5,5,5,5,10,5,255,5,5,5,10,5,255,5,5,5,255,5,5,5,10,10,255,5,255,10,255,5,10,255,255
1780877870.962174,266,29193027,838,1022,2060,2054,2115,2058,1241,997,1047,1266,2088,2088,2097,2026,1460,1058,1198,1946,2084,2073,2105,2092,2076,1696,1210,2110,2083,2088,2094,2089,2107,1931,1175,2055,2076,2085,2119,2095,2101,1920,1169,2056,2083,2104,2142,2145,1964,1946,1148,2047,2100,2074,2094,1980,1960,1928,1128,1864,2038,2075,1987,1920,1949,1952,5,5,5,255,5,255,5,5,5,5,5,255,255,5,5,5,5,255,5,5,5,5,5,255,9,10,5,5,5,5,5,255,5,5,5,5,5,5,255,10,5,5,5,255,5,10,5,5,5,255,5,5,255,5,5,10,5,255,255,255,5,5,255,255
1780877871.062573,267,29293026,826,1071,2026,2059,2029,2058,1315,985,1084,1289,2080,2075,2087,2026,1457,1151,1191,1913,2042,2071,2088,2056,2074,1696,1180,2064,2124,2090,2100,2097,2080,1796,1209,2066,2089,2100,2102,2099,2101,1920,1181,2006,2078,2104,2126,2093,1964,1954,1134,2047,2094,2137,2075,1984,1934,1966,1108,1488,1965,2025,1987,1920,1978,1952,5,5,5,10,5,255,5,5,5,5,5,10,10,255,5,5,5,10,5,5,5,5,5,255,5,5,5,5,5,5,5,10,5,5,5,5,5,5,255,255,5,5,5,255,5,5,255,5,5,255,5,5,10,5,5,5,5,10,10,10,5,255,10,255
1780877871.162619,268,29393027,843,1071,2095,2048,2064,2083,1237,993,1102,1289,2025,2075,2044,2026,1354,1103,1177,1913,2064,2073,2127,2104,2060,1683,1159,2093,2095,2076,2081,2071,2112,1817,1182,2059,2089,2068,2146,2108,2101,1921,1179,1992,2118,2104,2108,2060,1933,1987,1168,2047,2082,2086,2144,2070,1919,1966,1146,1488,2052,2025,1988,1920,1978,1952,5,255,5,5,5,10,5,5,5,255,5,255,5,255,5,5,5,255,5,5,5,5,5,10,5,5,5,5,5,5,5,5,5,5,255,5,5,5,255,10,5,5,5,255,5,5,10,5,5,255,5,5,5,5,5,255,5,255,5,255,5,255,255,255
1780877871.262117,269,29493026,849,2053,2064,2066,2074,2056,1239,978,1073,1323,2025,2113,2092,2026,1496,1138,1174,2073,2093,2080,2101,2101,2053,1736,1205,2066,2095,2095,2084,2089,2133,1870,1197,1939,2112,2081,2084,2091,2101,1954,1208,1992,2093,2080,2100,2091,1933,1901,1154,2045,2096,2104,2144,1972,1939,1966,1150,1488,2052,2025,2007,1943,1978,1952,5,10,5,5,5,5,5,5,5,10,255,10,5,255,5,5,5,10,5,5,5,5,5,5,9,5,5,5,5,5,5,5,5,5,10,5,5,5,255,5,5,255,5,10,5,5,255,5,5,10,5,5,255,5,5,255,5,255,255,255,5,10,255,255
1780877871.362393,270,29593027,839,1020,2087,2066,2084,2056,1305,985,1084,1306,2082,2113,2092,2110,1387,1109,1206,2028,2081,2098,2097,2114,2073,1736,1216,2068,2093,2095,2073,2108,2121,1867,1156,2070,2112,2087,2119,2091,2101,1954,1183,2068,2081,2080,2139,2091,1965,1986,1170,2034,2112,2134,2082,1986,1931,1894,1108,1488,2052,2025,2014,1943,1978,1952,5,5,5,255,5,255,5,5,5,5,10,255,255,10,5,5,5,5,5,5,5,5,5,255,5,5,5,5,5,5,5,5,5,5,5,5,5,255,255,255,5,10,5,255,5,255,10,5,5,5,5,5,10,5,5,10,5,255,255,255,5,255,255,255
1780877871.463065,271,29693026,838,1051,2043,2084,2084,2069,1369,976,1069,1284,2079,2055,2078,2122,1428,1104,1203,1809,2072,2032,2098,2078,2023,1699,1174,2024,2104,2087,2096,2097,2058,1940,1200,2092,2097,2101,2113,2091,2101,1954,1174,2068,2099,2106,2120,2080,1972,1920,1149,2034,2093,2097,2126,1993,1933,1894,1129,1488,2052,2025,1985,1919,1978,1952,5,5,5,10,5,10,5,5,5,5,5,10,10,5,5,5,5,4,5,5,5,5,5,10,5,5,5,5,5,5,5,5,5,5,5,5,5,255,255,255,5,255,5,10,5,10,255,5,5,255,5,5,5,5,5,255,5,255,255,255,5,10,255,255
1780877871.564568,272,29793027,807,2074,2090,2084,2074,2083,1301,987,1087,1284,2079,2055,2078,1985,1438,1103,1205,1809,2087,2080,2083,2114,2056,1661,1192,2054,2073,2085,2093,2118,2110,1940,1204,2009,2094,2113,2120,2103,2101,1956,1186,2068,2086,2069,2083,2044,1972,1920,1151,2034,2130,2104,2126,1994,1925,1993,1131,1488,2052,2038,2022,1979,1978,1952,5,4,5,255,5,5,9,5,5,5,255,255,255,5,5,5,5,255,5,5,5,5,5,5,5,5,5,5,5,5,5,255,5,5,5,5,5,10,255,10,5,255,5,5,5,5,255,255,5,255,5,5,255,5,5,10,5,255,255,10,5,255,255,255
1780877871.662473,273,29893026,846,2049,2053,2084,2069,2013,1245,990,1082,1288,2021,2075,2078,2052,1460,1129,1162,2010,2043,2091,2079,2091,2086,1775,1234,2085,2092,2070,2105,2088,2075,1884,1195,2080,2067,2068,2111,2145,2120,1956,1215,2068,2069,2082,2069,2161,1972,1936,1165,2035,2123,2111,2119,1965,1949,1981,1109,1488,2057,2038,1950,1913,1978,1952,5,5,5,255,5,5,5,5,5,5,10,10,255,5,5,5,5,10,5,5,5,5,5,5,5,5,5,5,5,5,5,10,5,5,5,5,5,5,10,255,5,255,5,5,5,5,255,10,5,10,5,5,10,5,5,5,5,255,10,255,5,5,255,255
1780877871.761945,274,29993027,827,2049,2077,2081,2069,2013,1238,978,1066,1225,2112,2075,2078,2057,1410,1107,1181,1985,2064,2095,2110,2120,2147,1596,1184,2042,2096,2080,2074,2121,2077,1807,1177,2069,2061,2080,2145,2145,2120,1956,1189,2100,2098,2109,2094,2161,1972,1938,1153,2035,2127,2138,2119,2039,1947,1950,1084,1488,2057,1991,1981,1957,1978,1952,5,255,5,10,255,255,5,5,5,5,5,255,255,5,5,5,5,5,5,5,5,5,5,5,5,5,5,5,5,5,5,9,5,5,5,5,5,255,255,255,5,10,5,5,5,255,255,5,5,255,5,5,255,5,5,5,5,255,255,10,5,5,255,255
1780877871.862259,275,30093026,841,2097,2090,2076,2066,2061,1271,1005,1053,1261,2089,2075,2078,2057,1469,1086,1186,2053,2047,2083,2078,2116,2038,1701,1190,2024,2076,2084,2099,2099,2104,1807,1193,2006,2087,2076,2085,2089,2120,1893,1177,2100,2092,2126,2090,2068,2001,1913,1139,2035,2087,2104,2090,2002,1966,1954,1123,1488,2075,2061,2026,1917,1978,1952,5,10,5,5,10,10,5,5,5,5,5,255,255,255,5,5,5,5,5,5,5,5,5,5,5,5,5,5,5,5,5,255,5,5,5,5,5,10,255,10,5,255,5,5,5,10,10,5,5,255,5,5,10,5,5,5,5,255,10,5,5,5,255,255
1780877871.962265,276,30193027,836,1060,2090,2084,2069,2061,1267,1007,1069,1304,2094,2075,2062,2068,1469,1078,1205,1977,2086,2070,2055,2095,2078,1701,1173,2021,2111,2100,2109,2112,2102,1893,1217,2045,2097,2092,2087,2148,2120,1836,1168,2006,2111,2102,2123,2068,1955,1946,1136,2035,2102,2122,2100,1952,1966,1954,1146,1488,2051,2073,1985,1997,1978,1952,5,255,255,5,5,255,5,5,5,5,5,255,10,10,255,5,5,5,5,5,5,5,5,255,5,5,5,5,5,5,5,10,5,5,5,5,5,5,255,5,5,10,5,5,5,255,5,5,5,255,5,5,5,5,255,255,5,255,5,5,5,5,255,255
1780877872.062604,277,30293026,832,2059,2047,2044,2082,2053,1282,990,1075,1304,2017,2075,2090,2100,1442,1093,1186,1561,2085,2079,2059,2069,2069,1701,1199,2021,2084,2081,2083,2119,2093,1864,1220,2035,2119,2088,2131,2132,2039,1937,1198,2006,2069,2092,2074,2121,1949,1943,1149,2052,2061,2089,2081,1970,1939,1968,1126,1488,2012,2073,2040,1965,2011,1952,5,10,10,5,5,10,9,5,5,255,5,255,5,5,10,5,5,4,5,5,5,5,5,255,5,5,5,5,5,5,5,9,5,5,5,5,5,5,10,5,5,255,5,5,5,10,5,5,5,10,5,5,5,5,10,10,5,255,5,5,5,255,10,255
1780877872.163104,278,30393027,842,2059,2057,2044,2082,2053,1292,986,1067,1290,2069,2078,2119,2158,1440,1105,1199,1561,2082,2071,2159,2087,2085,1655,1183,2039,2112,2088,2093,2106,2076,1838,1169,2036,2089,2100,2100,2078,2039,2004,1167,1978,2102,2112,2029,2097,1951,1943,1157,2052,2023,2108,2091,1962,1936,1950,1128,1488,2012,2073,2040,1965,2011,1952,5,255,5,255,255,255,5,5,5,10,5,10,5,5,5,5,5,255,5,5,5,5,5,10,5,5,5,5,5,5,5,5,5,5,5,5,5,5,255,5,5,10,5,5,5,5,5,255,5,255,5,5,5,5,5,5,5,255,255,255,255,255,255,255
1780877872.263317,279,30493026,837,1082,2054,2059,2074,2016,1256,991,1074,1295,2053,2089,2072,2158,1452,1114,1194,1995,2062,2071,2117,2073,2092,1630,1231,2082,2082,2092,2080,2115,2066,1936,1221,1954,2084,2079,2103,2112,2078,1925,1199,1978,2097,2112,2135,2062,1951,1958,1177,2013,2091,2088,2109,1954,1940,1945,1122,1903,2044,2081,1997,1953,2011,1952,5,10,5,10,10,10,5,5,5,5,5,5,5,255,5,5,5,10,5,5,5,5,5,5,5,5,5,5,5,5,5,5,5,5,5,5,5,5,10,5,5,255,5,255,5,5,255,10,5,10,5,5,5,5,5,5,5,10,10,10,10,10,255,255
1780877872.363275,280,30593026,851,2059,2045,2057,2074,2055,1250,999,1059,1307,2012,2078,2072,2158,1390,1127,1211,2027,2086,2127,2070,2085,2096,1630,1181,2011,2103,2078,2076,2141,2048,1850,1196,2046,2107,2085,2114,2115,2078,1885,1173,2022,2103,2109,2063,2065,1930,1958,1151,2041,2097,2101,2110,1954,1934,1937,1107,1574,2044,2063,1990,2006,2011,1952,5,5,5,5,255,5,5,5,5,5,5,5,255,255,5,5,5,5,5,5,5,5,5,255,5,5,5,5,5,5,5,5,5,5,5,5,5,5,255,255,9,10,5,10,5,5,10,255,5,5,5,5,5,255,5,5,5,4,255,5,5,5,255,255
1780877872.462697,281,30693026,829,2088,2060,2080,2100,2055,1232,969,1063,1218,2070,2064,2093,2107,1423,1102,1193,1993,2075,2084,2102,2068,2033,1691,1174,2047,2071,2083,2081,2085,2046,1800,1189,2027,2059,2097,2114,2086,2078,1885,1206,1934,2101,2090,2115,2100,1985,1947,1134,2041,2074,2106,2055,1973,1950,1944,1141,1507,2065,2017,1981,1954,2011,1952,5,5,255,5,10,255,5,5,5,5,5,5,10,10,5,5,5,5,5,5,5,5,5,10,5,5,5,5,5,5,5,5,5,9,255,5,5,5,255,255,5,9,5,5,5,5,5,10,5,255,5,5,5,10,5,5,5,9,10,5,5,5,255,255
1780877872.563144,282,30793027,843,2088,2033,2067,2075,2055,1257,996,1067,1218,2070,2047,2093,2054,1410,1121,1181,1993,2069,2065,2073,2095,2101,1694,1178,2049,2085,2097,2076,2084,2091,1800,1227,2029,2059,2080,2127,2074,2078,1885,1169,1934,2095,2090,2105,2066,1985,1951,1172,2041,2100,2092,2055,1986,1947,1959,1096,1404,2065,2017,1984,1966,2011,1952,5,255,5,5,5,255,9,5,5,255,255,5,255,5,5,5,5,255,5,5,5,5,5,5,5,5,5,5,5,5,5,255,5,5,255,5,5,5,255,255,5,255,5,255,5,5,255,5,5,255,5,5,255,5,5,5,5,5,255,255,255,5,255,255
1780877872.663529,283,30893027,841,2088,2061,2067,2110,2069,1291,994,1070,1217,2070,2068,2061,2054,1393,1110,1181,1696,2066,2076,2078,2098,2040,1682,1203,2034,2079,2092,2083,2083,2096,1800,1198,1976,2082,2094,2119,2114,2058,1885,1155,1934,2092,2090,2116,2085,1985,1895,1166,2041,2082,2055,2055,2003,1947,1944,1147,1404,2030,2072,1998,1992,2011,1952,5,255,5,255,5,10,5,5,5,10,255,5,10,255,5,5,5,10,5,5,5,5,5,5,5,5,5,5,5,5,5,255,5,5,10,5,5,5,10,255,5,255,5,255,5,5,255,5,5,255,5,5,255,5,255,5,5,255,10,10,5,5,255,255
1780877872.772786,284,31003026,853,2060,2019,2081,2059,2069,1249,993,1079,1330,2054,2083,2102,2089,1395,1096,1194,1959,2090,2110,2073,2044,2107,1679,1195,2088,2098,2077,2104,2117,2096,1750,1171,1896,2060,2096,2117,2136,2091,1885,1181,1934,2082,2090,2136,2077,1952,1938,1148,2041,2104,2138,2055,1993,1947,1944,1099,1404,2030,2033,1990,1946,2011,1952,5,10,5,10,5,5,5,5,5,5,10,5,5,10,5,5,5,4,5,5,5,5,5,5,5,5,5,5,5,5,5,10,5,5,5,5,5,5,5,255,5,255,5,255,5,5,10,5,5,255,5,5,255,5,255,255,5,255,255,5,5,5,255,255
1780877872.872167,285,31103026,831,2060,2063,2081,2064,2043,1278,997,1067,1322,2087,2083,2102,2092,1448,1100,1181,2085,2102,2049,2114,2121,2078,1669,1126,2004,2084,2076,2089,2105,2119,1830,1176,2030,2095,2072,2110,2136,2085,1885,1194,2051,2069,2134,2116,2058,1973,1955,1154,2041,2125,2098,2136,1961,1939,1916,1119,2083,2043,2065,2006,1921,2011,1952,5,255,5,255,5,5,5,5,5,5,5,255,255,5,5,5,5,5,5,5,5,5,5,5,5,5,5,5,5,5,5,5,5,5,5,5,5,255,5,255,5,10,5,10,5,5,5,5,5,255,5,5,10,5,10,10,5,10,10,5,255,5,255,255
1780877872.973200,286,31203026,828,1044,2043,2058,2095,2094,1289,994,1079,1391,2027,2083,2138,2002,1424,1123,1201,2079,2070,2111,2102,2126,2091,1716,1235,2045,2078,2086,2084,2086,2097,1858,1182,2051,2095,2099,2113,2110,2085,1885,1165,2031,2069,2149,2096,2095,1954,1983,1122,2050,2092,2103,2136,2005,1955,1951,1126,2083,2032,2034,2000,1955,2011,1952,5,10,5,10,5,5,5,5,5,5,5,255,10,5,5,5,5,5,5,5,5,5,5,5,5,5,5,5,5,5,5,5,5,5,255,5,5,10,255,255,5,5,255,5,5,5,5,5,5,10,5,5,255,5,5,5,5,255,5,5,5,5,255,255
1780877873.072243,287,31303026,837,1061,2086,2075,2098,2094,1263,999,1063,1299,2082,2078,2138,2020,1396,1121,1167,2079,2080,2066,2084,2082,2092,1631,1120,2029,2065,2088,2069,2083,2078,1881,1168,2039,2075,2090,2083,2074,2093,1861,1175,2031,2108,2031,2142,2103,1919,1924,1170,2050,2102,2079,2090,1975,1962,2000,1141,2083,2068,2034,2014,1995,2011,1952,5,5,5,5,5,255,9,5,5,5,5,10,255,5,5,5,5,255,5,5,5,5,5,5,5,5,5,5,5,5,5,5,5,5,10,5,5,5,10,10,5,255,10,5,5,5,5,5,5,255,5,5,10,5,5,5,5,255,5,255,5,5,255,255
1780877873.174083,288,31403026,841,2070,2087,2075,2111,2102,1265,989,1109,1272,2047,2113,2077,1991,1377,1105,1214,2079,2071,2101,2113,2083,2064,1631,1204,2073,2080,2091,2086,2115,2099,1881,1182,1998,2087,2101,2090,2120,2040,1891,1163,2031,2130,2089,2112,2072,1989,1918,1155,2050,2070,2092,2090,1990,1956,2000,1125,2083,2068,2034,1993,1950,1907,1952,5,5,5,255,5,10,5,5,5,5,5,5,10,5,5,5,5,255,5,5,5,5,5,255,5,5,5,5,5,5,5,255,5,5,5,5,5,5,5,5,5,255,5,5,5,5,5,5,5,255,5,5,255,5,5,255,5,255,255,255,5,5,10,255
1780877873.274972,289,31503026,842,2070,2072,2095,2042,2079,1257,1012,1042,1270,2113,2076,2109,2068,1394,1122,1199,1987,2076,2117,2081,2132,2091,1678,1204,2035,2107,2076,2087,2078,2089,1897,1157,2004,2094,2091,2110,2068,2040,1914,1204,2028,2102,2051,2120,2072,1922,1912,1145,2050,2102,2092,2088,1989,1932,1951,1137,2083,2006,2103,1977,1950,1907,1952,5,255,5,10,5,5,5,5,5,5,5,5,5,5,5,5,5,10,5,5,5,5,5,10,5,5,5,5,5,5,5,10,5,5,5,5,5,5,255,5,5,10,5,5,5,5,5,5,5,255,5,5,10,5,5,10,5,255,10,10,5,255,255,255
1780877873.373019,290,31603027,845,2070,2072,2095,2109,2068,1248,992,1064,1305,2113,2074,2079,2068,1401,1097,1180,1987,2036,2098,2104,2110,2027,1696,1194,2033,2094,2085,2057,2078,2077,1937,1188,2051,2061,2091,2062,2121,2048,1880,1193,2028,2112,2091,2022,2117,1926,1955,1165,2050,2105,2127,2088,1978,1939,1951,1097,2083,2025,2103,2027,1946,1907,1952,5,255,255,255,5,5,5,5,5,5,255,5,5,255,5,5,5,255,5,5,5,5,5,5,5,5,5,5,5,255,5,5,5,5,5,5,5,5,10,5,5,255,5,5,5,5,5,5,5,255,5,5,255,5,5,255,5,255,5,255,5,255,255,255
1780877873.472843,291,31703026,827,2070,2068,2078,2067,2087,1240,983,1063,1261,2077,2104,2079,2062,1408,1117,1191,1998,2042,2084,2131,2106,2065,1708,1213,2007,2104,2092,2086,2096,2108,1903,1159,2036,2083,2083,2099,2121,2048,1955,1173,1995,2070,2148,2140,2121,1965,1943,1157,2050,2094,2096,2105,1987,1939,1939,1134,2083,2025,2065,2025,1966,1907,1952,5,255,10,10,5,5,5,5,5,5,10,5,255,10,5,5,5,10,5,5,5,5,5,5,5,5,5,5,5,10,5,5,5,5,5,5,5,255,255,5,5,10,5,5,5,5,5,5,5,255,5,5,10,5,255,10,5,255,255,10,5,5,255,255
1780877873.573251,292,31803026,834,2057,2069,2064,2069,2087,1239,960,1067,1251,2072,2088,2090,2075,1434,1105,1201,1962,2113,2094,2129,2106,2084,1849,1202,2142,2081,2089,2095,2059,2115,1883,1246,2020,2080,2098,2104,2121,2048,1955,1171,1995,2111,2139,2100,2130,1966,1929,1187,2041,2114,2085,2128,2009,1939,1984,1099,2083,2025,2065,1995,1940,1907,1952,5,10,5,5,5,255,5,5,5,5,5,5,10,5,5,5,5,5,5,5,5,5,5,5,5,5,5,5,5,5,5,5,5,5,5,5,5,255,255,255,5,255,5,5,5,5,5,5,5,10,5,5,5,5,255,5,5,255,255,255,5,5,255,255
1780877873.671981,293,31903026,825,2062,2080,2073,2069,2040,1334,985,1050,1261,2037,2096,2103,2070,1462,1100,1196,1960,2087,2086,2083,2085,2030,1738,1190,2041,2080,2095,2087,2076,2129,1927,1189,2066,2153,2087,2077,2121,2048,1928,1174,2157,2104,2139,2102,2069,2002,1964,1148,2047,2109,2091,2126,1988,1963,1959,1119,2083,2055,2065,2026,1940,1914,1952,5,5,5,5,5,10,5,5,5,5,5,5,5,5,5,5,5,5,5,5,5,5,5,5,5,5,5,5,5,5,5,5,5,5,5,5,5,255,255,10,5,10,5,255,5,5,5,5,5,5,5,5,5,5,10,5,5,255,10,255,5,255,10,255
1780877873.772325,294,32003026,848,1036,2096,2073,2084,2091,1261,958,1043,1320,2088,2063,2103,2060,1470,1147,1175,1960,2068,2060,2126,2066,2084,1710,1200,2024,2069,2094,2094,2108,2101,1869,1199,2013,2119,2090,2094,2053,2048,1943,1220,2095,2095,2139,2117,2143,1968,1917,1156,2047,2095,2126,2098,1939,1926,1955,1073,2083,2051,2065,2025,1968,2009,1952,5,5,5,255,5,5,5,5,5,5,5,5,255,5,5,5,5,255,5,5,5,5,5,5,5,5,5,5,5,5,5,5,5,5,5,5,5,10,255,5,5,5,5,255,5,5,5,5,5,255,5,5,5,5,5,5,5,255,5,255,5,10,5,255
1780877873.872773,295,32103026,855,1060,2049,2049,2074,2033,1272,974,1069,1263,1999,2063,2103,2057,1404,1110,1199,2060,2072,2120,2113,2078,2040,1680,1224,2059,2097,2086,2087,2100,2074,1869,1163,2082,2121,2082,2101,2138,2048,1943,1189,2095,2129,2078,2075,2121,1948,1947,1143,2077,2065,2096,2098,1950,1922,1956,1116,1584,2070,2057,1966,1968,2009,1952,5,5,5,10,5,5,5,5,5,5,5,255,255,5,9,5,5,10,5,5,5,5,5,9,5,5,5,5,5,5,5,255,5,5,5,5,5,5,255,255,5,255,5,10,5,5,5,5,5,10,5,5,255,5,5,5,5,10,5,10,5,255,255,255
1780877873.972582,296,32203027,852,1060,2021,2082,2090,2117,1282,999,1057,1340,2024,2063,2085,2083,1442,1160,1176,2032,2107,2067,2108,2090,2040,1680,1172,2018,2068,2091,2092,2099,2077,1839,1195,1930,2119,2073,2069,2075,2048,1836,1162,2095,2089,2095,2053,2073,1970,1909,1153,2077,2101,2083,2098,1950,1929,1956,1118,1584,2082,2057,2127,2049,2009,1970,5,255,5,5,5,5,9,5,9,5,5,255,10,5,5,5,5,5,5,5,5,5,255,255,5,5,5,5,5,5,5,10,5,5,5,5,5,5,255,10,5,255,5,5,5,5,5,255,5,255,5,5,255,255,5,255,5,255,5,255,5,10,255,10
1780877874.072057,297,32303026,841,2074,2055,2061,2054,2075,1273,984,1062,1340,2051,2084,2063,2085,1433,1106,1198,2032,2094,2088,2101,2070,2093,1700,1204,2018,2100,2078,2093,2098,2068,1888,1229,2049,2092,2102,2134,2088,2048,1924,1181,2095,2096,2118,2071,2086,1946,1960,1158,2031,2090,2121,2102,2013,1944,1968,1114,1584,2061,2038,2127,1955,2009,1970,5,10,5,5,5,5,5,5,5,255,5,10,5,5,5,5,5,255,5,5,5,5,10,10,5,255,5,5,5,5,5,5,5,5,5,5,5,5,255,5,5,255,5,5,5,5,5,5,5,10,5,5,10,10,5,10,5,255,5,10,255,5,255,255
1780877874.173845,298,32403027,835,2074,2087,2104,2084,2075,1274,984,1071,1334,2056,2084,2063,2065,1403,1093,1179,2032,2095,2069,2097,2079,2060,1767,1232,1976,2093,2092,2092,2081,2060,1888,1177,2044,2089,2062,2100,2126,2066,1924,1160,2095,2096,2113,2077,2071,1952,1939,1190,2031,2114,2110,2102,1970,1918,1934,1091,1584,2041,2049,2026,2003,2009,1970,5,255,5,5,5,255,5,5,5,10,5,255,255,5,5,5,5,255,5,5,5,5,5,5,9,10,5,5,5,5,5,255,5,5,5,5,5,5,10,255,5,255,255,5,5,5,5,5,5,255,5,5,255,5,5,5,5,255,5,5,10,255,255,255
1780877874.272613,299,32503026,831,1050,2089,2052,2083,2038,1270,993,1060,1292,2073,2084,2063,2081,1388,1108,1154,2043,2094,2086,2115,2086,2080,1767,1183,2073,2099,2089,2076,2092,2106,1847,1198,1919,2082,2124,2104,2142,2066,1974,1190,2095,2103,2101,2106,2078,1946,1907,1146,2031,2093,2098,2093,2051,1895,1484,1139,1584,2041,2039,2026,1967,2009,1970,5,10,5,5,5,10,5,5,5,5,5,255,255,5,5,5,5,10,5,5,5,5,5,255,5,5,5,5,5,5,5,10,5,9,5,5,5,5,255,10,5,255,10,5,5,5,5,5,5,255,5,5,10,5,5,4,5,255,255,5,255,5,255,255
1780877874.372850,300,32603027,842,1048,2100,2077,2098,2038,1273,995,1074,1274,2049,2071,2086,2081,1429,1132,1179,2043,2096,2075,2089,2057,2085,1767,1165,2066,2061,2075,2071,2087,2102,1908,1196,2026,2082,2086,2104,2072,2066,1965,1205,2023,2083,2101,2149,2096,1995,1936,1173,2031,2120,2098,2106,1956,1915,1353,1110,1584,2041,2110,2001,1960,2009,1970,5,5,5,5,5,255,5,5,5,5,5,10,10,255,5,9,5,255,5,5,5,5,5,255,5,5,5,5,5,5,5,5,5,5,255,5,5,5,255,5,5,10,5,255,5,5,5,5,5,255,5,255,5,5,5,5,5,255,255,5,10,5,255,255
1780877874.473112,301,32703026,849,1050,2070,2071,2097,1980,1271,988,1057,1358,2070,2071,2089,2064,1365,1162,1180,1971,2085,2076,2089,2069,2050,1594,1180,2066,2072,2087,2084,2102,2089,1829,1178,2118,2098,2096,2150,2136,2066,1965,1166,2023,2099,2087,2028,2077,1932,1979,1106,2050,2100,2071,2105,1970,1915,1326,1145,1584,2041,2060,1978,1960,2009,1171,5,255,5,5,5,10,5,5,5,5,5,255,5,10,5,5,5,10,5,5,255,5,5,10,5,255,5,5,5,5,5,5,5,5,10,5,5,5,255,255,5,255,5,10,5,5,5,255,5,10,5,10,5,5,255,5,5,255,10,5,5,255,255,10
1780877874.572721,302,32803027,842,1048,2076,2071,2077,1983,1276,987,1086,1353,2073,2071,2084,2074,1385,1075,1204,1966,2089,2085,2084,2098,2081,1594,1163,2032,2119,2080,2100,2097,2071,1829,1161,2027,2109,2088,2106,2136,2013,1965,1171,2023,2099,2091,2101,2064,1939,1011,1116,2047,2100,2074,2105,2014,1283,1129,1157,1584,2041,2060,1995,1960,1523,1026,5,5,5,255,5,5,5,5,5,5,5,255,5,5,5,5,5,9,5,5,10,5,5,255,5,10,5,5,5,5,5,255,5,5,5,5,5,255,10,255,5,255,255,5,5,5,5,4,5,5,255,5,255,5,10,5,5,255,255,255,5,255,10,5
1780877874.672814,303,32903026,836,2058,2104,2078,2099,2059,1261,979,1025,1484,2088,2089,2081,2074,1432,1138,1164,1966,2100,2087,2081,2065,2088,1631,1189,2009,2098,2099,2100,2112,2119,1829,1164,2054,2066,2093,2089,2124,2034,918,1164,2023,2087,2074,2108,2077,1939,1024,1153,2020,2108,2080,2105,2065,1095,926,1139,1584,2020,2066,1995,2013,1068,832,5,5,5,10,5,5,5,5,5,5,5,10,5,255,5,5,5,255,5,5,5,5,5,10,9,5,5,5,5,5,5,255,5,5,5,5,5,10,5,10,5,255,10,5,5,5,255,5,5,5,10,5,255,5,5,4,5,255,10,10,255,10,4,5
1780877874.772791,304,33003026,840,1077,2060,2089,2099,2062,1308,986,1106,1373,2092,2043,2157,2035,1403,1153,1221,2031,2063,2087,2113,2110,2063,1725,1206,2052,2071,2103,2084,2112,2080,1690,1195,2066,2114,2070,2121,2135,2034,1008,1153,2057,2078,2074,2157,1108,1076,847,1164,2020,2123,2095,2105,1141,908,766,1153,1610,2020,2061,2015,1029,939,664,5,4,5,5,255,5,9,5,5,5,5,5,5,10,5,5,5,10,5,5,5,5,5,5,9,5,5,5,5,5,5,10,5,5,5,5,5,5,255,5,5,10,5,255,5,4,10,5,5,255,5,5,255,4,5,5,5,10,255,5,255,5,5,5
1780877874.872917,305,33103026,828,1044,2014,2054,2080,2034,1234,993,1099,1361,2076,2082,2069,2035,1401,1115,1227,1965,2080,2082,2081,2080,2074,1725,1233,2039,2079,2099,2086,2092,2099,948,1198,2051,2085,2078,2086,2095,901,779,1174,2046,2077,2144,1990,1025,809,654,1171,2020,2072,2105,1080,1011,697,631,1142,1610,2020,2061,2020,691,668,429,5,255,5,5,10,5,5,5,5,5,5,5,5,255,5,5,5,5,5,5,5,5,5,255,5,5,5,5,5,5,5,5,5,5,5,5,5,5,10,4,5,5,5,10,5,5,4,5,5,255,5,5,10,5,4,5,5,255,255,255,5,4,4,4
1780877874.973217,306,33203026,864,1044,2051,2100,2080,2082,1283,979,1075,1360,2021,2082,2069,2035,1378,1105,1201,1614,2087,2061,2078,2080,1994,1694,1226,2062,2097,2089,2084,452,1144,386,1183,2051,2064,2061,2109,958,407,401,1188,2046,2125,2087,872,435,432,380,1159,2020,2115,1010,696,659,384,375,1139,1610,2020,727,694,608,380,418,5,255,5,5,255,5,5,5,5,5,5,255,255,255,5,5,5,4,5,5,5,5,5,10,5,5,5,5,5,4,4,4,5,255,5,5,5,4,4,4,5,255,5,5,4,4,4,4,5,255,5,4,4,5,4,4,5,255,255,10,4,5,4,5
1780877875.073352,307,33303026,830,2030,2102,2100,2088,2082,1243,997,1075,1238,2046,422,2069,382,1422,1101,1184,2028,2063,437,393,376,371,1652,1221,1996,2094,404,385,376,373,648,1205,1957,806,550,392,383,387,442,1181,2061,725,669,578,639,388,1994,1152,2020,2062,691,654,632,1968,375,1135,1610,2041,2070,2002,1972,380,418,5,10,5,255,10,255,5,5,5,5,5,255,255,10,5,5,5,4,5,4,4,4,4,5,5,5,5,4,4,5,4,4,5,10,4,4,4,5,5,5,5,10,4,4,4,4,5,4,5,255,5,4,5,5,4,255,5,255,10,4,4,4,255,255
1780877875.171815,308,33403027,856,2030,437,394,403,402,1228,965,1051,1263,431,451,408,611,600,1095,1169,2028,694,618,621,609,654,662,1193,767,694,671,627,675,642,787,1179,1957,684,687,685,713,387,442,1147,2028,725,669,709,2057,1973,1994,1108,2020,2111,2121,2101,1986,1954,375,1112,1610,2041,2044,2025,1965,380,418,5,255,4,10,4,10,5,5,9,5,4,5,10,4,4,5,5,255,4,5,4,4,4,5,5,4,4,4,4,4,4,5,5,255,5,5,4,4,255,255,5,5,255,255,255,4,4,255,5,255,5,5,4,5,5,255,5,255,255,5,5,5,255,255
1780877875.272854,309,33503026,852,811,667,640,650,663,1215,995,1112,1209,676,690,661,749,724,1084,1202,1879,749,744,823,790,841,839,1190,2023,2088,1176,1092,2103,2090,1829,1181,2004,2116,2157,2113,2002,387,442,1188,1984,2115,669,2083,2121,1935,1949,1122,2020,2084,2114,2113,1967,1928,375,1138,1610,2028,2071,1970,1965,380,418,5,10,4,4,4,4,5,5,5,5,4,4,4,5,5,5,5,10,5,5,4,5,4,5,5,4,4,4,4,4,4,5,5,10,4,4,4,4,255,255,5,5,10,255,4,5,5,10,5,255,5,5,5,5,5,255,5,255,10,5,5,255,255,255
1780877875.372389,310,33603027,842,755,757,757,793,807,1212,995,1079,1295,861,915,882,749,1364,1081,1192,750,749,1475,823,2113,1988,1767,1204,2020,2079,1678,1648,2079,2079,1830,1235,2060,2094,2157,2061,2002,387,1941,1228,1984,2079,669,2076,2061,2043,1916,1152,2020,2082,2110,2113,1924,1957,1959,1124,1610,2009,2071,2004,1922,380,418,5,5,5,5,5,5,5,5,5,5,5,4,4,255,4,5,5,255,255,4,255,4,4,5,5,5,5,4,4,5,5,5,5,5,5,255,5,255,255,10,5,255,5,255,5,5,5,5,5,255,5,5,255,5,5,10,5,255,5,255,5,10,255,255
1780877875.472219,311,33703026,849,1070,1022,1010,1069,2067,1265,980,1079,1278,861,1740,2062,749,1408,1108,1211,750,2085,1901,2050,2083,2059,1767,1202,2061,2086,2080,2072,2116,2134,1907,1172,1993,2141,2099,2107,2112,2070,1941,1196,2032,2082,2094,2116,2059,2043,1907,1138,2020,2130,2113,2097,1924,1919,1984,1136,1610,2043,2080,1999,1922,380,418,5,5,4,4,4,4,9,5,9,5,255,4,4,255,5,5,5,255,10,4,10,5,5,255,5,5,5,4,5,5,5,5,5,5,5,10,5,10,10,255,5,10,5,10,5,5,255,5,5,255,5,5,10,255,5,5,5,255,5,10,5,255,255,255
1780877875.583560,312,33813027,850,1070,1850,1564,1069,2065,1326,988,1068,1200,2020,1740,2059,2023,1428,1132,1193,2023,2083,2056,2119,2090,2024,1767,1211,2066,2091,2086,2081,2100,2104,1873,1226,1993,2079,2117,2100,2101,2070,1941,1181,2032,2072,2094,2098,2059,1958,1967,1139,2020,2097,2112,2097,2107,1938,1984,1095,1539,2031,2080,1967,1913,2048,418,5,255,3,4,255,5,9,5,5,5,10,255,5,10,5,5,5,10,5,5,5,5,5,255,5,5,5,5,5,5,5,5,5,255,5,5,5,5,255,255,5,255,5,255,5,255,10,5,5,255,5,5,255,10,5,255,5,10,5,255,5,10,10,255
1780877875.682939,313,33913026,828,1039,2091,1564,2074,2004,1293,967,1088,1251,2064,2085,2099,2023,1386,1134,1187,1912,2124,2073,2114,2120,2047,1728,1170,2059,2071,2090,2089,2101,2072,1830,1201,2052,2093,2091,2109,2122,2073,1941,1151,2032,2084,2094,2109,2139,1954,1967,1171,2020,2093,2067,2101,2014,1971,1941,1124,1539,2034,2095,2022,1955,2048,418,5,255,4,255,10,5,5,5,5,5,5,10,5,255,5,5,5,5,5,5,5,5,5,10,5,5,5,5,5,5,5,5,5,255,5,5,5,5,10,255,5,255,5,255,5,10,5,255,5,255,5,5,10,5,5,10,5,255,5,10,5,5,255,255
1780877875.782529,314,34013026,838,2049,2056,1564,2074,2062,1267,1021,1081,1217,2064,2070,2078,2072,1411,1105,1174,1946,2077,2065,2114,2120,2051,1675,1207,2059,2095,2091,2105,2104,2072,1863,1166,2045,2109,2085,2118,2128,2096,1941,1201,2032,2093,2147,2104,2090,1962,1910,1151,2037,2088,2086,2101,1934,1924,1998,1114,4105,2034,2095,2071,1958,2048,418,5,4,5,255,255,5,5,5,5,5,255,5,5,10,5,5,5,5,5,5,255,255,5,5,9,255,5,5,5,5,5,5,5,5,5,5,5,5,5,255,5,255,5,10,5,5,5,10,5,10,5,5,255,5,5,5,5,2,5,255,5,5,255,255
1780877875.883373,315,34113026,847,2071,2104,2094,2074,2081,1347,981,1073,1245,2092,2066,2078,2086,1381,1111,1196,1946,2078,2084,2106,2093,2094,1675,1223,1981,2074,2080,2082,2108,2095,1907,1224,1941,2106,2106,2126,2108,2096,1922,1168,2022,2075,2117,2114,2069,1989,1949,1152,2035,2090,2096,2101,2000,1935,1998,1119,1836,2054,2031,2003,1947,2048,418,5,5,5,10,255,5,5,5,5,5,10,5,255,5,5,5,5,255,5,5,10,10,5,255,5,10,5,5,5,5,5,5,9,5,5,5,5,5,255,10,5,10,5,5,5,5,9,5,5,5,5,5,255,5,5,255,5,4,5,10,5,5,255,255
1780877875.983575,316,34213027,840,1059,2061,2094,2074,1963,1387,986,1094,1336,2068,2066,2078,2086,1449,1085,1214,1946,2104,2055,2121,2066,2071,1590,1164,2006,2094,2085,2084,2096,2088,1890,1212,2046,2073,2082,2099,2108,2096,1922,1178,2022,2096,2096,2114,2181,1955,1940,1140,2035,2086,2132,2101,2000,1931,1960,1107,1836,1990,2031,2013,1922,2048,418,5,255,5,255,255,5,5,5,5,5,5,255,255,255,5,5,5,255,5,5,5,5,5,10,5,5,5,5,5,5,5,5,5,5,5,5,5,255,255,255,5,255,5,5,5,5,5,5,5,255,5,5,255,5,5,10,5,255,5,255,5,5,255,255
1780877876.083259,317,34313026,851,1028,2114,2072,2078,2104,1316,1002,1066,1258,2056,2066,2049,2086,1452,1125,1158,1923,2082,2093,2098,2055,2058,1625,1210,2010,2103,2090,2088,2117,2106,1927,1151,2073,2081,2105,2115,2108,2041,1921,1166,2022,2107,2076,2095,2063,1975,1907,1126,2035,2104,2084,2085,2002,1940,1959,1108,1836,2074,2042,2025,1922,2048,418,5,255,5,10,10,5,5,5,5,5,5,255,10,255,5,5,5,10,5,5,5,5,5,5,5,5,5,5,5,5,5,5,5,5,5,5,5,255,10,10,5,255,5,5,5,5,5,5,5,255,5,5,10,5,5,5,5,255,5,10,5,255,255,255
1780877876.182620,318,34413027,819,1028,2078,2091,2105,2074,1294,1009,1069,1317,2056,2066,2194,2086,1431,1100,1206,1923,2081,2075,2090,2072,2048,1662,1227,2037,2101,2077,2070,2113,2106,1905,1220,2091,2060,2103,2110,2108,2041,1921,1182,1953,2115,2116,2113,2092,1975,1891,1145,2035,2109,2124,2085,2002,1929,1975,1127,1836,2074,2044,1971,1967,2048,418,5,255,5,5,5,5,5,5,5,5,255,255,5,255,5,5,5,255,5,5,5,5,5,5,5,5,5,5,5,5,255,5,5,5,5,5,5,10,255,255,5,10,5,5,5,5,255,5,5,255,5,5,255,255,5,5,5,255,255,5,5,10,255,255
1780877876.282576,319,34513026,830,1060,2074,2069,2072,2079,1313,1000,1089,1175,2045,2091,2194,2059,1413,1083,1211,1974,2080,2090,2050,2112,2055,1662,1170,2092,2080,2081,2101,2095,2066,1691,1176,2044,2090,2095,2106,2156,2078,1896,1169,2029,2075,2116,2074,2077,2058,1916,1139,2035,2096,2121,2111,1983,1953,1953,1113,1836,2048,2089,1901,1950,2048,2010,5,10,5,5,5,5,5,5,5,5,10,10,255,10,5,5,5,10,5,5,5,5,5,255,5,5,5,5,5,5,10,4,5,5,5,5,5,5,10,10,5,5,5,255,5,5,10,5,5,255,5,5,10,10,5,5,5,255,10,5,5,5,255,10
1780877876.382151,320,34613027,830,1060,2066,2069,2089,2045,1257,974,1058,1317,2048,2083,2116,2092,1414,1126,1200,1974,2089,2086,2096,2065,2082,1694,1144,2023,2086,2090,2094,2126,2068,1880,1203,2061,2112,2092,2097,2171,2085,1896,1120,2029,2121,2083,2053,2048,2058,1951,1148,2035,2096,2115,2125,1996,1975,1953,1137,1836,2044,2089,2001,1925,2048,2010,5,255,5,255,5,5,5,5,5,5,255,5,10,5,5,5,5,255,5,5,5,5,5,10,5,5,5,5,5,5,5,5,5,5,5,5,5,5,5,255,5,255,5,10,5,5,255,5,5,255,255,5,5,5,5,255,5,255,5,255,5,5,255,255
1780877876.483150,321,34713026,833,1023,2140,2069,2110,2030,1306,1000,1069,1316,2037,2068,2097,2060,1408,1098,1208,1647,2082,2077,2077,2062,2079,1586,1214,2047,2098,2084,2092,2091,2088,1861,1177,2050,2064,2092,2086,2148,2085,1923,1214,2029,2121,2103,2085,2120,1944,1943,1150,2035,2074,2093,2093,2000,1935,1980,1109,1836,2026,2055,1988,1925,2048,2010,5,255,5,255,5,5,5,5,5,5,5,5,5,5,5,5,5,10,5,5,5,5,5,5,9,5,5,5,5,5,5,5,5,5,5,5,5,5,255,10,5,255,255,5,5,5,10,5,5,255,10,5,5,5,5,10,5,255,5,10,5,255,255,255
1780877876.584533,322,34813027,844,2067,2102,2069,2092,2030,1325,956,1089,1292,2098,2068,2065,2060,1429,1120,1206,2027,2083,2085,2149,2087,2072,1645,1208,2036,2080,2096,2090,2103,2049,1900,1196,2070,2070,2062,2145,2138,2085,1895,1175,2029,2074,2099,2171,2028,2012,1968,1182,2035,2169,2088,2093,2027,1977,1980,1116,1836,2026,2055,1944,1925,2048,2010,5,4,5,255,5,255,9,5,5,5,5,255,5,255,5,5,5,4,5,5,5,5,5,5,5,5,5,5,5,5,5,5,5,5,5,5,5,5,255,5,5,255,10,5,5,5,5,5,5,255,5,5,255,5,5,255,5,255,255,255,5,255,255,255
1780877876.682454,323,34913026,845,997,2051,2095,2077,2023,1281,986,1095,1276,2073,2068,2090,2033,1393,1117,1198,1552,2027,2080,2103,2089,2026,1680,1152,2033,2093,2089,2077,2124,2088,1867,1202,2055,2109,2074,2117,2089,2085,1895,1198,1988,2077,2076,2080,2063,1987,1934,1161,2035,2101,2111,2106,2027,1916,1937,1120,1836,2049,2025,2018,1925,2048,2010,5,255,5,10,5,10,5,5,5,5,5,255,5,10,5,5,5,4,5,5,5,5,5,5,5,5,5,5,5,5,5,5,5,5,5,5,5,5,255,255,5,10,5,5,5,5,5,5,9,255,5,5,10,255,5,10,5,255,10,10,5,255,255,255
1780877876.783130,324,35013026,835,2077,2051,2078,2086,2044,1260,970,1074,1251,2085,2068,2063,2080,1377,1132,1213,2057,2044,2099,2059,2097,2029,1604,1162,2045,2085,2088,2102,2105,2054,1903,1216,2019,2079,2085,2109,2121,2085,1875,1196,1982,2079,2080,2129,2146,1972,1923,1126,2035,2104,2096,2087,1984,1943,1943,1121,1897,1975,2052,2012,1925,2048,2010,5,255,255,5,5,255,5,5,5,5,5,255,5,5,5,5,5,4,5,5,5,5,5,5,5,5,5,5,5,5,5,9,5,5,5,5,5,5,255,10,5,5,5,5,5,5,5,5,5,255,5,5,5,10,5,5,5,10,5,5,5,255,255,255
1780877876.882554,325,35113026,836,2081,2056,2078,2074,2059,1248,1004,1074,1454,2061,2061,2063,2080,1503,1122,1176,2057,2079,2079,2100,2066,2044,1637,1197,1997,2081,2079,2067,2089,2087,1921,1187,2085,2086,2059,2091,2110,2085,1930,1195,1982,2082,2116,2068,2065,1980,1945,1142,2035,2081,2136,2105,1986,1934,1966,1149,1897,2041,2097,1933,1925,2048,2010,5,5,10,255,5,5,5,5,5,4,5,10,255,255,5,5,5,255,5,5,5,5,5,5,5,5,5,5,5,5,5,5,5,5,5,5,5,5,255,5,5,255,5,5,5,5,5,5,5,255,5,5,5,5,5,5,5,255,5,5,5,255,255,255
1780877876.982198,326,35213027,845,2081,2090,2059,2074,2059,1306,1000,1070,1314,2111,2061,2063,2070,1466,1141,1177,1971,2103,2073,2093,2090,2043,1834,1200,2113,2096,2083,2088,2099,2100,1929,1189,2011,2090,2071,2104,2103,2048,1930,1159,1982,2084,2061,2100,2119,1980,1937,1130,2035,2096,2091,2102,1988,1934,1963,1131,1897,2052,2097,2025,1925,2048,2010,5,255,5,10,5,255,9,5,5,5,5,255,255,10,5,5,5,10,5,5,5,5,5,5,9,5,5,5,5,5,5,5,5,5,5,5,5,5,10,255,5,255,5,5,5,5,255,5,5,255,5,5,5,5,255,5,5,255,5,255,255,255,255,255
1780877877.082056,327,35313026,820,2081,2084,2081,2072,2053,1281,983,1062,1259,2053,2061,2056,2070,1418,1105,1201,2057,2085,2100,2109,2124,2082,1834,1220,2034,2109,2082,2108,2117,2084,1880,1210,2104,2087,2105,2090,2075,2085,1903,1194,1982,2104,2091,2122,2119,2013,1937,1110,2035,2106,2091,2090,2013,1907,1956,1101,1897,2061,2033,1979,1929,2048,2010,5,255,5,5,5,10,9,5,5,5,5,255,10,255,5,5,5,5,5,5,5,5,5,255,5,5,5,5,5,5,5,5,5,5,5,5,5,5,5,10,5,255,5,5,5,5,10,255,5,255,5,5,5,5,10,5,5,255,5,10,5,10,255,255
1780877877.182292,328,35413027,833,2081,2068,2070,2102,2083,1206,979,1084,1204,2053,2061,2056,2077,1418,1128,1211,2060,2083,2086,2089,2082,2060,1834,1185,2063,2112,2089,2093,2087,2113,1873,1201,2104,2106,2114,2123,2075,2085,1938,1176,1982,2086,2089,2100,2095,2013,1994,1138,2035,2068,2110,2073,2011,1986,1912,1097,1897,2033,2033,2011,1934,2048,2010,5,255,5,5,5,5,9,5,5,5,255,255,255,10,5,5,9,5,5,5,5,5,5,255,5,5,5,5,5,5,5,5,5,255,5,5,5,255,255,5,5,255,5,5,5,5,255,10,5,255,5,5,5,5,5,5,5,255,5,255,5,5,255,255
1780877877.282300,329,35513026,836,2081,2095,2070,2071,2040,1268,972,1056,1240,2079,2077,2072,2065,1393,1090,1203,2062,2064,2095,2088,2088,2098,1674,1196,2023,2068,2090,2091,2108,2083,1906,1185,1976,2062,2103,2099,2056,2051,1910,1196,1968,2102,2157,2083,2110,1934,1944,1142,2035,2053,2117,2115,1980,1949,1973,1119,1897,2050,2033,2004,1989,2048,2010,5,255,5,255,5,5,5,5,5,5,10,10,10,5,5,5,5,5,5,5,5,5,5,10,5,5,5,5,5,5,5,3,5,10,5,5,5,10,10,5,5,10,5,5,5,5,10,5,5,255,5,5,5,5,5,5,5,255,5,255,5,5,255,255
1780877877.382913,330,35613027,840,2081,2103,2070,2122,2040,1264,990,1067,1295,2059,2077,2072,2065,1416,1092,1212,2086,2097,2084,2113,2058,2054,1643,1186,2125,2083,2083,2097,2108,2091,1906,1202,2081,2094,2059,2112,2099,2051,1882,1202,1968,2101,2123,2128,2097,1948,1929,1163,2035,2098,2119,2123,1993,1941,1973,1132,1552,2050,2057,2023,1951,2048,2010,5,255,5,255,5,255,5,5,5,5,5,255,255,255,5,5,5,5,5,5,5,5,5,9,5,5,5,5,5,5,5,255,5,5,5,5,5,5,255,5,5,255,5,5,5,5,5,5,5,255,5,5,5,5,5,255,5,10,255,10,5,5,255,255
1780877877.482441,331,35713026,848,2081,2054,2074,2081,2033,1263,997,1068,1296,2048,2072,2046,2065,1401,1090,1194,1998,2083,2082,2113,2116,2006,1729,1170,2003,2089,2085,2100,2112,2091,1906,1194,2078,2104,2100,2112,2099,2051,1883,1184,2066,2077,2123,2108,2104,1969,1957,1141,2035,2106,2125,2123,1974,1943,1967,1132,2153,2047,2034,1995,1953,2048,2010,5,10,5,10,5,10,5,5,5,5,5,10,10,255,5,5,5,5,5,5,5,5,5,5,5,5,5,5,5,5,5,255,5,5,5,5,5,255,255,5,5,10,5,255,5,5,5,5,5,255,5,5,255,5,5,10,5,4,10,5,5,5,255,255
1780877877.582597,332,35813027,848,2075,2088,2067,2090,2033,1305,996,1091,1256,2050,2072,2046,2085,1435,1122,1194,1981,2085,2116,2084,2077,2086,1693,1193,2043,2115,2092,2094,2137,2094,1906,1170,2037,2101,2075,2097,2116,2051,1893,1162,2066,2086,2087,2126,2117,1969,1957,1136,2035,2100,2071,2123,2081,1949,1967,1099,2153,2047,2034,1988,1954,1981,2010,5,5,5,5,5,255,9,5,5,5,5,255,255,10,5,5,5,5,5,5,5,5,5,5,5,5,5,5,5,5,5,255,5,5,5,5,5,10,255,5,5,255,5,10,5,5,255,255,5,255,5,5,255,5,5,255,5,255,255,255,5,5,10,255
1780877877.682447,333,35913026,842,2067,2054,2063,2043,2065,1234,976,1076,1269,2112,2102,2068,2041,1450,1104,1216,1981,2084,2081,2085,2056,2075,1693,1231,1965,2090,2076,2094,2113,2111,1859,1202,2137,2069,2082,2108,2104,2051,1893,1204,2066,2096,2096,2026,2118,1953,1984,1157,2047,2090,2101,2101,2034,1949,1952,1131,2153,2050,2034,2006,1974,2020,2010,5,5,5,5,5,10,5,5,5,5,5,10,10,5,5,5,5,255,5,5,5,5,5,255,5,5,5,5,5,5,5,10,5,5,5,5,5,5,255,255,5,255,5,5,5,5,10,10,5,10,5,5,10,5,255,10,5,255,10,255,5,5,5,255
1780877877.782193,334,36013026,856,2067,2082,2063,2043,2065,1317,975,1050,1269,2062,2043,2068,2054,1463,1083,1176,1981,2056,2076,2078,2056,2047,1692,1186,2040,2097,2079,2070,2115,2108,1801,1209,2142,2103,2090,2134,2092,2099,1869,1228,2041,2095,2110,2147,2059,1953,1978,1124,2047,2079,2118,2120,1983,1944,1945,1124,2153,2075,2034,2023,1910,1982,2010,5,255,5,255,255,255,5,5,5,255,5,5,5,5,5,5,5,255,5,5,5,255,5,10,5,5,5,5,5,5,5,5,5,5,5,5,5,5,10,10,5,10,5,5,5,5,255,5,5,255,5,5,5,5,10,5,5,255,5,255,5,5,5,255
1780877877.882130,335,36113026,838,2093,2057,2056,2072,2049,1301,984,1077,1231,2043,2076,2110,2060,1423,1139,1157,2028,2067,2081,2082,2103,2117,1692,1186,2061,2070,2099,2084,2113,2083,1866,1208,2064,2110,2116,2104,2110,2099,1869,1173,2084,2096,2083,2082,2101,1910,1935,1168,2047,2075,2088,2115,2022,1944,1945,1140,2153,2041,2034,1975,1943,1982,2010,5,10,5,10,10,10,5,5,5,10,5,5,5,5,5,5,9,10,5,5,5,10,5,255,5,5,5,5,5,5,5,5,5,5,5,5,5,5,255,255,5,5,5,5,5,5,10,5,5,255,5,5,5,5,255,5,5,255,5,255,5,5,255,255
1780877877.982136,336,36213027,840,2093,2081,2056,2083,2033,1249,998,1063,1297,2097,2076,2077,2060,1410,1085,1169,2028,2070,2079,2086,2069,2049,1670,1240,2040,2083,2093,2063,2101,2066,1961,1156,2064,2082,2086,2087,2098,2099,1892,1161,1969,2086,2083,2121,2109,1910,1971,1137,2047,2091,2116,2115,1987,1917,1964,1105,2153,2041,2034,1976,1943,1993,2010,5,255,5,255,5,5,5,5,5,5,5,255,5,255,5,5,5,255,5,5,5,5,5,10,5,5,5,5,5,5,5,5,5,255,5,5,5,5,255,10,5,5,5,255,5,5,255,5,5,255,5,5,255,5,10,5,5,255,255,255,5,5,10,255
1780877878.082035,337,36313026,825,1058,2068,2056,2066,2025,1318,1014,1080,1263,2101,2076,2076,2100,1408,1078,1187,1626,2085,2093,2090,2106,2042,1746,1209,2072,2095,2081,2093,2126,2101,1862,1182,2052,2110,2087,2112,2107,2099,1852,1202,1969,2095,2111,2115,2105,1910,1952,1144,2047,2072,2126,2110,1946,1952,1966,1134,2153,2066,2051,1990,2031,1993,1993,5,10,5,255,5,5,5,5,5,5,5,255,5,10,5,5,5,10,5,5,5,5,5,5,5,5,5,5,5,5,5,5,5,10,5,5,5,5,255,5,5,255,5,10,5,5,255,5,5,255,5,5,10,5,5,5,5,255,10,10,5,5,255,10
1780877878.182501,338,36413027,851,1058,2064,2068,2087,2025,1243,986,1069,1277,2101,2076,2085,2100,1437,1103,1165,1957,2050,2082,2081,2068,2096,1666,1225,2034,2078,2095,2095,2091,2109,1862,1169,2080,2123,2093,2093,2058,2099,1852,1138,1969,2095,2114,2135,2097,1910,1933,1150,2047,2082,2130,2097,2032,1956,1966,1132,2153,2066,2051,2020,1928,1993,1993,5,255,5,10,5,255,5,5,5,5,255,255,5,255,5,5,5,4,5,5,5,5,5,5,5,5,5,5,5,5,5,255,5,5,5,5,5,5,255,255,5,255,255,5,5,5,255,5,5,255,5,5,5,5,5,255,5,255,5,255,5,5,255,255
1780877878.293057,339,36523026,821,1058,2064,2068,2061,2025,1272,988,1074,1408,2018,2076,2085,2073,1443,1091,1206,2018,2079,2077,2100,2057,2094,1689,1174,2030,2078,2096,2091,2115,2079,1892,1200,2049,2117,2068,2112,2093,2054,1912,1189,2017,2075,2077,2121,2071,1910,1938,1141,2047,2101,2110,2122,2066,1965,1966,1118,2153,2013,2107,2025,1922,1993,1993,5,255,5,255,5,255,5,5,5,5,10,255,255,10,5,5,5,5,5,5,5,5,5,5,5,5,5,5,5,5,5,10,5,9,5,5,5,5,10,10,5,10,10,5,5,5,255,5,5,255,5,5,5,5,5,255,5,255,5,10,255,5,255,255
1780877878.394562,340,36623027,849,1058,2064,2068,2045,2051,1292,1001,1050,1278,2018,2076,2075,2073,1443,1087,1178,1843,2094,2112,2051,2148,2047,1689,1209,2021,2095,2081,2094,2134,2059,1862,1186,1927,2113,2126,2106,2127,2035,1912,1178,1979,2098,2077,2087,2123,1965,1957,1140,2047,2072,2126,2109,1970,1965,1966,1126,2153,2061,2067,1937,1922,1993,1993,5,255,255,255,5,10,5,5,5,5,255,255,10,255,255,5,5,5,5,5,5,5,5,255,5,5,5,5,5,5,5,5,5,5,5,5,5,5,5,255,9,5,5,255,5,5,10,5,5,255,5,5,5,5,255,255,5,255,5,5,5,255,255,255
1780877878.492573,341,36723026,829,1035,2078,2061,2045,2056,1227,990,1036,1247,2054,2072,2079,2073,1465,1100,1158,1689,2097,2100,2120,2069,2040,1726,1215,2091,2074,2079,2093,2084,2083,1833,1192,1983,2125,2077,2081,2063,2035,1912,1168,1979,2086,2069,2134,2079,1974,1971,1152,2020,2097,2131,2095,2018,1950,1964,1085,2153,2027,2047,1970,1971,1993,1993,5,10,10,10,255,5,5,5,5,5,10,10,5,255,10,5,5,5,5,5,5,5,5,10,5,5,5,5,5,5,5,5,5,5,5,5,5,5,255,255,5,255,5,10,5,5,5,5,5,10,5,5,5,5,10,10,5,255,5,5,5,10,255,255
1780877878.592886,342,36823027,849,1036,2057,2062,2045,2056,1264,992,1088,1247,2032,2072,2058,2073,1416,1104,1167,1636,2062,2086,2128,2085,2053,1692,1210,2020,2078,2081,2097,2101,2105,1780,1167,2044,2149,2103,2097,2096,2035,1912,1182,1979,2109,2069,2105,2153,1981,1932,1140,2020,2070,2123,2095,1958,1942,1964,1091,1793,2081,2047,2025,1964,1978,1993,5,5,5,5,255,255,5,5,5,255,5,255,9,255,5,5,5,5,5,5,5,5,5,5,5,5,5,5,5,5,5,5,5,5,5,5,5,5,255,255,5,255,5,255,5,5,5,5,5,255,5,5,255,5,5,255,5,10,5,255,5,5,10,255
1780877878.692115,343,36923026,835,1036,2071,2054,2045,2028,1313,969,1080,1273,2068,2087,2085,2073,1372,1117,1195,1533,2095,2107,2087,2088,2075,1709,1172,2036,2086,2074,2089,2091,2093,1809,1198,2088,2117,2090,2091,2113,2038,1912,1172,1979,2121,2104,2134,2106,2008,1937,1149,2020,2058,2114,2120,2010,1957,1994,1114,1793,2041,2084,2090,1946,1978,1993,5,255,5,5,255,10,5,5,5,10,5,10,5,255,5,5,5,9,5,5,5,5,5,5,5,5,5,5,5,5,5,5,5,5,5,5,5,5,10,255,5,255,5,10,255,5,5,5,5,255,5,5,10,5,5,10,5,255,5,10,5,5,255,255
1780877878.791988,344,37023027,837,2056,2081,2054,2079,2054,1302,964,1075,1355,2068,2087,2141,2119,1439,1141,1216,1533,2085,2090,2103,2137,2075,1644,1214,1995,2101,2075,2092,2091,2093,1903,1222,2046,2104,2099,2091,2103,2038,1912,1204,1984,2093,2144,2114,2073,1934,1944,1120,2020,2129,2128,2120,2013,1935,1994,1119,1793,2018,2044,1980,1974,1978,1993,5,10,5,255,10,5,5,5,9,5,255,255,5,10,5,5,5,255,5,5,5,5,255,5,5,5,5,5,5,5,5,5,5,5,5,5,5,5,255,255,5,10,5,5,5,5,5,5,5,255,5,5,255,5,5,255,5,255,5,5,5,5,255,255
1780877878.891933,345,37123026,842,2081,2091,2049,2091,2091,1282,975,1075,1278,2048,2101,2106,2033,1369,1115,1199,1982,2081,2081,2058,2076,2062,1715,1201,2045,2076,2070,2082,2129,2088,1900,1209,2038,2084,2103,2101,2123,2038,1897,1172,2057,2089,2144,2115,2105,1934,1925,1150,2020,2088,2100,2105,1984,1943,1994,1100,1793,2018,2044,2047,1914,1978,1993,5,5,5,10,5,5,5,5,5,5,10,10,5,5,5,5,5,10,5,5,5,5,10,5,5,5,5,5,5,5,5,5,5,5,5,5,5,5,255,10,5,5,5,255,5,5,255,5,5,255,5,5,10,5,5,255,5,255,255,255,5,5,255,255
1780877878.992124,346,37223027,845,2081,2071,2067,2091,2091,1317,1007,1071,1344,2129,2101,2104,2011,1379,1090,1158,2010,2053,2085,2138,2074,2075,1723,1166,1911,2091,2089,2095,2089,2054,1810,1188,2076,2112,2091,2142,2087,2038,1897,1201,2062,2073,2112,2113,2165,1953,1925,1118,2020,2064,2100,2077,2004,1918,1994,1119,1793,2032,2044,2040,1914,2083,1993,5,255,5,5,255,255,5,5,5,5,5,255,5,5,5,5,5,5,5,5,5,5,5,5,5,9,5,5,5,5,5,5,5,5,5,5,5,5,255,255,5,5,5,10,5,3,10,255,5,255,5,255,5,5,5,255,5,255,10,255,5,255,10,255
1780877879.092061,347,37323026,843,2055,2097,2067,2086,2036,1252,973,1079,1314,2097,2101,2081,2013,1410,1096,1194,2010,2034,2110,2072,2136,2062,1723,1185,1933,2085,2080,2100,2113,2088,1878,1181,2053,2107,2084,2102,2143,2044,1897,1177,2073,2104,2083,2080,2119,1983,1951,1137,2020,2124,2092,2099,2034,1938,1994,1097,1793,2049,2055,1956,1986,2083,1993,5,10,5,255,10,10,5,5,5,5,5,255,5,5,5,5,5,255,5,5,5,5,5,255,5,9,5,5,5,5,5,5,5,5,5,5,5,5,10,255,5,5,5,5,5,5,5,10,5,255,5,10,5,5,5,255,5,255,5,10,5,10,255,255
1780877879.192641,348,37423027,828,2055,2025,2067,2074,2037,1327,970,1047,1330,2097,2101,2115,2035,1429,1100,1180,2009,2078,2077,2071,2137,2062,1700,1216,2088,2096,2091,2095,2127,2112,1857,1219,2023,2107,2073,2083,2045,2044,1897,1164,2073,2109,2085,2127,2024,1947,1943,1173,2020,2101,2167,2097,2002,1938,1994,1096,1793,2035,2075,2023,1965,2011,1993,5,255,5,255,5,5,9,5,5,5,255,255,5,5,5,5,5,10,5,5,5,5,255,10,5,5,5,5,5,5,5,5,5,5,255,5,5,5,255,255,5,255,5,5,5,5,5,5,5,255,5,5,5,5,255,255,5,255,5,5,5,5,10,255
1780877879.292099,349,37523026,836,1043,1348,1473,2074,2037,1252,984,1066,1271,1924,2101,2104,2035,1411,1111,1200,1595,2065,2071,2086,2071,2086,1672,1204,2034,2097,2094,2090,2105,2044,1897,1189,2036,2053,2082,2127,2100,2075,1924,1180,2073,2089,2043,2100,2083,1964,1957,1160,2012,2097,2069,2103,1946,1958,1955,1134,1793,2035,2083,1958,1931,2011,1993,5,255,4,10,255,255,5,5,5,5,10,255,5,255,5,5,5,4,5,5,5,5,10,5,5,5,5,5,5,5,5,5,5,5,10,5,5,5,10,10,5,255,5,5,5,5,5,255,5,10,5,5,5,5,10,10,5,255,255,5,5,5,255,255
1780877879.392679,350,37623027,847,1125,1151,1187,2074,2037,1282,967,1049,1340,1351,1323,2104,2061,1375,1103,1168,2009,2089,2038,2086,2110,2051,1709,1189,2003,2122,2081,2082,2094,2119,1904,1161,2046,2081,2101,2094,2057,2063,1924,1185,2073,2082,2043,2104,2123,1915,1970,1154,2012,2087,2102,2103,1984,1970,1945,1080,1793,2040,2083,2041,1963,2011,1993,5,5,5,4,255,255,9,5,5,5,4,10,255,10,5,5,5,4,5,5,255,5,5,5,5,5,5,5,5,5,5,5,5,5,5,5,5,5,5,255,5,255,5,255,5,5,5,5,5,255,5,5,255,5,5,5,5,255,10,255,5,5,255,255
1780877879.492811,351,37723026,843,776,761,808,842,1015,1236,990,1073,1255,1135,1068,1180,1125,1453,1110,1194,2009,2082,2078,2042,2071,2075,1762,1191,2081,2093,2084,2110,2112,2084,1892,1183,2024,2101,2060,2093,2122,2061,1924,1183,2073,2085,2093,2141,2082,1915,1976,1116,2012,2104,2099,2098,1996,1933,1989,1100,1793,2043,2026,1955,1983,2011,1993,5,4,4,4,10,10,5,5,5,5,4,4,255,4,5,5,5,255,5,5,10,5,5,5,5,4,5,5,5,5,5,5,9,5,5,5,5,5,5,255,9,255,5,10,5,5,255,5,5,255,5,5,10,5,5,5,5,255,5,10,5,5,255,255
1780877879.594017,352,37823027,829,674,645,378,346,354,355,977,1059,667,685,533,431,357,1318,392,1230,2009,720,843,506,1274,2055,1642,1200,2072,2084,2076,2110,2112,2107,1856,1181,2027,2103,2076,2112,2093,2061,1924,1176,2073,2081,2061,2095,2101,1961,1976,1121,2012,2136,2097,2098,1929,1942,1989,1121,1793,2043,2042,1996,2041,2011,1993,5,5,5,4,4,4,4,5,5,4,4,4,4,4,5,4,5,255,4,4,4,4,5,5,5,5,5,5,5,255,5,5,5,5,5,5,5,5,255,255,5,255,5,5,5,5,10,255,5,255,5,5,255,5,5,255,5,255,255,5,5,5,255,255
1780877879.692832,353,37923026,844,1062,2086,378,657,463,633,966,1095,1338,651,636,477,600,352,380,1175,2009,695,655,611,361,360,356,1192,1993,2079,691,2082,394,365,365,1177,2009,2101,2076,2078,413,384,384,1209,2073,2100,2172,2116,2098,1961,429,1137,2024,2104,2103,2111,1976,1940,1965,1125,1793,2046,2042,2003,1955,2011,1993,5,4,4,255,4,5,4,5,5,4,5,5,9,4,4,5,5,255,5,5,5,4,4,4,5,5,5,4,5,10,4,4,5,5,5,255,5,4,10,10,5,255,5,5,5,5,255,10,5,10,5,5,10,5,5,10,5,255,10,255,5,5,255,255
1780877879.792243,354,38023027,836,1055,2088,2070,2099,2028,1225,994,1091,1338,2125,636,477,2078,687,1121,1133,1979,2115,655,726,699,676,652,1196,2004,2087,2076,674,681,608,619,1190,2009,2116,764,696,658,620,423,1163,2073,2071,669,686,665,464,469,1154,2024,2126,2095,2111,1980,1940,439,1119,1793,2049,2075,2016,1955,1974,1993,5,5,5,10,4,4,4,5,5,255,4,255,255,4,4,4,9,10,4,255,255,4,4,4,9,5,5,4,5,4,4,4,5,255,5,10,4,4,4,5,5,255,5,4,4,5,10,5,5,255,5,5,255,5,255,4,5,255,5,10,5,255,10,255
1780877879.894253,355,38123026,836,1145,2098,2064,2082,2056,1269,973,1092,1286,2040,636,2084,2046,1598,1128,1213,2023,2081,2110,2091,2124,2040,1661,1218,2054,2091,2096,2076,1072,790,1869,1225,2064,2107,2074,1033,884,717,660,1199,2073,2151,2101,852,904,640,632,1137,2024,2117,2132,779,684,640,600,1113,1793,2012,2033,2015,715,1974,1993,5,255,5,5,5,5,5,5,5,10,5,255,10,5,4,5,5,5,5,10,4,4,4,4,5,5,5,5,4,4,5,4,5,10,5,5,5,4,5,4,5,255,5,4,255,4,5,5,5,255,5,5,10,4,10,5,5,255,5,5,5,10,255,255
1780877879.993136,356,38223026,836,2059,2095,2090,2076,2056,1265,978,1087,1313,2036,2094,2100,2053,1471,1139,1192,1947,2084,2072,2121,2071,2104,1661,1221,2026,2081,2086,2101,2090,2121,1833,1186,2008,2112,2084,2100,884,1061,919,1201,2073,2108,2089,1532,1513,923,806,1164,2024,2117,2132,2146,1062,845,661,1124,1793,2081,2005,2020,715,693,637,5,4,5,5,5,255,5,5,5,5,5,10,5,5,5,5,5,5,5,5,5,5,5,255,5,5,5,5,5,4,4,5,5,5,5,5,4,255,4,4,5,255,5,5,4,4,4,5,5,255,5,255,4,4,4,5,5,255,5,5,5,255,10,10
1780877880.093396,357,38323026,833,2084,2088,2048,2064,2006,1312,994,1097,1284,2057,2075,2095,1959,1465,1113,1179,1986,2053,2110,2101,2091,2098,1710,1160,2056,2091,2081,2090,2117,2079,1865,1184,2016,2105,2097,2110,884,1061,919,1173,2073,2070,2089,2057,1762,1997,1021,1133,2024,2118,2115,2147,1521,1044,911,1124,1793,2068,2044,2056,1920,693,847,5,5,5,5,5,10,5,5,5,5,5,5,5,5,5,5,5,5,5,5,5,5,5,10,5,5,5,5,5,5,5,5,5,9,5,5,5,255,255,255,5,255,5,255,5,4,4,4,5,255,5,10,5,4,4,4,5,255,5,5,5,10,255,4
1780877880.193982,358,38423027,839,1040,2116,2056,2081,2006,1331,987,1057,1291,2087,2075,2095,1959,1389,1139,1189,1986,2069,2086,2078,2108,2051,1688,1210,1999,2084,2089,2069,2115,2113,1933,1194,2014,2105,2063,2104,2040,1061,1889,1168,2073,2070,2089,2106,2105,1997,1957,1138,2024,2091,2112,2147,1990,1044,1052,1125,1452,2041,2062,1981,1920,693,1048,5,4,5,5,5,255,5,5,5,5,5,255,255,255,5,5,5,255,5,5,5,5,5,5,5,5,5,5,5,5,5,5,5,5,5,5,5,10,255,10,5,255,255,255,5,5,255,4,5,255,5,5,255,5,255,5,5,10,5,5,5,255,255,4
1780877880.294071,359,38523026,821,1040,2062,2058,2081,2118,1372,984,1076,1242,2061,2058,2123,2064,1428,1092,1157,1994,2079,2069,2079,2075,2030,1669,1209,1866,2085,2091,2091,2088,2102,1825,1185,2048,2099,2109,2088,2131,2051,1889,1207,1747,2102,2116,2099,2087,1997,1932,1183,2039,2088,2125,2081,1934,1621,1348,1131,1452,2041,2115,2049,1948,693,1048,5,255,5,5,255,10,5,5,5,5,5,10,10,10,5,5,5,10,5,5,5,5,5,5,5,5,5,5,5,5,5,5,5,5,5,5,5,5,10,255,5,10,10,10,5,5,255,5,5,10,5,5,10,5,10,4,5,255,255,5,5,10,255,255
1780877880.393695,360,38623027,834,2081,2032,2081,2079,2042,1296,975,1058,1322,2061,2058,2079,2064,1370,1052,1197,1994,2093,2100,2094,2110,2009,1625,1194,1866,2103,2091,2096,2119,2081,1987,1177,2016,2099,2131,2100,2121,2051,1889,1170,1747,2085,2078,2115,2088,1997,1926,1165,2039,2124,2119,2115,2002,1805,1525,1086,1452,2041,2100,2019,1948,693,1048,5,10,5,5,10,5,5,5,5,5,255,255,5,255,5,5,5,255,5,5,5,5,5,5,5,255,5,5,5,5,5,5,5,5,255,5,5,5,255,255,5,255,5,5,5,5,255,5,5,255,5,5,5,5,5,5,5,255,255,5,5,5,255,255
1780877880.494270,361,38723026,841,1051,2094,2081,2055,2109,1293,980,1075,1263,2067,2061,2069,2086,1405,1099,1195,1962,2086,2096,2106,2059,2076,1628,1148,2008,2093,2090,2095,2112,2107,1987,1190,1889,2099,2097,2126,2053,2043,1908,1199,1747,2085,2088,2089,2062,1993,1919,1136,2039,2113,2102,2125,2002,1954,1689,1103,1771,2020,2100,2041,1925,1928,1048,5,5,5,255,5,5,5,5,5,5,10,10,5,10,5,5,5,10,5,5,5,5,5,5,5,10,5,5,5,5,5,255,5,5,10,5,5,5,10,10,5,255,255,5,5,5,10,5,5,255,5,5,5,255,5,5,5,10,10,255,5,5,10,255
1780877880.592087,362,38823026,835,1051,2079,2084,2087,2110,1263,977,1074,1373,2032,2092,2065,2022,1408,1125,1181,2049,2059,2097,2077,2069,2110,1632,1209,2011,2115,2082,2074,2106,2101,1875,1187,2058,2068,2107,2116,2053,2043,1908,1164,1950,2085,2082,2108,2076,1993,1953,1136,2039,2092,2094,2074,2020,1933,1939,1106,1509,2093,2057,2054,1938,1939,1048,5,255,5,10,5,5,5,5,5,5,5,5,5,5,5,5,5,5,5,5,5,5,5,5,5,5,5,5,5,5,5,10,5,5,5,5,5,255,255,255,5,10,255,5,5,5,255,5,5,255,5,5,5,10,5,4,5,4,5,10,5,5,5,255
1780877880.693784,363,38923026,838,2059,2036,2068,2083,2066,1335,965,1070,1294,2043,2089,2087,2083,1392,1120,1181,1959,2086,2089,2108,2112,2085,1632,1213,1993,2083,2094,2060,2077,2064,1887,1214,2098,2072,2048,2128,2133,2043,1932,1163,1973,2074,2042,2094,2064,1981,1906,1136,2039,2055,2106,2101,2000,1937,1939,1121,1509,2086,2067,2000,2007,1952,1048,5,10,5,5,5,5,9,5,5,5,5,5,5,5,5,5,5,5,5,5,5,5,5,255,5,5,5,5,5,5,5,5,5,5,5,5,5,10,255,10,5,5,10,5,5,5,10,5,5,255,5,5,5,5,5,255,5,255,5,5,5,5,5,255
1780877880.793751,364,39023026,846,2087,2119,2068,2083,2054,1312,994,1124,1307,2066,2089,2085,1995,1444,1111,1199,1555,2087,2041,2066,2080,2063,1783,1163,2070,2088,2084,2083,2123,2068,1887,1197,2021,2067,2087,2145,2114,2043,1929,1142,2068,2097,2124,2090,2002,1940,1952,1203,2039,2130,2098,2101,1983,1973,1933,1094,1718,2025,2045,1986,1948,1952,1048,5,5,5,255,255,5,9,5,5,5,5,255,5,5,5,5,5,4,5,5,5,5,5,10,5,5,5,5,5,5,5,255,5,5,5,5,5,5,255,5,5,5,5,5,5,5,5,5,5,255,5,5,255,5,5,10,5,10,5,5,5,5,255,255
1780877880.893072,365,39123026,831,2095,2090,2054,2064,1986,1261,994,1076,1265,1946,2056,2085,2056,1397,1083,1182,1956,2057,2096,2096,2090,2045,1732,1162,2064,2097,2080,2105,2095,2066,1904,1147,2021,2105,2106,2088,2081,2043,1862,1183,2068,2071,2089,2133,2002,2003,1929,1155,2039,2077,2098,2092,1976,1912,1987,1148,1718,2063,2074,2022,1948,1952,1048,5,5,5,10,10,5,5,5,5,5,5,10,255,5,5,5,5,4,5,5,5,5,5,5,5,5,5,5,5,5,5,10,5,255,5,5,5,5,255,5,5,255,5,5,5,255,5,5,5,255,5,255,10,5,5,5,5,255,5,5,5,255,255,255
1780877881.002697,366,39233027,831,2095,2074,2054,2064,1986,1291,979,1051,1337,2082,2074,2085,2056,1469,1096,1196,1987,2060,2095,2097,2031,2087,1700,1195,2027,2104,2084,2114,2123,2073,1904,1138,2008,2093,2073,2110,2107,2043,1910,1170,2096,2114,2089,2094,2104,1948,1932,1153,2039,2072,2099,2107,1993,1973,1987,1127,1838,2052,2037,1956,1977,1952,1048,5,255,5,255,255,255,5,5,5,5,5,5,255,255,5,5,5,5,5,5,5,5,5,5,5,5,5,5,5,5,5,255,9,10,5,5,5,5,255,5,5,10,5,255,5,10,5,5,5,255,5,10,5,5,5,255,5,10,5,5,5,10,255,255
1780877881.102038,367,39333026,840,2049,2096,2075,2097,2053,1231,978,1106,1277,2082,2068,2104,2046,1407,1104,1215,2038,2064,2054,2115,2105,2078,1720,1189,2003,2086,2090,2089,2104,2069,1866,1213,2093,2081,2087,2092,2092,2043,1910,1194,2096,2119,2089,2138,2074,1933,1977,1148,2039,2078,2117,2090,1969,1909,1947,1098,1804,2011,2074,1969,1992,1952,1048,5,10,5,10,10,10,9,5,5,5,255,5,10,10,5,5,5,255,5,5,5,5,5,5,5,5,5,5,5,5,5,10,5,9,5,5,5,4,255,255,5,255,5,255,5,5,5,5,5,255,5,5,5,5,5,10,5,5,5,5,5,5,255,255
1780877881.202642,368,39433027,829,2049,2038,2075,2100,2042,1261,973,1069,1277,2082,2086,2077,2012,1430,1079,1165,2038,2061,2068,2095,2101,2047,1720,1174,1964,2102,2087,2090,2099,2086,1926,1192,1685,2081,2071,2078,2120,2043,1910,1210,2136,2102,2093,2092,2095,1954,1946,1146,2039,2056,2126,2097,1974,1964,1954,1126,1854,2071,2074,1993,1992,1951,1048,5,255,5,255,5,5,5,5,5,255,255,5,5,5,5,5,5,255,5,5,5,5,5,255,5,5,5,5,5,5,5,5,5,4,255,5,5,5,255,255,5,10,5,10,5,5,5,5,5,255,5,5,5,5,5,5,5,5,5,255,5,255,10,255
1780877881.303192,369,39533026,835,2061,2038,2081,2087,2037,1283,989,1058,1294,2064,2086,2072,2012,1383,1105,1178,2008,2062,2081,2061,2046,2085,1706,1193,2057,2107,2075,2092,2100,2077,1824,1141,2018,2074,2096,2086,2086,2043,1900,1148,2092,2074,2063,2122,2111,2007,1929,1171,1990,2147,2083,2094,2138,1962,1947,1139,1854,2075,2035,1924,1937,1951,1048,5,10,255,10,5,5,5,5,5,10,10,255,5,255,5,5,5,10,5,5,5,5,5,10,5,5,5,5,5,5,5,5,5,4,10,5,5,5,255,10,5,5,5,5,5,5,5,5,9,10,5,5,5,255,5,5,5,255,5,10,5,10,255,255
1780877881.402286,370,39633027,864,1045,2095,2081,2107,2037,1242,997,1056,1291,2089,2086,2060,2012,1415,1120,1223,2008,2046,2055,2110,2092,2024,1667,1146,2058,2076,2089,2099,2095,2076,1824,1173,2069,2107,2102,2082,2109,2043,1900,1183,2092,2100,2098,2103,2111,2007,1998,1139,2022,2089,2082,2094,1982,1959,1950,1118,1437,2049,2076,1973,1975,1951,1048,5,4,10,255,5,255,5,5,5,5,5,255,5,255,5,5,5,255,5,5,5,5,5,5,5,5,5,5,5,5,5,255,5,5,5,5,5,5,255,255,5,255,5,5,5,255,255,5,5,5,5,5,255,5,5,5,5,10,5,5,5,5,255,255
1780877881.503302,371,39733026,828,1024,2074,2070,2072,2075,1307,973,1068,1305,2093,2078,2060,2102,1524,1095,1211,2043,2085,2070,2104,2104,2011,1709,1147,2022,2111,2091,2092,2083,2100,1923,1171,2054,2111,2093,2103,2089,2043,1826,1212,2013,2100,2092,2054,2072,2007,1932,1146,2040,2118,2100,2102,1976,1989,1958,1087,1437,2028,2042,1948,1975,1951,1048,5,255,5,10,5,10,5,5,5,5,5,10,255,10,5,5,5,10,5,5,5,5,5,5,5,5,5,5,5,5,5,10,5,5,5,5,5,5,255,10,5,10,255,5,5,10,255,5,5,5,5,5,10,5,5,5,5,255,5,5,5,255,255,255
1780877881.603822,372,39833026,831,1051,2077,2070,2072,2045,1340,986,1077,1267,2021,2064,2096,2102,1415,1113,1214,2043,2090,2076,2099,2107,2052,1709,1177,2037,2068,2093,2109,2089,2080,1941,1216,2012,2075,2093,2127,2065,2072,1826,1198,2061,2092,2121,2083,2132,1979,1952,1144,2066,2109,2109,2079,2000,1989,1970,1126,1437,2081,2042,2017,1936,1951,1048,5,5,5,255,255,5,5,5,5,5,5,5,10,255,5,5,5,255,5,5,5,5,5,255,5,5,5,5,5,5,5,5,5,5,5,5,5,5,10,255,5,5,10,5,5,5,10,5,5,5,5,5,5,5,255,5,5,255,5,255,5,10,255,255
1780877881.702603,373,39933026,819,2052,2100,2060,2084,2030,1357,992,1094,1205,2045,2048,2075,2102,1432,1157,1206,2043,2103,2087,2102,2083,2022,1738,1186,2052,2081,2075,2085,2105,2087,1853,1174,2012,2092,2100,2092,2078,2072,1952,1167,2061,2112,2094,2082,2110,2003,1966,1140,2066,2054,2130,2079,2000,1938,1991,1129,1437,2061,2029,1965,1958,1951,1048,5,5,5,10,10,5,5,5,5,5,5,5,5,255,5,5,5,10,5,5,5,5,5,10,5,5,5,5,5,5,5,5,5,255,5,5,5,5,255,10,5,255,5,5,5,5,5,5,5,255,5,5,255,5,10,5,5,255,5,10,5,5,255,255
1780877881.802875,374,40033027,833,1070,2100,2062,2084,2105,1219,988,1101,1320,2116,2110,2075,2027,1417,1097,1227,1947,2102,2115,2143,2109,2040,1683,1193,2073,2096,2090,2084,2101,2097,1853,1228,2083,2092,2089,2077,2115,2072,1941,1120,2061,2087,2106,2087,2053,1981,1976,1143,2066,2096,2070,2079,1983,1956,1991,1128,1437,2061,2047,1976,1961,1931,1048,5,4,255,5,255,5,5,5,5,5,5,5,255,10,5,5,5,5,5,5,5,5,5,5,5,5,5,5,5,5,5,255,5,10,255,5,5,5,255,5,5,255,5,5,5,5,5,5,5,255,5,5,255,5,5,255,5,255,255,5,255,5,10,255
1780877881.900787,375,40133026,842,2065,2080,2062,2061,2036,1248,985,1062,1234,2062,2071,2091,2027,1455,1101,1203,1965,2071,2092,2102,2085,2044,1635,1168,2010,2103,2091,2090,2108,2096,1839,1175,2070,2128,2100,2090,2115,2072,1949,1167,2061,2084,2091,2092,2096,1961,1971,1125,2066,2094,2106,2095,1986,1992,1970,1137,1437,2048,2047,2003,1943,1998,1048,5,4,10,255,10,5,5,5,5,255,5,5,10,255,5,5,5,5,5,5,5,5,5,5,5,5,5,5,5,5,5,10,5,5,10,5,5,255,255,5,5,255,5,5,5,5,5,5,5,255,5,5,10,5,5,10,5,255,10,255,5,5,5,255
1780877882.002600,376,40233027,842,1079,2103,2062,2067,2036,1268,990,1077,1284,2097,2071,2100,2027,1425,1124,1178,1965,2080,2076,2124,2082,2041,1635,1210,2010,2092,2099,2081,2108,2104,1910,1200,2056,2078,2088,2117,2115,2072,1949,1148,2061,2093,2126,2121,2059,1962,1951,1155,2066,2144,2100,2095,1950,1992,1930,1128,1437,2087,2052,2017,1947,1998,1048,5,5,5,255,5,255,5,5,5,5,5,255,5,255,5,5,5,255,5,5,5,5,5,255,5,5,5,5,5,5,5,5,5,255,5,5,5,255,255,255,5,255,5,5,5,5,5,255,5,255,5,5,255,5,255,5,5,255,5,10,5,5,255,255
1780877882.102053,377,40333026,839,1042,2055,2076,2084,2065,1256,992,1087,1282,2018,2074,2059,2027,1386,1122,1217,1931,2050,2085,2094,2102,2078,1686,1177,2068,2104,2070,2099,2076,2057,1836,1218,2062,2086,2087,2121,2060,2072,1931,1198,2100,2107,2096,2110,2089,1947,1913,1154,2066,2095,2106,2108,2016,1992,1936,1118,1437,2002,2051,1980,1928,1945,1048,5,5,5,10,5,10,5,5,5,5,5,10,5,255,5,5,5,10,5,5,5,5,5,10,5,5,5,5,5,5,5,5,9,5,5,5,5,10,255,10,5,10,5,5,5,5,5,255,5,255,5,5,10,5,255,5,5,255,5,5,5,5,10,255
1780877882.202898,378,40433027,834,1042,2004,2076,2128,2045,1262,978,1078,1263,2075,2074,2035,2085,1399,1127,1181,1931,2088,2075,2121,2101,2055,1753,1185,2078,2083,2109,2100,2073,2091,1882,1183,2016,2098,2089,2096,2060,2028,1904,1177,2100,2089,2141,2108,2091,1912,1913,1177,2066,2112,2107,2100,2009,1992,1936,1114,1437,2087,1987,1957,1907,1945,1048,5,255,5,255,5,5,9,5,5,5,255,255,5,10,5,5,5,255,5,5,5,5,5,5,5,5,5,5,5,5,5,5,5,5,5,5,5,5,10,5,5,255,5,5,5,5,5,255,5,255,5,5,5,5,255,255,5,255,5,5,5,5,255,255
1780877882.302878,379,40533026,835,1079,2098,2053,2103,2030,1249,981,1085,1282,2058,2052,2049,2091,1400,1094,1202,1984,2099,2123,2138,2137,2038,1590,1227,1996,2086,2076,2098,2112,2100,1854,1216,2042,2104,2091,2079,2105,2087,1912,1199,2100,2090,2141,2084,2089,1935,1919,1165,2066,2096,2058,2100,1986,1941,1931,1144,1437,2072,2095,1978,1959,1920,1048,5,255,5,10,5,5,5,5,9,5,5,10,5,5,5,5,5,10,5,5,5,5,5,5,5,5,5,5,5,5,5,5,5,5,5,5,5,5,5,5,5,255,5,255,5,5,5,10,5,255,5,5,255,5,10,10,5,255,5,5,255,5,10,255
1780877882.402542,380,40633027,843,1079,2098,2053,2085,2030,1298,983,1080,1299,2030,2052,2074,2006,1425,1126,1218,2025,2093,2076,2052,2124,2078,1740,1226,2046,2096,2104,2097,2121,2090,1903,1191,2027,2105,2069,2105,2105,2087,1912,1172,2100,2069,2112,2105,2111,1969,1915,1153,2066,2063,2071,2100,1986,1965,1931,1143,1437,2072,2095,2001,1959,1920,1048,5,255,255,255,5,255,5,5,5,5,5,255,5,5,5,5,5,5,5,5,5,5,5,5,5,5,5,5,5,5,5,5,5,5,5,5,5,255,255,255,5,255,5,10,5,5,5,5,5,255,5,5,255,255,5,255,5,255,255,255,5,255,255,255
1780877882.502491,381,40733026,835,1031,2114,2081,2089,2097,1305,995,1085,1349,2061,2086,2053,2081,1404,1108,1186,1530,2094,2112,2083,2133,2091,1696,1204,2078,2087,2088,2071,2088,2101,1827,1208,2055,2098,2090,2098,2105,2104,1918,1183,2100,2116,2076,2109,2134,1986,1944,1140,2066,2100,2097,2100,1979,1949,2006,1079,1437,2048,2095,1974,1951,1920,1048,5,10,10,10,5,10,5,5,5,5,5,10,5,5,5,5,5,4,5,5,5,5,5,9,5,5,5,5,5,5,5,5,5,5,5,5,5,255,10,10,5,255,5,5,5,5,5,5,5,255,5,5,255,10,5,10,5,255,10,255,5,10,255,255
1780877882.603129,382,40833027,848,2091,2096,2039,2089,2097,1275,982,1055,1325,2071,2086,2053,2092,1378,1108,1164,1530,2076,2094,2083,2102,2075,1714,1213,2037,2098,2087,2081,2081,2102,1903,1181,2055,2082,2083,2092,2051,2104,1898,1174,2044,2095,2076,2123,2105,1986,1949,1152,2066,2044,2091,2100,1962,1952,1950,1081,1437,2052,2046,2010,1951,1920,1048,5,5,5,5,255,255,9,5,5,5,5,255,255,5,5,5,5,255,5,5,255,5,5,5,5,5,5,5,5,5,5,5,5,255,5,5,5,10,255,5,5,10,5,255,5,5,255,5,5,255,5,5,255,5,5,5,5,255,5,10,5,255,255,255
1780877882.702426,383,40933026,832,2099,2051,2093,2074,2074,1289,1013,1063,1308,2063,2044,2079,2092,1489,1090,1168,1530,2061,2081,2079,2092,2055,1714,1181,2007,2085,2079,2088,2081,2113,1877,1222,2030,2064,2069,2093,2107,2076,1928,1223,2044,2127,2076,2034,2083,1947,1901,1173,2066,2097,2114,2120,2014,1946,1950,1147,1907,2049,2017,2040,1949,1920,1048,5,5,5,5,10,10,5,5,5,5,5,10,10,255,5,5,5,255,5,5,10,255,5,255,5,5,5,5,5,5,5,5,5,10,5,5,5,5,10,5,5,255,5,255,5,5,10,5,5,255,5,5,10,5,5,255,5,10,5,5,5,10,255,255
1780877882.804925,384,41033027,845,1006,2077,2093,2087,2074,1241,990,1065,1308,2014,2079,2095,2092,1401,1147,1168,1530,2083,2083,2092,2066,2112,1661,1189,2081,2081,2088,2089,2124,2093,1799,1165,2054,2041,2060,2089,2121,2028,1948,1219,2044,2127,2101,2054,2066,1981,1966,1175,2066,2097,2080,2120,1992,1931,1950,1136,1907,2040,2017,1946,1946,1945,1048,5,4,5,255,5,255,5,5,5,255,5,5,5,255,5,5,5,255,5,5,5,5,5,10,5,5,5,5,5,5,5,5,5,5,5,5,5,5,5,5,5,255,255,10,5,5,5,5,5,255,5,5,255,5,5,255,5,255,5,255,5,5,10,255
1780877882.902676,385,41133026,835,2073,2075,2067,2102,1960,1305,972,1079,1278,2072,2111,2065,2046,1399,1104,1223,1548,2085,2076,2146,2070,2056,1703,1191,2029,2060,2098,2093,2101,2096,1799,1216,2027,2057,2090,2091,2108,2028,1909,1137,2071,2092,2088,2118,2086,1993,1951,1171,2066,2096,2104,2080,2017,1958,1957,1142,1907,2025,2017,1986,1934,1942,1048,5,4,5,10,5,10,5,5,5,10,5,5,5,10,5,5,5,10,5,5,5,5,5,5,5,5,5,5,5,5,5,255,5,5,5,5,5,5,255,5,5,10,10,5,5,5,5,5,5,255,5,5,10,5,5,10,5,255,5,255,5,5,5,255
1780877883.002976,386,41233027,836,2073,2087,2048,2102,1960,1310,988,1091,1290,2029,2111,2065,2031,1409,1086,1211,2023,2096,2098,2073,2110,2073,1705,1216,2043,2094,2086,2079,2100,2050,1914,1190,2100,2057,2084,2115,2106,2065,1909,1180,2015,2103,2037,2106,2113,1993,1938,1147,2066,2078,2095,2080,2069,1958,1957,1089,1907,2039,2017,2001,1934,1942,1048,5,255,5,5,255,255,5,5,5,5,5,255,255,5,5,5,5,4,5,5,5,5,5,5,5,5,5,5,5,5,5,10,5,5,255,5,5,5,10,255,5,5,5,5,5,5,255,5,5,255,5,5,255,5,5,255,5,255,5,255,5,255,255,255
1780877883.102216,387,41333026,842,2073,2073,2108,2080,2060,1273,975,1095,1193,2029,2106,2087,2031,1430,1099,1196,1877,2092,2108,2093,2106,2036,1717,1219,2069,2101,2091,2084,2093,2086,1845,1219,2006,2039,2078,2101,2135,2065,1869,1184,2015,2090,2129,2093,2081,1963,1971,1131,2066,2084,2092,2099,1993,1964,1942,1112,1907,2075,2068,1971,1930,1942,1048,5,255,5,5,10,10,5,5,5,5,255,10,10,255,5,5,5,5,5,5,5,5,5,5,5,5,5,5,5,5,5,5,5,5,10,5,5,5,255,10,5,255,5,5,5,5,10,5,5,255,5,5,10,5,5,10,5,255,5,10,5,10,255,255
1780877883.202682,388,41433027,838,2086,2041,2108,2086,2044,1283,987,1080,1203,2068,2106,2067,2031,1447,1102,1183,1877,2060,2098,2093,2093,2035,1670,1193,1981,2080,2075,2105,2111,2124,1769,1213,2081,2060,2071,2107,2135,2065,1869,1189,2104,2115,2129,2071,2064,1963,1971,1175,2066,2084,2056,2097,2029,1964,1928,1092,1907,2075,2066,1973,1953,1942,1048,5,10,5,5,5,5,9,5,5,5,10,255,5,255,5,5,5,255,5,5,255,5,5,5,5,5,5,5,5,5,5,5,5,5,5,5,5,255,255,255,5,10,5,255,5,5,255,255,5,255,255,5,5,5,255,5,5,255,255,5,5,5,255,255
1780877883.302204,389,41533026,841,1045,2041,2078,2061,2063,1283,975,1069,1259,2099,2089,2067,2029,1376,1115,1186,2052,2103,2094,2086,2071,2016,1673,1216,2044,2089,2082,2084,2096,2091,1874,1216,2012,2117,2087,2115,2133,2046,1950,1215,2104,2097,2115,2100,2098,1979,1910,1165,2066,2067,2104,2103,1975,1927,1954,1125,1907,2075,2036,1931,1953,1942,1048,5,4,255,5,5,5,5,5,5,5,5,10,255,3,5,5,5,10,5,5,10,5,5,5,5,5,5,5,5,5,5,5,5,5,5,5,5,10,10,10,5,255,5,10,5,255,10,255,5,255,10,5,5,5,10,5,5,255,255,5,5,255,255,255
1780877883.403062,390,41633027,820,1053,2042,2078,2089,2063,1251,993,1083,1254,2099,2084,2067,2029,1463,1128,1193,1594,2104,2120,2095,2106,2061,1741,1188,2057,2087,2090,2104,2103,2070,1919,1180,2012,2071,2098,2097,2093,2046,1914,1230,2063,2083,2087,2100,2129,1943,1889,1173,2066,2102,2132,2103,1985,1940,1954,1114,1505,2067,2071,1999,1953,1942,1048,5,5,10,255,5,255,5,5,5,5,255,5,255,255,5,5,5,4,5,5,5,5,5,9,5,5,5,5,5,5,5,5,5,255,9,5,5,5,255,5,5,10,5,5,5,5,5,5,5,255,5,5,255,5,5,255,5,10,10,5,5,255,255,255
1780877883.503127,391,41733026,845,1039,2033,2070,2053,2022,1221,973,1077,1288,2085,2079,2060,2074,1422,1107,1202,1594,2107,2109,2080,2109,2065,1654,1189,2057,2079,2081,2093,2103,2095,1818,1197,2081,2115,2076,2087,2085,2051,1914,1180,2063,2102,2076,2105,2098,1982,1956,1125,2036,2131,2104,2100,1967,1936,1961,1109,2033,2032,2067,2030,1947,1942,1048,5,5,5,10,5,10,5,5,5,5,10,5,10,10,5,5,5,255,5,5,5,5,5,5,5,255,5,5,5,5,5,5,5,10,5,5,5,5,10,255,5,255,5,5,5,5,5,5,5,10,5,5,10,5,5,10,5,4,5,5,5,10,255,255
1780877883.603311,392,41833027,840,2081,2116,2093,2058,2022,1318,978,1053,1289,2079,2079,2055,2112,1425,1106,1168,1891,2032,2114,2105,2102,2089,1622,1198,2014,2085,2099,2097,2067,2100,1824,1181,2044,2107,2137,2089,2095,2051,1914,1203,2063,2083,2076,2091,2071,1946,1939,1139,2001,2069,2108,2100,1985,1937,1961,1084,2033,2062,2067,2032,1946,1942,1048,5,4,5,5,5,255,5,5,5,5,5,255,5,5,5,5,5,10,5,5,5,5,5,5,5,10,5,5,5,5,5,5,5,5,5,5,5,5,255,255,5,255,5,255,5,5,255,5,5,5,5,5,255,5,5,255,5,255,5,255,5,5,255,255
1780877883.713595,393,41943026,848,2081,2066,2078,2066,2022,1260,987,1066,1243,2057,2084,2089,2059,1427,1133,1191,2061,2087,2083,2109,2093,2041,1655,1212,2059,2095,2079,2086,2131,2103,1844,1200,1983,2091,2096,2150,2109,2078,1914,1174,2063,2107,2090,2043,2071,1958,1935,1144,2026,2084,2116,2100,1998,1937,1942,1124,2033,2056,2067,2017,1948,1942,1048,5,255,5,5,5,255,5,5,5,5,5,10,5,5,5,5,5,5,5,5,5,5,5,5,5,5,5,5,5,5,5,5,5,5,5,5,5,5,10,255,9,255,5,10,5,5,5,5,5,5,5,5,255,5,255,10,5,255,5,255,5,5,255,255
1780877883.813099,394,42043027,846,1045,2060,2078,2066,2022,1267,988,1052,1299,2100,2084,2049,2091,1389,1124,1188,2061,2072,2094,2088,2105,2024,1721,1204,2096,2087,2092,2095,2110,2065,1844,1199,2015,2155,2089,2113,2087,2068,1874,1166,2063,2096,2090,2134,2109,1919,1946,1165,2026,2100,2069,2100,1969,1937,1942,1132,2033,2056,2067,1994,1947,1942,1048,5,10,5,255,255,255,5,5,9,5,5,255,5,5,5,5,5,255,5,5,5,5,5,5,5,5,5,5,5,5,5,255,5,5,5,5,5,5,5,10,5,255,5,255,5,5,5,5,5,255,5,5,255,5,255,255,5,255,255,255,5,5,255,255
1780877883.912951,395,42143026,837,1077,2086,2059,2072,2079,1305,973,1051,1276,2106,2109,2049,2091,1438,1125,1190,1983,2083,2099,2059,2087,2054,1751,1197,2025,2084,2091,2086,2100,2096,1844,1203,2034,2109,2070,2104,2136,2051,1882,1228,2063,2131,2092,2097,2109,1978,1909,1184,2026,2074,2088,2097,1996,1944,1950,1107,1825,2056,2067,1981,1986,1942,1048,5,5,5,10,10,10,5,5,5,5,5,10,255,255,5,5,5,10,5,5,5,5,5,5,5,5,5,5,5,5,5,255,5,5,5,5,5,5,5,5,5,255,5,10,5,5,5,5,5,255,5,5,10,5,10,10,5,10,10,255,5,5,255,255
1780877884.012360,396,42243027,833,2081,2081,2085,2072,2079,1302,974,1073,1276,2065,2086,2049,2109,1467,1149,1157,1983,2053,2097,2062,2130,2021,1643,1207,2060,2114,2090,2103,2089,2087,1839,1182,2034,2101,2121,2123,2120,2051,1882,1167,2063,2099,2092,2111,2104,1978,1937,1163,2026,2084,2099,2080,1965,1939,1953,1097,1825,2081,2067,2004,2026,1942,1048,5,5,5,5,255,5,9,5,5,255,5,5,255,10,5,5,5,255,5,5,5,5,5,5,5,5,5,5,5,5,5,10,5,255,5,5,5,5,255,255,5,255,5,5,5,5,255,5,5,255,5,5,5,5,5,5,5,255,5,255,9,5,255,255
1780877884.113544,397,42343026,831,2081,2074,2076,2065,2043,1244,988,1087,1236,2076,2086,2077,2115,1397,1123,1193,2000,2084,2082,2129,2074,2097,1694,1194,2033,2085,2085,2111,2121,2085,1915,1195,2046,2081,2097,2097,2126,2067,1892,1152,2063,2099,2099,2145,2080,1982,1940,1195,2026,2096,2118,2089,2007,1909,1956,1104,1825,2063,2067,1985,1967,1942,1048,5,255,5,5,10,5,5,5,5,10,5,255,10,5,5,5,5,10,5,5,5,5,5,5,5,5,5,5,5,5,5,5,5,10,5,5,5,5,10,10,5,255,255,5,5,5,10,5,5,255,5,5,5,5,5,5,5,255,5,255,5,5,255,255
1780877884.212974,398,42443027,848,2081,2038,2076,2107,2028,1284,962,1065,1236,2071,2086,2077,2115,1394,1125,1183,1886,2109,2094,2105,2074,2070,1634,1204,2043,2068,2079,2077,2090,2082,1915,1210,1999,2082,2089,2091,2126,2067,1872,1229,2077,2087,2109,2113,2123,1982,1932,1146,2072,2078,2116,2109,1959,1909,1956,1149,1513,2063,2067,2009,1968,1942,1048,5,255,5,255,5,5,5,5,5,255,5,255,255,255,5,5,5,5,5,5,5,255,5,5,5,5,5,5,5,5,5,255,5,5,5,5,5,255,255,5,5,10,10,5,5,5,255,5,5,10,5,5,5,5,255,255,5,10,255,255,5,5,255,255
1780877884.314591,399,42543027,840,1112,2109,2062,2081,2028,1293,1006,1075,1286,2074,2086,2077,2077,1397,1117,1167,2010,2119,2061,2058,2117,2072,1704,1206,2059,2080,2083,2092,2125,2100,1822,1186,1983,2072,2089,2103,2125,2067,1872,1164,2077,2089,2110,2131,2147,1982,1939,1166,2072,2091,2110,2103,1993,1933,1977,1134,1513,2069,2082,2000,1968,1942,1048,5,255,5,10,5,255,5,5,5,10,5,255,255,10,5,5,5,5,5,5,5,10,5,5,5,5,5,5,5,5,5,10,5,5,5,5,5,10,255,255,5,255,5,5,5,5,255,5,5,255,5,5,5,5,10,10,5,255,10,10,5,255,255,255
1780877884.414179,400,42643026,830,2072,2035,2062,2081,2066,1309,991,1059,1248,2074,2086,2040,2137,1435,1089,1167,1971,2082,2089,2082,2085,2085,1695,1226,2029,2097,2091,2092,2092,2093,1825,1208,2034,2050,2073,2086,2136,2067,1872,1198,2077,2105,2067,2108,2080,2001,1970,1120,2072,2118,2124,2102,2042,1949,1968,1121,1513,2085,2082,2003,1902,1942,1048,5,4,5,255,255,10,9,5,5,5,255,255,10,5,5,5,5,5,5,5,5,5,5,5,5,5,5,5,5,5,5,5,5,5,5,5,5,5,255,255,5,255,5,5,5,5,10,5,5,255,5,5,5,5,5,5,5,255,5,255,5,10,255,255
1780877884.513802,401,42743027,841,2072,2044,2080,2068,2005,1265,991,1067,1279,2053,2084,2040,2137,1413,1137,1227,2020,2090,2083,2070,2133,2032,1695,1192,2092,2094,2089,2098,2110,2052,1964,1171,2065,2083,2108,2125,2127,2067,1863,1178,2077,2086,2067,2136,2087,2001,1970,1156,2072,2094,2078,2118,1995,1949,1973,1126,1513,2113,2057,1970,2005,1942,1048,5,255,5,10,10,5,5,5,5,5,10,10,255,255,5,5,5,5,5,5,5,5,5,255,5,5,5,5,5,5,5,5,5,255,5,5,5,5,255,10,5,255,5,255,5,5,255,255,5,255,5,5,5,5,255,5,5,255,5,10,5,5,255,255
1780877884.613082,402,42843026,847,2072,2068,2080,2052,2038,1216,1005,1080,1312,2028,2073,2053,2113,1470,1111,1227,2020,2051,2093,2070,2087,2087,1695,1162,2043,2083,2094,2097,2109,2110,1964,1168,2017,2121,2098,2087,2127,2067,1945,1185,2020,2119,2067,2102,2070,1944,1929,1145,2072,2104,2083,2134,1942,1936,1973,1123,1680,2064,2063,2058,2032,2057,1048,5,255,5,255,5,5,5,5,5,5,5,5,10,10,5,5,5,255,5,5,255,5,5,10,5,5,5,5,5,5,5,255,5,5,5,5,5,255,255,5,5,10,5,255,5,5,10,10,5,255,5,5,5,5,10,255,5,10,5,5,5,5,10,255
1780877884.714485,403,42943026,836,1014,2047,2081,2058,2038,1280,971,1058,1363,2083,2073,2053,2054,1422,1097,1172,2042,2115,2108,2089,2087,2045,1632,1202,2092,2093,2099,2079,2117,2091,1933,1162,2059,2060,2089,2093,2096,2067,1916,1176,2107,2100,2111,2125,2103,2007,1951,1149,2050,2091,2109,2085,1981,1949,1964,1103,1680,2064,2056,1969,1946,1937,1048,5,10,5,10,5,255,5,5,5,5,5,255,255,5,5,5,5,10,5,5,10,5,5,9,9,5,5,5,5,5,5,10,5,5,5,5,5,10,255,5,5,9,5,10,5,5,5,5,5,10,5,5,5,5,5,10,5,255,255,5,255,5,5,255
1780877884.813274,404,43043027,848,1014,2082,2084,2087,2038,1255,997,1060,1363,2083,2073,2053,2068,1422,1085,1183,2042,2080,2114,2092,2069,2041,1632,1202,2009,2096,2085,2052,2076,2040,1839,1181,2086,2085,2083,2082,2091,2067,1829,1191,2063,2102,2111,2124,2107,2007,1951,1166,2050,2100,2115,2091,2035,1949,1942,1096,1680,2067,2056,1988,1946,1928,1048,5,255,5,5,5,255,5,5,5,255,255,255,255,5,255,5,5,255,5,5,5,5,5,255,5,5,5,5,5,5,5,5,5,5,5,5,5,5,255,5,5,5,5,255,5,5,255,255,5,255,5,5,5,5,255,5,5,255,10,255,5,255,5,255
1780877884.914712,405,43143026,843,1014,2082,2088,2105,2071,1298,982,1058,1225,2135,2120,2058,2070,1383,1129,1155,1746,2082,2117,2083,2086,2054,1726,1199,2054,2095,2090,2089,2111,2102,1818,1173,2047,2120,2094,2105,2101,2067,1928,1198,2063,2084,2111,2109,2085,1976,1959,1188,2042,2086,2105,2094,1976,1964,1928,1108,1680,2056,2067,1967,1973,1928,1048,5,255,255,5,5,10,5,5,5,255,10,10,10,5,10,5,5,10,5,5,5,5,5,10,5,5,5,5,5,5,5,5,5,5,5,5,5,5,255,5,5,255,5,255,5,5,10,10,5,10,5,5,5,5,10,5,5,255,5,10,255,10,255,255
1780877885.014103,406,43243027,842,1014,2081,2040,2102,2071,1262,999,1072,1329,2135,2120,2058,2111,1433,1104,1191,2014,2097,2086,2117,2102,2047,1696,1181,1990,2095,2093,2089,2078,2093,1829,1182,2024,2120,2058,2084,2101,2067,1894,1176,2063,2085,2111,2101,2100,1943,1934,1158,2042,2105,2098,2094,2012,1944,1973,1106,1680,2036,2067,1964,1950,1928,1048,5,255,10,5,5,255,5,5,5,5,255,255,255,5,5,5,5,4,5,5,5,5,5,5,5,9,5,5,5,5,5,5,5,5,255,5,5,255,255,5,5,255,5,255,5,5,5,5,5,255,5,5,255,5,5,5,5,255,5,255,5,5,255,255
1780877885.113108,407,43343026,837,1019,2096,2040,2103,2062,1221,976,1075,1246,2112,2120,2068,2096,1436,1123,1198,2014,2081,2064,2084,2132,2066,1649,1207,2082,2086,2096,2107,2103,2090,1892,1192,2024,2050,2088,2101,2140,2069,1894,1209,2063,2100,2105,2135,2078,1965,1947,1184,2042,2083,2097,2094,2001,1956,1972,1099,1680,2041,2083,2055,1994,1928,1048,5,10,5,255,5,10,5,5,5,5,10,255,10,5,5,5,5,255,5,5,5,5,5,9,5,5,5,5,5,5,5,5,5,255,10,5,5,10,10,255,5,255,5,10,5,5,5,5,5,255,5,5,255,5,5,5,5,255,5,10,9,5,255,255
1780877885.213626,408,43443026,833,1019,2102,2040,2069,2040,1231,994,1076,1313,2022,2120,2081,2140,1501,1114,1224,2002,2081,2086,2091,2076,2081,1687,1168,2000,2088,2085,2093,2067,2062,1828,1199,2060,2091,2085,2116,2090,2069,1926,1175,1991,2095,2105,2081,2059,1958,1957,1123,2042,2083,2092,2141,1998,1922,1972,1155,1680,2020,2067,2011,1922,1928,1048,5,255,5,255,5,5,5,5,5,5,5,255,5,5,5,5,5,10,5,5,5,5,5,5,5,5,5,5,5,5,5,5,5,10,5,5,5,5,255,10,5,10,5,255,5,5,5,5,5,255,255,5,10,5,5,255,5,255,5,5,5,5,255,255
1780877885.314143,409,43543026,861,2038,2026,2070,2078,2036,1305,980,1078,1280,1997,2067,2081,2094,1448,1111,1183,2053,2083,2071,2079,2110,2096,1661,1196,2027,2096,2087,2085,2151,2068,2003,1176,2021,2091,2104,2113,2077,2069,1926,1161,1991,2086,2079,2104,2076,1990,1950,1171,2042,2098,2106,2084,2032,1917,1936,1127,1680,2043,2067,1990,1934,1928,1048,5,10,5,10,5,5,5,5,5,5,5,10,255,5,5,5,5,5,5,5,5,5,5,5,5,5,5,5,5,5,5,5,5,5,255,5,5,5,255,255,5,255,5,10,5,5,5,5,5,255,10,5,5,5,5,10,5,255,5,255,5,5,255,255
1780877885.413922,410,43643027,852,1081,2097,2070,2061,2036,1296,995,1065,1287,2096,2067,2081,2094,1442,1094,1174,1634,2093,2090,2110,2069,2096,1718,1186,2083,2109,2091,2076,2111,2091,1768,1203,2043,2102,2076,2078,2077,2063,1916,1205,1991,2114,2104,2091,2113,1945,1944,1172,2042,2098,2133,2117,1996,1917,1936,1131,1680,2043,2076,2009,1945,1928,1048,5,5,5,255,5,255,9,5,5,5,5,255,255,255,5,5,5,4,5,5,5,5,255,5,5,5,5,5,5,5,5,4,5,5,10,5,5,255,10,10,5,255,5,5,5,5,5,5,5,255,255,5,5,5,255,255,5,255,255,10,255,5,255,255
1780877885.513013,411,43743026,848,1081,2080,2102,2107,2010,1276,1016,1065,1263,2062,2067,2046,2094,1407,1152,1191,2026,2086,2058,2066,2104,2072,1634,1196,2083,2089,2089,2099,2097,2043,1841,1192,2075,2112,2105,2116,2077,2062,1916,1140,2082,2110,2093,2108,2090,2019,1940,1155,2042,2098,2103,2090,2001,1966,1932,1107,1680,2030,2071,1986,1968,1928,1048,5,255,5,10,5,10,5,5,5,5,5,255,10,255,5,5,5,4,5,5,5,5,10,5,5,255,5,5,5,5,5,5,5,5,5,5,5,255,5,255,5,10,5,5,5,5,5,5,5,255,10,5,5,5,10,10,5,255,10,5,5,5,255,255
1780877885.611949,412,43843027,827,1073,2112,2102,2107,2135,1260,973,1050,1289,2019,2056,2073,2094,1397,1108,1241,2023,2047,2086,2098,2083,2053,1639,1179,2051,2119,2079,2105,2094,2111,1890,1210,2032,2051,2099,2120,2100,2062,1916,1185,2082,2092,2086,2053,2053,1961,1926,1127,2042,2091,2103,2090,2001,1912,1971,1126,1680,2030,2071,1997,1927,1928,1048,5,10,5,255,255,5,5,5,5,5,5,10,5,255,5,5,9,5,5,5,5,5,5,5,5,10,5,5,5,5,5,5,5,5,5,5,5,10,255,255,5,255,5,5,5,5,5,5,5,255,5,255,255,255,5,5,5,255,255,255,5,5,255,255
1780877885.713459,413,43943026,844,2100,2058,2083,2074,2048,1271,979,1058,1228,2079,2102,2021,2094,1523,1122,1205,2006,2068,2093,2089,2140,2106,1790,1186,1951,2076,2092,2104,2117,2075,1923,1214,2000,2051,2084,2097,2100,2087,1982,1175,2082,2058,2152,2097,2135,1947,1964,1164,2007,2092,2102,2106,1993,1972,1971,1132,1680,2023,2071,2034,1931,1928,1048,5,4,5,10,10,5,9,5,5,5,5,5,5,255,5,5,5,5,5,5,5,5,5,5,5,9,5,5,5,5,5,5,5,5,255,5,5,255,10,10,5,255,5,5,5,5,5,5,5,10,5,10,10,10,5,255,5,255,10,10,5,5,255,255
1780877885.813192,414,44043027,834,1067,2058,2083,2097,2048,1258,974,1095,1200,2056,2050,2021,2026,1419,1056,1186,1987,2065,2093,2106,2031,2029,1760,1171,2037,2093,2091,2104,2108,2091,1842,1198,2000,2080,2095,2104,2090,2087,1902,1154,1998,2100,2057,2154,2071,1940,1936,1151,2007,2064,2086,2106,1990,1933,1971,1109,1680,2064,2065,2025,1970,1928,1048,5,255,255,255,5,255,5,5,5,5,5,5,255,10,5,5,5,5,5,5,5,5,5,9,5,5,5,5,5,5,5,5,5,255,10,5,5,10,255,5,5,10,5,5,5,5,5,5,5,255,5,5,255,5,5,255,5,255,5,5,5,5,255,255
1780877885.912991,415,44143026,848,2058,2076,2042,2083,2000,1237,1003,1074,1301,2005,2061,2123,2117,1427,1148,1165,2015,2110,2085,2087,2091,2112,1760,1225,2023,2076,2088,2069,2094,2079,1844,1205,2008,2086,2077,2088,2080,2087,1902,1198,2047,2077,2124,2077,2100,1923,1894,1192,2007,2094,2111,2053,1985,1938,1956,1119,1729,2025,2078,1998,1928,1962,1048,5,10,10,10,5,10,5,5,5,5,5,5,10,5,5,5,5,5,5,5,5,5,5,255,5,5,5,5,5,5,5,5,5,10,5,5,5,5,255,255,5,5,5,5,255,5,5,5,5,255,5,5,10,5,5,10,5,10,5,5,5,5,10,255
1780877886.013285,416,44243026,829,1044,2067,2042,2086,2039,1277,976,1046,1258,2089,2061,2084,1922,1458,1104,1155,2015,2080,2066,2113,2087,2059,1633,1173,2052,2089,2104,2097,2100,2087,1841,1212,2040,2093,2097,2096,2107,2087,1842,1189,2047,2103,2148,2069,2084,1967,1941,1142,2007,2084,2103,2083,1979,1949,1948,1119,1729,2041,2022,2039,1928,1962,1048,5,255,5,255,5,5,5,5,5,5,5,255,5,5,5,5,5,255,5,5,5,5,5,10,5,5,5,5,5,5,5,5,5,5,5,5,5,5,255,10,5,255,5,5,5,5,5,5,5,255,5,5,5,5,5,5,5,255,5,5,5,255,255,255
1780877886.112404,417,44343026,827,2038,2078,2051,2101,2014,1275,977,1046,1243,2079,2061,2084,1922,1360,1112,1185,2015,2105,2095,2095,2114,2041,1686,1218,2055,2081,2090,2072,2092,2083,1864,1223,2087,2070,2085,2083,2138,2087,1947,1133,2047,2121,2111,2097,2108,1967,1929,1136,2040,2109,2105,2083,1960,1952,1949,1146,1729,2073,2022,1961,1925,1962,1048,5,10,5,10,5,5,5,5,5,5,5,255,255,255,5,5,5,255,5,5,5,5,5,5,5,5,5,5,5,5,5,5,5,5,5,5,5,5,255,5,5,255,5,5,5,5,255,5,5,10,5,5,255,5,5,5,5,255,5,255,5,10,255,255
1780877886.212137,418,44443027,822,1022,2017,2064,2085,2014,1237,966,1069,1214,2105,2085,2135,1922,1393,1153,1180,2015,2070,2073,2070,2080,2090,1644,1186,2029,2075,2084,2073,2102,2083,1864,1192,2097,2102,2102,2108,2089,2087,1916,1182,2047,2121,2111,2089,2077,1983,1954,1153,2040,2100,2089,2078,2007,1952,1949,1159,1729,2073,2105,2042,1925,1989,1048,5,4,5,5,5,255,5,5,5,5,5,10,10,255,5,5,5,255,5,5,5,5,5,5,5,5,5,5,5,5,5,255,5,5,5,5,5,5,255,5,5,255,255,255,5,5,10,5,5,255,5,5,10,5,5,255,5,255,255,10,5,255,10,255
1780877886.313490,419,44543026,837,2061,2087,2076,2090,2020,1267,997,1084,1307,2096,2074,2036,2138,1407,1125,1205,2027,2047,2077,2094,2119,2044,1748,1225,2019,2093,2095,2103,2100,2063,1844,1156,2041,2102,2095,2103,2066,2046,1911,1207,2047,2099,2097,2113,2094,1953,1998,1162,2040,2102,2080,2085,2006,1947,1989,1141,1464,2041,2069,2012,1926,1989,1048,5,4,5,5,5,10,5,5,5,5,5,5,5,10,5,5,5,10,5,5,5,5,5,5,9,5,5,5,5,5,5,10,5,5,255,5,5,5,10,5,5,255,10,10,5,5,5,5,5,255,5,5,5,5,5,10,5,10,10,5,5,10,255,255
1780877886.423744,420,44653027,820,1071,2087,2042,2101,2052,1259,977,1109,1252,2060,2074,2092,2138,1404,1116,1169,2017,2083,2050,2047,2122,2079,1748,1187,2008,2089,2089,2094,2115,2093,1944,1225,2031,2073,2110,2100,2150,2043,1911,1194,2047,2107,2126,2149,2057,1935,1943,1170,2040,2089,2083,2085,1970,1918,1989,1119,1579,2041,2069,1978,1926,1989,1048,5,255,255,5,5,5,5,5,5,5,5,255,5,255,5,5,5,5,5,5,5,5,5,255,5,5,5,5,5,5,5,5,5,5,10,5,5,5,5,255,5,255,5,5,5,5,5,5,5,255,5,5,255,5,5,255,5,4,5,255,5,255,255,255
1780877886.523717,421,44753026,818,2056,2073,2081,2101,2052,1260,1002,1058,1253,2089,2074,2096,2063,1397,1115,1195,2086,2100,2091,2113,2097,2056,1745,1192,1934,2096,2079,2088,2124,2111,1944,1198,2116,2088,2098,2119,2116,2043,1911,1132,2017,2099,2099,2096,2083,2005,1921,1149,2010,2110,2122,2083,1981,1945,1974,1130,1725,2007,2069,2000,2016,1989,1048,5,10,10,5,255,255,9,5,5,5,5,255,5,10,5,5,5,5,5,5,5,5,5,10,5,5,5,5,5,5,5,255,5,5,5,5,5,5,255,255,9,10,5,5,5,5,5,5,5,10,5,5,10,5,5,10,5,5,5,255,5,10,255,255
1780877886.623289,422,44853027,841,2056,2073,2081,2101,2052,1292,993,1079,1311,2073,2074,2096,2081,1408,1080,1180,2086,2076,2073,2103,2098,2084,1641,1155,2047,2066,2091,2090,2083,2046,1944,1158,2053,2077,2116,2101,2080,2012,1934,1225,2053,2094,2122,2096,2074,2005,1929,1133,2010,2094,2104,2083,2013,1989,1974,1129,1725,2007,2051,1990,2016,1989,1048,5,255,255,255,255,255,5,5,5,5,5,255,255,5,5,5,5,255,5,5,5,5,5,5,5,5,5,5,5,5,5,255,5,5,5,5,5,5,10,10,5,5,5,5,255,5,255,5,5,255,5,5,255,5,5,255,5,255,255,10,5,255,255,255
1780877886.723822,423,44953026,841,1082,2084,2059,2035,2063,1255,1001,1063,1242,2055,2074,2124,2073,1384,1106,1199,1989,2100,2093,2090,2105,2078,1713,1213,2036,2079,2093,2086,2122,2088,1944,1178,2056,2073,2083,2095,2091,2091,1836,1174,2053,2094,2113,2096,2071,2025,1945,1140,2010,2122,2124,2090,2009,1941,1962,1092,1725,2106,2084,1999,2016,1943,1048,5,10,10,10,10,10,5,5,5,5,5,255,10,5,5,5,5,10,5,5,5,5,5,5,5,5,5,5,5,5,5,255,5,5,5,5,5,5,5,5,5,255,255,5,255,5,10,255,5,255,5,5,10,5,5,10,5,255,10,5,5,255,10,255
1780877886.824994,424,45053027,840,1082,2067,2049,2035,2063,1277,970,1035,1207,2069,2103,2124,2073,1381,1112,1168,2035,2114,2079,2059,2122,2056,1678,1190,2056,2097,2086,2092,2108,2076,1767,1186,2027,2072,2082,2144,2092,2091,1897,1173,2053,2084,2053,2059,2105,1985,1904,1137,2010,2093,2117,2111,1987,1910,1962,1102,1725,2028,2084,2017,2016,1927,1048,5,255,5,5,255,255,5,5,5,5,5,10,255,255,5,5,5,5,5,5,5,5,5,5,5,5,5,5,5,5,5,10,5,5,5,5,5,5,255,5,5,255,10,5,10,5,5,5,5,255,5,5,5,5,5,255,5,255,5,255,5,255,5,255
1780877886.920692,425,45153026,841,2073,2081,2087,2099,2063,1330,975,1085,1271,2077,2108,2124,2099,1462,1097,1160,1999,2098,2072,2062,2107,2059,1656,1253,2074,2102,2097,2073,2069,2079,1893,1169,2049,2073,2099,2107,2096,2035,1965,1174,2010,2093,2114,2086,2095,1973,1964,1153,2010,2090,2090,2087,2013,1961,1933,1110,1725,2028,2070,2017,1944,1976,1048,5,10,5,5,10,255,5,5,5,5,5,5,255,10,5,5,5,5,5,5,5,5,5,5,5,5,5,5,5,5,5,5,5,5,5,5,5,5,10,5,5,10,5,5,5,5,5,5,5,255,5,5,5,5,5,10,5,255,255,10,255,10,5,255
1780877887.025247,426,45253027,851,2073,2099,2081,2099,2063,1252,972,1056,1328,2049,2092,2124,2099,1462,1097,1199,2066,2096,2083,2052,2080,2056,1658,1225,2027,2107,2086,2083,2106,2075,1893,1175,2036,2135,2087,2112,2106,2035,1854,1138,2010,2093,2121,2108,2124,2017,1985,1151,2010,2096,2100,2087,1969,1939,1947,1113,1725,2073,2042,2017,1979,1976,1048,5,255,5,5,255,255,5,5,5,5,5,5,255,255,255,5,5,5,5,5,5,5,5,5,5,5,5,5,5,5,5,255,5,5,5,5,5,5,255,5,5,255,255,5,5,5,5,5,5,255,5,5,255,5,5,5,5,255,10,5,10,5,255,255
1780877887.122221,427,45353026,851,2065,2025,2081,2102,2051,1219,999,1066,1252,2086,2034,2093,2099,1411,1093,1192,1942,2095,2092,2084,2048,2068,1658,1181,1989,2085,2083,2096,2108,2066,1893,1215,2074,2089,2104,2090,2108,2045,1854,1170,2010,2106,2158,2076,2071,1974,1936,1154,2055,2080,2107,2089,1984,1949,1947,1103,1725,2083,2050,2039,1931,1976,1048,5,10,255,255,10,10,5,5,5,5,5,5,10,255,10,5,5,5,5,5,5,5,5,255,5,5,5,5,5,5,5,255,5,5,5,5,5,5,10,255,5,255,10,5,5,5,5,255,5,10,5,5,10,5,5,5,5,255,5,5,5,5,255,255
1780877887.222043,428,45453027,843,2065,2103,2081,2102,1959,1263,982,1084,1252,2086,2034,2093,2099,1472,1099,1201,1516,2058,2086,2090,2083,2075,1679,1199,2073,2073,2077,2087,2122,2089,1874,1212,2050,2105,2098,2102,2114,2045,1854,1191,2010,2113,2158,2120,2111,1968,1949,1164,2055,2083,2122,2089,2017,1934,1947,1136,1725,2083,2086,1980,2003,1976,1048,5,255,5,255,255,5,5,5,5,255,255,255,255,255,5,5,5,5,5,5,5,5,5,10,5,5,5,5,5,5,5,10,5,5,5,5,5,5,255,255,5,255,5,255,5,5,5,5,5,255,5,5,255,5,5,255,5,255,5,5,5,5,255,255
1780877887.322515,429,45553026,842,2065,2072,2074,2084,2014,1313,986,1068,1249,2025,2034,2051,2099,1440,1112,1145,2044,2082,2085,2108,2087,2080,1617,1185,1999,2108,2093,2088,2118,2082,1874,1177,2126,2107,2084,2092,2107,2045,1854,1150,2091,2077,2100,2101,2076,1966,1979,1149,2055,2089,2101,2090,2015,1939,1959,1145,1725,2019,2028,1959,1955,1956,1048,5,255,5,10,10,5,5,5,5,10,10,255,10,255,5,5,5,5,5,5,5,5,5,5,5,5,5,5,5,5,5,255,5,5,5,5,5,5,255,255,5,10,5,10,5,5,5,5,5,255,5,5,10,5,5,10,5,255,5,5,5,5,10,255
1780877887.423443,430,45653026,841,2065,2109,2062,2051,2044,1345,986,1071,1286,2068,2034,2091,2033,1399,1128,1197,2044,2037,2101,2087,2050,2044,1617,1195,2050,2108,2095,2067,2117,2081,1925,1186,2038,2104,2101,2114,2171,2045,1886,1166,2091,2077,2077,2095,2076,1922,1942,1174,2055,2115,2106,2090,2038,1931,1978,1127,1725,2056,2035,2006,1962,1956,1048,5,255,5,5,5,5,5,5,5,5,5,255,5,10,5,5,5,255,5,5,5,5,5,255,5,5,5,5,5,5,5,10,5,5,5,5,5,5,255,10,5,255,255,5,5,5,5,5,5,255,5,5,255,5,5,5,5,255,5,5,5,5,255,255
1780877887.524855,431,45753026,839,1056,2081,2062,2095,1978,1218,971,1069,1312,2044,2084,2068,2033,1490,1105,1189,2044,2047,2077,2116,2076,2054,1648,1231,2056,2080,2088,2080,2108,2122,1910,1176,2103,2107,2090,2111,2137,2115,1940,1205,2091,2103,2072,2081,2079,1922,1968,1172,2055,2109,2095,2104,1979,1940,1960,1128,1806,2061,2035,1994,1931,1956,1048,5,10,5,255,5,5,9,5,5,5,5,10,5,255,9,5,5,255,5,5,5,5,5,10,5,5,5,5,5,5,5,5,5,5,5,5,5,5,10,5,5,255,10,5,5,5,255,5,5,255,5,5,10,5,5,5,5,10,5,255,5,5,255,255
1780877887.622379,432,45853027,844,1056,2076,2079,2095,1978,1284,1011,1059,1336,2094,2080,2068,2077,1482,1137,1187,1597,2060,2091,2090,2096,2067,1676,1204,2145,2086,2089,2096,2108,2118,1853,1176,2018,2107,2103,2096,2072,2062,1943,1155,2091,2075,2054,2116,2063,1938,1977,1145,2055,2113,2101,2104,2022,1752,1441,1115,1806,2032,2032,1994,1942,1956,1048,5,255,5,10,255,255,9,5,5,5,5,5,255,10,5,5,5,10,5,5,5,5,5,5,5,5,5,5,5,255,5,5,5,5,255,5,5,5,5,5,5,255,5,5,5,5,10,5,5,255,5,5,255,5,5,4,5,255,5,10,255,5,255,255
1780877887.724942,433,45953027,843,1056,2076,2079,2060,2100,1266,996,1079,1261,2031,2080,2068,2041,1401,1111,1185,1597,2093,2085,2101,2041,2046,1667,1190,2002,2102,2089,2109,2108,2119,1871,1203,2066,2064,2072,2103,2139,2099,1943,1185,1690,2077,2059,2071,2094,1963,1967,1150,2055,2109,2090,2116,1905,1752,1368,1081,1806,2065,2032,1970,1934,1956,1048,5,255,255,255,10,10,5,5,5,5,5,255,255,5,5,5,5,255,5,5,5,5,5,5,9,5,5,5,5,10,5,5,5,5,10,5,5,5,5,255,5,10,5,5,5,5,5,5,5,255,5,5,10,5,255,5,5,255,5,255,10,5,255,255
1780877887.823288,434,46053027,853,1064,2023,2079,2041,2100,1281,986,1056,1293,2039,2088,2065,2162,1430,1088,1160,1963,2068,2090,2097,2083,2122,1667,1182,2063,2089,2092,2083,2095,2107,1871,1153,2019,2084,2119,2092,2089,2057,1905,1163,1690,2077,2090,2122,2126,1960,1967,1133,2055,2110,2150,2116,2041,1495,1102,1117,1806,2057,2032,1978,1934,1956,1048,5,10,10,255,5,255,5,5,5,5,5,10,10,5,5,5,5,10,5,5,5,5,5,255,5,5,5,5,5,5,5,255,5,5,5,5,5,5,5,10,5,255,255,5,5,5,5,255,5,255,5,5,255,5,10,4,5,255,5,255,5,255,255,255
1780877887.923962,435,46153026,827,1075,2065,2063,2072,2001,1217,1005,1076,1278,2086,2088,2074,2162,1424,1093,1192,1963,2108,2083,2117,2121,2068,1667,1193,2017,2081,2092,2073,2113,2110,1803,1172,1963,2059,2092,2092,2081,2069,1905,1198,1690,2125,2152,2100,2098,1910,1019,1133,2055,2072,2101,2097,2001,1274,1084,1124,1457,2021,2032,1997,984,1063,1002,5,255,5,10,5,10,5,5,5,5,5,255,5,255,5,5,5,255,5,5,5,5,5,255,5,5,5,5,5,5,5,10,5,5,5,5,5,5,5,255,5,255,10,5,5,5,5,10,5,255,5,5,10,5,4,5,5,10,5,255,5,10,10,10
1780877888.024760,436,46253026,831,1075,2097,2084,2072,2001,1245,976,1094,1293,2092,2088,2126,2162,1379,1119,1183,2023,2060,2110,2115,2122,2095,1718,1195,2038,2090,2070,2086,2095,2090,907,1178,2002,2084,2082,2040,2132,2069,926,1127,1690,2125,2134,2051,1250,1090,802,1125,2055,2065,2092,2097,1041,1016,746,1137,1457,2084,2092,1967,882,955,596,5,255,5,5,255,255,5,5,5,5,5,255,5,255,5,5,5,10,5,5,5,5,5,10,5,5,5,5,5,5,5,4,5,5,5,5,5,5,255,10,5,255,255,5,5,4,4,4,5,255,5,5,255,4,4,4,5,255,5,10,5,5,5,4
1780877888.124481,437,46353026,845,2095,2076,2085,2091,2040,1221,999,1066,1293,2044,2058,2126,2009,1433,1114,1242,2030,2100,2085,2093,2101,2078,1740,1203,2053,2109,2078,2094,2086,888,930,1207,2012,2084,2110,1092,1137,720,662,1174,1690,2090,2134,975,830,705,981,1151,1972,2101,2090,860,919,556,537,1097,1457,2090,2092,1978,602,541,530,5,10,5,5,10,10,5,5,5,5,5,10,255,10,5,5,5,5,5,5,5,5,5,5,5,5,5,5,5,5,4,5,5,5,5,5,4,4,10,4,9,255,10,255,4,4,4,5,5,10,5,5,10,5,4,4,5,255,5,255,5,4,4,5
1780877888.223184,438,46453026,841,2095,2060,2082,2077,2040,396,380,1061,1329,2060,2058,2100,421,394,362,1165,2030,2038,2094,2159,453,393,351,1171,2000,2095,2084,2058,616,444,375,1164,2007,2053,2123,629,609,576,456,1189,1515,2110,715,637,626,569,1904,1146,1972,2063,2132,860,581,556,537,1134,1457,1978,2051,2023,602,1928,530,5,255,5,5,5,255,4,4,5,5,5,255,10,4,4,4,5,255,5,5,5,4,4,4,5,5,5,5,5,4,4,4,5,5,5,5,4,4,5,4,5,10,5,10,4,4,5,4,5,255,5,5,255,4,255,255,5,255,5,10,5,255,4,255
1780877888.323648,439,46553026,839,1082,2037,490,425,407,416,941,1063,1232,1041,684,519,604,431,682,1204,2011,746,710,665,648,643,666,1218,2059,2109,2096,674,712,678,777,1201,2007,2097,2088,733,832,576,456,1177,1515,2116,2093,2076,2068,1958,1944,1155,1972,2087,2088,2104,2027,1977,1925,1108,1457,1989,2065,2030,1932,1928,530,5,10,5,4,4,10,5,4,5,5,4,10,4,5,5,4,5,10,4,4,4,5,4,4,5,5,5,5,4,5,4,4,5,255,5,5,5,4,255,255,5,255,5,4,4,4,4,5,5,255,5,5,10,5,10,10,5,255,5,5,5,10,255,255
1780877888.423707,440,46653027,855,688,658,627,625,614,653,969,1101,1273,691,762,671,778,697,773,1184,2011,2071,935,1037,949,2095,769,1180,2059,2092,2093,2079,2112,2102,1815,1201,2007,2147,2081,2099,832,576,456,1193,1515,2109,2091,2097,2037,1903,1895,1157,2075,2121,2088,2129,2001,1952,1925,1086,1457,2067,2065,1959,1932,1928,530,5,4,4,5,5,4,4,5,9,5,4,5,5,5,4,5,5,5,4,4,4,4,4,5,5,255,5,5,4,4,4,4,5,255,5,5,5,255,255,255,5,255,5,5,5,5,5,5,5,10,5,255,5,5,5,255,5,255,5,255,5,255,255,255
1780877888.522876,441,46753026,841,1076,1045,984,987,817,788,988,1077,1320,1146,1409,1089,778,840,1113,1202,2006,2072,1502,2077,2078,2042,1720,1214,1925,2069,2101,2071,2106,2068,1815,1184,2042,2071,2098,2083,2100,2048,456,1225,1515,2121,2067,2120,2062,1930,1891,1143,2075,2127,2086,2129,1995,1970,1989,1114,1457,2067,2032,2052,1968,2030,530,5,4,4,4,4,4,4,5,5,5,4,4,4,255,5,5,5,5,5,4,4,5,5,4,5,10,5,5,5,5,5,255,5,10,5,5,5,10,10,255,9,255,5,5,5,5,5,5,5,255,5,10,255,5,5,10,5,255,255,10,5,10,10,255
1780877888.624784,442,46853026,844,1076,1408,1431,2058,2032,1237,1011,1089,1328,1555,1409,1089,778,1438,1120,1215,2043,2079,2116,2130,2110,2129,1638,1177,2021,2089,2103,2076,2113,2096,1987,1197,2050,2047,2095,2100,2088,2083,456,1208,1990,2121,2135,2103,2150,1972,1974,1141,2075,2046,2106,2101,1995,1922,1942,1130,1635,2007,2032,1985,1914,2030,530,5,255,4,4,4,4,5,5,5,5,4,255,255,255,4,5,5,5,5,5,5,5,5,5,5,5,5,5,5,5,5,10,5,5,5,5,5,5,5,255,5,10,255,5,5,5,5,5,5,255,5,5,10,255,5,5,5,10,10,255,5,5,255,255
1780877888.724131,443,46953026,831,1076,1777,1800,2064,2057,1287,996,1052,1252,2086,2085,2012,2091,1408,1094,1200,1919,2070,2128,2065,2102,2053,1681,1187,2082,2112,2093,2087,2134,2086,1987,1205,2064,2083,2064,2120,2206,2073,1866,1237,1990,2091,2135,2115,2064,1952,1917,1118,2077,2088,2110,2071,1990,1882,1942,1106,1635,2025,2033,1974,1928,2030,530,5,255,4,4,5,5,5,5,5,255,4,10,10,10,5,5,5,5,5,5,5,5,5,5,5,5,5,5,5,5,5,255,9,5,5,5,5,5,5,10,5,255,10,255,5,5,5,5,5,10,5,5,5,10,5,255,5,255,5,10,5,5,255,255
1780877888.823496,444,47053027,839,1076,2084,1800,2082,2057,1247,974,1073,1310,2067,2099,2097,2133,1402,1094,1197,1961,2095,2085,2067,2062,2066,1694,1127,2038,2094,2100,2091,2090,2094,1987,1174,2076,2101,2093,2130,2206,2073,1866,1216,2154,2067,2135,2126,2082,1926,1948,1172,2017,2086,2105,2138,1991,1948,1985,1120,1635,2063,2033,2039,1971,2030,530,5,255,4,255,5,255,5,5,5,5,5,5,5,5,5,5,5,5,5,5,5,5,5,5,5,5,5,5,5,5,5,255,5,5,5,5,5,255,255,255,5,10,5,255,5,5,5,5,5,5,5,5,5,5,5,10,5,255,5,255,5,255,255,255
1780877888.922905,445,47153026,835,1067,2032,2060,2123,2040,1336,969,1103,1261,2067,2099,2053,2007,1442,1097,1214,2067,2060,2100,2128,2078,2081,1708,1225,1969,2105,2088,2085,2110,2100,1916,1214,2050,2110,2115,2103,2099,2073,1866,1189,2154,2104,2084,2137,2057,1926,1937,1172,2017,2068,2094,2089,2004,1961,1985,1111,1635,1979,2022,2033,1968,2030,530,5,10,5,10,5,10,5,5,5,9,255,255,5,5,5,5,5,5,5,5,5,5,5,5,5,5,5,5,5,5,5,10,5,5,5,5,5,10,255,255,9,255,5,10,5,5,255,5,5,255,5,5,5,5,5,255,5,255,5,10,5,5,255,255
1780877889.023337,446,47253027,819,2083,2059,2060,2083,2040,1302,991,1080,1261,2064,2062,2053,2087,1517,1097,1201,1826,2084,2049,2110,2074,2027,1686,1220,2029,2108,2095,2083,2116,2091,1916,1211,2027,2117,2103,2105,2148,2073,1896,1179,2082,2082,2084,2116,2085,1993,1967,1158,2017,2094,2115,2089,2023,1961,1965,1084,1897,1979,2022,1998,1917,2030,530,5,5,5,255,5,255,5,5,5,255,10,10,255,5,5,5,5,4,5,5,5,5,5,5,5,5,5,5,5,5,5,255,5,5,5,5,5,5,255,10,5,10,5,255,5,5,10,5,5,255,5,5,255,5,255,10,5,10,255,255,255,5,255,255
1780877889.134829,447,47363025,841,2059,2088,2051,2043,2082,1332,1008,1070,1261,2084,2061,2129,2049,1351,1087,1175,1726,2080,2094,2082,2050,2082,1668,1206,2050,2099,2087,2099,2093,2093,1916,1210,2054,2063,2107,2121,2083,2076,1859,1208,1975,2093,2130,2139,2072,1969,1965,1123,2017,2090,2095,2110,2004,1945,1944,1120,1993,1990,2082,2004,1953,1934,530,5,5,5,10,5,10,5,5,5,10,5,5,10,5,5,5,5,5,5,5,5,5,5,5,5,5,5,5,5,5,5,255,5,5,5,5,5,5,10,5,9,9,5,10,5,5,5,5,5,255,5,5,10,5,10,5,5,5,10,10,5,5,10,255
1780877889.235280,448,47463027,832,2059,2101,2080,2139,2082,1269,985,1110,1373,2084,2061,2088,2065,1486,1130,1167,1726,2087,2092,2048,2106,2086,1649,1203,2032,2110,2081,2080,2076,2074,1861,1225,1991,2114,2088,2114,2099,2076,1893,1213,1975,2093,2047,2049,2072,1958,1928,1152,2017,2114,2099,2110,2010,1899,1944,1113,1657,2031,2029,2040,1996,1934,530,5,255,5,5,5,255,5,5,5,5,255,255,5,5,5,5,5,255,5,5,5,5,5,5,5,5,5,5,5,5,5,10,5,5,5,5,5,5,255,5,5,255,255,5,5,255,5,5,5,255,5,5,255,5,5,255,5,4,5,5,5,5,255,255
1780877889.331831,449,47563026,842,1007,2097,2049,2075,2051,1276,988,1060,1268,2092,2076,2088,2108,1425,1093,1208,1641,2064,2077,2092,2139,2022,1797,1171,2051,2059,2087,2101,2096,2069,1861,1172,2022,2080,2060,2132,2099,2041,1893,1179,1975,2123,2061,2116,2094,1975,1943,1130,2052,2065,2086,2089,1946,1934,1913,1128,1626,2048,2029,1994,1953,1934,530,5,10,5,5,5,10,5,5,5,5,10,10,255,5,5,5,5,10,5,5,5,5,5,5,5,5,5,5,5,5,5,255,5,5,5,5,5,255,10,255,5,255,10,5,5,10,5,5,5,10,5,5,10,5,5,10,5,5,5,255,5,5,255,255
1780877889.434096,450,47663027,842,1007,2078,2049,2075,2051,1263,980,1112,1217,2052,2049,2088,2053,1388,1131,1180,1641,2044,2112,2092,2098,2074,1797,1163,2069,2059,2078,2090,2111,2066,1882,1200,2076,2103,2082,2109,2099,2041,1893,1210,1975,2104,2114,2165,2123,1922,1975,1143,2052,2098,2111,2126,1955,1952,1913,1117,1626,2048,2029,1928,1961,1997,530,5,255,5,255,255,255,5,5,5,5,5,5,255,5,5,5,5,255,5,5,255,5,5,255,5,5,5,5,5,5,5,10,5,5,5,5,5,10,255,255,5,255,5,5,5,3,5,5,5,255,5,5,5,5,5,255,5,255,255,255,5,5,10,255
1780877889.534027,451,47763026,852,1032,2078,2061,2095,2068,1299,986,1073,1311,2075,2074,2162,2067,1433,1103,1191,2003,2077,2097,2083,2056,2125,1705,1228,1996,2092,2074,2087,2120,2079,1864,1170,1970,2099,2086,2112,2109,2041,1893,1209,1975,2104,2176,2066,2085,1974,1942,1140,2035,2081,2110,2090,1964,1946,1970,1084,1626,2035,2029,1978,1955,1997,530,5,255,255,10,10,10,5,5,5,5,5,5,10,5,5,5,5,10,5,5,10,5,5,10,5,5,5,5,5,5,5,5,5,5,5,5,5,5,255,255,5,255,255,5,5,5,5,5,5,10,5,5,5,5,5,10,5,255,10,255,5,5,255,255
1780877889.633682,452,47863026,842,1032,2077,2094,2061,2068,1246,984,1053,1311,2075,2108,2059,2047,1440,1095,1180,1975,2063,2123,2081,2056,2059,1711,1196,2001,2086,2090,2097,2124,2075,1854,1167,2173,2095,2086,2056,2097,2053,1928,1192,1975,2092,2100,2129,2105,2027,1934,1179,2035,2067,2079,2090,1974,1937,1970,1112,1480,2035,2001,2008,2042,1938,530,5,255,10,5,5,255,5,5,5,255,255,5,5,5,5,5,5,5,5,5,5,5,5,5,5,5,5,5,5,5,5,5,5,4,5,5,5,5,10,10,5,255,10,5,5,5,5,5,5,255,5,5,255,5,5,5,5,10,255,10,5,5,10,255
1780877889.735178,453,47963026,846,2075,2056,2068,2104,2093,1233,1015,1032,1324,2062,2124,2075,2110,1431,1095,1231,2080,2071,2084,2075,2084,2054,1711,1186,2001,2088,2074,2102,2106,2077,1779,1261,2027,2086,2099,2071,2074,2035,1867,1169,1997,2104,2100,2070,2083,2004,1929,1135,2035,2102,2117,2095,2021,1949,1966,1101,1480,2062,2059,2059,1995,1938,530,5,10,5,5,5,10,5,5,9,10,10,5,5,5,5,5,5,5,5,5,5,5,5,255,5,255,5,5,5,5,5,5,5,5,5,5,5,5,5,5,5,10,5,255,5,5,5,5,5,255,5,5,10,5,5,5,5,255,10,5,5,5,255,255
1780877889.833978,454,48063026,840,2081,2041,2068,2088,2089,1307,978,1078,1294,2095,2124,2098,2067,1424,1107,1214,1998,2078,2074,2079,2126,2086,1652,1196,2014,2072,2090,2096,2106,2069,1914,1220,2027,2093,2066,2100,2074,2035,1867,1158,1986,2132,2127,2120,2100,1976,1925,1136,2035,2089,2124,2111,2013,1957,1942,1137,1480,2063,2059,1998,1950,1938,530,5,5,5,255,5,5,5,5,5,5,5,255,5,5,5,5,5,5,5,5,5,5,5,10,9,10,5,5,5,255,5,5,5,255,5,5,5,255,255,255,5,5,5,10,5,5,5,5,5,255,5,5,5,5,5,5,5,255,5,255,5,5,255,255
1780877889.933533,455,48163026,835,2081,2055,2068,2081,2083,1302,1005,1073,1311,2086,2124,2092,2060,1402,1113,1162,1998,2097,2076,2116,2114,2043,1622,1189,2056,2110,2093,2074,2118,2090,1850,1220,2015,2108,2083,2060,2145,2035,1930,1191,2021,2079,2127,2108,2101,1961,1944,1139,2010,2125,2107,2115,1988,1915,1930,1087,1544,2031,2056,2015,1906,1966,530,5,255,5,255,5,5,5,5,5,5,5,255,5,5,5,5,5,255,5,5,5,5,5,5,5,5,5,5,5,10,5,5,5,10,5,5,5,10,255,10,9,5,5,255,5,5,5,5,5,10,5,5,5,5,5,5,5,10,5,10,5,5,10,255
1780877890.034969,456,48263027,835,1058,2059,2068,2055,2046,1211,965,1089,1323,2057,2092,2070,2060,1377,1123,1182,1998,2081,2068,2061,2131,2017,1633,1206,1983,2093,2080,2100,2085,2068,1820,1158,2067,2073,2121,2105,2139,2026,1930,1160,2021,2103,2127,2141,2075,1961,2006,1181,2010,2054,2117,2094,2019,1933,1930,1124,1544,2061,2022,2012,1906,1966,530,5,10,5,255,5,5,5,5,5,5,5,10,5,255,5,5,5,255,5,5,5,5,5,5,5,5,5,5,5,5,5,5,5,5,5,5,5,5,10,255,5,255,5,255,5,5,255,5,5,255,5,5,5,5,5,255,5,255,5,5,5,255,255,255
1780877890.135106,457,48363026,849,1058,2085,2070,2093,2046,1300,980,1073,1244,2102,2070,2137,2061,1456,1094,1150,2059,2065,2100,2075,2105,2086,1618,1174,2091,2083,2086,2088,2106,2078,1881,1203,2079,2072,2082,2082,2110,2089,1964,1176,2021,2066,2077,2112,2061,1961,1969,1142,2001,2104,2110,2090,1952,1970,1936,1136,1738,2082,2062,2060,1934,1951,530,5,255,5,10,5,255,5,5,5,5,5,5,5,10,5,5,5,10,5,5,5,5,5,5,5,5,5,5,5,5,5,5,5,5,5,5,5,5,5,10,5,255,5,10,5,5,255,255,5,10,5,5,5,5,5,10,5,10,5,5,5,10,10,255
1780877890.233896,458,48463026,821,1002,2053,2070,2093,2078,1235,983,1057,1218,2102,2066,2070,2041,1373,1120,1236,2010,2078,2091,2082,2095,2065,1618,1173,2042,2074,2083,2085,2128,2089,1913,1219,2008,2058,2084,2097,2090,2052,1964,1180,2021,2102,2124,2124,2101,1956,1959,1165,2001,2070,2093,2090,2029,1956,1936,1108,1738,2049,2082,2055,1926,1951,530,5,10,5,255,255,10,5,5,5,5,255,5,5,5,5,5,5,5,5,5,5,5,5,255,5,5,5,5,5,5,5,5,5,5,5,5,5,5,5,255,5,255,5,5,5,5,10,5,5,255,5,5,255,5,5,255,5,255,5,5,5,5,255,255
1780877890.332035,459,48563026,822,2110,2069,2092,2072,2067,1276,988,1071,1349,2080,2126,2092,2052,1416,1112,1181,2069,2082,2087,2065,2070,2049,1618,1227,2098,2058,2087,2081,2116,2085,1823,1237,2073,2037,2094,2074,2090,2052,1935,1192,2021,2086,2110,2100,2093,1928,1945,1127,2001,2088,2088,2060,1985,1957,1954,1129,1738,2049,2047,1988,1957,1945,530,5,4,5,10,10,5,5,5,5,5,10,5,5,5,5,5,5,5,5,5,5,5,5,255,5,5,5,5,5,5,5,5,5,5,5,5,5,255,255,10,5,255,5,5,5,5,5,5,5,255,5,5,10,5,5,10,5,255,255,5,5,5,10,255
1780877890.433084,460,48663027,843,2110,2096,2081,2111,2010,1212,993,1092,1349,2075,2126,2075,2091,1421,1107,1201,2056,2076,2075,2081,2122,2076,1618,1197,2066,2082,2093,2084,2092,2088,1852,1208,2073,2089,2101,2073,2127,2060,1984,1212,2021,2110,2127,2071,2027,1928,1914,1153,2001,2093,2071,2060,1993,1957,1920,1125,1752,2049,2047,1990,1957,1945,530,5,255,5,5,5,5,9,5,5,255,5,255,5,5,5,5,5,5,5,5,5,5,5,255,5,5,5,5,5,5,5,5,5,255,5,5,5,10,10,5,5,255,5,5,5,5,255,5,5,255,5,5,255,5,255,5,5,10,255,255,5,5,255,255
1780877890.533201,461,48763026,839,1093,2038,2081,2075,2010,1276,1005,1067,1343,2050,2126,2074,2091,1383,1115,1171,1699,2085,2125,2097,2100,2003,1692,1225,1997,2079,2077,2086,2105,2086,1866,1213,2045,2149,2065,2115,2087,2060,1948,1244,2078,2097,2094,2071,2075,1928,1927,1159,2001,2084,2137,2066,1986,1960,1945,1127,1752,2066,2015,2017,1987,1945,530,5,10,5,255,5,255,5,5,5,10,5,255,5,255,9,5,5,4,5,5,5,5,5,10,5,5,5,5,5,5,5,5,5,10,5,5,5,5,255,5,5,10,5,5,255,5,255,5,5,255,5,5,10,5,10,5,5,255,10,10,5,5,255,255
1780877890.633205,462,48863027,822,1093,2041,2081,2050,2010,1249,1010,1110,1246,2074,2126,2075,2070,1456,1130,1165,2018,2070,2060,2105,2105,2060,1692,1167,2026,2069,2097,2089,2077,2075,1865,1152,2051,2101,2098,2083,2120,2060,1916,1170,2078,2077,2043,2077,2057,1915,1933,1149,2001,2103,2106,2127,1979,1918,1945,1101,1752,2075,2015,2073,1987,1945,530,5,255,5,255,5,255,5,5,5,5,5,255,5,10,5,5,5,4,5,5,5,5,5,255,9,5,5,5,5,5,5,5,5,5,5,5,5,5,255,5,5,255,5,5,10,5,10,5,5,255,5,5,5,5,5,255,5,255,5,255,5,255,255,255
1780877890.733485,463,48963026,847,2081,2057,2075,2065,2081,1268,977,1073,1280,2064,2077,2075,2070,1434,1078,1147,1777,2102,2100,2071,2085,2088,1661,1165,2044,2086,2095,2090,2084,2057,1904,1230,2064,2091,2105,2106,2097,2082,1916,1176,2023,2103,2092,2071,2131,2011,1937,1156,2001,2101,2104,2129,1989,1975,1945,1120,1752,2049,2015,2004,1987,1945,530,5,10,5,10,5,10,5,5,5,5,255,10,255,255,5,5,5,4,5,5,5,5,5,10,5,5,5,5,5,5,5,5,9,5,5,5,5,5,10,255,5,10,5,5,5,5,5,5,5,255,5,5,5,5,5,255,5,255,5,255,5,255,255,255
1780877890.833835,464,49063027,837,1046,2068,2081,2065,2010,1355,998,1082,1280,2079,2077,2071,2014,1457,1088,1199,1777,2071,2048,2100,2091,1978,1662,1183,2051,2115,2097,2074,2128,2106,1904,1208,2055,2124,2089,2142,2091,2033,1950,1161,2023,2103,2084,2101,2086,2011,1879,1175,2001,2112,2133,2129,2023,1921,1935,1142,1752,2066,2057,1991,1981,1945,530,5,255,5,5,255,5,5,5,5,255,5,255,10,10,5,5,5,255,5,5,5,5,5,5,9,5,5,5,5,5,5,255,5,5,5,5,5,5,5,10,5,255,5,5,5,5,255,5,5,255,5,5,255,5,5,10,5,255,5,10,5,10,255,255
1780877890.932821,465,49163026,839,1046,2025,2077,2077,2055,1228,979,1067,1398,2079,2091,2071,2095,1440,1109,1190,1601,2096,2086,2068,2086,2051,1673,1193,2073,2097,2075,2087,2103,2086,1889,1156,2055,2083,2072,2061,2109,2033,1955,1210,2046,2132,2127,2037,2075,1936,1970,1142,2001,2103,2131,2091,2026,1941,1934,1111,1752,2046,2043,2004,1981,1945,530,5,255,5,5,10,5,5,5,9,10,255,10,255,5,5,5,5,10,5,5,5,5,5,5,5,5,5,5,5,5,5,10,5,255,5,5,5,5,255,5,5,10,5,5,5,5,10,5,5,255,5,5,10,5,5,5,5,255,5,5,5,255,255,255
1780877891.033621,466,49263027,839,1046,2052,2077,2050,2055,1241,981,1087,1259,2038,2056,2133,2011,1422,1138,1189,1601,2040,2082,2123,2089,2066,1661,1216,2016,2093,2081,2079,2100,2085,1910,1174,1924,2093,2092,2125,2139,2033,1888,1170,2046,2102,2107,2104,2065,2029,1938,1135,2001,2076,2104,2129,2016,1925,1934,1140,1752,2046,2043,2026,1932,1945,530,5,255,5,255,5,255,5,5,5,5,10,5,10,5,5,5,5,255,5,5,5,5,5,5,5,5,5,5,5,5,5,5,5,10,5,5,5,5,255,5,5,255,5,5,5,5,5,5,5,255,5,5,5,5,5,255,5,255,255,255,5,10,255,255
1780877891.133633,467,49363026,829,2082,2059,2116,2071,2055,1249,982,1078,1377,2071,2056,2060,2050,1422,1105,1216,2007,2052,2082,2076,2092,2095,1724,1189,2056,2066,2096,2097,2111,2045,1882,1195,2010,2063,2089,2111,2116,2033,1906,1179,2038,2078,2121,2085,2088,1986,1956,1181,2001,2105,2094,2129,1967,1937,1941,1125,1818,2048,2002,1986,1932,1945,530,5,10,5,10,5,255,5,5,5,5,5,255,5,5,255,5,5,10,5,5,5,5,5,5,5,5,5,5,5,5,5,5,5,5,5,5,5,5,255,5,5,10,5,5,5,5,5,5,5,255,5,5,255,5,5,10,5,10,10,10,5,255,255,255
1780877891.233970,468,49463027,837,2082,2088,2116,2084,2029,1260,971,1119,1353,2081,2056,2080,2122,1411,1088,1192,2007,2089,2085,2051,2097,2023,1745,1217,2043,2110,2090,2070,2094,2088,1837,1194,2038,2098,2082,2077,2127,2060,1940,1183,2062,2116,2121,2084,2037,1986,1913,1135,2001,2108,2080,2129,2005,1959,1941,1112,1636,2048,2002,2008,1932,1945,530,5,255,5,255,5,10,5,5,5,5,5,255,5,5,10,5,5,255,5,5,5,5,5,5,5,5,5,5,5,5,5,5,5,5,5,5,5,5,10,5,5,5,5,255,5,5,255,5,5,255,5,5,255,5,5,255,5,5,255,255,5,255,255,255
1780877891.331983,469,49563026,835,2082,2058,2074,2083,2018,1286,974,1071,1364,2115,2091,2080,2026,1428,1138,1178,2047,2064,2066,2066,2073,2120,1719,1184,2110,2083,2089,2058,2111,2095,1947,1212,2088,2101,2079,2092,2095,2060,1908,1190,2062,2101,2069,2113,2099,1956,1945,1151,2001,2106,2092,2098,2036,1977,1986,1103,1636,2056,2072,1993,1971,1931,530,5,255,5,10,5,5,9,5,5,5,5,10,255,5,5,5,5,10,5,5,5,5,5,5,5,5,5,5,5,5,5,5,5,5,5,5,5,5,255,5,5,255,5,10,5,5,10,5,5,255,5,5,10,5,5,10,5,255,10,10,5,10,10,255
1780877891.432741,470,49663027,842,2082,2097,2074,2082,2018,1265,973,1079,1276,2083,2091,2068,2110,1430,1115,1183,2047,2053,2085,2062,2107,2098,1679,1185,2016,2079,2092,2103,2095,2052,1882,1174,2014,2041,2081,2097,2109,2060,1908,1158,2062,2093,2124,2144,2059,1970,1936,1116,2001,2084,2081,2098,2000,1948,1969,1104,1631,2050,2072,1956,1979,1931,530,5,255,5,255,5,255,5,5,5,5,5,255,10,5,5,5,5,255,5,5,5,5,5,5,5,5,5,5,5,5,5,5,5,5,5,5,5,5,255,255,5,255,5,5,5,5,5,5,5,255,5,5,255,5,5,5,5,10,5,255,5,5,255,255
1780877891.534343,471,49763026,826,1068,2086,2058,2086,2093,1227,983,1045,1290,2107,2069,2095,2110,1396,1114,1187,1996,2039,2090,2078,2088,2088,1669,1228,2058,2091,2098,2085,2108,2104,1838,1207,2048,2149,2099,2114,2103,2060,1908,1215,2062,2120,2088,2105,2045,1996,1932,1140,2063,2108,2124,2065,1953,1948,1910,1120,1786,2048,2072,2036,1939,2021,530,5,10,5,10,5,10,9,5,5,5,5,10,5,255,5,5,5,255,5,5,5,5,5,5,5,5,5,5,5,5,5,5,5,5,5,5,5,5,255,255,5,255,5,5,5,5,5,5,5,10,5,5,10,5,255,5,5,5,5,255,5,5,10,255
1780877891.634566,472,49863026,838,1068,2042,2070,2090,2058,1266,988,1092,1264,2085,2070,2095,2069,1396,1110,1178,1953,2102,2081,2101,2097,2054,1653,1184,2008,2077,2096,2099,2093,2096,1838,1177,2064,2044,2079,2103,2073,2071,1909,1163,2062,2100,2120,2052,2116,1996,1942,1117,2063,2073,2107,2108,2011,1948,1950,1113,1786,2077,2019,2001,1939,2021,530,5,255,5,5,5,5,9,5,5,5,5,5,255,10,255,5,5,5,5,5,5,5,5,5,5,5,5,5,5,5,5,255,5,5,5,5,5,5,10,10,9,255,5,5,5,5,255,5,9,255,5,5,5,5,255,5,5,255,5,10,5,255,255,255
1780877891.733046,473,49963026,850,2112,2097,2075,2091,2088,1278,971,1086,1263,2072,2071,2095,2103,1449,1116,1223,1953,2064,2061,2129,2127,2051,1572,1221,2034,2089,2074,2096,2087,2075,1908,1156,2055,2078,2095,2090,2099,2071,1918,1181,2043,2081,2120,2105,2124,1954,1949,1105,2063,2112,2106,2102,2006,1971,1947,1100,1786,2115,2059,1986,1950,2021,530,5,10,5,5,5,5,5,5,5,5,5,5,255,5,10,5,5,255,5,5,5,5,5,5,5,5,5,5,5,5,5,10,5,5,5,5,5,5,255,5,5,10,5,255,5,5,10,5,5,255,5,5,5,5,10,5,5,255,5,5,5,10,255,255
1780877891.843477,474,50073027,851,2112,2098,2075,2084,2088,1307,983,1066,1286,2042,2071,2019,2103,1434,1121,1185,2020,2102,2094,2113,2127,2043,1572,1217,2033,2105,2094,2096,2108,2138,1869,1175,1945,2078,2093,2123,2099,2071,1913,1171,2043,2106,2104,2074,2086,1915,1943,1145,2063,2075,2128,2102,2055,1918,1941,1133,1570,2057,2059,1987,1964,2021,530,5,255,5,255,5,255,5,5,5,5,5,255,10,255,5,5,9,10,5,5,5,255,5,255,5,5,5,5,5,5,5,5,5,5,255,5,5,255,255,5,5,255,5,10,5,5,5,5,5,255,5,5,255,5,5,5,5,10,5,255,5,5,255,255
1780877891.943840,475,50173026,839,2051,2055,2093,2085,2044,1229,962,1062,1254,2088,2071,2091,2103,1410,1135,1175,1968,2061,2073,2087,2120,2078,1730,1200,2066,2076,2072,2076,2088,2069,1869,1230,2060,2082,2076,2150,2099,2071,1841,1154,2043,2094,2104,2121,2101,2014,1951,1148,2063,2037,2100,2103,1995,1911,1935,1128,1889,2032,2012,2016,1926,2021,530,5,10,5,10,5,10,5,5,5,5,5,255,5,255,5,5,5,5,5,5,5,10,5,10,5,5,5,5,5,5,5,255,5,5,10,5,5,255,255,5,5,255,5,255,5,5,5,5,5,255,5,5,10,5,5,5,5,4,5,10,5,5,255,255
1780877892.042480,476,50273027,840,2051,2048,2093,2095,2044,1273,981,1050,1274,2061,2061,2091,2103,1424,1108,1195,1968,2069,2077,2079,2103,2082,1681,1165,2029,2081,2092,2095,2110,2132,1858,1168,2025,2108,2101,2109,2071,2071,1841,1149,2043,2094,2101,2078,2072,1988,1914,1171,2063,2098,2095,2096,2004,1935,1935,1141,1889,2032,2053,2025,1916,2021,530,5,255,5,255,5,255,5,5,5,5,5,10,255,255,5,5,5,255,5,5,5,5,5,5,5,5,5,5,5,5,5,10,5,5,5,5,5,10,255,255,5,255,255,10,5,5,5,5,5,255,5,5,5,5,5,255,5,255,255,5,5,5,255,255
1780877892.142254,477,50373026,820,2081,2031,2066,2079,2019,1268,1002,1078,1297,2061,2061,2116,2103,1439,1145,1190,1968,2063,2098,2043,2147,2086,1749,1231,2048,2083,2074,2097,2102,2095,1945,1175,2033,2106,2103,2097,2082,2071,1935,1153,2006,2120,2107,2105,2089,2012,1929,1156,2063,2047,2105,2107,1997,1953,1957,1108,1449,2024,2053,2022,1967,2021,530,5,10,5,10,5,10,5,5,5,5,255,255,10,255,5,5,5,255,5,5,5,5,5,5,5,5,5,5,5,5,5,5,5,5,5,5,5,5,255,10,5,10,10,5,5,5,5,5,5,255,5,5,5,5,5,10,5,10,10,255,5,5,255,255
1780877892.243804,478,50473026,840,2058,2055,2082,2057,2079,1253,975,1056,1325,2061,2104,2096,2140,1372,1101,1171,2044,2061,2105,2109,2103,2075,1645,1179,1985,2088,2083,2090,2114,2084,1945,1175,2105,2106,2098,2076,2082,2071,1935,1235,2056,2096,2102,2090,2118,1970,1955,1147,2063,2088,2096,2102,1994,1981,1960,1106,1742,2041,2075,2022,1947,2021,530,5,5,5,5,5,5,5,5,5,5,255,10,5,10,5,5,5,10,5,5,5,5,5,5,5,5,5,5,5,5,5,255,5,5,255,5,5,255,255,255,5,5,5,5,5,5,5,5,5,255,5,5,5,5,5,5,5,4,5,10,255,5,255,255
1780877892.341843,479,50573026,834,2067,2057,2041,2089,2044,1306,976,1060,1319,2070,2057,2073,2060,1450,1112,1205,1998,2049,2082,2100,2063,2097,1686,1172,2012,2099,2075,2070,2105,2102,1896,1199,2034,2106,2056,2089,2099,2071,1900,1161,1927,2089,2101,2065,2079,2004,1939,1153,2032,2091,2092,2114,1967,1918,1913,1114,1742,2091,1992,2022,1993,2021,530,5,5,5,5,5,5,9,5,5,5,10,5,5,5,5,5,5,5,5,5,5,5,5,9,5,5,5,5,5,5,5,10,5,5,255,5,5,10,255,10,5,9,5,5,5,5,5,5,5,10,5,5,5,5,5,5,5,255,5,5,255,5,255,255
1780877892.442808,480,50673027,834,2072,2056,2041,2089,2044,1311,994,1070,1247,2070,2057,2109,2009,1419,1081,1178,1757,2077,2087,2086,2057,2067,1616,1202,2013,2112,2089,2086,2087,2070,1896,1212,1957,2107,2098,2096,2099,2071,1923,1169,2008,2107,2113,2151,2079,1998,1921,1136,2032,2122,2088,2114,1967,1957,1913,1091,1748,1981,1992,1961,1964,2021,530,5,5,5,255,255,255,5,5,5,5,255,255,5,5,5,5,5,4,5,5,5,5,5,5,5,5,5,5,5,5,5,255,5,5,10,5,5,255,255,5,5,5,5,5,5,255,5,5,5,255,5,5,255,5,5,255,5,10,5,255,10,5,255,255
1780877892.543959,481,50773026,832,1018,2059,2041,2073,2108,1302,1015,1066,1180,2070,2057,2087,2041,1408,1090,1188,1669,2079,2064,2062,2110,2063,1697,1174,2001,2099,2081,2075,2103,2064,1896,1194,2048,2115,2104,2103,2146,2071,1934,1175,2072,2107,2069,2098,2052,1998,1921,1163,2032,2104,2119,2087,1982,1985,1948,1148,1748,2032,2022,2028,1940,2021,530,5,5,5,255,10,10,5,5,5,5,255,255,5,5,5,5,5,5,5,5,5,5,5,5,5,5,5,5,5,5,5,255,5,5,5,5,5,10,255,5,5,5,255,5,5,10,255,5,5,255,5,5,10,5,5,10,5,255,5,10,5,5,255,255
1780877892.644720,482,50873027,839,1101,2049,2084,2082,2073,1282,984,1100,1396,2046,2057,2111,2041,1424,1145,1171,1669,2099,2078,2089,2110,2075,1660,1216,2080,2076,2079,2071,2104,2033,1926,1188,2051,2099,2081,2085,2074,2071,1951,1155,2072,2073,2110,2091,2072,1936,1921,1145,2032,2098,2119,2108,1961,1973,2002,1094,1748,2032,2092,2019,1940,2021,530,5,5,5,10,5,5,5,5,5,4,10,255,5,255,5,5,5,255,5,5,5,255,5,5,5,5,5,5,5,5,5,10,5,5,5,5,5,5,255,5,5,255,10,5,5,5,10,255,5,255,5,255,5,5,5,5,5,255,255,5,5,255,255,255
1780877892.744742,483,50973026,841,1101,2050,2075,2077,2063,1300,987,1074,1275,2106,2094,2089,2093,1440,1082,1213,1989,2104,2078,2094,2060,2065,1644,1210,2074,2096,2087,2094,2081,2100,1870,1215,1939,2083,2082,2115,2113,2071,1895,1182,2072,2071,2090,2095,2062,1966,1933,1164,2032,2068,2092,2081,2021,1965,1960,1128,1748,2028,2046,1966,2000,2021,530,5,255,5,5,5,5,9,5,5,5,5,10,5,10,5,5,5,10,5,5,5,10,5,5,5,5,5,5,5,5,5,5,5,5,5,5,5,5,255,5,5,255,5,5,5,5,5,10,5,255,5,10,5,5,5,5,5,255,10,5,5,10,255,255
1780877892.844828,484,51073026,833,1042,2050,2078,2054,1990,1264,994,1075,1299,2079,2094,2029,2064,1406,1129,1180,2035,2063,2096,1999,2061,2059,1672,1163,2067,2072,2092,2085,2076,2079,1840,1149,2053,2075,2074,2084,2115,2047,1886,1177,2072,2086,2100,2088,2057,1966,1933,1136,2032,2092,2118,2081,1981,1959,1944,1111,1879,2028,2037,2018,1942,2021,530,5,10,255,5,5,5,9,5,5,5,5,255,5,5,5,5,5,5,5,5,5,5,5,5,5,5,5,5,5,5,5,5,5,5,5,5,5,5,10,5,5,255,5,5,5,5,255,255,5,255,5,5,255,5,5,5,5,10,255,5,5,5,255,255
1780877892.943808,485,51173026,855,2091,2095,2078,2080,2060,1291,999,1087,1237,2047,2061,2096,2064,1430,1111,1204,1944,2068,2073,2102,2130,2037,1682,1178,2017,2093,2081,2080,2112,2049,1840,1189,2066,2102,2080,2109,2116,2080,1925,1172,2042,2080,2045,2127,2100,1988,1949,1163,1931,2074,2098,2122,1930,1941,1963,1153,1879,2075,2046,1960,1984,1877,530,5,4,10,255,5,5,5,5,5,5,5,10,5,255,5,5,5,5,5,5,5,5,5,5,5,5,5,5,5,5,5,255,5,5,5,5,5,5,5,5,5,10,5,5,5,5,10,10,5,10,5,5,10,5,5,5,5,255,10,5,5,5,10,255
1780877893.043380,486,51273027,835,2091,2096,2078,2087,2013,1342,981,1079,1307,2049,2061,2104,2064,1390,1104,1168,1944,2075,2083,2110,2051,2086,1648,1194,2001,2055,2097,2104,2088,2081,1737,1204,2066,2102,2094,2094,2086,2080,1936,1173,2042,2126,2141,2073,2086,1936,1946,1154,1931,2100,2098,2091,2007,1931,1963,1129,1895,2041,2046,2025,1984,1877,530,5,255,5,255,5,5,9,5,5,5,5,255,5,255,5,5,5,255,5,5,5,5,5,5,9,5,5,5,5,5,5,10,5,255,255,5,5,5,255,5,5,255,5,5,5,5,5,5,5,255,5,255,5,5,5,255,5,10,5,255,5,255,255,255
1780877893.143876,487,51373026,829,2095,2102,2067,2080,2013,1277,1005,1040,1290,2073,2061,2099,2064,1412,1132,1222,1971,2082,2060,2059,2032,2060,1723,1169,2047,2101,2096,2089,2115,2082,1921,1207,2049,2095,2078,2114,2096,2040,1936,1163,2046,2094,2141,2110,2020,1961,1947,1140,1931,2097,2116,2084,1990,1944,1916,1130,1895,2054,2068,2045,1928,1877,530,5,10,5,10,5,255,5,5,5,5,5,255,5,255,5,5,5,10,5,5,5,5,5,5,5,5,5,5,5,5,5,5,5,10,10,5,5,5,10,255,5,10,5,255,5,5,5,5,5,255,5,10,5,5,5,10,5,255,5,10,5,3,255,255
1780877893.243854,488,51473027,820,2095,2082,2078,2094,2072,1262,995,1069,1276,2061,2093,2118,2095,1370,1099,1166,1971,2076,2097,2108,2074,2060,1723,1177,2066,2078,2088,2089,2098,2096,1921,1227,2018,2066,2093,2088,2096,2040,1898,1202,2046,2100,2050,2072,2067,1907,1918,1148,1931,2096,2116,2084,2055,1941,1944,1091,1895,2054,2068,2002,1928,1877,530,5,255,5,5,5,10,5,5,5,5,5,10,5,10,5,5,5,255,5,5,5,5,255,255,5,5,5,5,5,5,5,255,5,5,5,5,5,255,255,10,5,255,5,10,5,5,5,5,5,255,5,5,255,5,5,5,5,255,255,255,5,255,255,255
1780877893.344264,489,51573026,831,2095,2092,2078,2090,2079,1247,984,1058,1256,2092,2081,2118,2077,1469,1075,1217,1993,2092,2093,2080,2094,2016,1686,1207,2110,2066,2090,2097,2122,2087,1858,1201,2074,2139,2095,2106,2110,2040,1898,1174,2046,2089,2089,2119,2048,1907,1912,1151,1931,2082,2126,2113,1977,1949,1955,1107,1895,2013,2020,2045,1937,1912,530,5,255,5,255,5,5,5,5,5,5,5,5,255,5,5,5,5,10,5,5,5,5,10,10,5,5,5,5,5,5,5,10,5,5,5,5,5,10,255,255,5,255,5,5,5,5,255,5,5,255,5,5,10,5,5,5,5,255,10,10,5,10,10,255
1780877893.442712,490,51673026,844,2095,2092,2078,2083,2038,1281,1009,1032,1286,2081,2094,2086,2138,1429,1099,1207,2033,2092,2087,2151,2112,2092,1647,1233,1940,2102,2085,2090,2079,2081,1860,1185,2083,2113,2089,2090,2108,2040,1879,1183,2093,2089,2127,2119,2088,1982,1992,1131,1931,2082,2097,2095,1987,1930,1944,1130,1895,2025,2020,1975,1969,1912,530,5,255,255,255,5,5,5,5,5,5,5,5,10,5,5,5,5,5,255,5,5,5,5,5,5,5,5,5,5,5,5,5,5,5,5,5,5,5,255,10,5,10,255,9,255,5,10,5,5,255,5,5,5,5,5,5,5,255,5,255,5,5,255,255
1780877893.544061,491,51773026,834,2095,2057,2100,2080,2057,1290,1020,1071,1264,2056,2094,2109,1994,1418,1084,1187,2042,2070,2076,2106,2071,2033,1647,1221,1940,2084,2070,2111,2074,2080,1860,1188,2056,2095,2096,2113,2096,2040,1879,1161,2093,2104,2121,2119,2100,1923,1909,1155,2089,2110,2111,2109,1939,1935,1944,1115,1506,2046,2071,2008,1952,1912,530,5,255,10,10,5,5,5,5,5,5,5,255,5,5,5,5,5,5,10,5,5,5,5,255,5,255,5,5,5,5,5,255,5,5,5,5,5,5,255,255,5,255,10,5,10,5,5,255,5,10,5,5,5,5,5,255,5,3,5,10,5,5,255,255
1780877893.644133,492,51873027,827,2095,2078,2100,2072,2037,1253,1009,1101,1213,2054,2088,2109,2020,1444,1104,1158,2059,2083,2104,2121,2089,2045,1647,1173,2078,2095,2085,2096,2063,2080,1741,1205,2049,2066,2087,2069,2096,2033,1879,1210,2093,2104,2121,2124,2100,1965,1970,1172,2089,2084,2094,2109,1967,1918,1958,1121,1625,2045,2037,1981,1952,1912,530,5,255,5,255,5,5,5,5,5,5,5,10,255,5,5,5,5,5,5,5,5,5,5,255,5,10,5,5,5,5,5,10,5,5,5,5,5,255,10,255,5,255,255,255,5,255,5,5,5,255,5,5,255,5,5,10,5,5,5,5,5,255,255,255
1780877893.743967,493,51973026,838,2052,2054,2100,2075,2117,1243,985,1083,1272,2079,2107,2032,2013,1451,1089,1190,2031,2084,2080,2084,2130,2043,1670,1218,2001,2092,2073,2110,2098,2127,1852,1186,1968,2059,2075,2122,2111,2044,1913,1164,2029,2097,2097,2113,2066,1958,1948,1116,2024,2074,2080,2030,2020,1952,1957,1143,1625,2087,2037,1990,1952,2053,530,5,10,5,255,5,5,5,5,5,5,5,5,10,5,5,5,5,5,5,5,5,5,5,10,5,5,5,5,5,5,5,5,5,5,5,5,5,10,5,10,5,10,10,10,5,10,5,5,5,10,5,5,10,5,5,5,5,255,5,255,5,255,10,255
1780877893.844679,494,52073027,853,2052,2054,2067,2093,2117,1231,1002,1075,1309,2101,2062,2032,2070,1451,1108,1190,2031,2054,2057,2070,2073,2010,1670,1181,2002,2078,2097,2104,2088,2077,1880,1164,2046,2101,2098,2100,2111,2044,1946,1184,2029,2095,2115,2138,2113,1971,1919,1195,2024,2104,2155,2030,1964,1944,1957,1114,1625,2087,2037,1998,1937,1956,530,5,255,255,10,5,255,9,5,5,5,5,5,255,5,255,5,5,255,5,5,5,5,5,255,5,5,5,5,5,5,5,5,5,5,5,5,5,255,255,5,5,255,5,5,5,5,5,5,5,255,5,5,255,5,5,255,5,255,255,255,5,10,5,255
1780877893.942676,495,52173026,849,2052,2045,2060,2099,2117,1287,996,1091,1263,2034,2064,2063,1997,1370,1087,1182,1645,2082,2090,2099,2103,2096,1596,1211,1997,2072,2082,2072,2120,2065,1919,1231,2050,2047,2095,2117,2110,2044,1896,1135,2029,2094,2089,2096,2028,1974,1919,1122,2024,2089,2086,2030,2006,1926,1959,1104,1625,1998,2037,1998,1991,1956,530,5,255,10,5,5,255,9,5,5,5,5,5,10,5,10,5,5,10,5,5,5,5,5,10,5,5,5,5,5,5,5,5,5,5,5,5,5,10,255,5,5,255,5,5,5,5,5,255,5,255,5,5,255,5,5,10,5,255,10,255,255,5,255,255
1780877894.044302,496,52273026,827,1059,2098,2060,2075,2070,1291,997,1083,1343,2086,2064,2061,2096,1422,1102,1202,1645,2058,2055,2092,2110,2047,1705,1187,2009,2054,2079,2069,2120,2101,1919,1213,2011,2109,2074,2109,2090,2109,1896,1179,2090,2127,2050,2052,2030,1974,1960,1158,2024,2112,2103,2065,2040,1943,1972,1135,1625,2052,2068,1975,1880,1956,530,5,10,5,255,5,10,5,5,5,5,5,255,5,5,5,5,5,255,5,5,5,5,5,5,5,5,5,5,5,5,5,255,5,5,5,5,5,5,10,255,5,10,5,9,5,5,255,10,5,255,5,5,10,5,5,5,5,255,5,10,10,5,255,255
1780877894.144490,497,52373027,834,1059,2101,2057,2093,1999,1270,994,1089,1355,2052,2064,2022,2096,1436,1138,1212,2059,2082,2109,2068,2111,2075,1705,1147,2058,2090,2079,2091,2097,2118,1891,1172,2025,2112,2073,2113,2099,2054,1893,1163,2090,2119,2050,2078,2085,1974,1977,1152,2042,2096,2102,2065,2040,1982,1969,1133,1625,2052,2084,2020,1955,1956,530,5,255,5,10,5,5,5,5,5,5,255,255,5,255,5,5,5,10,5,5,5,5,5,255,5,5,5,5,5,5,5,10,5,5,5,5,5,5,5,10,5,255,5,255,5,5,255,255,5,10,5,5,255,255,5,5,5,255,5,5,5,5,255,255
1780877894.242520,498,52473027,831,1059,2077,2057,2103,2037,1333,971,1095,1269,2056,2114,2070,2096,1429,1125,1179,2059,2024,2077,2092,2127,2075,1689,1190,2069,2110,2079,2071,2066,2066,1891,1190,2078,2112,2099,2093,2126,2054,1926,1162,2090,2099,2155,2176,2066,1926,1938,1128,2042,2105,2089,2065,2025,1925,1954,1136,1625,1992,2084,2005,1894,2038,530,5,255,5,255,5,5,5,5,5,5,5,10,5,255,5,5,5,255,5,5,5,5,255,10,5,5,5,5,5,5,5,255,5,5,5,5,5,5,255,5,5,255,5,10,5,5,10,5,5,255,5,5,255,10,5,5,5,255,5,255,5,5,10,255
1780877894.343462,499,52573026,845,1094,2052,2079,2102,2089,1252,973,1078,1269,2056,2090,2074,2096,1421,1112,1171,1622,2085,2076,2115,2107,2051,1689,1181,2067,2072,2088,2102,2104,2064,1798,1172,2077,2117,2080,2089,2147,2054,1795,1156,2090,2099,2103,2088,2121,1967,1927,1135,1947,2095,2077,2112,2005,1925,1966,1070,1625,2041,2084,1990,1999,2038,530,5,10,5,10,5,5,5,5,5,5,255,5,5,255,5,5,5,10,5,5,5,5,10,255,5,5,5,5,5,5,5,10,5,5,5,5,5,5,255,5,5,255,255,5,5,5,5,5,5,10,5,5,10,5,5,5,5,255,5,255,5,5,255,255
1780877894.442032,500,52673026,839,1048,2038,2079,2102,2076,1265,968,1091,1241,2056,2092,2118,2027,1419,1122,1156,2072,2093,2108,2088,2107,2061,1689,1161,2023,2085,2083,2081,2112,2108,1798,1193,2043,2141,2063,2137,2079,2087,1795,1165,2039,2084,2130,2128,2046,1967,1934,1118,1947,2079,2114,2112,2002,1928,1958,1129,1625,2056,2064,2033,1937,2038,530,5,5,5,255,5,5,5,5,5,5,255,5,5,10,5,5,5,5,5,5,5,255,5,255,5,5,5,5,5,5,5,255,5,5,5,5,5,5,10,255,5,10,10,5,5,5,255,5,5,255,5,5,255,5,5,5,5,255,5,10,5,5,255,255
1780877894.543898,501,52773026,841,1008,2055,2083,2091,2041,1264,966,1038,1305,2093,2092,2142,2036,1465,1070,1181,2057,2050,2081,2118,2093,2065,1689,1180,2044,2071,2088,2078,2099,2055,1875,1157,2037,2107,2114,2086,2083,2087,1795,1204,2039,2080,2115,2110,2066,1967,1911,1139,2045,2090,2115,2112,2005,1939,1905,1143,1625,2041,2064,1999,1988,2038,530,5,255,5,10,5,5,5,5,5,5,10,255,5,5,5,5,5,5,5,5,5,10,5,255,5,5,5,5,5,5,5,10,5,5,5,5,5,5,255,255,5,255,5,5,5,5,255,5,5,10,5,5,255,5,5,5,5,255,5,255,5,5,255,255
1780877894.652503,502,52883026,855,1008,2092,2042,2055,2072,1265,1016,1093,1331,2100,2069,2142,2060,1473,1097,1205,2001,2082,2068,2066,2089,2068,1689,1187,2041,2094,2104,2096,2098,2076,1899,1186,2107,2105,2090,2102,2104,2087,1900,1165,2060,2079,2084,2096,2087,1959,1913,1166,2045,2116,2105,2112,2085,1955,1905,1085,1625,2041,2073,1999,1953,1984,530,5,255,5,5,5,5,5,5,5,5,5,10,255,5,5,5,5,5,5,5,5,5,5,10,5,5,5,5,5,5,5,5,5,5,5,5,5,5,255,10,5,10,5,5,5,5,10,5,5,255,5,5,255,5,5,255,5,255,255,10,255,5,10,255
1780877894.752964,503,52983026,837,1008,2030,2044,2057,2071,1278,962,1059,1307,2017,2069,2051,2074,1410,1103,1181,1986,2075,2090,2066,2106,2096,1754,1184,2005,2090,2097,2098,2098,2098,1902,1166,2096,2115,2099,2093,2126,2087,1966,1179,2060,2092,2082,2122,2074,1943,1978,1141,2014,2089,2121,2112,1970,1977,1971,1122,2018,1992,2022,1967,1951,1924,530,5,255,5,5,5,5,5,5,9,5,5,255,10,5,5,5,5,5,5,5,5,5,5,5,9,5,5,5,5,5,5,5,9,5,5,5,5,5,255,5,5,255,5,5,5,5,5,5,5,10,5,5,255,5,5,10,5,10,10,5,10,5,5,255
1780877894.853787,504,53083027,824,1107,1224,2044,2070,2090,1236,991,1084,1261,2018,2071,2091,2074,1408,1102,1165,1986,2073,2090,2044,2089,2096,1754,1248,1964,2094,2094,2089,2098,2131,1865,1185,2069,2066,2080,2103,2101,2087,1860,1198,2095,2085,2104,2098,2094,1943,1978,1157,2014,2086,2082,2112,1973,1949,1960,1118,1844,2057,2022,1978,1948,1924,530,5,10,4,255,5,5,5,5,5,5,5,10,5,255,5,5,5,255,5,5,5,5,255,255,5,5,5,5,5,5,5,5,5,5,5,5,5,5,255,5,5,10,5,5,5,5,255,255,5,255,5,5,255,5,5,5,5,5,5,255,5,5,255,255
1780877894.952578,505,53183026,843,1143,1204,1243,2070,2092,1242,1008,1083,1293,1488,2071,2091,2074,1420,1107,1178,1922,2091,2105,2109,2099,2074,1731,1193,2063,2075,2084,2082,2096,2086,1865,1164,1927,2088,2093,2088,2130,2057,1922,1174,2118,2085,2134,2106,2101,1986,1902,1181,2014,2070,2128,2095,1991,1949,1972,1127,1966,2057,2057,1984,1977,1924,530,5,5,5,10,255,5,5,5,5,5,4,255,255,255,5,5,5,10,5,9,5,5,10,10,5,5,5,5,5,5,5,255,5,5,5,5,5,5,10,5,5,5,255,5,5,5,10,10,5,255,5,5,10,5,255,5,5,9,5,10,5,5,255,255
1780877895.053795,506,53283027,841,1090,1061,1082,1113,1062,1221,1014,1057,1236,1488,1280,2091,1074,1463,1112,1182,1922,2072,2056,2109,2116,2096,1662,1152,2000,2111,2091,2087,2136,2087,1865,1182,1996,2099,2085,2109,2095,2057,1922,1203,2118,2107,2076,2125,2040,1880,1949,1170,2014,2096,2116,2110,2052,1949,1972,1131,1966,2057,2057,1984,1958,1924,530,5,5,5,5,10,5,9,5,5,5,255,10,255,10,5,5,5,255,5,5,255,5,5,5,5,5,5,5,5,5,5,255,5,5,5,5,5,5,255,255,5,255,10,5,5,5,5,5,5,255,5,5,5,5,255,255,5,255,255,255,5,5,255,255
1780877895.153680,507,53383026,842,732,710,738,739,810,840,986,1044,1267,1168,828,1037,1013,1327,1109,1212,2034,2037,1246,1196,1094,1043,1669,1231,2052,2066,2090,2054,2127,2072,1918,1159,2010,2085,2084,2118,2154,2034,1933,1171,2037,2068,2117,2144,2086,1977,1956,1130,2014,2112,2111,2064,2008,1969,1961,1089,1966,2006,2057,2025,1952,2076,530,5,4,4,4,4,4,4,5,5,5,10,4,10,5,5,5,5,10,5,4,10,5,4,5,5,5,5,5,5,5,5,10,5,5,5,5,5,5,10,10,5,10,5,5,5,5,5,5,5,255,5,5,5,5,10,10,5,255,10,255,5,5,10,255
1780877895.252337,508,53483027,833,732,2057,656,400,383,375,390,1071,1311,701,670,672,393,414,390,1194,2034,750,721,760,468,420,1669,1204,2072,2069,2070,2077,2127,1036,460,1188,2010,2124,2104,2129,2081,1063,1962,1189,2037,2068,2093,2101,2105,1973,1956,1135,2014,2095,2110,2064,2008,1947,1961,1142,1858,2058,2057,1997,1975,2076,530,5,255,4,5,4,4,4,4,5,5,4,5,4,4,4,4,5,255,4,4,4,4,4,255,5,5,5,5,5,255,4,4,5,255,5,5,5,5,4,5,5,255,255,5,5,5,5,255,5,255,5,5,255,255,5,255,5,10,5,255,5,5,255,255
1780877895.353353,509,53583026,843,1038,2105,2078,2074,624,1328,984,1073,1313,2114,2065,621,611,362,388,1201,2038,2113,653,622,557,364,352,1199,2071,2123,658,672,613,392,355,1197,2013,2134,674,680,2072,397,379,1189,2037,2084,2093,2101,2105,1937,392,1146,2014,2109,2122,2140,1988,1981,1967,1115,1712,2058,2057,1994,1974,2076,530,5,10,5,4,4,4,4,4,5,5,4,4,5,4,5,5,5,10,4,5,5,5,5,10,5,5,5,4,4,10,4,5,5,10,5,4,4,5,4,4,5,255,10,255,255,255,5,10,5,255,5,5,10,10,5,10,5,5,255,255,5,5,255,255
1780877895.454756,510,53683026,846,2066,2071,2102,2074,624,1213,1026,1082,1257,2037,2099,2152,611,650,1093,1165,2012,2074,2115,2096,650,646,605,1179,1999,2087,2091,639,647,574,577,1134,2060,2097,695,666,620,590,438,1216,2121,2052,2138,651,642,489,447,1160,2014,2103,2112,2140,1996,1955,409,1124,1712,2058,2057,2058,1928,2076,419,5,5,5,5,255,255,9,5,9,5,5,5,4,255,4,4,5,5,5,4,4,5,4,4,5,5,5,4,5,5,5,4,5,5,5,5,5,5,5,5,9,10,5,10,10,10,4,5,5,255,5,5,255,5,5,4,5,255,255,255,5,5,255,10
1780877895.552569,511,53783026,833,1033,2006,2058,2097,2092,1254,988,1102,1278,2091,2099,2152,2067,1375,1134,1202,1972,2100,2096,2085,2088,2055,605,1223,2075,2082,2094,2108,1043,748,739,1161,2084,2091,2109,905,715,678,620,1164,2121,2052,2012,715,688,630,618,1155,2006,2132,2108,738,671,641,601,1144,1712,2043,2057,2084,1985,2076,419,5,5,5,5,10,10,5,5,5,5,5,255,255,10,5,5,5,5,5,5,5,4,4,255,5,5,5,5,5,4,5,5,5,5,5,5,4,5,5,5,5,255,255,5,5,5,5,5,5,10,5,5,255,4,4,5,5,255,10,255,5,5,255,255
1780877895.652956,512,53883026,832,1033,2006,2058,2096,2075,1257,988,1092,1360,2073,2099,2061,2067,1489,1121,1148,2082,2064,2098,2133,2099,2055,1707,1194,2066,2103,2099,2076,2108,2085,1884,1144,2014,2083,2103,2125,1097,1000,819,1198,1958,2102,2103,2100,1073,739,766,1145,2006,2068,2105,2111,817,733,656,1124,1634,2043,2057,1990,801,674,654,5,255,255,255,5,5,5,5,5,5,5,255,10,255,5,5,5,5,5,5,5,5,255,10,5,5,5,5,5,5,4,4,5,5,5,5,5,4,4,5,5,10,10,5,5,5,5,5,5,255,5,5,4,255,5,5,5,10,255,255,5,5,10,10
1780877895.753123,513,53983026,833,2085,2088,2070,2097,2067,1337,990,1064,1244,2101,2087,2111,2031,1414,1129,1168,1984,2077,2084,2101,2087,2071,1658,1199,2003,2105,2085,2093,2108,2063,1879,1172,2098,2056,2093,2088,1097,1000,1829,1179,2000,2084,2107,2087,1515,1081,1037,1150,2006,2081,2094,2111,1135,1024,844,1138,1834,2035,2057,1996,1993,896,817,5,10,10,10,5,5,9,5,5,255,5,10,5,10,5,5,5,5,5,5,5,5,10,5,5,5,5,5,5,5,5,5,5,5,5,5,5,255,255,4,5,5,5,5,5,4,4,4,5,255,5,5,255,4,4,5,5,5,10,255,9,4,4,5
1780877895.854699,514,54083027,841,1097,2065,2056,2097,2067,1261,970,1102,1253,2101,2087,2109,2097,1432,1141,1188,1993,2084,2095,2066,2106,2067,1658,1189,2069,2094,2095,2082,2079,2092,1889,1225,2098,2133,2076,2102,2094,1000,1957,1173,2039,2084,2068,2121,1737,1915,1946,1156,2006,2056,2094,2078,1945,1488,1036,1171,1834,2035,2057,2030,1979,1036,999,5,255,5,5,255,255,5,5,5,5,255,255,5,5,5,5,5,5,5,5,5,5,5,255,5,5,5,5,5,5,5,5,5,255,5,5,5,10,255,5,5,5,255,5,5,4,4,4,5,255,5,255,10,5,4,5,5,255,255,255,5,5,5,5
1780877895.952641,515,54183026,837,1008,2066,2076,2081,2071,1246,991,1106,1349,2024,2088,2104,2043,1411,1125,1171,1993,2104,2087,2137,2051,2069,1568,1213,2051,2100,2087,2096,2111,2106,1872,1230,2098,2101,2113,2085,2087,2046,1892,1196,2046,2087,2011,2115,2097,2055,1891,1143,2006,2129,2100,2099,2002,1647,1534,1134,1834,2026,2031,2009,1953,1526,999,5,255,5,5,10,10,5,5,9,5,10,10,5,5,5,5,5,5,5,5,5,5,5,10,5,5,5,5,5,5,5,5,5,255,5,5,5,5,10,5,5,5,10,5,5,5,4,5,5,255,5,10,5,5,5,4,5,255,10,10,5,255,4,255
1780877896.054470,516,54283027,834,1008,2026,2064,2081,2071,1252,974,1047,1376,2063,2088,2104,2043,1392,1129,1197,1993,2116,2092,2113,2085,2074,1651,1205,2029,2084,2100,2080,2117,2093,1900,1161,2083,2131,2084,2096,2189,2046,1892,1167,2046,2089,2086,2103,2070,2055,1965,1147,2006,2072,2108,2099,1979,1915,1563,1150,1834,2038,2031,1896,1928,1526,1723,5,255,5,5,255,255,5,5,5,5,5,255,255,255,5,5,5,255,5,5,5,5,5,5,5,5,5,5,5,5,5,5,5,10,5,5,5,5,255,255,5,255,5,5,5,5,255,5,5,255,5,5,255,5,4,5,5,255,5,255,5,5,255,10
1780877896.153129,517,54383026,857,1045,2071,2085,2071,2010,1241,1002,1058,1245,2029,2088,2065,2051,1389,1061,1245,1639,2104,2084,2103,2101,2057,1675,1187,2047,2090,2092,2089,2093,2106,1846,1196,2067,2108,2083,2101,2103,2046,1893,1208,2046,2099,2053,2095,2070,2006,1954,1141,2006,2085,2106,2101,2016,1895,1629,1140,1834,1995,2055,2053,1950,1961,1998,5,255,5,5,10,10,5,5,5,5,5,255,10,10,5,5,5,10,5,5,5,5,5,5,5,5,5,5,5,5,5,5,9,5,5,5,5,5,255,10,9,255,5,5,5,255,10,5,5,255,5,5,10,5,5,9,5,255,5,10,5,5,10,4
1780877896.253891,518,54483027,823,1045,2056,2085,2071,2003,1276,1003,1055,1310,2083,2088,2104,2077,1364,1151,1199,1639,2097,2104,2092,2100,2078,1706,1203,2075,2092,2077,2072,2098,2085,1837,1185,2040,2122,2098,2075,2116,2046,1893,1206,2055,2099,2116,2114,2035,2006,1970,1134,2006,2081,2083,2101,1959,1950,1648,1085,1834,2023,2055,1957,1917,1961,1998,5,255,5,255,255,5,5,5,5,5,5,255,5,5,5,5,5,255,5,5,5,5,5,5,5,5,5,5,5,5,5,9,5,5,5,5,5,5,255,255,5,10,255,5,5,10,255,5,5,255,5,5,5,5,5,5,5,255,5,255,5,5,255,255
1780877896.353195,519,54583026,830,1032,2075,2076,2070,2061,1271,985,1057,1312,2026,2083,2104,2077,1427,1110,1205,2060,2050,2058,2082,2119,2065,1613,1185,2004,2096,2090,2082,2112,2091,1837,1224,2140,2110,2077,2088,2101,2046,1872,1225,2055,2093,2088,2087,2062,1994,1971,1175,2041,2100,2120,2122,2012,1931,1877,1141,1654,2049,2099,1990,1982,1961,1998,5,10,5,10,10,5,5,5,5,5,5,10,255,255,5,5,5,10,5,5,5,5,5,5,5,5,5,5,5,5,5,255,5,5,5,5,5,5,255,10,9,255,10,5,5,5,10,5,5,10,5,5,5,5,5,4,5,10,5,10,5,5,255,255
1780877896.453048,520,54683027,846,2090,2082,2076,2097,2048,1236,973,1040,1355,2078,2083,2104,2042,1427,1087,1211,2060,2106,2114,2070,2130,2067,1657,1179,2036,2086,2093,2087,2074,2108,1837,1217,2024,2121,2096,2096,2100,2046,1872,1183,2055,2110,2075,2100,2133,1994,1934,1144,2041,2083,2120,2108,1984,1973,1974,1150,1654,2060,2081,1972,1941,1961,1998,5,4,5,255,5,5,5,5,5,5,5,255,255,10,255,5,5,255,5,5,5,5,5,9,5,5,5,5,5,5,5,255,5,5,5,5,5,5,255,255,5,255,5,5,5,5,255,5,5,255,5,255,5,5,5,5,5,255,5,5,5,5,255,255
1780877896.552032,521,54783026,847,2056,2104,2058,2091,2019,1282,982,1091,1398,2054,2074,2152,2081,1411,1104,1187,1955,2050,2083,2071,2099,2036,1657,1229,2029,2102,2088,2102,2101,2090,1900,1198,1991,2074,2079,2105,2100,2063,1869,1162,2044,2125,2090,2070,2091,1973,1951,1128,2041,2072,2095,2108,1968,1931,1974,1109,1654,2052,2022,1997,1965,1952,1998,5,5,5,10,5,5,5,5,5,5,5,10,10,5,10,5,5,10,5,5,5,5,5,255,5,5,5,5,5,5,5,10,5,5,5,5,5,255,10,10,5,10,5,5,5,5,10,5,5,255,5,10,255,5,5,255,5,255,5,5,5,5,10,255
1780877896.653703,522,54883027,840,2078,2074,2082,2091,2044,1268,1017,1082,1288,2081,2074,2152,2081,1420,1130,1225,1955,2059,2034,2105,2094,2082,1701,1179,2051,2099,2090,2077,2095,2112,1790,1238,2078,2077,2094,2106,2100,2063,1918,1154,2044,2105,2072,2115,2093,1973,1964,1165,2041,2106,2088,2085,2000,1927,1958,1148,1654,2041,2022,1983,1971,1952,1998,5,5,5,5,255,5,5,5,5,5,5,255,255,255,5,5,5,255,5,5,5,5,5,10,5,5,5,5,5,5,5,5,5,5,5,5,5,255,255,5,5,255,5,5,5,5,255,5,5,255,5,5,10,5,5,10,5,255,5,255,5,5,255,255
1780877896.753131,523,54983026,839,2078,2074,2070,2068,2033,1265,980,1081,1269,2066,2058,2046,2016,1470,1097,1191,1955,2064,2091,2115,2089,2111,1590,1170,2053,2086,2087,2081,2128,2068,1895,1221,2037,2083,2090,2109,2140,2063,1918,1209,2044,2094,2124,2054,2074,2015,1945,1151,2041,2132,2100,2111,2044,1955,1953,1124,1654,2038,2061,2057,1943,1952,1998,5,255,255,5,10,5,5,5,5,5,5,10,10,10,5,5,5,255,5,5,5,5,5,5,5,5,5,5,5,5,5,5,5,5,5,5,5,10,255,255,5,255,5,5,5,5,10,5,5,255,5,5,5,5,5,5,5,255,5,10,5,5,255,255
1780877896.854696,524,55083027,841,2078,2048,2070,2083,2091,1273,975,1065,1269,2099,2058,2036,2046,1355,1075,1190,1955,2075,2066,2094,2135,2037,1672,1184,2042,2072,2096,2077,2108,2087,1895,1215,2030,2123,2116,2090,2140,2063,2029,1172,2044,2086,2092,2070,2123,1965,1909,1141,2041,2073,2107,2113,2044,1921,1953,1139,1654,2038,2041,1995,1954,1949,1998,5,255,10,255,5,5,9,5,5,255,5,255,5,5,5,5,5,255,5,5,5,5,5,5,5,5,5,5,5,5,5,255,5,5,5,5,5,255,255,10,5,255,5,5,5,5,5,5,5,255,5,5,5,255,5,255,5,255,255,5,5,255,10,255
1780877896.950882,525,55183026,849,2087,2091,2070,2092,1911,1307,989,1085,1288,2081,2058,2036,2129,1360,1103,1200,1768,2102,2090,2145,2068,2090,1673,1190,2055,2095,2075,2083,2082,2088,1909,1208,2053,2106,2086,2101,2122,2085,2029,1172,2044,2139,2092,2080,2040,1986,1935,1155,2041,2112,2064,2103,1984,1961,1971,1119,1654,2073,2041,1994,1990,1949,1998,5,10,5,255,5,5,9,5,5,10,5,255,255,5,5,5,5,10,5,5,5,5,5,5,5,5,5,5,5,5,5,10,5,5,5,5,5,10,10,255,5,255,5,255,5,5,5,5,5,255,5,5,5,10,5,10,5,255,10,255,5,5,255,255
1780877897.052327,526,55283027,849,1037,2053,2070,2057,1911,1226,1007,1126,1288,2081,2082,2036,2215,1372,1103,1200,2126,2046,2122,2110,2101,2048,1670,1196,2060,2086,2091,2096,2074,2059,1858,1166,2053,2062,2104,2109,2166,2085,2029,1153,2061,2079,2063,2092,2072,1976,1935,1120,2041,2097,2081,2049,1968,1937,1930,1117,1654,2010,2041,2060,1972,1949,1998,5,5,5,255,5,255,5,5,5,255,255,10,255,5,5,5,5,4,5,5,5,5,5,5,5,5,5,5,5,5,5,5,5,255,5,5,5,5,255,255,5,10,5,10,5,5,5,255,5,255,5,5,5,5,5,5,5,255,5,255,5,5,255,255
1780877897.152594,527,55383026,842,1037,2072,2070,2118,2061,1262,962,1060,1289,2038,2057,2062,2060,1477,1124,1188,2126,2047,2111,2078,2075,2022,1735,1211,2039,2078,2084,2090,2122,2119,1864,1196,1818,2098,2086,2109,2108,2072,1904,1135,2109,2105,2063,2095,2053,1960,1964,1156,2040,2097,2081,2072,1959,1938,1930,1108,1855,2010,2083,1920,1923,1949,1998,5,255,5,255,5,10,5,5,5,10,10,5,10,5,5,5,5,255,5,5,5,5,5,5,5,5,5,5,5,5,5,5,5,10,5,5,5,5,10,10,5,5,5,255,5,5,5,10,5,10,5,255,5,5,5,255,5,3,255,10,5,5,255,255
1780877897.251828,528,55483027,840,2086,2024,2070,2118,2055,1247,1015,1077,1191,2058,2057,2032,2076,1503,1101,1192,1704,2065,2091,2105,2075,2064,1721,1218,2060,2109,2091,2103,2098,2094,1763,1193,2079,2109,2072,2112,2106,2072,1991,1151,2109,2094,2063,2141,2109,1942,1972,1102,2040,2072,2107,2102,1970,1936,1930,1087,1855,2010,2052,1988,1991,1949,1998,5,10,5,255,255,5,5,5,9,5,5,255,5,3,5,5,5,10,5,5,5,255,5,5,5,5,5,5,5,5,5,5,5,4,5,5,5,5,255,5,5,255,5,255,5,5,5,5,5,255,5,10,5,5,5,255,5,255,255,5,5,5,255,255
1780877897.361883,529,55593026,847,2056,2058,2083,2085,2047,1307,980,1076,1220,2096,2057,2032,2003,1396,1104,1210,1954,2078,2121,2099,2123,2036,1722,1194,2040,2069,2080,2077,2098,2105,1941,1188,2079,2093,2064,2122,2110,2075,1991,1177,1876,2097,2099,2091,2088,1978,1957,1159,2040,2119,2070,2102,1949,1976,1930,1118,1855,2036,2027,1974,1955,1949,1998,5,5,5,10,10,5,5,5,5,5,5,255,255,5,5,5,5,4,5,5,5,10,5,5,9,5,5,5,5,5,5,5,5,255,5,5,5,5,10,255,5,10,5,10,255,5,5,5,5,255,5,5,255,5,5,255,5,255,10,5,5,5,255,255
1780877897.463183,530,55693027,849,2056,2110,2083,2052,2017,1238,1018,1065,1256,2065,2057,2032,2081,1392,1134,1173,1954,2073,2067,2099,2097,2099,1679,1181,2048,2076,2081,2087,2105,2093,1922,1190,1973,2092,2133,2095,2126,2075,1952,1197,2086,2075,2065,2118,2080,1960,1934,1169,2040,2108,2105,2102,1998,1901,1930,1084,1855,2036,2027,1970,1955,1949,1998,5,255,5,255,5,5,5,5,5,5,5,255,255,5,5,5,5,255,5,5,255,5,5,5,5,5,5,5,5,5,5,5,5,10,5,5,5,5,255,10,5,5,5,5,5,5,5,5,5,255,5,5,255,5,5,255,5,255,255,255,5,255,255,255
1780877897.561901,531,55793026,843,2098,2051,2083,2062,2017,1264,1004,1057,1261,2059,2070,2120,2064,1397,1124,1214,1954,2080,2087,2099,2111,2074,1670,1217,2044,2088,2100,2082,2119,2084,1840,1186,2061,2078,2119,2127,2075,2104,1871,1204,2093,2095,2104,2127,2139,1923,1943,1170,2040,2095,2060,2082,1998,1927,1960,1127,1855,2022,2054,1997,1940,1949,1998,5,10,5,255,5,255,5,5,5,5,5,10,10,5,5,5,5,255,5,5,255,5,5,5,5,5,5,5,5,5,5,5,5,5,5,5,5,5,10,5,5,5,5,5,5,5,5,5,5,255,5,5,10,255,5,10,5,255,10,10,5,10,255,255
1780877897.662238,532,55893027,835,2098,2057,2083,2075,2017,1256,992,1086,1236,2086,2070,2067,2061,1414,1091,1178,1954,2105,2055,2080,2105,2081,1700,1219,2074,2091,2088,2092,2103,2107,1772,1220,2061,2093,2091,2085,2132,2104,1935,1163,2093,2076,2064,2061,2099,1923,1985,1171,2040,2089,2105,2109,2011,1927,1960,1088,1855,2078,2054,2029,1940,1949,1998,5,255,5,255,5,255,9,5,9,5,5,255,5,5,5,5,5,255,5,5,10,5,5,9,5,5,5,5,5,5,5,5,5,255,5,5,5,5,255,5,5,255,5,5,5,5,255,5,5,255,5,5,5,10,255,255,5,255,5,255,5,255,255,255
1780877897.762608,533,55993026,841,2098,2084,2073,2100,2028,1318,994,1080,1294,2066,2070,2089,2093,1342,1128,1161,1954,2058,2086,2088,2090,2028,1700,1178,2019,2097,2087,2082,2117,2104,1772,1184,1974,2111,2087,2092,2131,2048,1936,1192,1973,2077,2116,2079,2099,1970,1918,1176,2040,2077,2127,2087,1978,1972,1972,1106,1855,1946,2065,1969,1973,1949,1998,5,255,5,10,5,10,5,5,5,5,5,255,5,5,5,5,5,255,5,5,5,5,5,255,5,5,5,5,5,5,5,255,5,10,5,5,5,5,10,5,5,10,5,5,5,255,10,255,5,255,5,5,5,5,10,10,5,255,5,10,5,10,255,255
1780877897.863251,534,56093027,844,2098,2049,2073,2084,2028,1283,968,1089,1277,2086,2070,2086,2067,1446,1135,1169,1954,2054,2080,2120,2090,2075,1716,1184,1977,2105,2087,2084,2113,2086,1863,1186,2121,2089,2082,2097,2084,2048,1910,1170,2030,2077,2116,2099,2085,1957,1999,1150,2040,2073,2129,2087,2026,1972,1972,1116,1855,1946,2060,1951,1977,1949,1998,5,255,5,255,5,255,5,5,5,5,5,255,5,5,5,5,5,255,5,5,5,5,5,10,5,5,5,5,5,5,5,10,5,5,5,5,5,5,255,5,5,5,255,255,5,10,5,5,5,255,5,5,255,5,255,255,5,255,255,5,5,5,255,255
1780877897.962644,535,56193026,847,2098,2087,2090,2074,2007,1251,976,1078,1250,2072,2080,2054,2067,1473,1081,1204,2068,2091,2081,2108,2083,2088,1716,1210,2024,2117,2076,2092,2092,2077,1831,1198,2027,2097,2097,2079,2116,2027,1934,1175,2030,2117,2067,2083,2101,1957,1966,1143,2040,2106,2096,2087,2028,1947,1972,1128,1855,1991,2067,2027,1948,1949,1998,5,255,5,10,5,10,5,5,5,5,5,10,5,255,5,5,5,10,5,5,5,5,5,255,5,5,5,5,5,5,5,5,5,5,5,5,5,5,10,5,9,255,10,10,5,5,255,5,5,255,5,5,255,5,10,255,5,255,10,5,5,5,255,255
1780877898.063163,536,56293026,822,2052,2111,2080,2096,2017,1274,990,1059,1352,2079,2080,2054,2048,1386,1115,1188,2029,2046,2085,2036,2117,2113,1731,1238,2052,2082,2082,2090,2092,2081,1831,1183,2034,2101,2102,2105,2119,2027,1951,1162,2016,2098,2123,2083,2116,1994,1917,1153,1972,2143,2126,2087,1955,1940,1944,1126,1855,2058,2067,1993,1948,1949,1998,5,10,5,5,5,5,5,5,9,5,5,255,255,10,5,5,5,5,5,5,5,5,5,10,5,5,5,5,5,255,5,255,5,5,5,5,5,5,255,5,5,10,5,5,255,5,10,5,5,10,5,5,255,5,5,10,5,255,5,255,5,255,255,255
1780877898.163728,537,56393026,829,1054,2069,2082,2099,2097,1235,979,1052,1288,2111,2080,2054,2031,1402,1101,1216,2015,2068,2089,2077,2127,2038,1840,1186,2029,2101,2075,2095,2105,2088,1828,1184,2030,2123,2107,2124,2119,2082,1908,1154,2165,2079,2117,2128,2113,1949,1939,1127,1972,2146,2102,2085,2056,1957,1943,1117,1855,2041,2053,2008,1905,1949,1998,5,5,5,5,5,5,5,5,5,5,5,255,255,5,5,5,5,5,5,5,5,5,5,5,5,5,5,5,5,10,5,10,5,5,5,5,5,255,10,5,5,5,5,5,10,5,5,5,5,255,5,5,10,5,5,5,5,255,5,10,5,10,255,255
1780877898.262524,538,56493026,855,1054,2073,2066,2066,2112,1304,968,1067,1288,2095,2080,2063,2010,1415,1109,1190,2004,2112,2076,2130,2098,2057,1662,1183,2032,2080,2088,2088,2108,2087,1873,1185,2032,2115,2125,2088,2114,2023,1908,1182,2165,2111,2098,2123,2098,1986,1939,1155,1972,2150,2086,2085,1970,1934,1943,1111,1786,2041,2038,2093,1971,1930,1998,5,255,5,5,5,5,5,5,9,255,5,255,10,5,5,5,5,5,5,5,5,5,5,5,5,5,5,5,5,5,5,5,5,5,5,5,5,10,5,255,5,255,5,5,5,5,5,255,5,255,5,5,255,5,5,255,5,10,255,5,5,5,10,255
1780877898.363793,539,56593026,841,1054,2024,2047,2072,2067,1270,993,1055,1323,2076,2069,2063,2123,1435,1113,1198,2031,2083,2073,2065,2085,2051,1687,1216,2033,2104,2078,2076,2096,2069,1815,1209,1982,2073,2106,2144,2136,2046,1908,1162,2165,2096,2081,2106,2058,1982,1939,1160,1972,2119,2060,2107,1994,1928,1966,1132,1786,2049,2038,1982,1944,1930,2024,5,255,5,5,5,5,5,5,5,10,5,10,255,5,5,5,5,5,5,5,5,5,5,5,5,5,5,5,5,5,5,5,5,5,5,5,5,5,5,255,9,255,5,5,5,5,5,255,5,255,5,5,10,5,5,10,5,255,10,255,255,5,255,10
1780877898.463190,540,56693027,847,1054,2033,2047,2078,1923,1295,999,1045,1285,2080,2069,2063,2123,1352,1131,1187,1925,2079,2089,2056,2075,2073,1687,1187,2029,2091,2075,2077,2102,2095,1756,1248,2035,2097,2070,2133,2127,2046,1851,1209,1849,2080,2081,2078,2106,2015,1913,1149,1972,2111,2060,2095,1990,1938,1966,1117,1786,2049,2024,2023,1972,1930,2024,5,255,5,255,5,5,5,5,5,5,3,255,255,255,5,5,5,5,5,5,5,5,5,255,5,5,5,5,5,5,5,5,5,5,5,5,5,5,255,10,5,10,5,255,5,5,5,10,5,255,5,255,5,5,5,255,5,255,5,10,5,5,255,255
1780877898.561891,541,56793026,841,1054,2044,2055,2100,2077,1287,1002,1064,1309,2013,2058,2063,2046,1432,1124,1195,1925,2089,2098,2113,2106,2046,1749,1190,2012,2088,2094,2083,2066,2100,1826,1126,2087,2055,2089,2114,2077,2046,1871,1171,1849,2080,2081,2141,2099,1945,1962,1157,1979,2097,2096,2077,1987,1962,1942,1124,1786,2088,2074,1971,1979,1930,2024,5,255,5,10,5,5,5,5,5,5,5,10,255,10,5,5,5,255,5,5,5,5,5,10,5,5,5,5,5,5,5,5,5,5,5,5,5,5,255,5,5,255,255,255,5,5,5,5,5,10,5,10,5,5,5,10,5,255,5,5,5,5,255,255
1780877898.662330,542,56893027,843,1054,2044,2085,2100,2077,1271,988,1093,1220,2013,2089,2087,2061,1458,1100,1208,1925,2100,2100,2024,2112,2037,1686,1157,1976,2098,2105,2105,2124,2150,1852,1226,2068,2106,2106,2110,2138,2046,1871,1195,1849,2080,2072,2080,2108,2002,1956,1161,1979,2088,2096,2077,1970,1952,1942,1162,1786,2088,2030,1921,1962,1930,2024,5,255,255,5,255,255,5,5,5,5,255,5,10,5,5,5,5,255,5,5,5,5,5,5,5,5,5,5,5,5,5,5,5,5,5,5,5,5,255,255,5,255,255,10,5,5,5,5,5,255,5,5,255,5,5,255,5,255,255,5,5,5,255,255
1780877898.762378,543,56993026,846,1084,2102,2105,2094,2077,1271,980,1061,1327,2047,2060,2087,2054,1378,1101,1184,1925,2098,2103,2082,2096,2045,1721,1178,1994,2095,2088,2095,2112,2077,1859,1164,2041,2097,2076,2113,2127,2036,1871,1188,1849,2086,2104,2064,2101,2047,1945,1151,2039,2038,2146,2086,1983,1961,1942,1108,1484,2077,2078,1988,1942,1930,2024,5,10,10,5,10,255,5,5,5,5,10,5,255,5,5,5,5,255,5,5,5,5,5,5,5,9,5,5,5,5,5,5,5,5,5,5,5,5,10,255,5,255,10,5,5,5,5,5,5,10,5,5,10,5,5,255,5,10,10,5,5,5,255,255
1780877898.862948,544,57093027,831,2101,2087,2105,2109,2019,1276,984,1073,1251,2089,2099,2087,2054,1391,1126,1167,2001,2067,2110,2108,2080,2076,1721,1208,2028,2093,2094,2097,2072,2027,1880,1162,2015,2107,2103,2135,2127,2036,1871,1162,1849,2072,2104,2114,2061,1949,1945,1152,2039,2080,2115,2115,1966,1958,1991,1113,1484,2031,2078,2002,1942,1930,2024,5,5,5,255,5,10,5,5,5,5,5,5,255,255,5,5,5,10,5,5,5,5,5,255,5,5,5,5,5,5,5,5,5,5,5,5,5,255,255,255,5,255,5,255,5,5,5,255,5,255,5,5,5,5,5,10,5,255,5,255,5,255,255,255
1780877898.962167,545,57193026,846,2022,2046,2061,2072,2050,1238,971,1095,1262,2023,2068,2087,2049,1465,1124,1181,1791,2065,2071,2073,2111,2044,1721,1206,2044,2088,2078,2095,2095,2097,1880,1170,2056,2086,2105,2109,2103,2036,1933,1189,2018,2095,2102,2117,2089,1960,1977,1143,2048,2117,2099,2106,2043,1962,1958,1124,1699,2074,2077,1980,1942,1965,2024,5,5,5,10,5,5,5,5,5,5,5,5,255,10,5,5,5,4,5,5,5,5,5,255,5,5,5,5,5,5,5,255,5,5,5,5,5,10,255,10,5,10,5,10,5,5,5,10,5,10,5,5,5,5,5,5,5,10,5,10,5,255,10,255
1780877899.064067,546,57293026,858,1054,2102,2061,2101,2026,1300,966,1077,1250,2007,2055,2087,2065,1440,1095,1215,1791,2080,2073,2031,2094,2090,1721,1173,2038,2089,2087,2097,2122,2069,1833,1224,2042,2094,2091,2107,2038,2030,1867,1143,2018,2105,2131,2117,2086,1977,1957,1171,2048,2092,2119,2095,1999,1954,1965,1075,1699,2074,2077,2030,1993,1965,2024,5,4,5,255,5,5,5,5,5,5,5,5,255,5,5,5,5,255,5,5,5,5,5,10,5,5,5,5,5,5,5,10,5,5,5,5,5,5,10,5,5,255,5,5,5,5,5,5,5,255,5,5,5,5,5,5,5,255,255,255,5,10,255,255
1780877899.163238,547,57393026,845,2081,2054,2070,2100,2074,1270,992,1059,1252,2058,2082,2068,2061,1358,1132,1142,1791,2079,2091,2154,2076,2070,1643,1198,2040,2066,2092,2088,2099,2111,1877,1190,2094,2094,2065,2104,2096,2039,1900,1150,2018,2114,2116,2099,2110,1906,1983,1125,2032,2094,2105,2111,1982,1915,1965,1124,1699,2054,2077,1990,1993,1961,2024,5,4,5,10,5,5,5,5,5,5,5,5,10,5,5,5,5,255,5,5,5,5,5,5,9,5,5,5,5,5,5,5,5,5,255,5,5,5,5,5,5,255,5,5,5,5,5,5,5,10,5,5,5,5,5,255,5,255,10,255,5,5,10,255
1780877899.264535,548,57493026,853,2038,2041,2070,2079,2118,1308,1010,1072,1293,2095,2105,2082,2044,1462,1119,1210,1791,2093,2091,2082,2101,2035,1739,1216,1967,2109,2078,2072,2124,2075,1877,1244,1980,2055,2130,2106,2111,2039,1983,1207,2018,2114,2132,2129,2050,1946,1933,1140,2032,2108,2119,2111,2012,1974,1946,1091,1699,2058,2077,1998,1923,1961,2024,5,5,5,255,5,5,5,5,5,5,5,5,5,5,5,5,5,255,5,5,5,5,5,5,5,5,5,5,5,5,5,5,5,5,10,5,5,5,255,5,5,255,255,5,5,5,5,5,5,255,5,5,255,5,5,10,5,255,5,255,5,5,255,255
1780877899.362576,549,57593026,844,1074,2075,2087,2076,2051,1312,1002,1076,1232,2066,2105,2129,2088,1450,1150,1196,1791,2038,2075,2089,2120,2063,1644,1181,2076,2107,2095,2077,2072,2109,1884,1183,2059,2055,2096,2155,2096,2039,1983,1197,2018,2086,2099,2099,2089,1955,1943,1159,2032,2113,2098,2072,2004,1909,1939,1089,1800,2003,2077,1985,1996,1961,2024,5,4,5,10,5,5,5,5,5,5,5,255,5,5,5,5,5,255,5,5,5,5,5,5,5,5,5,5,5,5,5,5,5,5,255,5,5,5,255,255,5,255,10,5,5,5,5,5,5,255,5,5,10,5,5,5,5,10,5,255,5,5,255,255
1780877899.463093,550,57693027,836,1074,2046,2053,2088,2051,1247,994,1071,1304,2090,2105,2129,2072,1450,1103,1148,1791,2066,2078,2092,2132,2079,1682,1188,2073,2084,2098,2082,2072,2098,1811,1203,2033,2104,2089,2114,2093,2039,1972,1166,2038,2086,2099,2082,2080,2046,1926,1163,2032,2048,2106,2072,1987,1938,1939,1114,1800,2013,2077,2013,1996,1961,2024,5,255,5,5,5,255,5,5,5,5,5,255,255,5,255,5,5,255,5,5,5,5,5,5,5,5,5,5,5,5,5,5,5,9,10,5,5,5,255,10,5,10,5,255,5,5,5,5,5,255,5,5,255,5,5,255,5,255,5,255,5,255,255,255
1780877899.564241,551,57793026,836,2087,2093,2053,2084,2079,1293,979,1083,1252,2090,2090,2107,2055,1443,1126,1162,1997,2068,2089,2083,2054,2065,1579,1217,2036,2084,2085,2073,2108,2091,1831,1161,2046,2092,2091,2090,2091,2039,1972,1155,2038,2098,2103,2089,2016,1918,1938,1149,2032,2111,2078,2082,2014,1938,1971,1116,1800,2050,2077,2012,1996,1961,2024,5,10,5,255,5,10,5,5,5,5,255,10,10,5,10,5,5,10,5,5,5,5,5,5,5,5,5,5,5,5,5,5,5,5,5,5,5,5,255,255,5,255,5,10,5,5,5,5,5,255,5,5,10,5,255,10,5,255,5,255,5,255,255,255
1780877899.663581,552,57893027,829,1057,2060,2053,2084,2079,1313,973,1070,1288,2072,2041,2071,2136,1478,1133,1199,2027,2102,2096,2082,2086,2080,1579,1202,2030,2106,2095,2083,2101,2089,1853,1206,2027,2089,2082,2127,2085,2039,1972,1171,2038,2089,2091,2097,2061,1918,1903,1122,2032,2117,2091,2131,2002,1935,1971,1115,1547,2034,2077,2037,1996,1961,1960,5,255,5,255,255,255,9,5,5,5,10,5,5,5,5,5,5,5,5,5,5,5,5,255,5,5,5,5,5,5,5,5,5,5,5,5,5,5,255,255,5,255,5,5,5,5,255,5,5,255,5,5,5,5,10,255,5,10,5,255,5,255,255,10
1780877899.764210,553,57993026,849,2081,2102,2064,2040,2053,1355,991,1079,1225,2098,2074,2138,2006,1380,1068,1200,2027,2027,2102,2064,2119,2000,1579,1232,2053,2080,2101,2098,2118,2083,1880,1157,2047,2078,2087,2081,2129,2027,1923,1179,2038,2097,2080,2098,2092,1943,1999,1133,2032,2072,2083,2086,1975,1923,1945,1104,1547,2006,2077,2037,1996,1961,1960,5,10,5,10,10,10,5,5,5,255,5,5,5,5,5,5,5,255,5,5,5,5,5,255,9,5,5,5,5,5,5,5,5,5,5,5,5,5,10,10,5,255,5,5,5,5,10,5,5,255,5,5,5,5,5,10,5,255,5,255,255,255,255,255
1780877899.862005,554,58093027,837,2075,2102,2064,2112,2043,1293,978,1063,1225,2098,2082,2138,2096,1441,1089,1169,1919,2084,2101,2101,2119,2081,1719,1209,2024,2088,2089,2056,2102,2073,1769,1212,2049,2095,2088,2054,2118,2027,1923,1171,2038,2090,2142,2116,2028,2001,1999,1126,2032,2074,2103,2101,2102,1969,1991,1123,1547,2054,2063,1961,1996,1961,1960,5,5,255,255,5,5,5,5,5,255,255,5,255,5,5,5,5,10,5,5,5,255,5,10,5,5,5,5,5,5,5,5,5,5,5,5,5,5,255,255,5,255,5,5,5,5,5,255,5,255,5,5,5,5,5,5,5,255,5,10,10,255,255,255
1780877899.962327,555,58193026,826,1060,2070,2099,2077,2131,1283,993,1096,1229,2075,2063,2087,2077,1422,1115,1197,1937,2103,2081,2078,2116,2058,1717,1193,2058,2093,2091,2091,2107,2105,1917,1177,2056,2138,2088,2123,2111,2059,1915,1182,2038,2080,2053,2113,2089,1985,1934,1148,2032,2091,2118,2085,1971,1976,1947,1103,1547,2069,2066,2010,1931,1961,1960,5,5,10,10,5,5,5,5,5,10,10,5,10,5,5,5,5,5,5,5,5,10,5,5,5,5,5,5,5,5,5,5,5,5,5,5,5,5,10,10,5,255,5,5,5,5,5,10,5,255,5,5,5,5,5,5,5,255,5,5,255,10,255,255
1780877900.074184,556,58303026,848,1060,2133,2122,2085,2055,1250,978,1052,1321,2091,2077,2080,2099,1378,1106,1213,2034,2087,2092,2086,2105,2089,1688,1179,2070,2094,2095,2059,2134,2064,1863,1161,2068,2092,2093,2086,2084,2059,1913,1154,2038,2090,2088,2077,2089,1961,1959,1156,2032,2096,2118,2085,2002,1980,1937,1086,1547,2009,2066,2030,1931,1961,1960,5,255,5,5,5,5,5,5,5,5,5,5,5,5,5,5,5,5,5,5,5,5,5,5,5,5,5,5,5,5,5,9,5,5,5,5,5,5,255,5,5,255,5,5,5,255,5,5,5,255,5,255,255,5,5,5,5,255,5,255,5,255,255,255
1780877900.173216,557,58403026,831,2068,2094,2122,2078,2055,1294,988,1085,1295,2046,2077,2104,2054,1490,1124,1170,1968,2106,2064,2078,2094,2054,1712,1201,2062,2076,2091,2104,2103,2109,1863,1194,2079,2064,2095,2111,2103,2059,1965,1197,2038,2123,2098,2142,2145,1961,1917,1146,2032,2081,2107,2073,2004,1955,1950,1134,1547,1953,2066,2115,1985,1961,1960,5,10,5,255,5,255,9,5,5,5,5,255,5,5,5,5,5,5,5,5,5,5,5,5,9,5,5,5,5,5,5,255,5,5,5,5,5,5,255,5,5,255,5,5,5,10,5,5,5,255,5,10,10,5,5,5,5,255,5,255,5,10,255,255
1780877900.274845,558,58503027,833,1020,2060,2070,2101,2055,1278,981,1097,1268,2072,2077,2110,2074,1424,1125,1181,2017,2061,2081,2092,2083,2072,1686,1198,2053,2095,2086,2065,2110,2087,1866,1175,1969,2112,2096,2105,2109,2081,1878,1205,2038,2123,2098,2072,2068,1961,1951,1133,2032,2086,2115,2073,2015,1930,1950,1129,1547,2078,2066,2025,1937,1961,2000,5,255,5,10,5,255,5,5,5,5,5,255,5,5,5,5,5,5,5,5,5,5,5,5,5,5,5,5,5,5,5,10,5,5,5,5,5,5,10,5,5,255,255,255,5,5,255,5,5,255,5,5,255,5,5,255,5,255,5,255,5,5,255,10
1780877900.372774,559,58603026,843,1029,2051,2067,2070,2057,1249,1009,1074,1267,2094,2077,2087,2019,1387,1107,1228,2019,2100,2068,2096,2086,2051,1686,1193,2053,2084,2079,2084,2080,2076,1866,1201,2021,2096,2104,2135,2121,2081,1878,1167,2038,2092,2084,2086,2132,2025,1945,1130,2032,2078,2090,2082,2006,1944,1964,1101,1547,2078,2057,2046,2027,1954,2000,5,255,5,5,5,10,5,5,5,5,5,255,5,5,5,5,5,5,5,5,5,5,5,255,5,255,5,5,5,5,5,255,5,5,5,5,5,5,255,255,5,255,10,10,5,5,10,5,5,255,5,5,10,5,5,10,5,255,255,10,5,5,10,255
1780877900.474754,560,58703027,838,2050,2091,2067,2077,2057,1242,1008,1082,1335,2057,2077,2095,2126,1397,1086,1163,2019,2067,2087,2090,2086,2051,1686,1196,2055,2090,2084,2084,2094,2088,1866,1172,2082,2095,2086,2123,2157,2081,1922,1183,2016,2101,2084,2118,2129,2025,1994,1148,2032,2096,2089,2082,2026,1947,1930,1135,1547,2035,2057,2060,1943,1934,2000,5,4,5,255,5,255,5,5,5,5,5,255,5,5,5,5,5,255,5,5,5,5,255,255,5,10,5,5,5,5,5,255,5,5,5,5,5,5,255,10,9,10,5,255,5,5,255,5,5,255,5,5,255,5,5,5,5,255,10,255,5,5,5,255
1780877900.574355,561,58803027,839,1057,2091,2073,2083,2073,1211,988,1079,1290,2079,2077,2095,2126,1422,1104,1183,2030,2046,2103,2066,2072,2064,1678,1180,2083,2093,2098,2081,2081,2114,1850,1178,2038,2107,2088,2054,2157,2081,1922,1186,2016,2100,2100,2088,2070,1963,1917,1157,2028,2079,2112,2100,1980,1947,1974,1103,1547,1990,2057,1978,1954,1934,2000,5,4,255,10,5,10,5,5,5,255,5,255,255,255,9,5,5,10,5,5,5,5,10,10,5,5,5,5,5,5,5,10,5,5,5,5,5,255,255,255,9,255,5,10,5,5,10,5,5,10,5,5,10,5,255,5,5,255,5,255,5,5,255,255
1780877900.672684,562,58903026,839,1057,2093,2067,2068,2097,1271,973,1075,1290,2040,2077,2099,2057,1412,1100,1195,2030,2079,2067,2068,2080,2067,1723,1213,2055,2096,2091,2095,2083,2077,1850,1188,2068,2012,2096,2125,2157,2039,1954,1221,2016,2105,2096,2105,2101,1963,1945,1169,2028,2089,2097,2102,1997,1933,1974,1089,1547,2014,2057,1996,1969,1885,2000,5,255,10,5,5,5,5,5,5,255,5,255,10,10,5,5,5,255,5,5,5,5,5,5,5,5,5,5,5,5,5,255,5,5,5,5,5,255,10,10,5,255,5,5,5,5,255,5,5,255,5,5,5,5,10,5,5,255,5,255,5,5,10,255
1780877900.773290,563,59003026,831,1020,2086,2093,2090,2111,1246,969,1088,1252,2099,2077,2099,2057,1423,1125,1180,2030,2081,2096,2110,2076,2068,1690,1191,2067,2095,2091,2092,2082,2090,1805,1202,2082,2118,2087,2101,2114,2039,1964,1216,2016,2085,2053,2126,2099,1968,1899,1166,2031,2093,2101,2111,2011,1955,2022,1125,1547,2053,2057,2027,1954,1885,2103,5,255,5,5,5,5,5,5,5,10,5,255,255,255,5,5,5,255,5,5,5,5,5,5,5,4,5,5,5,5,5,10,5,5,5,5,5,10,255,5,5,255,5,5,5,5,10,5,5,10,5,5,5,5,5,5,5,255,5,255,5,5,255,10
1780877900.874598,564,59103027,843,1020,2089,2093,2080,2111,1264,993,1065,1288,2099,2077,2099,2057,1451,1095,1196,2003,2077,2085,2071,2109,2066,1690,1230,2060,2076,2095,2105,2113,2092,1905,1178,2005,2109,2080,2098,2114,2046,1964,1184,1961,2079,2053,2105,2087,1949,1974,1145,2031,2075,2101,2120,2005,1931,1953,1152,1547,2053,2057,2027,1959,1885,2103,5,255,5,255,5,255,5,5,5,5,255,255,255,255,5,5,5,10,5,5,5,5,5,255,5,5,5,5,5,5,5,5,5,5,5,5,5,255,10,255,5,10,5,255,5,5,5,5,5,255,5,5,5,5,5,5,5,255,255,255,255,5,255,255
1780877900.973728,565,59203026,829,2068,2103,2071,2079,2059,1237,977,1089,1308,2099,2093,2099,2054,1433,1102,1179,2003,2062,2087,2088,2052,2058,1724,1193,2056,2094,2083,2088,2066,2082,1917,1145,2005,2119,2083,2111,2139,2098,1898,1145,1961,2084,2112,2073,2110,1933,1934,1132,2031,2085,2097,2086,2011,1957,1957,1129,2045,2046,2042,2029,1981,1885,2103,5,10,5,10,5,10,5,5,5,5,255,10,255,10,5,5,5,255,5,5,5,5,5,10,5,5,5,5,5,5,5,5,5,255,5,5,5,10,5,10,5,255,5,10,5,5,5,5,5,255,5,5,5,5,5,5,5,10,10,10,10,5,255,255
1780877901.075134,566,59303027,843,1054,2057,2071,2080,2089,1281,982,1068,1312,2099,2093,2099,2054,1474,1124,1195,2003,2078,2080,2065,2118,2072,1777,1184,1999,2092,2085,2106,2142,2103,1917,1172,2034,2107,2096,2086,2109,2098,1898,1211,1961,2089,2121,2083,2071,1979,1950,1141,2031,2084,2089,2086,2007,1957,1957,1147,2045,2046,2057,2098,1981,1885,2103,5,5,5,255,5,5,5,5,5,5,255,255,255,255,5,5,5,255,5,5,5,5,5,5,5,5,5,5,5,5,5,255,5,10,5,5,5,5,255,255,5,255,5,5,5,5,5,5,5,255,5,5,255,5,255,255,5,255,255,5,5,255,255,255
1780877901.171940,567,59403026,854,2070,2054,2071,2074,2079,1242,997,1079,1293,2105,2067,2117,2044,1462,1083,1197,2053,2072,2077,2125,2083,2040,1721,1186,2030,2076,2088,2108,2110,2144,1861,1226,2068,2108,2108,2126,2134,2098,1879,1164,1961,2093,2118,2076,2023,1958,1953,1132,2031,2151,2112,2084,2020,1960,1959,1111,2045,2072,2057,1959,1965,1885,2103,5,4,5,255,5,5,5,5,5,5,10,10,10,10,5,5,5,10,5,5,5,5,5,5,9,5,5,5,5,5,5,10,5,5,5,5,5,5,255,255,5,255,5,5,5,5,5,5,5,255,5,5,10,5,10,10,5,255,10,255,9,10,255,255
1780877901.273575,568,59503026,830,2081,2107,2071,2037,2084,1244,981,1087,1293,2084,2094,2108,2016,1419,1088,1200,2053,2085,2075,2127,2113,2073,1699,1178,2039,2104,2088,2078,2129,2087,1845,1116,1947,2108,2092,2100,2077,2098,1920,1165,2052,2110,2118,2126,2133,1944,1951,1144,2031,2100,2112,2084,2015,1952,1953,1114,1794,2072,2080,1925,1962,2012,2103,5,5,5,255,5,5,5,5,5,255,5,5,5,5,5,5,5,255,5,5,5,5,5,5,5,5,5,5,5,5,5,5,5,5,255,5,5,5,255,5,9,10,5,255,5,5,5,5,5,255,5,5,255,5,5,5,5,10,255,10,5,5,10,255
1780877901.372823,569,59603026,835,2059,2079,2085,2071,2064,1307,973,1116,1300,2044,2094,2120,2060,1388,1103,1195,1988,2065,2081,2127,2076,2048,1699,1199,2039,2078,2075,2091,2114,2103,1877,1182,2088,2061,2121,2125,2121,2051,1918,1182,2071,2101,2044,2100,2113,1848,1901,1181,2031,2084,2083,2114,2020,1949,1936,1124,1794,2072,2080,2116,1966,2012,2103,5,5,5,10,5,5,5,5,5,10,5,255,5,5,5,5,5,10,5,5,255,5,5,255,5,255,5,5,5,5,5,5,5,5,10,5,5,5,10,5,5,5,5,10,5,5,5,5,5,255,5,5,10,5,5,5,5,255,255,255,5,5,255,255
1780877901.472504,570,59703027,841,2059,2084,2085,2066,2064,1278,966,1086,1323,2044,2094,2108,2075,1372,1095,1210,1988,2099,2103,2076,2125,2070,1709,1232,2092,2081,2087,2088,2127,2102,1877,1210,2086,2112,2103,2098,2121,2051,1918,1182,2071,2093,2054,2084,2095,1848,1943,1138,2031,2102,2081,2114,2023,1981,1936,1111,1537,2049,2080,1995,1963,2012,2103,5,255,5,255,5,255,5,5,5,5,255,10,5,5,5,5,5,255,5,5,10,5,5,10,5,10,5,5,5,5,5,255,5,5,5,5,5,255,255,255,5,255,5,5,5,5,255,5,5,255,5,5,255,5,5,255,5,10,10,255,5,5,255,255
1780877901.574384,571,59803026,843,2072,2054,2067,2066,2064,1287,993,1084,1255,2106,2094,2085,2039,1362,1095,1213,2032,2071,2097,2081,2078,2050,1718,1219,2026,2102,2089,2083,2112,2091,1976,1197,2015,2102,2076,2112,2131,2041,1903,1147,2071,2093,2081,2095,2129,1848,1963,1149,2019,2119,2113,2114,2015,1938,1947,1138,1537,1981,2037,2023,1938,1945,2103,5,10,5,10,255,10,9,5,5,5,10,255,5,5,5,5,5,10,5,5,5,5,5,5,5,5,5,5,5,5,5,10,5,5,5,5,5,10,10,10,5,255,5,5,5,5,255,5,5,10,5,5,255,5,5,10,5,255,5,10,5,5,10,255
1780877901.671948,572,59903026,840,2072,2103,2070,2066,2032,1311,999,1058,1392,2101,2094,2135,2080,1369,1087,1182,1999,2105,2080,2104,2099,2056,1701,1183,2024,2092,2097,2074,2083,2106,1871,1232,2015,2088,2090,2107,2128,2041,1903,1206,2071,2101,2115,2127,2052,1990,1963,1151,2019,2037,2105,2125,2000,1979,1947,1166,2061,1981,2037,1980,1949,1945,2005,5,255,5,5,10,5,5,5,5,5,5,255,5,5,5,5,5,5,5,5,5,5,5,5,5,5,5,5,5,5,5,5,5,255,5,5,5,5,255,255,5,255,5,5,5,5,10,255,5,255,5,5,10,5,5,255,5,10,255,255,5,5,255,10
1780877901.773412,573,60003026,857,1079,2110,2049,2084,2075,1262,972,1071,1272,2024,2094,2135,2107,1443,1103,1214,2016,2083,2077,2115,2089,2051,1710,1152,2061,2072,2092,2087,2087,2098,1853,1229,2018,2099,2083,2109,2088,2091,1943,1180,2071,2094,2103,2127,2089,1966,1937,1142,2019,2146,2138,2083,1994,1949,1924,1117,2061,2084,2032,1980,1945,1945,2005,5,10,5,5,5,5,5,5,5,5,5,255,255,5,5,5,5,5,5,5,5,5,5,5,5,5,5,5,5,5,5,5,5,10,5,5,5,5,10,10,5,255,5,5,255,5,5,10,5,255,5,5,5,5,5,10,5,255,10,10,255,5,255,255
1780877901.872199,574,60103027,842,1079,2075,2102,2084,2075,1277,1005,1077,1234,2083,2073,2104,2080,1419,1104,1187,1549,2081,2096,2070,2114,2069,1719,1216,2053,2093,2081,2097,2118,2094,1941,1239,2068,2087,2099,2106,2114,2091,1857,1186,2071,2104,2103,2117,2053,1977,1926,1165,2019,2146,2137,2098,1950,1949,1942,1091,2061,2084,2032,2006,1944,1945,2005,5,255,5,5,255,255,5,5,5,5,5,10,10,5,5,5,5,4,5,5,5,5,5,5,5,5,5,5,5,5,5,5,5,5,5,5,5,5,255,255,5,255,5,255,255,5,5,5,5,255,255,5,5,5,255,5,5,255,255,255,10,5,255,255
1780877901.973510,575,60203026,841,1077,2075,2103,2084,2100,1286,999,1060,1325,2011,2085,2124,2085,1395,1100,1189,1995,2062,2073,2068,2136,2063,1660,1195,2011,2096,2085,2089,2101,2089,1833,1169,2058,2085,2103,2083,2103,2091,1857,1186,1999,2112,2162,2117,2065,2002,1936,1143,2019,2084,2107,2097,2023,1955,1947,1117,1556,2050,2044,2003,1952,1945,2005,5,10,5,5,255,10,5,5,5,5,5,5,5,5,5,5,5,4,5,5,5,5,5,5,5,5,5,5,5,5,5,5,5,5,5,5,5,5,255,255,5,10,5,10,255,5,5,5,5,255,10,5,5,5,10,5,5,10,10,10,5,5,255,255
1780877902.071976,576,60303027,829,1039,2073,2103,2086,2100,1372,990,1066,1251,2080,2085,2060,2099,1467,1088,1194,2060,2067,2102,2087,2101,2101,1694,1209,2011,2105,2076,2089,2110,2055,1889,1191,2075,2065,2078,2129,2103,2091,1857,1222,1999,2135,2162,2087,2019,1907,1958,1159,2019,2063,2104,2102,2005,1963,1929,1114,1556,2050,2044,2111,1935,1945,1351,5,5,5,255,10,255,5,5,5,5,5,255,5,5,5,5,5,5,5,5,5,5,5,5,5,255,5,5,5,5,5,9,5,5,5,5,5,255,255,255,5,255,5,255,10,5,5,5,5,255,5,5,5,5,5,5,5,255,255,255,5,5,255,10
1780877902.174241,577,60403026,839,2078,2086,2103,2098,2015,1255,986,1087,1397,2053,2106,2060,2041,1446,1108,1188,2018,2074,2068,2083,2062,2083,1702,1205,2072,2097,2098,2088,2069,2095,1859,1215,2064,2086,2095,2110,2078,2083,1896,1201,2058,2115,2104,2087,2066,1984,1958,1169,2035,2100,2106,2104,1999,1938,1938,1130,1556,2057,2054,2006,1935,1945,1252,5,4,5,255,5,10,5,5,5,5,5,10,255,5,5,5,5,5,5,5,5,5,5,5,5,10,5,5,5,5,5,5,9,5,5,5,5,10,10,10,5,10,5,10,255,5,5,255,5,10,5,5,5,5,5,5,5,255,10,10,5,5,255,5
1780877902.272677,578,60503026,839,2081,2023,2066,2088,2039,1272,1024,1073,1425,2075,2066,2060,1965,1420,1134,1168,2018,2085,2106,2088,2070,2052,1673,1187,1984,2088,2085,2084,2092,2116,1983,1187,2017,2087,2067,2093,2060,2083,1896,1156,2058,2079,2121,2090,2066,1984,1946,1132,2035,2102,2091,2104,1964,1406,1236,1087,2036,2057,2054,2032,1935,1430,1197,5,5,5,10,5,5,5,5,5,5,5,5,255,5,5,5,9,255,5,5,5,5,5,5,5,5,5,5,5,5,5,5,5,5,5,5,5,5,255,255,5,255,5,5,10,255,255,10,5,255,5,5,255,5,4,4,5,10,255,255,5,255,10,5
1780877902.376117,579,60603026,836,2037,2089,2082,2093,2030,1321,988,1049,1252,2051,2081,2113,2084,1411,1141,1220,1921,2070,2100,2079,2103,2009,1693,1207,2055,2084,2090,2097,2095,2087,1946,1190,2057,2102,2082,2108,2093,2034,1896,1188,2058,2112,2139,2133,2066,1283,1166,1134,2053,2081,2100,2102,1465,1239,1079,1142,1507,2049,2068,1974,1130,1201,886,5,5,5,5,5,5,5,5,5,5,5,5,10,5,5,5,5,10,5,5,5,5,5,5,5,5,5,5,5,5,5,5,5,5,5,5,5,5,10,255,9,255,5,5,5,255,255,4,5,10,5,5,10,4,5,5,5,4,10,10,5,255,4,4
1780877902.473636,580,60703027,847,1040,2066,2082,2093,2075,1300,990,1075,1228,2090,2111,2113,2084,1359,1079,1249,1878,2044,2107,2086,2130,2081,1731,1132,2075,2086,2096,2112,2121,2103,1814,1198,2098,2089,2085,2092,2093,2034,1896,1143,2058,2097,2104,2081,1370,1215,979,1157,2053,2102,2067,2102,1991,1050,864,1136,1778,2049,2069,2024,1005,1020,717,5,255,5,255,255,5,5,5,5,5,5,5,255,255,5,5,5,5,5,5,5,5,5,5,5,5,5,5,5,5,5,5,5,5,5,5,5,255,255,255,5,255,5,5,5,10,5,5,5,255,5,5,255,5,5,4,5,4,255,5,5,255,9,5
1780877902.572735,581,60803026,843,995,2104,2070,2093,2039,1322,995,1070,1341,2059,2058,2176,2084,1473,1090,1215,1987,2061,2103,2106,2083,2030,1641,1181,2032,2119,2088,2081,2111,2063,1028,1197,2054,2082,2082,2086,1296,1012,920,1176,2015,2119,2104,2060,985,1132,674,1164,2053,2105,2112,958,999,1057,662,1153,1778,2056,2069,938,797,695,528,5,5,5,10,255,5,9,5,5,5,5,5,10,255,5,5,5,5,5,5,5,5,5,5,5,5,5,5,5,5,5,4,5,5,5,5,5,10,10,10,5,10,5,255,5,4,5,4,5,255,5,5,10,4,5,4,5,255,10,255,5,4,4,9
1780877902.671042,582,60903027,848,995,2065,2057,2093,2039,1285,1022,1077,1300,2059,2058,2015,1168,1417,1098,1222,1987,2022,2063,2106,1119,495,440,1192,2051,2073,2108,2088,790,754,372,1191,2118,2105,1046,1044,770,576,381,1141,2037,2119,2104,994,651,623,387,1167,2053,2100,2112,675,646,622,396,1137,1778,2053,2069,843,2014,695,528,5,255,5,5,255,255,5,5,5,5,255,255,5,10,5,5,9,255,5,5,255,4,4,4,5,5,5,5,5,4,4,4,5,5,5,4,4,4,4,4,5,5,255,255,5,4,4,4,5,255,5,255,4,4,5,4,5,255,5,255,255,3,255,255
1780877902.781979,583,61013026,840,995,2098,2057,416,391,357,349,1090,1284,2029,2058,489,506,362,401,1227,1971,2089,2095,640,588,564,389,1212,1976,2105,665,646,627,610,1798,1198,2037,2105,699,668,660,634,381,1187,2037,2114,2104,673,2044,1951,1951,1153,2053,2110,2095,2078,2141,1936,1977,1124,1980,2085,2052,1984,1950,2059,528,5,255,5,255,10,10,4,4,5,5,10,255,4,4,4,4,5,10,5,5,10,4,5,5,5,5,5,4,4,5,5,4,5,5,5,4,4,5,255,255,5,255,10,255,4,4,4,4,5,255,5,10,4,4,4,4,5,10,5,10,4,5,10,255
1780877902.883226,584,61113026,847,995,614,610,580,571,619,982,1076,1328,2098,639,601,652,633,1091,1148,1862,711,661,706,675,2047,1666,1207,1999,2115,2093,694,2102,2086,1872,1183,2037,2085,2104,2067,2124,634,1932,1187,1763,2122,2072,2114,2107,1978,1919,1134,2016,2085,2090,2078,2011,1927,2001,1122,1980,2085,2052,1991,1980,1946,528,5,255,4,10,5,5,4,4,5,5,5,10,5,5,4,4,5,5,4,5,5,5,4,4,5,5,5,4,255,4,4,5,5,255,5,5,4,4,255,10,5,10,5,10,5,5,5,5,5,10,5,5,255,5,5,5,5,255,255,255,5,5,5,255
1780877902.982474,585,61213026,832,718,713,697,762,792,1296,975,1084,1312,780,877,844,652,1393,1146,1184,1993,2090,2082,706,2126,2048,1650,1197,2013,2094,2096,2098,2097,2076,1853,1220,2029,2076,2087,2096,2116,2048,1891,1183,2006,2139,2100,2086,2065,1952,1919,1116,2016,2115,2097,2113,1994,1916,1971,1120,1980,2026,2079,2014,1966,1963,528,5,10,5,5,5,4,4,5,5,5,5,4,4,255,4,5,5,5,4,4,255,4,5,5,9,5,5,5,4,5,5,5,5,10,5,5,5,5,10,5,5,4,5,5,5,5,5,255,5,255,5,5,10,5,5,5,5,255,10,10,5,5,5,255
1780877903.083913,586,61313026,833,1051,1138,1110,1385,1978,1331,977,1102,1323,2107,877,1634,2109,1393,1128,1181,1993,2101,2068,1955,2069,2043,1656,1185,2048,2099,2098,2062,2107,2086,1954,1193,2107,2098,2112,2090,2116,2048,1900,1198,2006,2139,2110,2071,2099,1963,1954,1166,2016,2109,2094,2113,2011,1928,1918,1156,1980,2096,2079,1983,1978,1963,528,5,5,4,4,4,4,5,5,5,5,4,255,4,10,5,5,5,255,5,5,10,5,5,5,5,5,5,5,5,5,5,5,5,5,5,5,5,255,255,5,5,255,255,5,5,5,5,10,5,255,5,5,255,5,5,5,5,255,5,255,5,5,255,255
1780877903.183119,587,61413026,840,1051,2049,1675,1385,2088,1318,1007,1069,1416,2079,877,2043,2109,1442,1155,1198,2089,2075,2062,2076,2101,2054,1636,1192,2051,2090,2085,2079,2108,2067,1853,1178,2052,2086,2110,2077,2101,2076,1907,1190,2013,2106,2039,2067,2074,1938,1988,1145,2061,2100,2118,2107,2015,1918,1907,1107,1828,2096,2057,1951,1934,1985,528,5,255,4,4,255,5,5,5,5,5,5,255,4,255,5,5,5,10,5,5,5,5,5,5,9,5,5,5,5,5,5,5,5,5,5,5,5,10,10,5,5,10,10,5,5,5,5,5,5,10,5,5,10,5,5,5,5,10,255,10,5,5,10,255
1780877903.282448,588,61513027,849,2115,2068,1675,2082,2088,1223,1001,1024,1375,2079,2080,2142,2081,1426,1100,1178,2089,2071,2086,2076,2096,2046,1636,1216,2064,2089,2075,2092,2078,2107,1900,1179,2094,2062,2090,2101,2088,2076,1907,1183,2074,2106,2087,2076,2100,1953,1919,1159,2061,2074,2124,2107,2059,1948,1941,1097,1828,2096,2045,2024,1957,1985,528,5,10,5,255,10,255,5,5,5,5,255,10,5,10,5,5,5,255,5,5,255,5,5,255,5,5,5,5,5,5,5,5,5,5,5,5,5,5,255,255,5,5,255,5,5,5,5,5,5,255,5,5,255,5,5,5,5,255,255,5,5,5,255,255
1780877903.383979,589,61613027,843,2115,2087,1675,2101,2056,1214,993,1103,1294,2079,2080,2142,2081,1390,1131,1218,2011,2094,2092,2097,2123,2078,1798,1208,2038,2098,2089,2075,2114,2100,1857,1183,2054,2076,2086,2118,2099,2076,1907,1154,2074,2103,2054,2116,2052,1953,1948,1125,2061,2082,2089,2105,1960,1933,1941,1152,1828,1978,2031,1984,1988,1937,528,5,255,5,255,5,10,9,5,5,5,255,255,255,255,5,5,5,10,5,5,10,5,5,10,5,5,5,5,5,5,5,5,9,5,5,5,5,5,255,255,5,255,10,5,5,5,255,5,5,255,5,5,10,5,5,255,5,255,10,5,5,5,10,255
1780877903.484416,590,61713026,850,1029,2054,1675,2101,2059,1272,1004,1079,1324,2032,2080,2099,2039,1462,1133,1214,2011,2059,2114,2123,2071,2094,1713,1217,1981,2095,2095,2083,2129,2082,1954,1232,2054,2094,2095,2107,2038,2076,1907,1184,2074,2083,2058,2085,2103,1965,1982,1159,2061,2081,2114,2081,1990,1975,1931,1107,1550,1978,1994,1978,1988,1984,528,5,10,5,255,255,5,5,5,5,5,10,255,10,10,5,5,5,255,5,5,5,5,5,5,5,5,5,5,5,5,5,5,5,255,5,5,5,5,255,255,5,255,5,5,5,5,10,5,5,255,5,5,5,5,5,10,5,10,255,5,5,255,5,255
1780877903.582857,591,61813027,846,2050,2043,2061,2082,2057,1277,995,1051,1305,2110,2068,2099,2039,1437,1096,1204,2009,2083,2070,2123,2100,2048,1681,1173,2022,2092,2096,2078,2085,2086,1882,1227,2054,2061,2128,2100,2038,2076,1935,1192,2074,2091,2109,2105,2069,1962,1937,1137,2061,2102,2095,2116,1990,1936,1946,1129,1550,2068,1994,1999,1988,1984,528,5,4,5,10,10,5,5,5,5,5,5,10,255,255,5,5,5,10,5,5,255,5,5,5,9,5,5,5,5,5,5,5,5,10,5,5,5,255,255,10,5,255,5,5,5,5,5,5,5,255,5,5,5,255,5,5,5,255,10,255,5,255,255,255
1780877903.683563,592,61913027,844,1049,2049,2091,2077,2062,1274,969,1063,1279,2110,2068,2078,2048,1374,1102,1190,2009,2108,2102,2104,2076,2104,1646,1168,2110,2100,2081,2082,2104,2079,1842,1204,2043,2134,2112,2074,2079,2081,1935,1173,2082,2123,2109,2114,2102,1962,1947,1130,2061,2102,2093,2090,2043,1936,1946,1149,1368,2060,2067,1928,1988,1984,528,5,5,5,5,5,5,5,5,9,5,255,255,10,10,5,5,5,255,5,5,10,5,5,5,5,5,5,5,5,5,5,5,9,5,5,5,5,10,10,255,5,10,5,255,5,5,255,5,5,255,255,5,5,10,255,255,5,10,5,10,5,255,255,255
1780877903.785055,593,62013026,834,1040,2099,2070,2092,2020,1321,1002,1082,1384,2083,2080,2072,2118,1397,1109,1172,1719,2106,2101,2084,2110,2065,1686,1183,2060,2098,2088,2096,2103,2083,1907,1130,2096,2075,2085,2103,2054,2081,1887,1199,2082,2090,2070,2082,2077,1949,1955,1143,2061,2069,2119,2090,2000,1958,1936,1123,1950,2066,2029,1997,1895,1951,528,5,5,5,5,5,5,5,5,5,5,10,10,5,5,5,5,5,10,5,5,5,5,5,5,5,5,5,5,5,5,5,5,5,5,5,5,5,5,255,10,5,255,5,10,5,5,10,5,5,255,10,5,255,5,10,10,5,4,5,5,5,10,10,255
1780877903.884550,594,62113026,833,1040,2084,2076,2080,2020,1288,992,1095,1296,2117,2080,2119,2093,1452,1094,1213,1989,2078,2060,2145,2119,2057,1678,1201,2073,2088,2087,2103,2083,2117,1909,1147,2039,2109,2102,2111,2146,2036,1887,1181,2082,2077,2070,2152,2129,1996,1991,1126,2061,2067,2119,2093,1953,1970,1987,1092,1950,2065,2043,1989,1895,1951,528,5,255,5,5,5,255,5,5,5,5,5,255,5,5,5,5,5,4,5,5,5,5,5,5,5,5,5,5,5,5,5,5,5,5,5,5,5,5,10,255,5,255,5,255,5,5,5,5,5,255,5,5,10,5,5,5,5,255,5,5,5,255,255,255
1780877903.983309,595,62213026,843,2096,2043,2092,2080,2044,1259,1003,1056,1226,2050,2084,2083,2091,1387,1107,1174,2024,2075,2085,2106,2089,2072,1722,1177,2020,2107,2093,2096,2100,2074,1850,1234,2091,2106,2114,2084,2146,2033,1887,1177,2001,2073,2131,2079,2082,1971,1979,1158,2061,2106,2118,2087,1989,1936,1959,1104,1950,2004,2074,2020,1978,1951,528,5,10,5,5,5,10,5,5,5,5,5,10,5,5,5,5,5,5,5,5,5,5,5,5,5,5,5,5,5,5,5,5,5,5,5,5,5,255,5,10,5,10,5,10,5,5,5,5,5,255,5,5,5,5,5,5,5,255,5,5,5,10,255,255
1780877904.083520,596,62313027,816,2096,2063,2076,2097,2044,1317,969,1073,1202,2071,2084,2112,2091,1395,1123,1200,1994,2075,2068,2107,2067,2116,1715,1171,2070,2115,2076,2080,2105,2097,1856,1217,2076,2131,2129,2104,2114,2033,1897,1154,2001,2109,2125,2116,2105,1971,1956,1168,2061,2116,2101,2087,2009,1928,1959,1118,1950,2071,2074,1985,1965,1951,528,5,255,5,5,5,255,5,5,5,5,5,255,5,255,5,5,5,5,5,5,5,5,5,5,5,5,5,5,5,5,5,5,5,5,5,5,5,10,255,5,5,255,5,5,5,5,255,5,5,255,5,5,255,5,5,5,5,255,5,255,5,5,255,255
1780877904.183794,597,62413026,842,1078,2057,2087,2091,2046,1221,948,1083,1283,2071,2092,2086,2109,1417,1143,1175,2029,2073,2088,2060,2135,2058,1783,1179,2010,2090,2084,2072,2114,2091,1842,1221,2039,2054,2075,2121,2114,2033,1882,1173,2001,2090,2125,2111,2105,1958,1982,1145,2070,2103,2111,2077,1958,1953,1947,1109,1950,2072,2061,1984,1920,2008,528,5,10,5,5,5,10,5,5,5,5,255,10,5,10,5,5,5,5,5,5,5,255,5,5,5,5,5,5,5,5,5,5,5,5,5,5,5,255,255,5,5,255,5,255,5,255,10,5,5,10,5,5,10,5,5,5,5,255,5,10,5,5,10,255
1780877904.282527,598,62513027,846,989,2042,2099,2069,1981,1274,1001,1060,1238,2047,2092,2086,2109,1417,1140,1236,2029,2102,2062,2085,2135,2058,1641,1172,2014,2094,2082,2104,2118,2132,1859,1156,2008,2051,2075,2073,2099,2033,1882,1209,2001,2090,2178,2117,2121,1980,1935,1145,2070,2070,2094,2111,1946,1917,1937,1109,1950,2080,2081,2041,2046,2008,528,5,5,5,5,5,5,5,5,5,5,10,255,255,255,255,5,5,255,5,5,5,255,255,5,5,5,5,5,5,5,5,5,5,5,5,5,5,10,255,255,5,255,255,10,5,10,5,5,5,255,5,5,5,5,5,5,5,255,5,5,5,5,5,255
1780877904.382078,599,62613026,832,2053,2114,2102,2089,2071,1245,981,1075,1267,2056,2092,2087,2018,1383,1110,1194,1976,2074,2085,2060,2092,2068,1710,1180,2109,2083,2084,2083,2106,2066,1882,1162,2008,2083,2106,2105,2130,2033,1882,1185,2001,2096,2079,2122,2072,1935,1982,1158,1998,2093,2117,2126,1960,1956,1943,1113,1906,2056,2042,2014,2046,2008,528,5,5,5,5,5,5,5,5,5,5,5,255,10,10,10,5,5,10,5,5,5,10,10,5,9,5,5,5,5,5,5,5,9,255,5,5,5,5,255,255,5,255,10,5,5,5,5,5,5,10,5,5,5,5,5,5,5,10,5,5,5,255,255,255
1780877904.483539,600,62713026,841,2079,2061,2102,2079,2071,1237,990,1072,1257,2062,2092,2081,2069,1374,1130,1227,1903,2047,2088,2067,2093,2033,1649,1186,2033,2087,2098,2092,2076,2122,1840,1190,2009,2097,2094,2086,2072,2022,1882,1205,2045,2083,2079,2141,2052,1974,1951,1165,1998,2070,2083,2105,1960,1983,1943,1093,1906,2056,2074,2042,1965,2008,528,5,5,5,255,5,255,5,5,5,5,5,255,5,5,5,5,9,5,5,5,5,5,5,5,5,5,5,5,5,5,5,5,5,10,5,5,5,5,10,255,5,10,5,255,5,5,5,5,5,255,5,5,5,255,5,255,5,255,255,5,5,10,255,255
1780877904.583576,601,62813026,844,1035,2091,2084,2088,2071,1238,976,1070,1269,2062,2077,2093,2001,1407,1124,1186,1903,2082,2084,2088,2073,2081,1670,1163,2033,2070,2077,2104,2104,2115,1861,1205,1939,2093,2087,2075,2092,2022,1882,1177,1837,2056,2079,2109,2095,1969,1962,1138,1984,2135,2094,2092,2014,1942,1913,1119,1696,2086,2043,1956,1947,2008,528,5,4,5,10,5,255,5,5,5,5,255,10,5,5,5,5,5,255,5,5,5,5,5,5,9,255,5,5,5,5,5,5,5,5,5,5,5,5,255,255,5,4,5,255,5,5,5,5,5,10,5,5,5,10,5,10,5,10,10,5,5,5,255,255
1780877904.683428,602,62913027,831,1035,2073,2062,2074,2071,1247,990,1104,1320,2051,2077,2093,2105,1475,1108,1160,2089,2097,2083,2116,2060,2071,1720,1214,2068,2091,2089,2104,2098,2108,1861,1223,1939,2069,2092,2084,2091,2022,1882,1195,1837,2104,2059,2108,2095,1954,1957,1126,1984,2116,2090,2092,1939,1905,1913,1097,1696,2086,2086,1956,1947,2008,528,5,255,5,5,5,255,5,5,9,5,10,255,5,5,5,5,5,10,5,5,5,5,5,5,5,10,5,5,5,5,5,255,5,255,5,5,5,5,255,255,5,255,5,10,5,255,5,5,5,255,5,5,255,5,5,255,5,255,255,5,255,255,255,255
1780877904.782089,603,63013026,835,1070,2109,2089,2083,2071,1249,980,1068,1277,2051,2074,2087,2105,1405,1097,1153,2089,2092,2109,2063,2083,2022,1724,1199,2032,2087,2089,2112,2116,2112,1861,1175,2111,2129,2115,2066,2105,2015,1930,1174,2098,2090,2104,2085,2059,1954,1954,1146,1984,2123,2090,2087,1990,1940,1983,1117,1696,2052,2103,1974,2006,2008,528,5,255,5,5,5,255,5,5,5,5,5,10,5,255,5,5,5,255,5,5,5,5,5,5,5,5,5,5,5,5,5,255,9,10,5,5,5,5,10,10,5,10,5,5,5,10,255,5,5,255,5,255,10,5,5,10,5,255,10,5,10,10,255,255
1780877904.882345,604,63113028,844,1070,2063,2089,2083,2071,1276,999,1069,1298,2051,2074,2089,2035,1397,1128,1195,2089,2085,2074,2081,2080,2049,1715,1195,2037,2082,2088,2098,2118,2089,1861,1254,1939,2102,2101,2099,2105,2015,1930,1187,2098,2090,2151,2114,2093,1928,1937,1139,1984,2103,2108,2094,2050,1940,1983,1098,1696,2052,2103,1938,1977,2008,528,5,255,5,255,255,255,5,5,5,5,255,255,5,10,5,5,5,255,5,5,5,5,5,9,5,5,5,5,5,5,5,255,9,5,5,5,5,255,255,255,5,255,255,5,5,5,10,5,5,255,5,10,5,5,255,255,5,255,255,255,5,5,255,255
1780877904.983959,605,63213026,847,1041,2009,2078,2080,2065,1260,1007,1096,1335,2073,2074,2093,2053,1370,1104,1205,1959,2120,2100,2116,2068,2076,1715,1203,2058,2084,2075,2099,2104,2114,1947,1218,1939,2108,2073,2120,2107,2015,1930,1163,1990,2115,2151,2100,2066,1980,1915,1152,2083,2087,2100,2094,1967,1928,1963,1142,1696,2079,2060,2006,1977,2008,528,5,255,5,10,10,10,5,5,5,5,10,255,5,5,5,5,5,10,5,5,5,5,5,255,9,5,5,5,5,5,5,10,5,255,5,5,5,10,255,255,5,10,10,255,5,5,5,5,5,10,5,5,255,5,10,10,5,255,10,10,5,255,255,255
1780877905.085415,606,63313027,826,1029,2009,2096,2080,2058,1268,981,1080,1291,2073,2074,2074,2053,1389,1105,1201,1959,2097,2097,2101,2092,2055,1707,1230,2032,2072,2084,2116,2121,2075,1947,1177,2064,2064,2064,2051,2088,2015,1916,1167,2041,2115,2110,2110,2081,1985,1972,1118,2083,2062,2065,2094,2032,1952,1963,1106,1696,2065,2060,1998,1977,2008,528,5,5,255,5,255,5,5,5,5,5,255,255,5,255,5,5,5,255,5,5,5,5,5,10,5,5,5,5,5,5,5,255,5,10,5,5,5,5,255,10,5,5,255,10,5,5,5,5,5,255,5,5,255,5,5,255,5,255,5,255,5,255,255,255
1780877905.182942,607,63413026,827,2057,2063,2078,2089,2038,1276,977,1087,1337,2073,2074,2074,2053,1397,1103,1208,2023,2103,2092,2043,2093,2067,1636,1161,2036,2081,2076,2059,2082,2083,1836,1165,2033,2108,2086,2088,2088,2067,1906,1193,2041,2078,2076,2130,2006,1976,1956,1151,2083,2096,2106,2084,1981,1943,1950,1131,1696,2021,2039,2029,1965,2008,528,5,4,10,5,10,5,5,5,5,5,255,255,255,255,5,5,5,10,5,5,5,5,5,5,5,5,5,5,5,5,5,10,5,5,5,5,5,255,10,5,5,255,10,5,5,5,5,5,5,255,5,5,10,5,5,10,5,255,5,10,5,10,255,255
1780877905.283615,608,63513027,847,2057,2131,2078,2111,2086,1265,966,1060,1276,2121,2074,2075,2027,1400,1124,1203,2023,2076,2092,2102,2046,2058,1684,1174,2042,2097,2086,2058,2119,2052,1836,1186,2077,2117,2104,2107,2093,2067,1884,1211,2041,2086,2080,2122,2080,1976,1929,1158,2083,2125,2098,2126,1972,1966,1950,1127,1696,2043,2039,2059,1956,2008,528,5,255,5,255,5,5,5,5,5,5,10,255,10,10,5,5,5,255,5,5,5,5,5,5,5,5,5,5,5,5,5,255,5,5,5,5,5,10,255,5,5,255,5,5,5,5,255,5,5,255,5,5,5,5,5,255,5,255,5,255,5,9,255,255
1780877905.383615,609,63613026,835,2057,2025,2115,2081,2049,1279,991,1051,1228,2121,2097,2097,2057,1426,1101,1192,2018,2063,2106,2102,2092,2061,1633,1166,2041,2096,2076,2075,2110,2078,1856,1220,2000,2081,2073,2106,2086,2046,1924,1170,2041,2108,2134,2095,2027,1974,1946,1159,2083,2081,2112,2079,1958,1963,1972,1125,1696,2034,2072,1998,1956,1986,528,5,255,5,10,5,5,5,5,5,5,255,10,5,5,5,5,5,10,5,5,255,5,5,5,5,5,5,5,5,5,5,10,5,5,5,5,5,5,10,5,9,255,5,5,5,5,10,5,5,255,5,5,5,5,5,10,5,255,5,10,5,255,10,255
1780877905.493083,610,63723027,833,2057,2084,2115,2107,2049,1247,988,1066,1322,2001,2094,2097,2086,1451,1124,1196,2043,2086,2102,2076,2091,2082,1701,1225,2079,2092,2084,2093,2120,2103,1972,1183,1962,2064,2065,2120,2073,2046,1908,1135,2041,2108,2108,2104,2097,1985,1933,1134,2083,2100,2113,2079,1972,1943,2070,1116,1696,2071,2072,2010,1953,1986,528,5,255,5,255,5,255,9,5,5,5,10,5,255,5,5,5,5,5,5,5,10,5,5,5,5,5,5,5,5,5,5,5,5,5,5,5,5,5,255,5,5,255,255,5,5,5,5,5,5,255,5,5,255,5,5,5,5,255,5,255,5,10,255,255
1780877905.592804,611,63823026,845,2078,2084,2065,2072,2039,1296,1001,1084,1225,2090,2049,2082,2086,1404,1118,1158,1982,2093,2071,2127,2080,2056,1700,1200,2102,2072,2099,2096,2117,2085,1920,1244,2025,2049,2089,2105,2119,2051,1955,1197,1984,2091,2077,2077,2097,1985,1954,1164,2083,2095,2111,2119,2007,1961,1970,1098,1696,1947,2054,1947,1939,1986,528,5,10,255,10,5,10,5,5,5,5,5,5,10,255,5,5,5,5,5,5,5,5,5,5,5,5,5,5,5,5,5,5,5,5,5,5,5,5,10,5,5,10,10,5,5,255,255,5,5,255,5,5,10,5,5,5,5,255,5,10,5,5,255,255
1780877905.694212,612,63923026,859,2053,2078,2076,2059,2098,1286,975,1089,1271,2062,2067,2100,2037,1345,1126,1175,2038,2039,2081,2110,2096,1994,1681,1257,2018,2099,2093,2101,2108,2070,1902,1224,1998,2090,2108,2119,2119,2051,1838,1208,1984,2070,2077,2094,2100,1956,1960,1123,2083,2108,2082,2126,2007,1961,1956,1101,1696,1947,2054,2028,1971,1986,528,5,5,10,5,5,5,9,5,5,5,5,5,5,10,5,5,5,5,5,5,5,5,5,5,5,5,5,5,5,5,5,5,5,5,5,5,5,255,255,5,5,255,5,5,5,10,10,5,5,255,5,5,5,255,255,5,5,255,255,255,5,5,255,255
1780877905.791821,613,64023026,829,2053,2084,2053,2105,2017,1275,980,1097,1260,2056,2044,2052,2102,1398,1101,1192,2040,2054,2076,2112,2103,2107,1725,1185,2025,2091,2094,2084,2090,2068,1867,1187,2092,2144,2098,2089,2107,2051,1838,1167,2063,2086,2073,2096,2077,1989,1975,1141,2083,2075,2102,2106,2015,1943,1927,1123,1696,2084,2035,2023,1939,1948,528,5,255,5,5,5,5,5,5,5,5,5,5,5,5,5,5,5,5,5,5,5,5,5,5,5,5,5,5,5,5,5,5,5,5,5,5,5,10,255,255,5,10,5,5,5,5,5,5,5,255,5,5,5,10,10,5,5,255,10,10,5,5,10,255
1780877905.894285,614,64123027,848,1094,2045,2053,2090,2017,1219,993,1071,1238,2124,2068,2052,2039,1509,1103,1168,1624,2099,2115,2084,2056,2079,1652,1192,2027,2098,2090,2087,2120,2095,1867,1149,2036,2106,2065,2086,2075,2069,1838,1176,2038,2109,2114,2060,2092,1989,1975,1148,2083,2043,2059,2092,2025,1952,1973,1102,1801,2091,2035,1966,1939,1948,528,5,10,255,255,5,255,9,5,5,5,9,5,255,5,5,5,5,5,5,5,5,5,5,5,5,5,5,5,5,5,5,255,5,4,5,5,5,5,10,255,5,5,5,5,5,5,255,255,5,255,5,5,5,5,5,5,5,10,5,255,5,255,255,255
1780877905.991860,615,64223027,839,1058,2075,2086,2089,2129,1284,987,1060,1273,2061,2118,2052,2051,1425,1099,1179,2034,2090,2102,2108,2096,2075,1652,1207,2014,2107,2096,2089,2069,2128,1922,1186,2011,2090,2081,2113,2047,2069,1838,1213,2038,2073,2059,2092,2078,1989,1922,1142,2058,2075,2118,2099,2058,1933,1949,1130,1801,2091,2029,1966,1939,1948,528,5,5,5,10,5,10,5,5,5,5,5,5,255,5,5,5,5,4,5,5,5,5,5,255,5,5,5,5,5,5,5,10,5,5,5,5,5,5,255,255,5,255,5,5,5,5,255,10,5,10,5,5,5,255,5,5,5,255,255,10,255,255,255,255
1780877906.095569,616,64323027,830,1058,2072,2050,2079,2044,1251,980,1087,1307,1988,2074,2102,2067,1433,1140,1145,2096,2082,2060,2114,2129,2082,1616,1221,2016,2091,2091,2087,2104,2100,1922,1194,2039,2090,2092,2092,2087,2069,1921,1175,2038,2084,2115,2108,2059,2008,1936,1136,2058,2131,2110,2099,2036,1911,1949,1095,1801,2020,2029,2059,1939,1948,528,5,255,5,5,5,5,5,5,5,5,5,5,10,5,5,5,5,5,5,5,5,5,5,10,5,5,5,5,5,5,5,255,5,5,255,5,5,5,255,10,5,255,5,5,5,5,10,5,5,255,5,5,255,5,5,255,5,255,10,255,10,255,255,255
1780877906.193687,617,64423026,829,1058,2045,2050,2085,2089,1253,973,1110,1290,2047,2069,2081,2067,1378,1151,1176,2096,2088,2114,2065,2113,2049,1746,1199,2051,2088,2099,2094,2115,2090,1909,1203,1991,2102,2089,2101,2075,2032,1942,1166,2038,2065,2156,2065,2097,1984,1943,1163,2058,2084,2131,2116,1969,1897,1970,1117,1801,2020,2029,2016,1920,1948,528,5,255,5,255,5,5,5,5,5,5,5,5,5,255,5,5,5,255,5,5,5,5,5,5,5,5,5,5,5,5,5,10,5,5,10,5,5,5,10,5,5,255,5,5,5,5,5,5,5,255,5,5,10,5,5,10,5,255,255,255,5,10,255,255
1780877906.292119,618,64523027,835,1058,2110,2050,2082,2087,1271,965,1087,1262,2082,2069,2102,2059,1408,1115,1219,2096,2095,2070,2073,2108,2055,1710,1187,2079,2084,2092,2087,2089,2070,1909,1204,2049,2101,2106,2090,2075,2032,1942,1195,2033,2103,2092,2102,2074,1940,1933,1150,2058,2078,2064,2105,2021,1931,1970,1118,1801,2032,2060,2048,1920,1948,528,5,255,5,255,5,5,9,5,5,5,5,255,5,10,5,5,9,255,5,5,5,5,5,5,5,5,5,5,5,5,5,255,5,5,5,5,5,255,255,255,5,10,5,5,5,5,5,5,5,255,5,5,5,5,5,255,5,255,10,10,5,255,255,255
1780877906.393849,619,64623026,843,1047,2111,2050,2054,2096,1327,1015,1071,1243,2082,2100,2089,2077,1470,1124,1175,2061,2084,2103,2076,2144,2061,1721,1175,1999,2078,2085,2075,2120,2070,1818,1260,1982,2101,2105,2072,2062,2032,1884,1158,2033,2123,2086,2132,2084,2002,1940,1140,2039,2117,2110,2110,1981,1944,1933,1127,1801,1968,2081,2038,1980,1948,528,5,10,5,255,5,5,9,5,5,5,255,10,5,5,5,5,5,10,5,5,5,5,5,5,5,5,5,5,5,5,5,10,9,5,255,5,5,10,255,10,5,255,5,5,5,5,5,5,5,10,5,5,5,5,5,10,5,255,5,5,5,10,255,255
1780877906.495831,620,64723026,816,1033,2134,2081,2073,2089,1296,979,1062,1313,2016,2100,2083,2047,1413,1115,1189,2061,2092,2106,2066,2114,2081,1726,1170,2104,2090,2099,2067,2079,2106,1941,1218,1982,2054,2089,2090,2066,2057,1937,1181,2033,2073,2086,2064,2033,2002,1938,1123,2039,2109,2106,2118,1979,1944,1978,1134,1801,2074,2081,1952,1980,1948,528,5,5,5,10,5,5,5,5,5,5,10,255,5,5,5,5,5,255,5,5,5,5,5,5,5,5,5,5,5,5,5,5,5,255,10,5,5,5,10,5,5,255,5,5,5,5,255,5,5,255,5,5,5,5,5,5,5,255,5,255,5,5,255,255
1780877906.593456,621,64823026,825,1033,2071,2081,2081,1993,1314,1000,1075,1293,1989,2078,2125,2061,1402,1127,1191,2040,2111,2087,2078,2080,2063,1652,1185,1967,2063,2099,2086,2104,2087,1856,1203,2047,2075,2119,2107,2059,2053,1884,1183,1787,2126,2083,2100,2146,1987,1944,1164,2039,2088,2116,2075,1980,1939,1942,1153,1801,2074,2052,1952,1948,1948,528,5,255,5,255,5,5,5,5,5,5,5,10,5,5,5,5,5,10,5,5,5,5,5,5,5,5,5,5,5,5,5,5,5,10,5,5,5,5,5,5,5,10,5,5,5,255,10,5,5,255,5,5,5,5,5,5,5,255,255,10,5,5,255,255
1780877906.693873,622,64923027,832,1095,2039,2081,2081,1993,1276,994,1075,1186,1989,2089,2163,2061,1364,1111,1196,2040,2098,2063,2091,2080,2081,1652,1185,2062,2090,2095,2077,2116,2052,1840,1213,2067,2095,2081,2105,2150,2053,1884,1195,1967,2097,2083,2115,2077,1960,1940,1166,2023,2075,2116,2075,2011,1961,1942,1109,1801,2074,2052,1978,1978,1948,528,5,10,5,255,255,255,5,5,5,5,255,5,5,255,5,5,5,255,5,5,5,5,5,255,5,5,5,5,5,5,5,5,5,5,5,5,5,5,255,255,5,5,5,255,5,5,5,5,5,10,5,255,255,5,5,255,5,255,255,255,5,5,255,255
1780877906.793451,623,65023026,847,2084,2071,2061,2081,2068,1280,976,1063,1270,2085,2113,2079,2066,1426,1124,1156,1621,2060,2100,2074,2079,2052,1762,1187,2036,2095,2086,2091,2093,2100,1905,1162,2069,2060,2087,2116,2078,2093,1884,1161,2025,2082,2083,2100,2004,1976,1967,1164,2023,2091,2119,2129,2015,1961,1965,1121,1801,2057,2047,2031,1947,1948,528,5,4,5,10,255,10,5,5,9,5,10,5,5,10,5,5,5,10,5,5,5,5,5,10,5,5,5,5,5,5,5,5,5,5,5,5,5,5,10,255,5,5,5,255,5,5,5,5,5,255,5,10,10,5,255,10,5,255,10,10,5,5,255,255
1780877906.893313,624,65123026,839,2084,2066,2042,2081,2085,1273,999,1052,1257,2050,2113,2076,2037,1416,1098,1201,2038,2099,2097,2122,2113,2063,1762,1154,2125,2095,2091,2091,2105,2114,1900,1172,2016,2110,2078,2102,2083,2093,1884,1181,2107,2123,2092,2105,2099,1958,1971,1150,2023,2101,2126,2107,1997,1961,1962,1122,1801,2054,2034,2055,1942,1948,528,5,255,5,5,255,5,5,5,5,5,5,255,5,5,5,5,5,5,5,5,5,5,5,255,5,5,5,5,5,5,5,5,5,5,5,5,5,5,255,255,5,5,5,10,5,5,5,5,5,255,5,5,5,5,255,5,5,255,5,5,5,5,255,255
1780877906.994299,625,65223026,853,2046,2067,2070,2070,2079,1295,997,1064,1213,2045,2113,2099,2077,1440,1110,1178,1591,2081,2053,2083,2089,2025,1665,1192,1972,2085,2091,2109,2066,2079,1897,1175,2027,2102,2096,2108,2123,2071,1891,1161,2103,2074,2129,2126,2132,1967,1932,1147,2023,2105,2092,2107,1974,1952,1954,1120,1801,2027,2063,2010,1945,1948,528,5,10,5,5,10,5,5,5,5,5,5,255,5,5,5,5,5,4,5,5,5,5,5,10,5,5,5,5,5,5,5,5,5,5,5,5,5,5,10,10,5,5,5,5,5,5,5,5,5,255,5,5,255,5,10,5,5,255,5,5,5,5,255,255
1780877907.093208,626,65323027,833,2083,2094,2070,2084,2079,1254,966,1072,1308,2045,2089,2099,2077,1369,1122,1233,1591,2082,2077,2128,2103,2075,1726,1171,2052,2087,2085,2103,2092,2107,1897,1174,1961,2063,2081,2126,2087,2071,1988,1189,2212,2087,2092,2096,2074,1999,1914,1124,2023,2119,2092,2119,1962,1944,1943,1098,1519,2033,2063,1988,1949,1948,528,5,5,5,255,5,255,5,5,5,5,255,10,255,255,5,5,9,255,5,5,5,5,5,5,5,4,5,5,5,5,5,255,5,5,5,5,5,5,255,5,5,9,5,5,5,5,5,5,5,255,5,255,10,5,5,5,5,10,5,255,5,5,255,255
1780877907.195225,627,65423026,838,2059,2059,2070,2062,2108,1288,987,1053,1234,2133,2094,2068,2085,1411,1075,1190,1980,2089,2079,2105,2089,2034,1651,1198,2051,2105,2098,2096,2090,2107,1968,1203,2057,2112,2126,2128,2112,2068,1988,1154,2212,2074,2037,2081,2103,1947,1934,1152,2091,2080,2090,2087,1963,1946,1962,1138,1519,1971,2063,1989,1937,1948,528,5,5,5,255,5,10,5,5,5,5,10,5,10,10,5,5,5,10,5,5,5,5,5,5,5,5,5,5,5,5,5,10,5,5,5,5,5,5,10,255,5,255,5,5,5,5,5,5,5,10,5,10,5,5,5,5,5,255,5,255,5,5,255,255
1780877907.294439,628,65523027,840,1071,2046,2070,2074,1991,1253,991,1060,1250,2111,2061,2068,2087,1427,1092,1175,1980,2065,2086,2076,2068,2065,1709,1188,2038,2087,2075,2091,2067,2106,1891,1221,2057,2079,2072,2109,2112,2106,1867,1197,2212,2078,2058,2105,2103,1964,1934,1147,2091,2106,2109,2087,1958,1970,1982,1115,1422,2038,2063,2139,1924,1948,528,5,5,5,255,5,5,5,5,5,5,5,5,255,5,5,5,5,255,5,5,5,5,5,5,5,5,5,5,5,5,5,5,5,255,5,5,5,255,5,10,5,255,5,5,5,255,5,255,5,255,5,5,255,5,5,5,5,10,5,255,5,5,255,255
1780877907.393958,629,65623026,832,1071,2093,2064,2089,1991,1301,987,1082,1285,2096,2095,2143,2087,1440,1099,1202,1943,2060,2092,2098,2158,2106,1670,1206,2021,2082,2093,2110,2108,2089,1890,1206,2037,2097,2069,2072,2086,2106,1924,1162,2045,2078,2152,2084,2069,2006,1976,1152,2051,2139,2086,2087,1967,1930,1950,1142,1422,2062,2041,1964,1950,1948,528,5,255,5,10,5,255,9,5,5,5,5,5,10,255,5,5,5,10,5,5,5,5,5,5,5,5,5,5,5,5,5,5,5,10,5,5,5,10,255,5,5,10,255,5,5,10,5,10,5,10,5,5,255,5,5,5,5,255,5,10,5,5,255,255
1780877907.492208,630,65723027,864,2065,2064,2065,2092,1991,1274,998,1074,1180,2043,2095,2143,2044,1416,1096,1169,1943,2054,2075,2098,2084,2083,1671,1216,2006,2053,2089,2085,2094,2085,1850,1164,2044,2091,2093,2117,2084,2106,1924,1193,2048,2066,2107,2098,2104,1946,1950,1177,2051,2112,2106,2126,1994,1930,1956,1121,1422,2037,2041,1964,1881,1948,528,5,10,5,5,5,255,5,5,5,5,5,255,255,10,5,5,5,255,5,5,255,5,5,5,5,5,5,5,5,5,5,5,9,5,5,5,5,5,255,255,5,5,10,5,5,5,5,5,5,255,5,5,10,5,255,5,5,255,5,255,255,5,255,255
1780877907.592420,631,65823026,831,2115,2060,2077,2096,2027,1289,1009,1049,1278,2077,2091,2143,2076,1415,1106,1215,1995,2087,2102,2081,2106,2061,1653,1210,2029,2088,2083,2073,2138,2072,1850,1157,2060,2088,2089,2074,2111,2106,1924,1185,2039,2086,2107,2069,2082,2023,1932,1155,2051,2098,2104,2095,2040,1919,1972,1109,1422,2053,2033,2014,1961,1948,528,5,5,5,5,5,10,5,5,5,5,5,10,255,5,5,5,5,10,5,5,10,5,5,5,5,5,5,5,5,5,5,255,9,5,5,5,5,5,255,255,5,5,5,255,5,5,5,5,5,255,5,5,5,5,10,5,5,255,5,10,10,5,255,255
1780877907.695721,632,65923026,836,2115,2064,2079,2070,2089,1205,984,1082,1305,2052,2077,2080,2076,1433,1113,1186,1949,2074,2084,2081,2098,2069,1713,1187,2053,2082,2080,2101,2110,2099,1865,1185,2051,2067,2079,2121,2111,2106,1887,1161,2039,2115,2123,2064,2088,2028,1975,1163,2051,2064,2124,2107,1985,1931,2010,1132,1422,2053,2046,1984,1902,1948,528,5,255,5,5,5,5,5,5,5,5,5,5,10,255,5,5,5,5,5,5,255,5,5,5,5,5,5,5,5,5,5,10,5,5,5,5,5,255,255,10,5,255,5,10,5,5,5,5,5,255,5,5,5,5,5,5,5,255,255,5,5,5,255,255
