host_ts,seq,esp_t_us,d00,d01,d02,d03,d04,d05,d06,d07,d08,d09,d10,d11,d12,d13,d14,d15,d16,d17,d18,d19,d20,d21,d22,d23,d24,d25,d26,d27,d28,d29,d30,d31,d32,d33,d34,d35,d36,d37,d38,d39,d40,d41,d42,d43,d44,d45,d46,d47,d48,d49,d50,d51,d52,d53,d54,d55,d56,d57,d58,d59,d60,d61,d62,d63,s00,s01,s02,s03,s04,s05,s06,s07,s08,s09,s10,s11,s12,s13,s14,s15,s16,s17,s18,s19,s20,s21,s22,s23,s24,s25,s26,s27,s28,s29,s30,s31,s32,s33,s34,s35,s36,s37,s38,s39,s40,s41,s42,s43,s44,s45,s46,s47,s48,s49,s50,s51,s52,s53,s54,s55,s56,s57,s58,s59,s60,s61,s62,s63
1781192050.346423,1,7983814,2468,2436,2417,2408,2396,2391,2390,2440,1431,2396,2375,2383,2353,2381,2384,1960,1452,2317,2411,2406,2387,2395,2361,2304,1542,2375,2381,2375,2372,2377,2374,0,1475,2323,2420,2359,2380,2372,2353,0,1457,0,0,2334,2390,2356,2305,2268,1438,2229,0,2344,2350,2384,2299,0,0,0,2362,2366,2327,2334,0,0,6,6,6,6,6,6,6,6,6,6,6,6,6,6,6,6,6,6,6,6,6,6,6,6,6,6,6,6,6,6,6,255,6,6,6,6,6,6,6,255,6,255,255,6,6,6,6,6,6,6,255,6,6,6,6,255,255,255,6,6,6,6,255,255
1781192050.448140,2,8085286,2468,2427,2434,2424,2390,2411,2350,2404,1431,2383,2426,2405,2395,2385,2375,1995,1452,2373,2411,2387,2371,2369,2360,2344,1473,2409,2414,2403,2396,2391,2362,0,1475,2357,2400,2399,2360,2357,2337,0,1537,0,2367,2362,2393,2370,2274,2268,1427,2229,2367,2369,2350,2329,2293,0,0,2239,2406,2366,2347,2334,0,0,255,5,5,5,5,5,5,5,255,5,5,5,5,5,5,5,255,5,5,5,5,5,5,5,5,5,5,5,5,5,5,255,255,5,5,5,5,5,5,255,5,255,10,5,5,5,5,255,5,255,10,5,255,5,5,255,255,10,9,255,5,255,255,255
1781192050.547065,3,8183747,2452,2455,2415,2395,2397,2411,2370,2397,1431,2420,2393,2379,2366,2363,2376,1965,1426,2390,2403,2399,2378,2363,2358,2342,1486,2368,2370,2371,2384,2366,2342,2337,1475,2330,2375,2410,2389,2349,2320,0,1510,0,2390,2368,2360,2351,2331,2271,1418,2229,2367,2342,2353,2353,2340,0,1390,2239,2406,2366,2377,2277,2315,0,10,5,5,5,5,5,5,5,255,5,5,5,5,5,5,5,10,5,5,5,5,5,5,5,5,5,5,5,5,5,5,10,255,5,5,5,5,5,5,255,5,255,5,5,5,5,5,10,5,255,255,5,10,5,5,255,10,255,255,255,5,10,10,255
1781192050.646834,4,8283727,2452,2430,2412,2405,2407,2380,2382,2363,1431,2416,2417,2409,2374,2370,2361,2037,1472,2369,2401,2403,2371,2407,2367,2256,1515,2368,2394,2401,2382,2379,2363,2337,1540,2412,2385,2403,2366,2355,2328,2153,1538,0,2389,2412,2392,2317,2294,2234,1424,2229,2367,2367,2353,2351,2323,0,1390,2239,2406,2377,2312,2306,2365,0,255,5,5,5,5,5,5,5,255,5,5,5,5,5,5,5,5,5,5,5,5,5,5,5,5,255,5,5,5,5,5,255,10,5,5,5,5,5,5,10,5,255,5,5,5,5,5,5,5,255,255,5,255,5,5,255,255,255,255,10,5,5,5,255
1781192050.748756,5,8387386,2488,2457,2426,2404,2382,2372,2380,2388,1417,2417,2393,2405,2387,2394,2351,2007,1472,2378,2393,2389,2382,2369,2375,2363,1498,2374,2375,2395,2380,2370,2367,2315,1494,2377,2388,2377,2374,2333,2344,2153,1525,0,2389,2412,2382,2317,2309,2255,1429,2229,2367,2367,2353,2319,2335,0,1390,2239,2374,2377,2315,2357,2365,0,10,5,5,5,5,5,5,5,10,5,5,5,5,5,5,5,255,5,5,5,5,5,5,5,5,10,5,5,5,5,5,10,5,5,5,5,5,5,5,255,5,255,255,5,5,255,5,5,5,255,255,5,255,5,5,255,255,255,10,255,5,5,255,255
1781192050.846636,6,8483731,2501,2434,2414,2383,2382,2392,2375,2380,1501,2403,2398,2396,2371,2369,2381,1986,1472,2361,2421,2400,2369,2368,2373,2349,1467,2374,2423,2393,2385,2372,2373,2315,1494,2374,2358,2419,2363,2349,2375,2153,1457,0,2313,2415,2353,2340,2297,2255,1419,2229,2405,2404,2405,2340,2329,0,1396,2239,2374,2377,2374,2352,2365,0,5,5,5,5,5,5,5,5,5,5,5,5,5,5,5,5,255,5,5,5,5,5,5,5,5,255,5,5,5,5,5,255,255,5,5,5,5,5,5,255,5,255,10,5,5,10,5,5,5,255,10,5,10,5,5,255,10,255,255,255,5,5,255,255
1781192050.936412,7,8573734,2436,2444,2425,2424,2396,2362,2391,2424,1396,2405,2389,2403,2391,2358,2362,1995,1528,2395,2405,2373,2374,2376,2374,2315,1513,2374,2401,2388,2397,2361,2362,2315,1488,2366,2414,2365,2383,2317,2333,2153,1469,0,2313,2394,2342,2328,2331,2273,1389,2229,2405,2367,2355,2330,2306,0,1438,2239,2383,2377,2325,2331,2308,2216,5,5,5,5,5,5,5,5,5,5,5,5,5,5,5,5,10,5,5,5,5,5,5,5,5,255,5,5,5,5,5,255,10,5,5,5,5,5,5,255,5,255,255,5,5,5,5,5,5,255,255,5,5,5,5,255,5,255,10,255,5,5,10,10
1781192051.038704,8,8676086,2515,2437,2413,2395,2376,2370,2376,2408,1431,2392,2381,2403,2401,2355,2367,1993,1528,2395,2423,2363,2380,2384,2363,2306,1486,2404,2390,2401,2367,2372,2370,2315,1488,2343,2380,2383,2377,2349,2319,2153,1481,0,2313,2394,2385,2382,2310,2288,1496,2229,2405,2369,2355,2330,2337,0,1438,2239,2332,2369,2379,2306,2308,2216,5,5,5,5,5,5,5,5,5,5,5,5,5,5,5,5,255,255,5,5,5,5,5,9,5,10,5,5,5,5,5,255,255,5,5,5,5,5,5,255,5,255,255,255,5,5,5,5,5,255,255,5,255,255,5,255,255,255,5,10,5,5,255,255
1781192051.135891,9,8773727,2515,2436,2424,2389,2403,2365,2371,2416,1431,2398,2398,2390,2390,2376,2387,1970,1528,2433,2413,2378,2376,2385,2359,2338,1539,2408,2412,2388,2387,2363,2357,2315,1488,2390,2379,2398,2371,2351,2343,2153,1487,0,2340,2381,2389,2382,2314,2289,1415,2229,2405,2369,2401,2299,2308,0,1438,2239,2364,2333,2294,2266,2327,2216,255,5,5,5,5,5,5,5,255,5,5,5,5,5,5,5,255,10,5,5,5,5,5,5,5,5,5,5,5,5,5,255,255,9,5,5,5,5,5,255,5,255,10,10,5,255,5,5,5,255,255,255,10,10,5,255,255,255,5,5,5,5,10,255
1781192051.237487,10,8873798,2524,2471,2417,2397,2407,2402,2404,2388,1431,2407,2401,2386,2389,2381,2363,1948,1443,2430,2410,2393,2381,2379,2352,2329,1498,2462,2428,2397,2383,2371,2369,2257,1437,2343,2386,2383,2378,2410,2342,2153,1502,0,2358,2387,2361,2336,2269,2289,1415,2229,2397,2315,2364,2299,2339,1619,1438,2239,2364,2403,2333,2266,2327,2215,10,5,5,5,5,5,5,5,255,5,5,5,5,5,5,5,10,5,5,5,5,5,5,5,5,5,5,5,5,5,5,10,10,5,5,5,5,5,5,255,5,255,5,5,5,10,5,255,255,255,10,10,5,255,5,10,255,255,255,5,5,255,255,10
1781192051.339238,11,8976424,2504,2421,2421,2406,2382,2413,2391,2398,1431,2409,2390,2407,2392,2384,2375,1992,1443,2406,2393,2386,2378,2377,2353,2342,1506,2422,2371,2378,2397,2378,2381,2257,1521,2360,2395,2392,2371,2370,2338,2153,1495,0,2355,2412,2368,2360,2328,2310,1416,2229,2397,2403,2379,2301,2337,1619,1438,2239,2360,2403,2339,2345,2260,2215,5,5,5,5,5,5,5,5,255,5,5,5,5,5,5,5,255,5,5,5,5,5,5,5,9,5,5,5,5,5,5,255,5,5,5,5,5,5,5,255,5,255,5,5,5,5,5,10,10,255,255,5,5,10,5,255,255,255,10,255,5,10,10,255
1781192051.436543,12,9073739,2471,2462,2411,2400,2417,2415,2416,2422,1480,2396,2403,2401,2401,2378,2383,2144,1443,2425,2390,2381,2391,2366,2371,2341,1487,2356,2409,2395,2399,2378,2374,2257,1521,2367,2382,2398,2362,2359,2367,2153,1478,0,2355,2406,2367,2348,2304,2295,1414,2229,2375,2360,2338,2392,2350,1619,1406,2239,2360,2340,2328,2348,2260,2215,5,5,5,5,5,5,5,5,10,5,5,5,5,5,5,9,255,5,5,5,5,5,5,5,5,5,5,5,5,5,5,255,255,5,5,5,5,5,5,255,5,255,255,5,5,5,5,5,5,255,10,5,5,5,5,255,10,255,255,10,5,5,255,255
1781192051.539367,13,9176217,2473,2444,2405,2400,2384,2378,2357,2411,1480,2414,2399,2395,2365,2376,2368,1967,1443,2377,2392,2400,2403,2377,2353,2322,1525,2361,2388,2384,2382,2371,2394,2257,1441,2318,2389,2417,2371,2354,2365,2330,1452,0,2355,2375,2379,2335,2306,2303,1469,2229,2375,2356,2338,2325,2337,1619,1385,2239,2360,2340,2322,2333,2260,2215,5,5,5,5,5,5,5,5,255,5,5,5,5,5,5,5,255,5,5,5,5,5,5,5,5,5,5,5,5,5,5,255,10,255,5,5,5,5,5,10,5,255,255,5,5,5,5,5,5,255,255,5,255,5,5,255,5,255,255,255,5,5,255,255
1781192051.635715,14,9273727,2473,2453,2408,2416,2385,2396,2391,2409,1480,2407,2429,2389,2395,2369,2365,2104,1443,2383,2406,2393,2382,2371,2376,2355,1490,2359,2413,2403,2381,2383,2365,2257,1492,2343,2389,2400,2404,2375,2336,2330,1474,0,2355,2418,2379,2362,2327,2303,1430,2229,2357,2371,2290,2326,2333,1716,1385,2239,2360,2329,2342,2318,2260,2215,255,5,5,5,5,5,5,5,255,5,5,5,5,5,5,5,255,5,5,5,5,5,5,5,5,5,5,5,5,5,5,255,5,5,5,5,5,5,5,255,5,255,255,5,255,5,5,255,5,255,10,5,10,5,5,10,255,255,255,10,5,5,255,255
1781192051.738038,15,9373881,2473,2431,2423,2403,2392,2388,2375,2382,1470,2407,2408,2388,2402,2356,2360,1961,1443,2365,2410,2367,2382,2364,2357,2342,1526,2382,2415,2401,2380,2390,2331,2257,1535,2362,2369,2386,2378,2354,2338,2330,1492,0,2399,2429,2367,2361,2326,1798,1410,2229,2357,2373,2403,2352,2304,1716,1373,2239,2360,2329,2428,2331,2260,2215,255,5,5,5,5,5,5,5,10,5,5,5,5,5,5,5,255,5,5,5,5,5,5,5,5,5,5,5,5,5,5,255,5,5,5,5,5,5,5,255,5,255,10,5,10,5,5,10,5,255,255,5,5,5,5,255,10,255,255,255,5,5,255,255
1781192051.836657,16,9473732,2473,2445,2412,2409,2400,2410,2412,2385,1470,2428,2421,2409,2381,2367,2383,2016,1440,2380,2409,2418,2388,2378,2371,2353,1445,2382,2384,2375,2379,2375,2364,2257,1535,2264,2395,2429,2372,2377,2325,2330,1459,0,2379,2383,2386,2333,2278,1798,1433,2229,2357,2373,2403,2333,2337,1716,1373,2239,2360,2329,2329,2320,2260,2215,255,5,5,5,5,5,5,5,255,5,5,5,5,5,5,5,10,5,5,5,5,5,5,5,5,255,5,5,5,5,5,255,255,5,5,5,5,5,5,255,5,255,5,5,5,5,5,255,5,255,255,255,255,5,5,255,255,255,255,255,5,5,255,255
1781192051.932003,17,9573728,2473,2449,2407,2398,2383,2385,2369,2440,1423,2395,2417,2400,2377,2375,2378,1992,1440,2383,2401,2380,2380,2366,2364,2348,1473,2382,2418,2397,2362,2368,2358,2257,1535,2350,2431,2397,2363,2339,2349,2330,1461,0,2389,2440,2387,2336,2293,1798,1433,2229,2357,2382,2403,2397,2339,1716,1373,2239,2363,2311,2359,2320,2260,2136,255,5,5,5,5,5,5,5,10,5,5,5,5,5,5,5,255,5,5,5,5,5,5,5,5,255,5,5,5,5,5,255,255,5,5,5,5,5,5,255,5,255,5,5,5,5,5,255,255,255,255,10,255,5,5,255,255,255,10,10,5,255,255,10
1781192052.037139,18,9673811,2473,2455,2404,2415,2401,2414,2407,2372,1498,2364,2394,2388,2402,2376,2395,1984,1437,2398,2406,2377,2396,2368,2361,2329,1485,2399,2411,2409,2371,2382,2378,2257,1535,1800,2392,2376,2404,2341,2341,2330,1471,0,2381,2440,2337,2284,2290,1798,1440,2229,2357,2375,2403,2355,2341,1716,1373,2239,2363,2311,2352,2358,2260,2167,255,5,5,5,5,5,5,5,5,5,5,5,5,5,5,5,10,5,5,5,5,5,5,5,5,10,5,5,5,5,5,255,255,4,5,5,5,5,5,255,5,255,5,255,5,5,5,255,10,255,255,5,255,5,5,255,255,255,255,255,5,10,255,5
1781192052.136632,19,9773727,2486,2444,2417,2409,2389,2386,2408,2435,1406,2398,2414,2396,2385,2367,2402,1975,1489,2345,2395,2386,2382,2379,2374,2320,1506,2373,2396,2400,2390,2363,2372,2342,1478,2357,2402,2410,2373,2364,2335,2238,1446,0,2381,2402,2349,2310,2308,2307,1449,2229,2357,2375,2403,2422,2318,1657,1420,2239,2325,2311,2347,2358,2260,2167,10,5,5,5,5,5,5,5,5,5,5,5,5,5,5,5,5,5,5,5,5,5,5,5,5,5,5,5,5,5,5,10,10,4,5,5,5,5,5,10,5,255,255,10,5,5,5,10,5,255,255,5,255,5,5,10,10,255,10,255,5,255,255,255
1781192052.236799,20,9873747,2486,2425,2408,2357,2408,2364,2412,2399,1406,2405,2406,2384,2371,2373,2328,1970,1455,2357,2415,2372,2403,2388,2367,2338,1489,2368,2436,2390,2383,2383,2369,2269,1448,2331,2393,2416,2381,2385,2319,2238,1483,0,2381,2373,2366,2372,2295,2307,1455,2229,2372,2375,2403,2422,2309,2219,1420,2239,2325,2399,2371,2342,2260,2167,255,5,5,5,5,5,5,5,255,5,5,5,5,5,5,5,5,5,5,5,5,5,5,5,5,5,5,5,5,5,5,5,5,5,5,5,5,5,5,255,5,255,255,5,5,5,5,255,5,255,10,5,255,255,5,5,255,255,255,10,5,10,255,255
1781192052.337493,21,9973810,2463,2461,2422,2404,2396,2385,2366,2425,1526,2412,2380,2386,2399,2373,2370,2327,1530,2357,2395,2423,2383,2395,2368,2325,1509,2368,2412,2406,2385,2374,2365,2269,1493,2359,2378,2376,2401,2342,2345,2238,1519,0,2381,2370,2386,2325,2304,2242,1380,2229,2372,2391,2403,2335,2329,2219,1343,1928,2330,2293,2314,2327,2260,2167,10,5,5,5,5,5,5,5,10,5,5,5,5,5,5,5,5,5,5,5,5,5,5,5,5,255,5,5,5,5,5,255,5,5,5,5,5,5,5,255,5,255,255,5,5,5,5,10,5,255,255,5,255,10,5,255,10,10,10,5,5,5,255,255
1781192052.426318,22,10063727,2463,2443,2435,2396,2416,2381,2397,2420,1526,2417,2391,2380,2380,2358,2386,1993,1530,2350,2422,2395,2382,2383,2365,2315,1529,2386,2413,2402,2376,2350,2345,2269,1501,2363,2387,2397,2366,2356,2340,2238,1459,0,2383,2381,2394,2328,2346,2242,1433,2229,2372,2391,2372,2335,2350,2219,1383,1928,2377,2293,2344,2327,2282,2236,255,5,5,5,5,5,5,5,5,5,5,5,5,5,5,5,255,5,5,5,5,5,5,5,5,10,5,5,5,5,5,255,5,5,5,5,5,5,5,255,5,255,10,5,5,5,5,255,5,255,255,5,10,255,5,255,5,255,5,255,5,255,10,10
1781192052.528231,23,10165746,2463,2437,2428,2417,2387,2410,2388,2421,1526,2421,2389,2391,2369,2376,2364,1990,1513,2350,2390,2352,2388,2359,2360,2324,1454,2386,2394,2373,2388,2382,2366,2269,1543,2340,2414,2403,2374,2330,2353,2238,1473,0,2379,2370,2361,2332,2315,2242,1495,2229,2372,2397,2392,2328,2332,2219,1385,1928,2377,2293,2385,2343,2270,2236,255,5,5,5,5,5,5,5,255,5,5,5,5,5,5,5,10,5,5,5,5,5,5,5,5,255,5,5,5,5,5,255,5,5,5,5,5,5,5,255,5,255,5,5,5,5,5,255,5,255,255,5,5,10,5,255,5,255,255,255,5,10,5,255
1781192052.627452,24,10263827,2474,2445,2420,2402,2398,2397,2377,2417,1526,2411,2408,2425,2400,2392,2373,2377,1513,2350,2411,2392,2373,2388,2370,2338,1555,2386,2405,2394,2382,2388,2354,2269,1543,2339,2398,2381,2359,2332,2341,2238,1444,0,2379,2381,2363,2344,2337,2242,1495,2229,2372,2397,2369,2358,2297,2219,1385,1928,2377,2357,2357,2299,2365,2236,10,5,5,5,5,5,5,5,255,5,5,5,5,5,5,5,255,5,5,5,5,5,5,5,5,255,5,5,5,5,5,255,255,5,5,5,5,5,5,255,5,255,255,5,5,5,5,255,255,255,255,255,5,5,5,255,255,255,255,10,5,5,5,255
1781192052.726343,25,10363855,2494,2434,2429,2398,2398,2397,2397,2383,1526,2429,2416,2379,2377,2372,2384,1968,1487,2410,2402,2411,2377,2384,2370,2347,1471,2307,2361,2403,2384,2373,2360,2269,1543,2315,2413,2400,2385,2335,2313,2238,1413,0,2379,2402,2385,2332,2339,2188,1399,2229,2372,2413,2369,2358,2361,2219,1385,1928,2377,2374,2339,2336,2365,2236,5,5,5,5,5,5,5,5,255,5,5,5,5,5,5,5,10,5,5,5,5,5,5,5,5,10,5,5,5,5,5,255,255,5,5,5,5,5,5,255,5,255,255,5,5,5,5,10,10,255,255,10,255,255,5,255,255,255,255,5,5,5,255,255
1781192052.825689,26,10463731,2494,2414,2415,2405,2403,2366,2397,2383,1526,2413,2426,2396,2368,2371,2357,2359,1723,2377,2420,2379,2420,2376,2361,2336,1460,2380,2412,2391,2368,2385,2353,2269,1454,2390,2391,2383,2394,2367,2318,2238,1460,0,2379,2394,2343,2332,2272,2291,1399,2229,2378,2390,2316,2364,2358,2219,1385,1928,2377,2301,2298,2335,2289,2236,255,5,5,5,5,5,5,255,255,5,5,5,5,5,5,5,4,5,5,5,5,5,5,5,5,5,5,5,5,5,5,255,10,5,5,5,5,5,5,255,5,255,255,5,5,255,5,5,255,255,10,5,10,10,5,255,255,255,255,5,5,5,10,255
1781192052.925558,27,10563810,2494,2449,2426,2389,2390,2395,2362,2417,1526,2421,2403,2387,2394,2379,2349,1961,1543,2344,2409,2417,2383,2374,2365,2347,1442,2380,2406,2405,2371,2376,2371,2269,1467,2415,2396,2390,2378,2356,2339,2238,1426,0,2379,2441,2355,2334,2288,2291,1469,2229,2394,2358,2337,2364,2289,2233,1368,1928,2377,2301,2348,2360,2344,2236,255,5,5,5,5,5,5,10,255,5,5,5,5,5,5,5,5,5,5,5,5,5,5,5,5,255,5,5,5,5,5,255,9,5,5,5,5,5,5,255,5,255,255,5,5,10,5,255,10,255,5,5,5,255,5,10,10,255,255,255,5,5,5,255
1781192053.026064,28,10663727,2439,2473,2379,2374,2404,2402,2398,2404,1526,2404,2417,2408,2396,2359,2372,1965,1543,2362,2394,2360,2381,2378,2363,2344,1508,2420,2385,2389,2384,2380,2366,2269,1467,2379,2433,2392,2416,2410,2343,2238,1434,0,2379,2437,2340,2334,2243,2356,1416,2229,2394,2366,2337,2392,2289,2233,1371,1928,2377,2338,2348,2376,2344,2065,10,5,5,5,5,5,5,5,255,5,5,5,5,5,5,5,255,5,5,5,5,5,5,5,5,10,5,5,5,5,5,255,255,5,5,5,5,5,5,255,5,255,255,5,5,5,5,10,5,255,255,5,255,10,255,255,5,255,255,10,255,5,255,10
1781192053.125559,29,10763727,2439,2436,2425,2399,2381,2404,2424,2400,1526,2415,2403,2370,2378,2348,2383,1973,1543,2378,2409,2384,2390,2371,2382,2343,1482,2420,2399,2372,2383,2367,2371,2282,1467,2391,2427,2377,2370,2407,2334,2238,1475,0,2379,2354,2353,2301,2286,2227,1392,2229,2394,2372,2369,2343,2321,2233,1371,1928,2322,2359,2365,2347,2344,2002,255,5,5,5,5,5,5,5,255,9,5,5,5,5,5,5,255,5,5,5,5,5,5,5,5,255,5,5,5,5,5,10,255,5,5,5,5,5,5,255,5,255,255,5,5,5,5,5,5,255,255,5,10,5,10,255,255,255,10,5,10,5,255,9
1781192053.226936,30,10863966,2413,2433,2407,2387,2392,2404,2385,2400,1499,2439,2417,2402,2406,2370,2367,2007,1543,2390,2392,2409,2384,2358,2370,2332,1468,2420,2405,2394,2390,2376,2348,2282,1561,2384,2365,2384,2392,2338,2359,2238,1505,0,2397,2405,2374,2370,2292,2227,1392,2229,2394,2371,2352,2343,2342,2233,1371,1928,2322,2359,2348,2328,2335,2002,10,5,5,5,5,5,5,5,10,5,5,5,5,5,5,9,255,5,5,5,5,5,5,5,5,255,5,5,5,5,5,255,10,5,5,5,5,5,5,255,5,255,10,5,5,5,5,255,255,255,255,5,5,255,5,255,255,255,255,255,5,5,10,255
1781192053.326355,31,10963727,2413,2470,2421,2422,2382,2406,2381,2426,1520,2446,2421,2377,2385,2377,2369,2214,1543,2357,2411,2401,2373,2385,2363,2322,1496,2362,2398,2397,2373,2371,2376,2282,1561,2340,2397,2389,2385,2303,2345,2238,1494,0,2399,2407,2385,2314,2300,2186,1410,2229,2394,2303,2352,2410,2304,2233,1458,1928,2303,2356,2332,2284,2379,2002,255,5,5,5,5,5,5,5,5,5,5,5,5,5,5,5,255,5,5,5,5,5,5,5,5,10,5,5,5,5,5,255,255,5,5,5,5,5,5,255,5,255,5,5,5,5,5,10,10,255,255,5,255,10,5,255,10,255,10,10,5,5,5,255
1781192053.421635,32,11063727,2491,2429,2415,2399,2396,2405,2378,2399,1520,2415,2413,2393,2390,2377,2353,1954,1505,2336,2397,2433,2388,2370,2367,2377,1482,2387,2401,2390,2376,2377,2369,2311,1561,2343,2395,2400,2379,2355,2316,2238,1494,0,2398,2382,2358,2325,2305,2282,1389,2229,2394,2356,2410,2359,2303,2233,1458,1928,2303,2333,2332,2300,2379,2002,10,5,5,5,5,5,5,5,255,5,5,5,5,5,5,5,10,5,5,5,5,5,5,5,9,5,5,5,5,5,5,10,255,5,5,5,5,5,5,255,5,255,5,5,5,5,5,5,5,255,255,5,10,5,5,255,255,255,255,5,255,5,255,255
1781192053.527934,33,11166041,2474,2454,2397,2451,2376,2399,2374,2426,1520,2427,2418,2387,2376,2383,2393,2038,1514,2383,2412,2394,2388,2375,2350,2346,1442,2387,2399,2390,2390,2366,2358,2311,1504,2348,2421,2381,2376,2351,2356,2238,1446,0,2398,2354,2368,2325,2322,2261,1464,2229,2394,2398,2303,2375,2299,2233,1458,1928,2303,2333,2310,2323,2299,2002,5,5,5,5,5,5,5,5,255,5,5,5,5,5,5,5,5,5,5,5,5,5,5,5,5,255,5,5,5,5,5,255,10,5,5,5,5,5,5,255,5,255,255,5,5,255,5,5,5,255,255,5,5,5,5,255,255,255,255,255,10,5,10,255
1781192053.625983,34,11263727,2442,2417,2442,2416,2392,2391,2406,2417,1520,2407,2418,2382,2405,2370,2376,1987,1529,2388,2402,2409,2381,2380,2371,2333,1482,2351,2401,2395,2383,2385,2370,2311,1531,2404,2386,2390,2379,2367,2332,2238,1502,0,2398,2423,2402,2311,2323,2202,1441,2229,2346,2338,2303,2338,2313,2233,1458,1928,2303,2333,2335,2323,2299,2002,5,5,5,5,5,5,5,5,255,5,5,5,5,5,5,5,5,5,5,5,5,5,5,5,5,10,9,5,5,5,5,255,5,5,5,5,5,5,5,255,5,255,255,5,5,10,5,5,5,255,10,5,255,5,5,255,255,255,255,255,5,255,255,255
1781192053.726084,35,11363879,2442,2416,2399,2430,2405,2406,2414,2407,1439,2434,2417,2383,2396,2362,2360,2328,1478,2397,2396,2387,2384,2399,2353,2350,1482,2461,2415,2396,2384,2383,2374,2311,1522,2386,2369,2372,2372,2347,2333,2238,1479,0,2398,2364,2333,2313,2289,2249,1417,2229,2346,2370,2380,2420,2315,2225,1458,1928,2303,2333,2366,2297,2299,2247,255,5,5,5,5,5,5,5,10,5,5,5,5,5,5,5,5,5,5,5,5,5,5,5,5,5,5,5,5,5,5,255,5,5,5,5,5,5,5,255,5,255,255,5,5,5,5,5,5,255,255,5,10,5,5,10,255,255,255,255,5,10,255,10
1781192053.821726,36,11458561,2473,2440,2435,2447,2376,2370,2386,2407,1466,2411,2403,2391,2402,2365,2406,1972,1478,2363,2400,2374,2378,2382,2372,2337,1508,2461,2411,2412,2378,2379,2365,2311,1494,2376,2363,2381,2378,2364,2362,2238,1488,0,2398,2412,2363,2313,2341,2296,1429,2229,2346,2321,2380,2383,2358,2225,1458,1928,2303,2392,2366,2309,2299,2247,10,5,5,5,5,5,5,5,5,5,5,5,5,5,5,5,255,5,5,5,5,5,5,5,5,255,5,5,5,5,5,255,5,5,5,5,5,5,5,255,5,255,255,5,5,255,5,5,5,255,255,5,255,5,5,255,255,255,255,10,255,5,255,255
1781192053.916833,37,11553727,2473,2442,2406,2414,2396,2411,2407,2413,1466,2427,2426,2375,2404,2380,2367,2036,1489,2377,2413,2402,2390,2375,2374,2352,1490,2372,2409,2400,2387,2395,2377,2311,1476,2394,2393,2358,2385,2372,2347,2238,1477,0,2388,2389,2384,2335,2274,2265,1451,2229,2346,2378,2380,2354,2293,2225,1458,1928,2303,2392,2318,2325,2299,1936,255,5,5,5,5,5,5,5,255,5,5,5,5,5,5,5,10,5,5,5,5,5,5,5,5,10,5,5,5,5,5,255,5,5,5,5,5,5,5,255,9,255,10,5,5,10,5,5,5,255,255,5,255,5,5,255,255,255,255,255,10,5,255,10
1781192054.011772,38,11653727,2464,2474,2393,2416,2391,2376,2383,2426,1466,2420,2395,2382,2374,2366,2403,2262,1489,2360,2407,2405,2358,2368,2369,2335,1520,2378,2423,2387,2384,2386,2369,2311,1564,2375,2393,2414,2362,2316,2331,2238,1473,0,2388,2398,2371,2316,2316,2265,1377,2229,2346,2391,2301,2333,2305,2305,1377,1928,2303,2392,2318,2328,2299,1936,10,5,5,5,5,5,5,5,255,5,5,5,5,5,5,9,255,5,5,5,5,5,5,5,5,5,5,5,5,5,5,255,5,5,255,5,5,5,5,255,5,255,255,9,5,5,5,255,5,255,255,5,10,5,5,3,10,255,255,255,255,5,255,255
1781192054.117593,39,11755605,2464,2460,2410,2445,2375,2386,2430,2416,1466,2415,2420,2397,2386,2391,2393,2373,1489,2392,2407,2377,2394,2371,2359,2344,1502,2373,2405,2392,2376,2368,2381,2321,1564,2413,2371,2366,2348,2387,2329,2238,1471,0,2393,2346,2353,2340,2320,1776,1377,2229,2346,2398,2375,2357,2309,2305,1455,1928,2303,2392,2348,2330,2315,1929,255,5,5,5,5,5,5,5,255,5,5,5,5,5,5,5,255,5,5,5,5,5,5,5,9,5,5,5,5,5,5,10,255,5,10,5,5,5,5,255,5,255,10,5,5,5,5,10,255,255,255,5,5,5,5,255,5,255,255,255,10,5,10,10
1781192054.216259,40,11853727,2502,2412,2432,2390,2389,2391,2413,2394,1466,2429,2402,2393,2379,2382,2405,2336,1489,2379,2409,2438,2381,2378,2371,2319,1517,2373,2418,2386,2389,2359,2370,2321,1411,2323,2376,2408,2357,2301,2341,2238,1524,0,2410,2380,2392,2371,2314,2262,1464,2229,2346,2398,2390,2357,2309,2305,1455,1928,2335,2313,2370,2354,2315,1929,10,5,5,5,5,5,5,5,255,5,5,5,5,5,5,5,255,5,5,5,5,5,5,5,5,255,5,5,5,5,5,255,10,5,5,5,5,5,5,255,5,255,5,5,5,5,5,5,10,255,255,255,5,255,255,255,255,255,10,10,5,5,255,255
1781192054.316319,41,11953727,2486,2469,2405,2399,2395,2363,2377,2419,1466,2442,2417,2412,2377,2367,2380,1954,1489,2378,2414,2390,2404,2398,2364,2336,1480,2373,2404,2392,2376,2370,2363,2321,1411,2397,2414,2388,2373,2383,2323,2238,1482,0,2355,2380,2367,2308,2281,2296,1433,2229,2432,2368,2372,2382,2290,2305,1455,1928,2335,2313,2354,2305,2352,2134,5,5,5,5,5,5,5,5,255,5,5,5,5,5,5,5,255,5,5,5,5,5,5,5,9,255,5,5,5,5,5,255,255,5,5,5,5,5,5,255,5,255,5,255,5,5,5,5,5,255,10,10,5,10,10,255,255,255,255,255,5,5,10,10
1781192054.414280,42,12056009,2469,2441,2443,2419,2392,2379,2384,2440,1466,2452,2391,2397,2380,2381,2357,1951,1489,2425,2397,2380,2390,2354,2357,2359,1477,2373,2419,2384,2374,2400,2361,2321,1508,2395,2415,2384,2367,2333,2347,2238,1512,0,2355,2346,2380,2308,2350,2251,1433,2229,2432,2361,2375,2397,2331,2305,1449,1928,2318,2313,2334,2346,2352,2134,5,5,5,5,5,5,5,5,255,5,5,5,5,5,5,5,255,5,5,5,5,5,5,5,5,255,5,5,5,5,5,10,10,5,5,5,5,5,5,255,5,255,255,10,5,255,5,5,255,255,255,5,5,5,5,255,10,255,10,255,5,5,255,255
1781192054.514207,43,12153727,2469,2430,2437,2392,2396,2385,2405,2396,1451,2425,2397,2402,2403,2382,2377,2344,1489,2378,2399,2403,2369,2370,2384,2345,1490,2389,2403,2393,2390,2387,2355,2321,1508,2381,2392,2408,2365,2356,2333,2238,1431,0,2355,2350,2384,2308,2313,2249,1433,2229,2400,2392,2382,2397,2317,2305,1396,1928,2318,2380,2334,2326,2335,2134,255,5,5,5,5,5,5,5,10,5,5,5,5,5,5,5,255,5,5,5,5,5,5,5,5,10,5,5,5,5,5,255,255,5,5,5,5,5,5,255,5,255,255,5,5,255,5,5,255,255,10,5,5,255,5,255,5,255,255,10,255,5,10,255
1781192054.614483,44,12253751,2469,2454,2437,2404,2390,2373,2399,2417,1451,2448,2408,2403,2385,2400,2376,1934,1489,2390,2388,2394,2386,2378,2361,2363,1477,2402,2405,2385,2378,2388,2373,2321,1508,2305,2401,2414,2373,2374,2332,2238,1524,0,2421,2392,2374,2308,2283,2275,1449,2229,2400,2396,2382,2363,2322,2305,1396,1928,2318,2380,2380,2357,2335,2134,255,5,5,5,5,5,5,5,255,5,5,5,5,5,5,5,255,5,5,5,5,5,5,5,9,5,5,5,5,5,5,255,255,5,5,5,5,5,5,255,5,255,10,5,5,255,5,5,10,255,255,5,255,10,5,255,255,255,255,255,10,5,255,255
1781192054.717173,45,12357529,2469,2445,2426,2418,2390,2392,2381,2397,1451,2413,2406,2415,2381,2381,2367,2375,1517,2351,2416,2366,2403,2370,2366,2279,1531,2421,2407,2409,2379,2375,2368,2321,1508,2364,2394,2397,2388,2343,2332,2238,1489,0,2397,2378,2394,2360,2311,2261,1505,2229,2400,2347,2386,2389,2328,2305,1396,1928,2318,2261,2366,2370,2335,1730,255,5,5,5,5,5,5,5,255,5,5,5,5,5,5,5,10,5,5,5,5,5,5,5,5,5,5,5,5,5,5,255,255,5,5,5,5,5,5,255,5,255,5,5,5,10,5,5,5,255,255,255,10,5,5,255,255,255,255,10,5,5,255,10
1781192054.815637,46,12454143,2469,2431,2402,2404,2385,2365,2393,2445,1494,2416,2386,2409,2357,2386,2370,2047,1517,2342,2403,2405,2396,2375,2349,2383,1482,2421,2411,2387,2393,2382,2364,2379,1508,2379,2356,2406,2375,2370,2357,2238,1479,0,2397,2404,2364,2360,2289,2288,1495,2229,2400,2380,2386,2377,2292,2243,1396,1928,2318,2261,2338,2325,2335,1730,255,5,5,5,5,5,5,5,10,5,5,5,5,5,5,5,255,5,5,5,5,5,5,5,5,255,5,5,5,5,5,10,255,5,5,5,5,5,5,255,5,255,255,5,5,255,5,5,5,255,255,5,255,5,5,10,255,255,255,255,5,5,255,255
1781192054.914099,47,12553727,2436,2457,2421,2414,2396,2378,2407,2389,1392,2391,2401,2395,2374,2369,2377,1990,1517,2370,2403,2407,2385,2381,2384,2341,1510,2374,2395,2401,2382,2394,2361,2379,1447,2368,2385,2405,2395,2345,2343,2238,1461,0,2397,2382,2364,2330,2252,2288,1495,2229,2373,2339,2374,2349,2334,2243,1442,1928,2331,2261,2365,2345,2335,1837,10,5,5,5,5,5,5,5,5,5,5,5,5,5,5,5,255,5,5,5,5,5,5,5,5,10,5,5,5,5,5,255,10,5,5,5,5,5,5,255,5,255,255,5,5,10,5,255,255,255,10,5,10,5,5,255,10,255,10,255,5,5,255,10
1781192055.012349,48,12653727,2438,2442,2426,2419,2382,2411,2393,2407,1392,2411,2405,2409,2371,2353,2363,2320,1483,2341,2410,2388,2382,2375,2372,2353,1500,2393,2427,2404,2389,2379,2372,2379,1447,2461,2352,2384,2378,2367,2345,2238,1499,0,2397,2423,2382,2330,2335,2224,1545,2229,2373,2397,2362,2405,2276,2243,1442,1928,2363,2261,2284,2345,2335,1837,5,5,5,5,5,5,5,5,255,5,5,5,5,5,5,5,10,5,5,5,5,5,5,5,5,5,5,5,5,5,5,255,255,5,5,5,5,5,5,255,5,255,255,5,5,255,5,10,10,255,255,5,5,5,5,255,255,255,5,255,5,255,255,255
1781192055.112187,49,12753814,2438,2455,2419,2400,2382,2393,2397,2408,1445,2414,2414,2403,2401,2378,2355,1977,1483,2396,2396,2408,2385,2366,2371,2316,1459,2366,2397,2403,2376,2384,2367,2379,1529,2343,2408,2390,2386,2320,2351,2238,1460,0,2418,2396,2360,2333,2333,2308,1545,2229,2373,2357,2362,2357,2326,2194,1442,1928,2363,2330,2293,2317,2335,1837,255,5,5,5,5,5,5,5,10,5,5,5,5,5,5,5,255,5,5,5,5,5,5,5,5,5,5,5,5,5,5,255,10,255,5,5,5,5,5,255,5,255,10,5,5,10,5,5,255,255,255,5,255,5,5,10,255,255,255,10,5,10,255,255
1781192055.204204,50,12843734,2438,2442,2423,2385,2392,2420,2387,2416,1445,2400,2413,2407,2404,2374,2368,1966,1520,2317,2392,2399,2394,2380,2385,2348,1505,2366,2418,2401,2377,2402,2374,2379,1489,2373,2416,2385,2367,2314,2357,2238,1481,0,2418,2424,2368,2325,2291,2308,1545,2229,2373,2381,2362,2357,2313,2194,1442,1928,2363,2330,2361,2426,2292,1837,255,5,5,5,5,5,5,5,255,5,5,5,5,5,5,5,10,5,5,5,5,5,5,5,5,255,5,5,5,5,5,255,5,255,5,5,5,5,5,255,5,255,255,5,5,5,5,255,255,255,255,5,255,255,5,255,255,255,255,255,5,5,10,255
1781192055.304409,51,12943727,2502,2442,2417,2423,2382,2402,2397,2429,1452,2423,2435,2402,2346,2370,2338,2027,1468,2377,2402,2411,2383,2382,2374,2357,1603,2410,2385,2385,2397,2378,2393,2379,1452,2372,2379,2393,2376,2329,2337,2238,1519,0,2386,2395,2400,2299,2365,2269,1466,2229,2373,2371,2373,2339,2322,2194,1416,1928,2363,2351,2352,2271,2294,1837,10,5,5,5,5,5,5,5,10,5,5,5,5,5,5,5,9,5,5,5,5,5,5,5,5,10,5,5,5,5,5,255,5,5,5,5,5,5,5,255,5,255,10,5,5,5,5,10,10,255,255,5,10,10,5,255,10,255,255,10,5,5,5,255
1781192055.405865,52,13043815,2460,2429,2420,2416,2404,2418,2384,2443,1452,2477,2407,2393,2431,2392,2378,2001,1468,2404,2403,2376,2381,2358,2362,2322,1477,2410,2395,2386,2380,2360,2363,2379,1487,2359,2413,2413,2384,2309,2390,2238,1513,0,2386,2414,2340,2333,2294,2258,1466,2229,2373,2384,2373,2339,2322,2194,1416,1928,2363,2368,2359,2319,2294,1837,5,5,5,5,5,5,5,5,255,5,5,5,5,5,5,5,255,5,5,5,5,5,5,5,5,255,5,5,5,5,5,255,5,5,5,5,5,5,5,255,5,255,255,5,5,5,5,5,255,255,255,5,255,255,5,255,255,255,255,5,5,5,255,255
1781192055.506308,53,13143994,2460,2439,2427,2427,2408,2395,2421,2422,1452,2405,2428,2396,2410,2367,2394,1984,1468,2373,2404,2400,2396,2374,2371,2385,1503,2430,2393,2388,2393,2382,2376,2314,1527,2386,2401,2402,2378,2354,2342,2238,1486,2291,2376,2354,2428,2341,2282,2248,1450,2229,2373,2357,2417,2356,2275,2194,1416,2388,2367,2368,2353,2319,2360,1837,255,5,5,5,5,5,5,5,255,5,5,5,5,5,5,5,255,5,5,5,5,5,5,5,5,10,5,5,5,5,5,10,5,5,5,5,5,5,5,255,5,10,10,5,5,5,5,5,10,255,255,5,10,10,5,255,255,10,10,255,5,255,10,255
1781192055.607242,54,13243748,2460,2441,2411,2398,2385,2385,2398,2409,1452,2413,2414,2402,2374,2369,2362,2200,1468,2410,2406,2416,2379,2373,2383,2326,1513,2403,2413,2415,2371,2364,2365,2314,1486,2378,2376,2376,2389,2370,2345,2238,1491,2291,2435,2354,2402,2341,2282,2248,1450,2229,2373,2357,2325,2350,2340,2194,1357,2388,2367,2368,2352,2319,2360,1837,255,5,5,5,5,5,5,5,255,5,5,5,5,5,5,5,255,5,5,5,5,5,5,5,5,5,5,5,5,5,5,255,5,5,5,5,5,5,5,255,5,255,5,255,5,255,255,255,255,255,255,255,5,5,5,255,10,255,255,255,5,255,255,255
1781192055.705674,55,13343826,2490,2429,2433,2402,2410,2398,2390,2458,1452,2404,2413,2403,2403,2381,2365,2324,1325,2425,2402,2384,2387,2371,2359,2341,1531,2414,2397,2415,2382,2371,2354,2314,1486,2384,2383,2403,2362,2377,2337,2238,1437,2291,2433,2354,2321,2308,2316,2277,1431,2229,2373,2357,2325,2350,2286,2194,1357,2388,2389,2368,2363,2244,2352,2194,10,5,5,5,5,5,5,5,255,5,5,5,5,5,5,5,10,5,5,5,5,5,5,5,9,5,5,5,5,5,5,255,255,5,5,5,5,5,5,255,5,255,5,255,5,10,10,10,10,255,255,255,255,255,5,255,255,255,10,255,5,10,10,10
1781192055.805902,56,13443771,2529,2446,2420,2390,2397,2385,2390,2420,1452,2375,2419,2388,2422,2374,2357,1991,1325,2382,2393,2400,2383,2370,2373,2326,1467,2374,2404,2375,2376,2374,2357,2314,1416,2419,2383,2364,2373,2307,2350,2238,1444,2291,2433,2375,2416,2308,2293,2277,1416,2229,2332,2373,2325,2318,2352,2194,1381,2388,2389,2265,2331,2348,2352,1841,5,5,5,5,5,5,5,5,255,5,5,5,5,5,5,5,255,5,5,5,5,5,5,5,5,5,5,5,5,5,5,255,10,5,255,5,5,5,5,255,5,255,255,10,5,255,5,255,5,255,10,10,255,10,5,255,10,255,255,10,5,5,255,4
1781192055.905076,57,13543727,2529,2428,2417,2404,2389,2408,2389,2420,1452,2414,2402,2389,2371,2391,2382,1996,1445,2360,2406,2388,2386,2389,2376,2370,1543,2298,2390,2400,2384,2382,2358,2314,1519,2329,2384,2383,2383,2344,2327,2238,1447,2291,2414,2409,2390,2349,2306,2299,1404,2229,2332,2366,2359,2337,2323,2194,1446,2388,2389,2376,2349,2311,2295,1841,255,5,5,5,5,5,5,5,255,5,5,5,5,5,5,5,10,5,5,5,5,5,5,5,5,5,5,5,5,5,5,255,5,9,10,5,5,5,5,255,5,255,10,5,5,10,5,10,5,255,255,5,10,5,5,255,5,255,255,5,5,5,10,255
1781192056.004414,58,13644090,2529,2422,2420,2406,2397,2415,2384,2392,1452,2384,2411,2395,2389,2371,2390,1946,1445,2375,2404,2395,2382,2370,2370,2333,1452,2298,2435,2392,2402,2364,2361,2314,1519,2325,2412,2420,2392,2337,2343,2238,1438,2291,2362,2378,2395,2321,2323,2299,1510,2229,2332,2351,2359,2313,2306,2194,1446,1887,2389,2376,2340,2374,2295,1841,255,5,5,5,5,5,5,5,255,5,5,5,5,5,5,5,255,5,5,5,5,5,5,5,9,255,5,5,5,5,5,255,255,5,5,5,5,5,5,255,5,255,5,5,5,5,5,255,5,255,255,5,255,5,5,255,255,10,255,255,5,5,255,255
1781192056.105861,59,13743727,2464,2432,2408,2419,2406,2382,2393,2392,1452,2397,2400,2387,2368,2380,2386,2006,1454,2398,2422,2400,2400,2377,2373,2329,1501,2381,2426,2398,2391,2396,2377,2314,1519,2370,2395,2399,2385,2386,2332,2238,1477,2291,2402,2378,2374,2323,2311,2249,1376,2229,2332,2344,2345,2306,2317,2194,1411,1887,2401,2376,2342,2395,2295,2120,10,5,5,5,5,5,5,5,255,5,5,5,5,5,5,5,10,5,5,5,5,5,5,5,9,10,5,5,5,5,5,255,255,5,5,5,5,5,5,255,5,255,5,255,5,5,5,10,5,255,255,5,10,5,5,255,10,255,10,255,5,5,10,10
1781192056.207693,60,13843728,2464,2442,2433,2387,2385,2399,2396,2387,1452,2410,2443,2374,2373,2377,2402,2326,1454,2354,2415,2387,2370,2401,2355,2333,1533,2381,2397,2377,2377,2357,2369,2335,1519,2399,2387,2385,2386,2369,2336,2238,1523,2291,2402,2379,2430,2323,2280,2306,1376,2229,2332,2344,2386,2312,2304,2194,1411,1887,2401,2362,2355,2342,2295,2120,255,5,5,5,5,5,5,5,255,5,5,5,5,5,5,5,255,5,5,5,5,5,5,5,5,255,5,5,5,5,5,10,255,5,5,5,5,5,5,255,5,255,255,10,5,255,5,5,255,255,255,255,5,5,5,255,255,255,255,10,5,9,255,255
1781192056.307934,61,13943811,2464,2442,2413,2399,2404,2399,2387,2417,1452,2400,2411,2390,2414,2401,2385,2027,1454,2370,2393,2397,2386,2378,2363,2305,1482,2385,2413,2396,2379,2380,2378,2335,1519,2383,2372,2392,2370,2340,2347,2238,1402,2291,2358,2416,2393,2330,2315,2262,1398,2229,2332,2348,2386,2312,2360,2194,1411,1887,2401,2311,2361,2342,2295,2260,255,5,5,5,5,5,5,5,255,5,5,5,5,5,5,5,255,5,5,5,5,5,5,5,5,10,5,5,5,5,5,255,255,5,5,5,5,5,5,255,5,255,10,5,5,10,5,5,10,255,255,10,255,255,5,255,255,255,255,5,5,255,255,10
1781192056.407672,62,14043727,2464,2422,2414,2393,2395,2398,2402,2400,1452,2382,2419,2414,2375,2379,2388,1994,1454,2355,2400,2352,2364,2361,2353,2343,1514,2386,2416,2397,2387,2382,2363,2358,1519,2415,2412,2387,2379,2357,2325,2238,1453,2291,2399,2416,2377,2361,2271,2271,1449,2229,2332,2364,2330,2373,2314,2194,1411,1887,2401,2381,2313,2353,2295,2260,255,5,5,5,5,5,5,5,255,5,5,5,5,5,5,5,255,9,5,5,5,5,5,5,5,5,5,5,5,5,5,10,255,5,5,5,5,5,5,255,5,255,5,255,5,5,5,5,5,255,255,5,10,10,5,255,255,255,255,5,5,10,255,255
1781192056.506152,63,14144011,2464,2457,2399,2396,2422,2396,2418,2411,1452,2439,2404,2397,2395,2382,2384,1978,1422,2448,2386,2397,2385,2381,2366,2346,1490,2386,2420,2376,2396,2377,2372,2358,1519,2029,2400,2387,2350,2384,2331,2238,1423,2291,2399,2357,2370,2342,2325,2271,1449,2229,2332,2352,2330,2370,2322,2194,1411,1887,2401,2381,2279,2309,2295,2260,255,5,5,5,5,5,5,5,255,5,5,5,5,5,5,5,10,5,5,5,5,5,5,5,5,255,5,5,5,5,5,255,255,4,5,5,5,5,5,255,5,255,255,10,5,5,5,255,255,255,255,5,255,5,5,255,255,255,255,255,5,5,255,255
1781192056.599436,64,14234055,2505,2460,2417,2375,2392,2386,2359,2426,1452,2420,2416,2410,2386,2363,2357,2080,1422,2363,2410,2399,2379,2379,2380,2344,1436,2386,2413,2393,2380,2399,2371,2258,1519,2349,2435,2366,2375,2361,2365,2238,1496,2291,2402,2357,2480,2368,2290,2277,1409,2229,2332,2382,2330,2342,2313,2194,1407,1887,2401,2397,2372,2309,2295,2260,10,5,5,5,5,5,5,5,10,5,5,5,5,5,5,9,255,5,5,5,5,5,5,5,5,255,5,5,5,5,5,10,255,5,5,5,5,5,5,255,5,255,10,255,5,5,5,10,10,255,255,5,255,5,5,255,10,255,255,10,5,255,255,255
1781192056.697513,65,14333727,2444,2427,2410,2404,2411,2379,2389,2423,1452,2425,2403,2388,2409,2386,2358,1991,1422,2394,2398,2397,2389,2375,2366,2338,1500,2386,2425,2389,2396,2385,2375,2258,1519,2374,2427,2371,2360,2354,2318,1794,1445,2291,2402,2353,2412,2312,2308,2277,1482,2229,2332,2367,2312,2342,2336,2194,1407,1887,2401,2397,2328,2304,2272,1659,5,5,5,5,5,5,5,5,255,5,5,5,5,5,5,5,255,5,5,5,5,5,5,5,5,255,5,5,5,5,5,255,255,5,5,5,5,5,5,10,5,255,255,10,5,5,5,255,5,255,255,5,10,255,5,255,255,255,255,255,5,10,10,10
1781192056.797999,66,14433788,2444,2461,2416,2392,2405,2424,2384,2448,1452,2406,2421,2393,2391,2379,2382,1997,1422,2331,2403,2376,2382,2398,2364,2296,1522,2405,2419,2393,2377,2388,2364,2258,1519,2392,2413,2400,2397,2347,2315,1794,1458,2291,2432,2388,2355,2312,2323,2209,1396,2229,2332,2406,2312,2361,2336,2194,1427,1887,2401,2388,2370,2362,2272,1659,255,5,5,5,5,5,5,5,255,5,5,5,5,5,5,5,255,5,5,5,5,5,5,5,5,10,5,5,5,5,5,255,255,5,5,5,5,5,5,255,5,255,10,5,5,255,5,10,5,255,255,5,255,10,5,255,10,255,255,10,5,5,255,255
1781192056.899892,67,14536654,2444,2453,2417,2404,2375,2396,2379,2400,1462,2433,2393,2401,2386,2386,2393,1976,1422,2396,2397,2398,2388,2381,2357,2373,1518,2410,2405,2392,2371,2386,2369,2258,1519,2364,2400,2402,2365,2383,2327,1794,1485,2291,2432,2399,2396,2354,2288,2223,1466,2229,2334,2406,2312,2329,2335,2194,1450,1887,2401,2388,2310,2337,2272,2229,255,5,5,5,5,5,5,5,10,5,5,5,5,5,5,5,255,5,5,5,5,5,5,5,5,5,5,5,5,5,5,255,255,5,5,5,5,5,5,255,5,255,255,5,5,10,5,5,5,255,10,255,255,5,5,255,5,255,255,255,5,5,255,10
1781192056.997897,68,14633759,2480,2470,2427,2411,2386,2402,2388,2450,1431,2397,2415,2391,2418,2368,2379,2315,1422,2423,2416,2366,2401,2361,2365,2327,1504,2410,2385,2408,2392,2376,2361,2335,1589,2385,2417,2390,2396,2369,2331,1794,1448,2219,2330,2399,2384,2340,2281,2282,1466,2229,2334,2368,2372,2329,2344,2194,1450,1887,2401,2388,2346,2359,2357,2045,10,5,5,5,5,5,5,5,5,5,5,5,5,5,5,5,255,5,5,5,5,5,5,5,5,255,5,5,5,5,5,10,10,5,5,5,5,5,5,255,9,10,10,255,5,5,5,5,255,255,255,10,10,255,5,255,255,255,255,255,5,5,10,5
1781192057.096444,69,14733727,2480,2445,2419,2400,2398,2376,2414,2422,1431,2416,2393,2382,2390,2391,2379,1975,1422,2357,2402,2389,2409,2374,2375,2286,1492,2410,2409,2391,2382,2381,2353,2335,1589,2371,2363,2375,2392,2393,2335,1794,1500,2219,2391,2393,2408,2332,2308,2282,1450,2359,2334,2406,2385,2349,2377,2194,1450,1887,2401,2363,2327,2359,2289,1694,255,5,5,5,5,5,5,5,255,5,5,5,5,5,5,5,255,5,5,5,5,5,5,5,5,255,5,5,5,5,5,5,255,255,5,5,5,5,5,255,5,255,5,10,5,5,5,255,10,10,255,5,5,10,5,255,255,255,255,10,5,255,5,4
1781192057.199836,70,14836320,2480,2424,2418,2421,2375,2376,2403,2401,1446,2417,2385,2412,2404,2386,2384,1982,1422,2416,2419,2401,2386,2393,2364,2322,1470,2410,2413,2395,2377,2386,2393,2335,1589,2380,2370,2340,2362,2384,2333,1794,1479,2219,2391,2377,2396,2340,2293,2282,1395,2359,2334,2406,2384,2334,2287,2194,1450,1887,2401,2409,2361,2344,2289,1694,255,5,5,5,5,5,5,5,10,5,5,5,5,5,5,5,255,5,5,5,5,5,5,5,5,255,5,5,5,5,5,255,255,5,5,5,5,5,5,255,5,255,255,5,5,5,5,255,5,255,255,255,5,5,5,255,255,255,255,5,5,10,255,255
1781192057.297945,71,14933727,2407,2423,2436,2418,2383,2390,2401,2392,1408,2411,2407,2403,2377,2363,2373,2313,1422,2405,2398,2412,2376,2371,2367,2344,1455,2385,2413,2391,2394,2378,2349,2335,1589,2356,2369,2383,2383,2364,2336,1794,1476,2219,2370,2388,2364,2379,2286,2210,1395,2359,2334,2347,2390,2359,2357,2194,1439,1887,2401,2356,2372,2320,2289,1694,10,5,5,5,5,5,5,5,5,5,5,5,5,5,5,5,255,5,5,5,5,5,5,5,5,10,5,5,5,5,5,255,255,5,5,5,5,5,5,255,5,255,10,5,5,5,5,10,255,255,255,10,5,5,5,255,10,255,255,5,5,5,255,255
1781192057.396784,72,15033727,2407,2456,2412,2429,2394,2355,2374,2437,1472,2418,2401,2385,2394,2371,2376,1996,1450,2429,2403,2393,2371,2364,2369,2348,1483,2406,2408,2385,2392,2384,2370,2335,1589,2317,2410,2399,2393,2347,2339,1794,1491,2219,2386,2370,2364,2296,2303,2214,1356,2359,2334,2395,2353,2352,2318,2194,1439,1887,2401,2335,2325,2320,2289,1694,255,5,5,5,5,5,5,5,5,5,5,5,5,5,5,5,10,5,5,5,5,5,5,5,5,5,5,5,5,5,5,255,255,5,5,5,5,5,5,255,5,255,5,5,255,5,5,4,10,255,255,5,5,5,5,255,255,255,255,5,5,255,255,255
1781192057.500686,73,15136466,2439,2434,2398,2404,2406,2389,2392,2397,1429,2404,2396,2393,2360,2386,2394,1999,1452,2432,2413,2406,2392,2378,2375,2359,1471,2391,2420,2398,2378,2360,2347,2366,1589,2292,2385,2434,2369,2364,2369,1794,1434,2219,2378,2383,2369,2368,2337,2276,1471,2359,2334,2384,2353,2332,2283,2130,1377,1887,2403,2335,2374,2326,2327,1939,10,5,5,5,5,5,5,5,5,5,5,5,5,5,5,5,5,5,5,5,5,5,5,5,5,5,5,5,5,5,5,10,255,5,5,5,5,5,5,255,5,255,5,5,10,5,5,4,5,255,255,5,255,5,5,10,10,255,10,255,5,10,10,10
1781192057.598494,74,15236192,2439,2434,2428,2396,2389,2392,2411,2399,1429,2398,2370,2387,2389,2374,2380,1990,1452,2416,2402,2405,2396,2376,2366,2347,1467,2391,2395,2399,2399,2374,2355,2366,1447,2386,2444,2370,2365,2376,2352,1794,1492,2219,2398,2397,2351,2368,2289,2276,1471,2359,2344,2395,2353,2367,2270,2130,1372,1887,2358,2335,2339,2343,2313,1939,255,5,5,5,5,5,5,5,255,5,5,5,5,5,5,5,255,5,5,5,5,5,5,5,5,255,5,5,5,5,5,255,10,5,5,5,5,5,5,255,5,255,5,5,5,255,5,255,255,255,10,5,255,5,5,255,5,255,5,255,5,5,5,255
1781192057.696928,75,15333728,2439,2443,2412,2419,2382,2371,2401,2401,1476,2410,2410,2383,2399,2385,2352,2006,1550,2394,2398,2382,2381,2375,2377,2316,1508,2391,2412,2380,2376,2357,2361,2366,1447,2376,2403,2413,2385,2391,2338,1794,1448,2219,2398,2407,2380,2368,2308,2276,1471,2359,2344,2330,2353,2304,2286,1739,1407,1887,2358,2323,2311,2343,2313,1939,255,5,5,5,5,5,5,5,10,5,5,5,5,5,5,5,10,5,5,5,5,5,5,5,5,255,5,5,5,5,5,255,255,5,5,5,5,5,5,255,5,255,255,5,5,255,5,255,255,255,255,5,255,5,5,10,5,255,255,10,5,255,255,255
1781192057.799212,76,15436833,2439,2467,2420,2400,2395,2379,2395,2394,1476,2419,2420,2396,2398,2379,2367,1955,1603,2372,2405,2381,2399,2384,2378,2321,1516,2391,2405,2386,2375,2381,2359,2340,1447,2390,2379,2391,2380,2350,2330,1794,1446,2219,2343,2431,2403,2340,2312,2264,1445,2359,2344,2318,2357,2342,2309,1739,1407,1887,2358,2323,2341,2374,2313,2207,255,5,5,5,5,5,5,5,255,5,5,5,5,5,5,5,5,5,5,5,5,5,5,5,5,255,5,5,5,5,5,10,255,5,5,5,5,5,5,255,5,255,10,5,5,10,5,10,10,255,255,5,10,5,5,255,255,255,255,255,5,10,255,10
1781192057.897099,77,15533727,2439,2446,2409,2415,2387,2392,2381,2429,1411,2408,2417,2404,2378,2403,2361,2016,1603,2341,2397,2394,2394,2384,2385,2322,1461,2401,2415,2386,2389,2376,2369,2340,1502,2421,2387,2394,2385,2354,2341,1794,1472,2219,2396,2395,2376,2340,2341,2259,1451,2359,2335,2318,2411,2361,2324,2374,1421,1887,2358,2421,2341,2368,2313,2207,255,5,5,5,5,5,5,5,10,5,5,5,5,5,5,5,255,5,5,5,5,5,5,5,5,10,5,5,5,5,5,255,10,5,5,5,5,5,5,255,5,255,5,5,5,255,5,5,5,255,10,255,5,5,5,10,10,255,255,10,255,5,255,255
1781192057.997873,78,15633755,2439,2429,2424,2359,2391,2379,2399,2398,1411,2415,2410,2398,2363,2378,2360,2372,1603,2394,2413,2406,2371,2388,2363,2339,1478,2401,2399,2406,2370,2384,2344,2340,1502,2333,2415,2375,2373,2416,2343,1794,1485,2219,2396,2380,2377,2364,2317,2271,1448,2359,2391,2379,2353,2334,2317,2374,1421,1887,2324,2369,2341,2302,2313,2207,255,5,5,5,5,5,5,5,255,5,5,5,5,5,5,5,255,5,5,5,5,5,5,5,5,5,5,5,5,5,5,255,255,5,5,5,5,5,5,255,9,255,255,5,5,10,5,5,5,255,5,10,5,9,5,255,255,255,10,5,255,5,255,10
1781192058.083642,79,15723727,2439,2454,2398,2395,2394,2386,2380,2423,1511,2419,2432,2389,2376,2371,2386,2019,1603,2397,2409,2396,2382,2389,2366,2328,1488,2400,2411,2421,2392,2362,2364,2296,1502,2363,2424,2385,2388,2376,2317,1794,1454,2219,2394,2381,2351,2352,2317,2208,1448,2359,2391,2376,2353,2363,2302,2374,1438,1887,2324,2356,2332,2292,2251,2207,255,5,5,5,5,5,5,5,10,5,5,5,5,5,5,5,255,5,5,5,5,5,5,5,5,5,5,5,5,5,5,10,255,5,5,5,5,5,5,255,5,255,10,5,5,5,255,5,255,255,255,5,255,5,5,255,10,255,255,5,10,5,10,255
1781192058.186483,80,15823811,2439,2411,2430,2424,2381,2371,2371,2386,1425,2390,2395,2382,2393,2375,2353,2046,1603,2437,2399,2420,2385,2382,2352,2342,1540,2399,2426,2401,2392,2363,2358,2296,1489,2354,2396,2406,2370,2348,2356,1794,1482,2219,2381,2381,2397,2350,2303,2208,1412,2359,2391,2433,2353,2363,2341,2374,1415,1887,2324,2317,2315,2342,2251,2207,255,5,5,5,5,5,5,5,5,5,5,5,5,5,5,5,255,5,5,5,5,5,5,5,5,5,5,5,5,5,5,255,10,255,5,5,5,5,5,255,5,255,5,255,5,5,10,255,10,255,255,5,255,255,5,255,5,255,255,5,5,5,255,255
1781192058.287555,81,15923728,2486,2462,2429,2400,2401,2418,2391,2387,1459,2437,2408,2410,2391,2371,2369,2325,1439,2443,2417,2423,2388,2356,2346,2336,1482,2399,2392,2399,2382,2373,2375,2296,1489,2291,2371,2376,2390,2373,2338,1794,1496,2219,2356,2357,2364,2264,2284,2208,1385,2359,2391,2385,2353,2363,2307,2336,1415,1887,2324,2317,2349,2329,2251,2207,10,5,5,5,5,5,5,5,5,5,5,5,5,5,5,5,10,5,5,5,5,5,5,5,5,255,5,5,5,5,5,255,255,255,5,5,5,5,5,255,5,255,5,10,5,5,5,255,5,255,255,5,255,255,5,10,255,255,255,255,5,5,255,255
1781192058.384508,82,16023727,2486,2441,2432,2404,2394,2379,2426,2380,1419,2425,2388,2405,2393,2373,2392,1971,1439,2394,2406,2395,2389,2368,2357,2339,1470,2397,2400,2381,2393,2366,2357,2296,1521,2370,2373,2395,2390,2349,2363,1794,1491,2219,2341,2357,2361,2353,2315,2208,1409,2359,2391,2367,2353,2404,2328,2336,1415,1887,2378,2269,2320,2309,2364,2207,255,5,5,5,5,5,5,5,5,5,5,5,5,5,5,5,255,5,5,5,5,5,5,5,5,10,5,5,5,5,5,255,10,5,5,5,5,5,5,255,5,255,5,5,5,5,5,255,5,255,255,5,255,10,5,255,255,255,10,10,5,5,10,255
1781192058.487599,83,16123823,2448,2435,2442,2408,2378,2378,2392,2406,1419,2424,2413,2383,2388,2367,2390,1963,1439,2367,2416,2389,2390,2377,2369,2360,1479,2355,2367,2371,2384,2373,2378,2331,1495,2347,2406,2399,2387,2399,2325,1794,1488,2219,2341,2357,2391,2353,2322,2208,1455,2359,2391,2391,2353,2395,2318,2336,1415,1887,2378,2269,2309,2362,2364,2207,10,5,5,5,5,5,5,5,255,5,5,5,5,5,5,5,255,5,5,5,5,5,5,5,5,5,5,5,5,5,5,10,5,5,5,5,5,5,5,255,5,255,255,255,5,255,5,255,5,255,255,5,255,5,5,255,255,255,255,255,5,5,255,255
1781192058.588453,84,16225780,2448,2440,2421,2404,2383,2417,2405,2407,1419,2437,2419,2399,2370,2370,2365,2016,1439,2395,2411,2410,2374,2398,2376,2303,1463,2370,2410,2374,2379,2368,2374,2254,1532,2329,2398,2406,2375,2330,2345,1794,1511,2219,2382,2403,2389,2375,2337,2256,1427,2359,2391,2399,2388,2395,2333,2336,1415,1887,2378,2269,2307,2314,2256,2207,255,5,5,5,5,5,5,5,255,5,5,5,5,5,5,5,255,5,5,5,5,5,5,5,5,5,5,5,5,5,5,5,5,5,5,5,5,5,5,255,5,255,10,10,5,10,5,10,5,255,255,5,10,255,5,255,255,255,255,255,5,5,10,255
1781192058.685628,85,16323727,2522,2420,2424,2391,2389,2387,2385,2373,1419,2410,2401,2396,2372,2382,2348,1969,1469,2416,2432,2400,2389,2388,2383,2347,1505,2380,2407,2401,2399,2388,2360,2254,1497,2350,2374,2406,2374,2389,2341,1794,1486,2367,2366,2358,2393,2305,2280,2256,1465,2359,2391,2382,2355,2353,2288,2336,1409,1887,2378,2269,2375,2314,2284,2207,10,5,5,5,5,5,5,5,255,5,5,5,5,5,5,5,10,5,5,5,5,5,5,5,5,5,5,5,5,5,5,255,5,255,5,5,5,5,5,255,5,10,5,5,5,5,5,255,5,255,255,5,5,10,5,255,10,255,255,255,5,255,5,255
1781192058.786131,86,16423985,2522,2466,2412,2392,2391,2393,2381,2439,1448,2413,2436,2401,2373,2385,2349,1954,1526,2346,2401,2405,2371,2378,2369,2335,1465,2358,2385,2405,2386,2387,2366,2254,1497,2328,2394,2368,2408,2352,2366,1794,1459,2367,2366,2449,2342,2328,2343,2269,1455,2359,2391,2370,2355,2386,2288,2336,1463,1887,2393,2269,2358,2364,2263,2207,255,5,5,5,5,5,5,5,10,5,5,5,5,5,5,5,5,5,5,5,5,5,5,5,5,5,5,5,5,5,5,255,255,5,5,5,5,5,5,255,5,255,255,5,5,5,5,10,5,255,255,5,255,5,255,255,5,255,10,255,5,10,5,255
1781192058.887260,87,16523727,2495,2436,2411,2421,2376,2393,2405,2434,1418,2439,2408,2402,2380,2380,2374,2316,1526,2408,2416,2400,2373,2382,2381,2301,1482,2358,2428,2387,2396,2364,2375,2306,1530,2354,2397,2374,2359,2355,2344,1794,1520,2367,2381,2424,2379,2323,2325,2292,1438,2359,2391,2375,2355,2291,2288,2336,1463,1887,2393,2269,2392,2325,2263,2207,10,5,5,5,5,5,5,5,5,5,5,5,5,5,5,5,255,5,5,5,5,5,5,5,5,255,5,5,5,5,5,10,10,5,5,5,5,5,5,255,5,255,10,5,5,5,5,5,5,255,255,5,255,5,255,255,255,255,255,255,5,5,255,255
1781192058.986766,88,16623755,2495,2441,2411,2408,2407,2389,2390,2432,1418,2395,2396,2388,2387,2367,2375,2033,1526,2383,2395,2397,2391,2372,2374,2357,1481,2419,2404,2393,2389,2381,2386,2306,1530,2447,2371,2393,2404,2367,2345,1794,1519,2367,2411,2356,2359,2360,2298,2265,1443,2359,2391,2369,2355,2321,2248,2241,1463,1887,2393,2408,2306,2313,2263,2192,255,5,5,5,5,5,5,5,255,5,5,5,5,5,5,5,255,5,5,5,5,5,5,5,5,10,5,5,5,5,5,255,255,5,5,5,5,5,5,255,5,255,5,5,5,5,5,5,5,255,255,5,255,5,10,10,255,255,255,10,5,5,255,10
1781192059.087102,89,16723815,2458,2448,2427,2421,2391,2405,2403,2387,1434,2418,2385,2400,2385,2369,2359,1983,1483,2410,2410,2430,2382,2354,2368,2339,1469,2419,2408,2384,2376,2383,2369,2306,1530,2320,2412,2393,2389,2349,2354,1794,1450,2367,2411,2384,2386,2254,2342,2283,1443,2359,2391,2369,2355,2389,2278,2293,1463,1887,2393,2408,2342,2347,2303,2192,10,5,5,5,5,5,5,5,10,5,5,5,5,5,5,5,10,5,5,5,5,5,5,5,5,255,5,5,5,5,5,255,255,5,5,5,5,5,5,255,5,255,255,5,5,5,5,5,255,255,255,255,255,5,5,5,255,255,255,255,5,5,10,255
1781192059.185383,90,16823728,2458,2427,2415,2397,2394,2376,2402,2376,1434,2422,2395,2401,2395,2376,2390,2377,1483,2356,2386,2426,2388,2358,2380,2350,1531,2419,2417,2403,2410,2376,2358,2268,1530,2370,2372,2373,2364,2395,2336,1794,1498,2367,2382,2384,2386,2334,2278,2305,1443,2359,2435,2351,2398,2347,2343,2293,1463,1887,2393,2347,2353,2315,2303,2192,255,5,5,5,5,5,5,5,255,5,5,5,5,5,5,5,255,5,5,5,5,5,5,5,5,255,5,5,5,5,5,10,255,255,5,5,5,5,5,255,5,255,10,255,255,5,5,5,255,255,10,10,10,5,5,255,255,255,255,10,5,5,255,255
1781192059.285595,91,16923728,2458,2454,2441,2410,2395,2390,2401,2437,1434,2404,2414,2392,2347,2363,2361,1983,1505,2400,2392,2391,2393,2406,2370,2335,1485,2419,2410,2400,2379,2364,2385,2268,1530,2380,2443,2419,2354,2362,2336,1794,1456,2367,2288,2379,2383,2319,2331,2305,1443,2359,2436,2351,2331,2347,2323,2293,1421,1887,2393,2347,2388,2315,2268,1596,255,5,5,5,5,5,5,5,255,5,5,5,5,5,5,5,10,5,5,5,5,5,5,5,5,255,5,5,5,5,5,255,255,5,5,5,5,5,5,255,5,255,5,10,10,5,5,255,255,255,5,255,5,255,9,255,10,255,255,255,5,255,10,10
1781192059.386226,92,17023823,2458,2445,2421,2382,2391,2391,2395,2447,1434,2423,2408,2402,2412,2385,2363,2345,1545,2354,2393,2376,2378,2387,2352,2358,1483,2344,2416,2401,2370,2375,2386,2344,1530,2360,2423,2402,2387,2375,2333,1794,1456,2367,2288,2379,2383,2356,2326,2305,1425,2359,2436,2411,2331,2370,2332,2293,1421,1887,2336,2368,2368,2315,2216,1596,255,5,5,5,5,5,5,5,255,5,5,5,5,5,5,5,5,5,5,5,5,5,5,5,5,10,5,5,5,5,5,10,255,5,5,5,5,5,5,255,5,255,255,255,255,5,5,255,10,255,255,10,255,10,5,255,255,255,10,10,5,255,5,255
1781192059.474043,93,17113799,2458,2408,2428,2407,2393,2376,2399,2394,1434,2403,2387,2402,2369,2380,2352,2004,1545,2366,2398,2404,2398,2356,2382,2331,1499,2410,2404,2395,2390,2382,2374,2344,1530,2411,2376,2402,2351,2376,2344,2196,1508,2367,2391,2439,2367,2336,2305,2305,1438,2359,2370,2396,2331,2370,2303,2293,1421,1887,2336,2368,2363,2315,2216,1596,255,5,5,5,5,5,5,5,255,5,5,5,5,5,5,5,255,5,5,5,5,5,5,5,5,5,5,5,5,5,5,255,255,255,5,5,5,5,5,10,5,255,10,10,10,5,5,255,5,255,10,5,255,255,5,255,255,255,255,255,5,255,255,255
1781192059.571757,94,17213727,2458,2462,2410,2398,2390,2394,2400,2409,1434,2376,2383,2377,2376,2363,2392,1987,1545,2399,2418,2395,2386,2372,2376,2289,1475,2357,2418,2413,2389,2405,2376,2344,1530,2353,2382,2396,2383,2322,2358,2196,1455,2367,2391,2329,2358,2321,2354,2216,1494,2359,2374,2409,2331,2379,2304,2293,1421,1887,2336,2375,2440,2347,2216,1919,255,5,5,5,5,5,5,5,255,5,5,5,5,5,5,5,255,5,5,5,5,5,5,5,5,5,5,5,5,5,5,255,255,5,5,5,5,5,5,255,5,255,255,5,5,5,5,10,5,255,5,5,255,10,5,255,255,255,255,10,5,10,255,10
1781192059.677506,95,17313910,2458,2441,2430,2401,2369,2398,2380,2415,1480,2438,2393,2394,2384,2367,2370,2345,1545,2422,2400,2399,2373,2372,2371,2335,1489,2396,2429,2395,2377,2385,2366,2344,1530,2302,2382,2374,2408,2379,2341,2196,1493,2367,2391,2395,2395,2321,2300,2216,1429,2359,2374,2368,2392,2394,2309,2293,1421,1887,2336,2375,2358,2347,2279,1919,255,5,5,5,5,5,5,5,10,5,5,5,5,5,5,5,255,5,5,5,5,5,5,5,5,5,5,5,5,5,5,255,255,5,255,5,5,5,5,255,5,255,255,5,5,5,5,255,5,255,255,5,10,5,5,255,255,255,255,255,5,255,10,255
1781192059.775991,96,17413728,2458,2441,2436,2432,2410,2399,2397,2426,1428,2398,2405,2403,2399,2392,2367,2325,1545,2372,2390,2380,2387,2376,2369,2344,1467,2396,2396,2410,2387,2379,2374,2344,1408,2422,2408,2395,2374,2355,2360,2196,1469,2367,2411,2395,2395,2406,2309,2218,1429,2359,2374,2398,2392,2356,2296,2293,1421,1887,2392,2375,2328,2329,2251,1919,255,5,5,5,5,5,5,5,5,5,5,5,5,5,5,5,255,5,5,5,5,5,5,5,5,255,5,5,5,5,5,255,10,255,10,5,5,5,5,255,5,255,10,255,5,5,5,10,255,255,255,5,255,5,5,255,255,255,10,255,5,10,5,255
1781192059.872447,97,17513731,2486,2461,2424,2404,2385,2402,2368,2375,1413,2426,2385,2368,2411,2372,2354,1988,1545,2414,2407,2420,2389,2377,2365,2327,1494,2396,2402,2382,2379,2381,2363,2344,1512,2363,2378,2400,2377,2337,2321,2196,1465,2367,2396,2388,2377,2315,2258,2218,1432,2359,2374,2379,2392,2353,2290,2293,1421,1887,2392,2361,2367,2329,2251,1919,10,5,5,5,5,5,5,5,5,5,5,5,5,5,5,5,255,5,5,5,5,5,5,5,5,255,5,5,5,5,5,255,5,5,5,5,5,5,5,255,5,255,5,10,5,5,5,255,10,255,255,5,255,5,5,255,255,255,255,10,5,255,255,255
1781192059.976927,98,17614072,2486,2449,2411,2407,2407,2396,2382,2406,1413,2425,2411,2378,2370,2361,2363,2324,1545,2382,2416,2384,2388,2379,2362,2351,1473,2402,2376,2385,2391,2386,2387,2344,1512,2420,2458,2377,2372,2352,2345,2196,1536,2367,2314,2364,2354,2323,2258,2218,1427,2359,2374,2385,2392,2353,2331,2293,1440,1887,2360,2291,2322,2329,2251,2076,255,5,5,5,5,5,5,5,255,5,5,5,5,5,5,5,255,5,5,5,5,5,5,5,9,10,5,5,5,5,5,255,255,5,5,5,5,5,5,255,5,255,5,5,5,5,255,255,5,255,255,5,255,255,5,255,10,255,10,5,5,255,255,10
1781192060.076981,99,17713726,2535,2465,2436,2415,2394,2399,2375,2418,1413,2442,2403,2411,2372,2386,2356,2348,1493,2384,2413,2411,2373,2388,2384,2331,1457,2342,2402,2387,2373,2394,2370,2344,1477,2433,2406,2403,2380,2348,2348,2196,1456,2367,2375,2409,2380,2354,2319,2223,1457,2359,2374,2390,2382,2353,2290,2264,1440,2201,2306,2331,2383,2317,2339,1954,10,5,5,5,5,5,5,5,255,5,5,5,5,5,5,5,10,5,5,5,5,5,5,5,5,5,5,5,5,5,5,255,10,5,5,5,5,5,5,255,5,255,5,5,5,5,10,10,5,255,255,5,10,255,5,10,255,10,5,5,5,10,10,5
1781192060.171700,100,17813728,2535,2468,2432,2400,2374,2412,2390,2407,1413,2414,2413,2387,2397,2370,2379,2014,1467,2414,2399,2382,2397,2383,2380,2368,1491,2342,2419,2395,2389,2378,2376,2344,1477,2366,2389,2401,2396,2327,2314,2196,1511,2367,2375,2443,2415,2347,2311,2223,1368,2359,2374,2375,2382,2353,2290,2264,1440,2201,2306,2395,2299,2341,2272,1954,255,5,5,5,5,5,9,5,255,5,5,5,5,5,5,5,5,5,5,5,5,5,5,5,5,255,5,5,5,5,5,255,255,5,5,5,5,5,5,255,5,255,255,5,5,5,5,255,5,255,255,5,255,255,255,255,255,255,255,5,5,5,5,255
1781192060.276673,101,17915658,2535,2455,2434,2400,2408,2396,2394,2409,1486,2436,2410,2385,2407,2380,2349,2029,1467,2396,2415,2408,2392,2367,2376,2352,1510,2393,2398,2390,2380,2394,2372,2344,1545,2339,2390,2391,2375,2367,2311,2196,1479,2367,2395,2391,2359,2339,2289,2223,1431,2359,2374,2339,2365,2342,2335,2264,1440,2201,2306,2395,2324,2332,2272,1954,255,5,5,5,5,5,5,5,10,5,5,5,5,5,5,5,255,5,5,5,5,5,5,5,5,10,5,5,5,5,5,255,10,5,5,5,5,5,5,255,5,255,10,5,5,5,5,255,5,255,255,5,10,10,10,255,255,255,255,255,5,5,255,255
1781192060.376529,102,18013728,2535,2440,2402,2391,2387,2381,2385,2435,1486,2423,2408,2403,2384,2370,2375,1991,1467,2335,2418,2402,2393,2386,2367,2328,1483,2379,2398,2402,2369,2381,2355,2344,1545,2358,2395,2400,2396,2375,2381,2196,1432,2367,2395,2391,2380,2352,2297,2280,1414,2359,2374,2339,2324,2395,2335,2228,1440,2201,2306,2395,2426,2322,2345,2288,255,5,5,5,5,5,5,5,255,5,5,5,5,5,5,5,255,5,5,5,5,5,5,5,5,5,5,5,5,5,5,255,255,5,5,5,5,5,5,255,5,255,255,255,5,5,5,10,5,255,255,255,5,5,255,10,255,255,255,255,5,5,10,10
1781192060.475036,103,18113803,2491,2428,2421,2412,2403,2404,2413,2411,1486,2438,2453,2410,2379,2369,2342,1956,1410,2389,2417,2391,2392,2395,2360,2358,1494,2446,2415,2396,2389,2397,2380,2344,1545,2358,2380,2396,2362,2369,2356,2196,1501,2367,2395,2382,2382,2369,2320,2280,1442,2359,2378,2384,2324,2398,2304,2228,1440,2201,2306,2366,2328,2324,2283,2202,10,5,5,5,5,5,5,5,255,5,5,5,5,5,5,5,10,5,5,5,5,5,5,5,5,5,5,5,5,5,5,255,255,255,5,5,5,5,5,255,9,255,255,10,5,5,5,255,5,255,10,10,255,5,10,255,255,255,255,10,5,5,5,5
1781192060.577623,104,18215932,2459,2447,2408,2382,2389,2379,2381,2396,1486,2407,2402,2400,2387,2377,2382,1975,1410,2377,2384,2434,2379,2383,2377,2332,1505,2446,2410,2381,2380,2384,2367,2344,1545,2328,2404,2394,2391,2377,2352,2196,1467,2367,2395,2382,2398,2357,2279,2247,1442,2359,2378,2429,2373,2345,2323,2298,1290,2201,2306,2361,2319,2351,2283,2202,5,5,5,5,5,5,5,5,255,5,5,5,5,5,5,5,255,5,5,5,5,5,5,5,5,255,5,5,5,5,5,255,255,10,5,5,5,5,5,255,5,255,255,255,5,5,5,10,255,255,255,5,10,5,5,10,10,255,255,5,5,5,255,255
1781192060.676165,105,18313747,2459,2479,2392,2431,2401,2394,2392,2414,1486,2428,2419,2407,2346,2388,2363,2287,1434,2371,2422,2394,2382,2362,2370,2368,1477,2420,2397,2376,2375,2377,2360,2344,1545,2406,2384,2373,2378,2386,2342,2196,1491,2367,2346,2382,2364,2313,2329,2269,1444,2359,2386,2389,2373,2392,2306,2298,1290,2201,2322,2361,2324,2292,2283,2202,255,5,5,5,5,5,5,5,255,5,5,5,5,5,5,5,10,5,5,5,5,5,5,5,5,10,5,5,5,5,5,255,255,5,5,5,5,5,5,255,5,255,10,255,5,5,5,5,10,255,10,5,255,5,5,255,255,255,10,255,5,5,255,255
1781192060.773924,106,18413728,2488,2447,2428,2423,2395,2391,2391,2360,1426,2375,2402,2389,2373,2377,2389,1997,1434,2401,2411,2375,2386,2353,2353,2362,1527,2404,2403,2392,2408,2379,2362,2311,1545,2383,2437,2397,2375,2356,2359,2196,1515,2367,2433,2382,2351,2313,2327,2269,1414,2359,2386,2420,2373,2392,2342,2298,1290,2201,2368,2361,2316,2292,2304,2202,10,5,5,5,5,5,5,5,10,5,5,5,5,5,5,5,255,5,5,5,5,5,5,5,5,5,5,5,5,5,5,10,255,255,5,5,5,5,5,255,5,255,5,255,5,255,5,255,5,255,255,5,255,255,5,255,255,255,5,255,5,255,10,255
1781192060.864947,107,18506556,2459,2440,2439,2395,2378,2437,2408,2431,1426,2445,2428,2404,2408,2372,2388,1969,1434,2361,2396,2427,2383,2370,2366,2355,1503,2404,2396,2400,2384,2377,2361,2308,1453,2380,2388,2389,2371,2366,2307,2196,1478,2367,2315,2402,2349,2287,2303,2303,1496,2359,2386,2399,2358,2316,2312,2168,1290,2201,2368,2391,2396,2338,2295,2202,5,5,5,5,5,5,5,5,255,5,5,5,5,5,5,5,255,5,5,5,5,5,5,5,5,255,5,5,5,5,5,5,10,5,5,5,5,5,5,255,5,255,5,10,5,10,5,10,5,255,255,5,10,10,5,10,255,255,255,10,5,10,5,255
1781192060.964963,108,18603727,2459,2439,2418,2399,2386,2378,2406,2384,1426,2415,2403,2384,2367,2382,2346,2349,1434,2407,2407,2394,2404,2388,2372,2339,1422,2416,2412,2399,2409,2394,2369,2389,1453,2337,2383,2392,2362,2358,2319,2196,1481,2367,2315,2391,2416,2336,2295,2272,1487,2359,2348,2441,2358,2316,2328,2168,1290,2201,2368,2391,2372,2367,2295,2202,255,5,5,5,5,5,5,5,10,5,5,5,5,5,5,5,255,5,5,5,5,5,5,5,5,10,5,5,5,5,5,5,255,5,5,5,5,5,5,255,5,255,255,5,5,5,5,5,5,255,10,5,255,255,5,255,255,255,255,255,5,5,255,255
1781192061.065408,109,18703727,2436,2449,2436,2413,2392,2387,2389,2448,1478,2389,2376,2415,2397,2360,2374,2395,1434,2379,2406,2398,2388,2382,2384,2336,1522,2361,2378,2385,2378,2390,2350,2297,1453,2392,2396,2389,2371,2342,2307,2196,1489,2367,2400,2435,2345,2279,2295,2216,1487,2359,2307,2389,2344,2316,2320,2168,1290,2201,2368,2391,2367,2350,2295,2202,10,5,5,5,5,5,5,5,5,5,5,5,5,5,5,5,255,5,5,5,5,5,5,5,5,5,5,5,5,5,5,5,255,5,5,5,5,5,5,255,5,255,10,5,5,5,5,5,255,255,5,5,10,255,5,255,255,255,255,255,5,5,255,255
1781192061.165003,110,18806789,2436,2447,2418,2398,2395,2402,2401,2449,1478,2429,2393,2389,2373,2365,2372,1960,1434,2412,2402,2409,2401,2388,2378,2327,1488,2361,2422,2393,2390,2381,2382,2297,1453,2398,2408,2388,2389,2357,2327,2196,1506,2367,2366,2426,2379,2324,2280,2304,1487,2359,2307,2345,2344,2316,2296,2168,1290,2201,2368,2391,2308,2315,2295,2202,255,5,5,5,5,5,5,5,255,5,5,5,5,5,5,5,255,5,5,5,5,5,5,5,5,255,5,5,5,5,5,255,255,5,5,5,5,5,5,255,5,255,5,5,5,5,5,5,255,255,255,5,255,255,5,255,255,255,255,255,5,5,255,255
1781192061.265766,111,18903735,2436,2466,2418,2410,2387,2406,2388,2396,1449,2414,2402,2403,2391,2379,2390,1988,1535,2385,2418,2402,2377,2373,2367,2387,1401,2361,2394,2407,2378,2384,2360,2297,1541,2401,2366,2377,2390,2374,2344,2196,1483,2367,2366,2362,2406,2352,2345,2310,1486,2359,2307,2281,2358,2336,2365,2168,1456,2201,2368,2391,2323,2346,2295,2159,255,5,5,5,5,5,5,5,10,5,5,5,5,5,5,5,10,5,5,5,5,5,5,5,5,255,5,5,5,5,5,255,10,5,5,5,5,5,5,255,5,255,255,5,5,5,5,5,10,255,255,5,10,10,5,255,10,255,255,255,5,5,255,10
1781192061.365468,112,19003727,2436,2435,2430,2395,2395,2397,2409,2435,1415,2411,2388,2413,2380,2394,2380,2316,1535,2377,2419,2413,2372,2376,2363,2351,1542,2361,2404,2388,2389,2383,2359,2297,1701,2379,2402,2380,2409,2368,2322,1798,1476,2367,2379,2354,2353,2359,2290,2336,1349,2359,2307,2281,2358,2338,2363,2168,1456,2201,2317,2387,2323,2346,2262,2015,255,5,5,5,5,5,5,5,5,5,5,5,5,5,5,5,255,5,5,5,5,5,5,5,5,255,5,5,5,5,5,255,5,5,5,5,5,5,5,10,5,255,10,5,5,5,5,5,5,255,255,255,255,5,5,255,255,255,10,10,255,255,10,9
1781192061.466742,113,19103727,2412,2442,2434,2426,2402,2341,2406,2395,1411,2431,2435,2398,2372,2365,2367,2002,1524,2402,2422,2414,2378,2387,2370,2347,1531,2361,2407,2399,2392,2384,2368,2297,1439,2357,2385,2379,2341,2370,2317,1798,1457,2367,2365,2412,2375,2315,2298,2163,1349,2359,2307,2375,2318,2318,2359,2168,1456,2201,2317,2387,2394,2346,2262,1893,10,5,5,5,5,5,5,5,5,5,5,5,5,5,5,5,10,5,5,5,5,5,5,5,5,255,5,5,5,5,5,255,4,5,5,5,5,5,5,255,5,255,5,5,5,5,5,5,255,255,255,10,10,5,5,255,255,255,255,255,10,255,255,5
1781192061.562135,114,19203819,2412,2422,2433,2393,2396,2362,2399,2406,1411,2368,2403,2381,2419,2375,2385,1987,1459,2404,2411,2398,2386,2385,2366,2306,1516,2408,2413,2402,2377,2368,2381,2297,1439,2374,2364,2385,2370,2342,2331,1798,1475,2367,2396,2412,2375,2365,2289,2163,1389,2359,2418,2375,2318,2426,2293,2168,1456,2201,2317,2314,2356,2341,2262,1893,255,5,5,5,5,5,5,5,255,5,5,5,5,5,5,5,5,5,5,5,5,5,5,5,5,10,5,5,5,5,5,255,255,5,5,5,5,5,5,255,9,255,5,255,255,5,5,255,10,255,10,255,255,5,5,255,255,255,255,10,5,10,255,255
1781192061.664329,115,19304916,2461,2458,2402,2407,2389,2391,2407,2414,1470,2407,2401,2391,2370,2374,2397,2358,1459,2391,2399,2390,2403,2378,2376,2343,1498,2338,2405,2402,2382,2352,2363,2297,1449,2341,2372,2401,2366,2373,2336,2268,1466,2367,2396,2412,2347,2365,2319,2324,1427,2359,2418,2382,2327,2333,2285,2168,1436,2201,2340,2314,2383,2265,2262,1996,10,5,5,5,5,5,5,5,10,5,5,5,5,5,5,5,255,5,5,5,5,5,5,5,5,5,5,5,5,5,5,255,10,5,5,5,5,5,5,10,5,255,255,255,10,255,5,10,5,255,255,10,10,5,5,255,10,255,10,255,5,5,255,10
1781192061.761762,116,19403747,2461,2457,2404,2397,2397,2358,2384,2445,1470,2409,2397,2391,2387,2391,2365,1997,1477,2394,2406,2409,2385,2380,2364,2333,1452,2388,2395,2413,2396,2384,2355,2297,1449,2341,2386,2395,2366,2380,2345,2268,1503,2367,2396,2414,2361,2331,2324,2347,1427,2359,2418,2430,2327,2356,2302,2298,1436,2201,2340,2395,2362,2265,2262,1996,255,5,5,5,5,5,5,5,255,5,5,5,5,5,5,5,10,5,5,5,5,5,5,5,5,5,5,5,5,5,5,255,255,255,5,5,5,5,5,255,5,255,10,10,5,10,5,5,5,255,255,5,255,5,5,10,255,255,255,10,5,255,255,255
1781192061.861999,117,19503814,2461,2440,2397,2420,2386,2398,2381,2427,1470,2407,2419,2399,2391,2375,2355,1977,1477,2368,2403,2404,2415,2375,2363,2346,1552,2393,2436,2391,2384,2396,2368,2297,1484,2363,2406,2360,2393,2371,2340,2268,1536,2367,2371,2378,2381,2326,2291,2307,1427,2359,2390,2430,2327,2373,2283,2298,1406,2201,2353,2395,2347,2343,2262,1996,255,5,5,5,5,5,5,5,255,5,5,5,5,5,5,5,255,5,5,5,5,5,5,5,5,5,5,5,5,5,5,255,10,10,5,5,5,5,5,255,5,255,5,5,5,5,5,5,255,255,10,255,255,5,5,255,10,255,10,255,5,10,255,255
1781192061.961647,118,19603727,2471,2445,2439,2406,2410,2392,2407,2431,2411,2400,2408,2384,2371,2381,2342,1966,1424,2369,2396,2400,2385,2373,2374,2358,1561,2400,2409,2388,2384,2382,2366,2297,1549,2399,2396,2374,2382,2357,2349,2268,1465,2367,2399,2378,2357,2326,2322,2307,1478,2359,2390,2427,2327,2373,2326,2298,1406,2201,2322,2395,2320,2337,2342,1996,10,5,5,5,5,5,5,5,10,5,5,5,5,5,5,5,10,5,5,5,5,5,5,5,5,5,5,5,5,5,5,255,5,5,5,5,5,5,5,255,5,255,5,255,5,255,5,255,10,255,255,10,255,255,5,255,255,255,5,255,5,5,10,255
1781192062.061843,119,19703727,2481,2441,2430,2406,2407,2388,2376,2412,2411,2425,2407,2386,2387,2363,2392,1975,1487,2365,2417,2403,2400,2381,2369,2357,1491,2400,2376,2389,2377,2368,2378,2319,1462,2359,2430,2391,2376,2381,2335,2268,1480,2367,2349,2319,2295,2295,2301,2220,1478,2359,2390,2407,2379,2373,2287,2298,1406,2201,2322,2362,2320,2337,2342,1996,5,5,5,5,5,5,5,5,255,5,5,5,5,5,5,5,5,5,5,5,5,5,5,5,5,255,5,5,5,5,5,10,5,5,5,5,5,5,5,255,5,255,5,10,5,10,5,10,255,255,255,5,10,255,5,255,255,255,255,10,255,255,255,255
1781192062.163173,120,19804731,2481,2464,2399,2420,2410,2391,2381,2371,2382,2427,2408,2410,2410,2373,2360,2020,1419,2395,2409,2404,2382,2393,2369,2200,1470,2352,2396,2402,2392,2390,2384,2319,1462,2374,2375,2394,2361,2378,2364,2268,1505,2367,2410,2394,2350,2352,2277,2216,1430,2741,2390,2407,2379,2332,2318,2298,1406,2201,2322,2362,2311,2337,2370,1996,255,5,5,5,5,5,5,5,10,5,5,5,5,5,5,5,5,5,5,5,5,5,5,5,5,10,5,5,5,5,5,255,255,5,5,5,5,5,5,255,5,255,5,5,5,5,5,5,10,10,255,255,255,10,5,255,255,255,255,255,10,255,10,255
1781192062.251999,121,19894124,2481,2456,2414,2402,2369,2400,2395,2421,2382,2374,2396,2410,2390,2389,2377,1977,1441,2369,2401,2401,2387,2361,2371,2327,1503,2352,2409,2407,2387,2370,2378,2319,1462,2343,2424,2349,2389,2351,2388,2227,1501,2367,2346,2351,2401,2289,2308,2216,1390,2741,2390,2348,2338,2334,2314,2298,1342,2201,2322,2342,2346,2370,2245,1945,255,5,5,5,5,5,5,5,255,5,5,5,5,5,5,5,5,5,5,5,5,5,5,5,5,255,5,5,5,5,5,255,255,255,5,5,5,5,5,10,5,255,5,5,5,5,5,255,5,255,255,10,10,5,5,255,10,255,255,10,5,10,5,10
1781192062.351562,122,19993727,2470,2448,2413,2410,2395,2381,2366,2451,2382,2420,2408,2417,2377,2375,2397,2020,1434,2392,2405,2403,2402,2387,2348,2311,1495,2422,2418,2402,2403,2379,2366,2322,1462,2351,2372,2380,2363,2348,2357,2227,1507,2367,2346,2396,2351,2302,2345,2254,1459,2741,2376,2380,2353,2372,2311,2298,1372,2201,2322,2342,2293,2394,2245,1801,10,5,5,5,5,5,5,5,255,5,5,5,5,5,5,5,5,5,5,5,5,5,5,5,5,10,5,5,5,5,5,10,255,5,5,5,5,5,5,255,5,255,255,5,5,5,5,10,5,255,10,5,5,5,5,255,5,255,255,255,5,5,255,5
1781192062.456549,123,20093810,2470,2446,2443,2397,2386,2392,2394,2406,2382,2415,2416,2394,2374,2375,2384,2352,1434,2386,2395,2380,2375,2384,2367,2275,1446,2379,2407,2392,2366,2365,2366,2253,1462,2318,2377,2388,2392,2322,2338,2227,1472,2367,2326,2404,2363,2346,2287,2231,1393,2741,2376,2358,2320,2372,2286,2298,1372,2201,2403,2342,2302,2273,2245,1801,255,5,5,5,5,5,5,5,255,5,5,5,5,5,5,5,255,5,5,5,5,5,5,5,5,5,5,5,5,5,5,5,255,5,5,5,5,5,5,255,5,255,10,5,5,5,5,5,5,255,255,5,5,255,5,255,255,255,10,255,5,5,255,255
1781192062.551814,124,20193728,2470,2455,2431,2413,2388,2377,2370,2338,1397,2421,2417,2391,2405,2410,2375,1976,1434,2386,2410,2408,2398,2384,2377,2367,1471,2418,2413,2395,2377,2385,2366,2253,1462,2318,2418,2398,2415,2349,2327,2227,1551,2367,2470,2451,2336,2346,2341,2268,1416,2741,2376,2349,2320,2346,2306,2298,1399,2201,2403,2271,2313,2332,2245,1801,255,5,5,5,5,5,5,5,10,5,5,5,5,5,5,5,255,255,5,5,5,5,5,5,5,5,5,5,5,5,5,255,255,255,5,5,5,5,5,255,5,255,5,5,5,255,5,5,5,255,255,5,255,10,5,255,10,255,255,10,5,5,255,255
1781192062.651638,125,20293727,2521,2410,2416,2422,2367,2396,2383,2410,1435,2414,2407,2395,2377,2369,2379,2010,1434,2383,2391,2413,2392,2369,2372,2333,1493,2383,2416,2402,2396,2363,2374,2334,1462,2225,2387,2409,2390,2356,2322,2227,1517,2367,2404,2422,2395,2319,2288,2271,1419,2741,2357,2401,2320,2342,2339,2298,1435,2201,2403,2358,2321,2351,2307,1801,10,5,5,5,5,5,5,5,5,5,5,5,5,5,5,5,255,10,5,5,5,5,5,5,5,5,5,5,5,5,5,10,255,10,5,5,5,5,5,255,5,255,5,5,5,10,5,5,5,255,10,5,255,5,5,255,5,255,255,5,5,5,10,255
1781192062.752357,126,20394224,2521,2451,2416,2425,2384,2378,2423,2400,1414,2405,2379,2387,2392,2377,2387,2023,1434,2388,2403,2412,2398,2368,2369,2313,1492,2382,2411,2386,2392,2355,2380,2321,1462,2383,2415,2406,2362,2325,2360,2227,1511,2367,2404,2381,2312,2319,2336,2271,1523,2741,2392,2379,2344,2342,2334,2228,1435,2201,2403,2358,2364,2306,2347,1801,255,5,5,5,5,5,5,5,5,5,5,5,5,5,5,5,255,5,5,5,5,5,5,5,5,5,5,5,5,5,5,5,255,5,5,5,5,5,5,255,9,255,255,5,5,255,5,5,5,255,5,5,10,255,5,10,255,255,255,255,5,5,5,255
1781192062.851684,127,20493731,2485,2458,2415,2404,2374,2417,2387,2381,1403,2421,2420,2399,2355,2372,2380,1938,1434,2395,2394,2387,2396,2380,2374,2303,1524,2375,2426,2422,2380,2377,2376,2321,1510,2409,2392,2408,2380,2350,2349,2227,1499,2367,2365,2384,2378,2319,2345,2199,1419,2741,2392,2398,2344,2342,2344,2222,1412,2201,2403,2358,2335,2344,2347,1801,10,5,5,5,5,5,5,5,5,5,5,5,5,5,5,5,255,5,5,5,5,5,5,9,5,5,5,5,5,5,5,255,10,255,5,5,5,5,5,255,5,255,10,5,5,255,5,5,5,255,255,5,255,255,5,5,10,255,255,255,5,5,255,255
1781192062.951663,128,20593728,2485,2437,2426,2392,2356,2420,2398,2400,1418,2418,2422,2385,2366,2406,2370,2008,1434,2419,2403,2391,2401,2371,2384,2340,1484,2429,2404,2390,2391,2361,2359,2321,1510,2385,2383,2385,2392,2391,2322,2227,1449,2367,2398,2386,2364,2346,2316,2199,1419,2741,2392,2398,2388,2363,2320,2222,1412,2201,2403,2320,2404,2368,2347,1801,255,5,5,5,5,5,5,5,5,5,5,5,5,5,5,5,255,5,5,5,5,5,5,5,5,5,5,5,5,5,5,255,255,5,5,5,5,5,5,255,5,255,5,5,5,10,5,255,255,255,255,255,10,10,5,255,255,255,255,10,5,5,255,255
1781192063.052008,129,20693811,2485,2446,2404,2401,2392,2377,2375,2420,1418,2405,2407,2392,2389,2361,2390,1965,1469,2394,2409,2390,2397,2373,2374,2328,1506,2429,2406,2403,2379,2366,2370,2321,1510,2377,2398,2376,2362,2365,2349,2227,1486,2367,2397,2386,2382,2356,2298,2268,1449,2741,2392,2398,2402,2367,2322,2321,1317,2201,2403,2320,2306,2332,2347,1801,255,5,5,5,5,5,5,5,255,5,5,5,5,5,5,5,10,5,5,5,5,5,5,5,5,255,5,5,5,5,5,255,255,5,5,5,5,5,5,255,5,255,5,255,5,5,5,10,10,255,255,255,5,5,5,10,10,255,255,255,5,5,255,255
1781192063.151626,130,20793759,2485,2423,2417,2416,2375,2398,2404,2394,1453,2455,2408,2410,2426,2379,2369,2000,1469,2388,2417,2401,2391,2366,2366,2342,1452,2460,2412,2402,2397,2375,2377,2321,1516,2347,2395,2383,2375,2327,2337,2227,1468,2367,2397,2394,2363,2356,2289,2268,1449,2741,2392,2375,2341,2375,2338,2334,1431,2201,2403,2412,2375,2355,2347,2193,255,5,5,5,5,5,5,5,10,5,5,5,5,5,5,5,255,5,5,5,5,5,5,5,5,10,5,5,5,5,5,255,10,5,5,5,5,5,5,255,5,255,255,10,5,255,5,255,255,255,255,10,5,5,5,5,5,255,255,10,5,5,255,10
1781192063.252180,131,20894097,2485,2445,2420,2420,2391,2382,2389,2415,1453,2415,2418,2378,2378,2390,2384,2354,1469,2371,2423,2423,2396,2388,2367,2347,1483,2460,2406,2400,2388,2362,2355,2321,1520,2346,2412,2380,2387,2358,2322,2227,1427,2367,2397,2398,2363,2356,2324,2219,1449,2741,2392,2375,2327,2353,2288,2334,1338,2201,2403,2412,2356,2341,2347,2193,255,5,5,5,5,5,5,5,255,5,5,5,5,5,5,5,255,5,5,5,5,5,5,5,5,255,5,5,5,5,5,255,5,5,5,5,5,5,5,255,5,255,255,5,255,255,5,10,255,255,255,255,5,5,5,255,5,255,255,255,5,5,255,255
1781192063.354416,132,20994104,2485,2427,2423,2409,2394,2403,2393,2386,1453,2399,2431,2390,2369,2366,2375,2068,1469,2392,2410,2406,2397,2385,2367,2322,1499,2460,2399,2403,2387,2393,2362,2311,1520,2350,2405,2421,2362,2361,2355,2227,1484,2367,2397,2390,2394,2356,2326,2219,1449,2741,2392,2360,2422,2349,2337,2334,1408,2201,2403,2412,2356,2334,2347,2193,255,5,5,5,5,5,5,5,255,5,5,5,5,5,5,5,255,5,5,5,5,5,5,9,5,255,5,5,5,5,5,10,255,5,5,5,5,5,5,255,5,255,255,5,10,255,5,255,255,255,255,10,5,5,5,255,5,255,255,255,255,5,255,255
1781192063.457344,133,21093727,2457,2440,2412,2398,2408,2375,2397,2388,1453,2414,2417,2393,2358,2381,2356,2355,1479,2429,2416,2404,2383,2385,2373,2333,1480,2354,2404,2397,2398,2379,2360,2311,1520,2408,2378,2400,2403,2313,2344,2227,1538,2367,2416,2403,2370,2239,2306,2229,1486,2280,2424,2373,2368,2303,2307,2334,1408,2201,2403,2325,2329,2348,2332,2193,10,5,5,5,5,5,5,5,255,5,5,5,5,5,5,5,10,5,5,5,5,5,5,5,5,10,5,5,5,5,5,255,255,5,5,5,5,5,5,255,5,255,10,5,5,10,5,10,10,10,10,5,5,5,5,255,255,255,255,10,10,5,10,255
1781192063.557433,134,21193727,2457,2456,2395,2434,2359,2373,2400,2414,1495,2429,2401,2389,2398,2372,2381,2013,1479,2372,2414,2385,2390,2385,2368,2337,1510,2442,2410,2398,2391,2369,2366,2324,1425,2349,2406,2413,2368,2377,2345,2227,1449,2367,2426,2433,2416,2239,2292,2229,1486,2280,2424,2413,2368,2356,2295,2334,1408,2201,2382,2325,2337,2348,2280,2193,255,5,5,5,5,5,5,5,10,5,5,5,5,5,5,5,255,5,5,5,5,5,5,5,5,5,5,5,5,5,5,10,10,5,5,5,5,5,5,255,5,255,5,5,5,255,5,255,255,255,255,5,255,5,5,255,10,255,10,255,5,255,5,255
1781192063.649644,135,21285775,2454,2455,2409,2413,2411,2405,2386,2425,1495,2402,2413,2419,2384,2366,2381,2218,1446,2382,2395,2411,2402,2367,2378,2335,1487,2403,2430,2416,2397,2384,2354,2352,1425,2387,2421,2414,2382,2321,2332,2227,1476,2367,2407,2433,2395,2345,2311,2229,1417,2280,2424,2373,2368,2419,2311,2334,1408,2201,2382,2359,2338,2389,2279,2193,10,5,5,5,5,5,5,5,255,5,5,5,5,5,5,3,10,5,5,5,5,5,5,5,9,5,5,5,5,5,5,5,255,5,5,5,5,5,5,255,5,255,5,255,5,10,5,255,10,255,255,5,255,5,5,255,255,255,255,10,5,10,5,255
1781192063.743732,136,21383755,2434,2433,2393,2403,2374,2397,2394,2408,1495,2428,2398,2395,2414,2365,2346,2343,1446,2392,2386,2391,2379,2398,2361,2327,1444,2381,2416,2394,2389,2357,2383,2352,1425,2318,2415,2385,2376,2365,2340,2227,1464,2367,2382,2361,2369,2379,2360,2317,1417,2280,2424,2350,2368,2419,2320,2334,1408,2201,2382,2359,2390,2314,2335,2203,5,5,5,5,5,5,5,5,255,5,5,5,5,5,5,5,255,5,5,5,5,5,5,5,5,5,5,5,5,5,5,255,255,5,5,5,5,5,5,255,5,255,5,10,5,5,5,10,255,255,255,5,255,255,5,255,255,255,255,255,5,5,5,10
1781192063.842610,137,21483731,2434,2452,2443,2398,2398,2400,2395,2409,1454,2429,2402,2396,2382,2395,2376,2365,1418,2414,2401,2409,2394,2389,2381,2349,1502,2369,2408,2391,2379,2385,2367,2352,1425,2333,2387,2380,2397,2397,2342,2227,1474,2367,2391,2376,2368,2354,2325,2317,1451,2280,2424,2363,2368,2384,2327,2334,1408,2201,2382,2353,2303,2341,2335,2203,255,5,5,5,5,5,5,5,10,5,5,5,5,5,5,5,10,5,5,5,5,5,5,5,5,5,5,5,5,5,5,255,255,5,5,5,5,5,5,255,9,255,5,5,5,5,5,255,10,255,255,5,255,10,5,255,255,255,255,10,5,5,255,255
1781192063.948821,138,21586083,2434,2446,2421,2426,2400,2386,2379,2374,1454,2460,2396,2400,2384,2396,2398,2013,1418,2386,2401,2382,2391,2392,2380,2338,1519,2369,2408,2387,2392,2401,2375,2352,1425,2418,2380,2384,2386,2364,2345,2227,1496,2367,2401,2387,2352,2271,2303,2317,1451,2280,2407,2331,2368,2333,2317,2334,1408,2201,2382,2353,2303,2315,2335,2203,255,5,5,5,5,5,5,5,255,5,5,5,5,5,5,5,255,5,5,5,5,5,5,5,5,255,5,5,5,5,5,255,255,5,5,5,5,5,5,255,5,255,5,5,5,5,5,255,255,255,10,5,255,5,5,255,255,255,255,255,255,5,255,255
1781192064.047044,139,21683727,2455,2436,2424,2412,2386,2390,2434,2440,1454,2398,2417,2396,2396,2381,2363,2107,1418,2385,2410,2408,2379,2384,2364,2304,1489,2405,2400,2390,2389,2383,2358,2352,1425,2358,2414,2390,2384,2355,2324,2227,1460,2367,2401,2373,2375,2288,2326,2248,1353,2280,2407,2400,2391,2333,2330,2334,1408,2201,2382,2366,2374,2352,2335,2203,10,5,5,5,5,5,5,5,255,5,5,5,5,5,5,9,255,5,5,5,5,5,5,5,9,10,5,5,5,5,5,255,255,5,5,5,5,5,5,255,9,255,255,5,5,5,5,10,10,255,255,5,10,255,5,255,255,255,255,10,10,5,255,255
1781192064.144759,140,21786251,2486,2432,2423,2415,2378,2352,2384,2345,1454,2426,2426,2383,2375,2390,2396,2007,1418,2363,2415,2398,2403,2377,2382,2333,1493,2405,2403,2391,2392,2390,2366,2352,1425,2352,2399,2373,2386,2399,2349,2227,1492,2367,2381,2402,2346,2355,2324,2248,1452,2280,2407,2400,2391,2333,2355,2334,1389,2201,2382,2399,2288,2326,2282,2203,5,5,5,5,5,5,5,5,255,4,5,5,5,5,5,5,255,5,5,5,5,5,5,5,9,255,5,5,5,5,5,255,255,5,5,5,5,5,5,255,5,255,10,5,5,5,5,255,5,255,255,255,255,255,5,255,10,255,255,5,5,5,10,255
1781192064.246341,141,21886508,2486,2437,2442,2386,2411,2389,2401,2403,1499,2402,2407,2400,2411,2386,2367,1998,1418,2374,2395,2405,2380,2366,2367,2302,1488,2386,2396,2382,2376,2361,2374,2352,1425,2376,2403,2370,2387,2326,2344,2227,1494,2367,2302,2350,2368,2337,2322,2248,1439,2280,2407,2400,2384,2333,2321,2334,1389,2201,2382,2323,2398,2356,2303,2251,255,5,5,5,5,5,5,5,10,4,5,5,5,5,5,5,255,5,5,5,5,5,5,5,5,10,5,5,5,5,5,255,255,5,5,5,5,5,5,255,5,255,5,5,5,5,5,255,5,255,255,255,10,255,5,255,255,255,255,5,5,5,5,10
1781192064.346655,142,21983727,2448,2429,2426,2418,2386,2405,2406,2352,1499,2416,2412,2387,2387,2379,2374,1949,1485,2392,2411,2409,2386,2380,2368,2316,1410,2386,2397,2382,2386,2364,2366,2352,1591,2349,2428,2397,2407,2365,2342,2227,1502,2367,2387,2397,2362,2322,2273,2292,1439,2280,2407,2364,2384,2333,2333,2334,1419,2201,2331,2351,2398,2337,2303,2251,10,5,5,5,5,5,5,5,255,5,5,5,5,5,5,5,10,5,5,5,5,5,5,5,5,255,5,5,5,5,5,255,10,5,5,5,5,5,5,255,5,255,5,5,5,5,5,10,255,255,255,10,255,255,5,255,10,255,10,5,255,5,255,255
1781192064.445083,143,22083727,2448,2417,2426,2397,2395,2393,2387,2415,1499,2419,2409,2395,2407,2379,2375,2317,1485,2384,2418,2406,2386,2377,2366,2333,1502,2394,2415,2395,2388,2366,2392,2264,1439,2370,2417,2382,2383,2395,2339,2227,1499,2367,2387,2412,2387,2319,2338,2292,1439,2280,2407,2348,2384,2385,2312,2334,1419,2201,2352,2301,2305,2295,2353,2299,255,5,5,5,5,5,5,5,255,5,5,5,5,5,5,5,255,5,5,5,5,5,5,5,5,10,5,5,5,5,5,10,5,5,5,5,5,5,5,255,5,255,255,5,5,5,5,255,255,255,255,5,255,10,5,255,255,255,5,5,10,5,10,10
1781192064.548915,144,22185947,2448,2455,2422,2406,2376,2401,2382,2411,1499,2457,2430,2390,2407,2378,2362,1979,1485,2373,2407,2401,2379,2387,2366,2349,1486,2367,2420,2401,2395,2388,2374,2264,1439,2382,2382,2401,2395,2365,2318,2227,1497,2367,2353,2414,2349,2319,2311,2299,1412,2280,2407,2355,2384,2330,2362,2334,1419,2201,2352,2301,2351,2279,2353,2299,255,5,5,5,5,5,5,5,255,5,5,5,5,5,5,5,255,5,5,5,5,5,5,5,5,5,5,5,5,5,5,255,255,5,5,5,5,5,5,255,5,255,10,5,5,255,5,10,10,255,255,5,255,5,5,255,255,255,255,255,5,5,255,255
1781192064.647520,145,22283727,2514,2457,2390,2391,2403,2430,2393,2423,1499,2404,2417,2397,2384,2380,2356,2024,1541,2414,2394,2402,2375,2373,2372,2364,1503,2367,2395,2410,2399,2371,2373,2264,1537,2357,2408,2391,2374,2364,2357,2227,1491,2367,2353,2398,2340,2308,2311,2221,1497,2280,2387,2360,2384,2319,2361,2334,1419,2201,2352,2301,2359,2378,2353,2299,10,5,5,5,5,5,5,5,255,5,5,5,5,5,5,5,10,5,5,5,5,5,5,5,5,255,5,5,5,5,5,255,10,5,5,5,5,5,5,255,5,255,255,5,5,10,255,5,5,255,10,5,255,5,5,255,255,255,255,255,5,5,255,255
1781192064.744604,146,22383759,2469,2460,2414,2422,2392,2397,2389,2424,1499,2427,2421,2391,2398,2365,2344,1993,1541,2392,2419,2404,2380,2366,2366,2336,1478,2367,2397,2427,2382,2378,2373,2335,1537,2368,2407,2404,2377,2299,2341,2227,1414,2367,2353,2388,2355,2252,2320,2221,1397,2280,2387,2360,2384,2319,2348,2334,1419,2201,2330,2301,2322,2351,2353,2299,5,5,5,5,5,5,5,5,255,5,5,5,5,5,5,5,255,5,5,5,5,5,5,5,5,255,5,5,5,5,5,10,255,5,5,5,5,5,5,255,5,255,255,5,5,5,10,255,5,255,255,255,255,255,5,255,255,255,10,255,5,5,255,255
1781192064.845395,147,22483731,2428,2458,2425,2405,2387,2426,2387,2425,1446,2425,2399,2391,2382,2390,2357,2002,1541,2363,2401,2418,2388,2392,2352,2258,1485,2367,2411,2405,2391,2378,2376,2303,1537,2386,2389,2396,2393,2343,2352,2227,1471,2367,2371,2362,2357,2252,2319,2221,1397,2280,2358,2351,2384,2401,2291,2334,1419,2201,2374,2335,2365,2327,2353,2299,5,5,5,5,5,5,5,5,10,5,5,5,5,5,5,5,255,5,5,5,5,5,5,5,5,255,5,5,5,5,5,5,255,5,5,5,5,5,5,255,5,255,10,5,5,255,5,255,255,255,10,10,255,10,5,255,255,255,5,10,5,5,255,255
1781192064.946659,148,22583811,2428,2440,2427,2410,2383,2400,2406,2382,1446,2418,2433,2396,2374,2376,2380,2031,1541,2391,2421,2402,2394,2372,2368,2335,1483,2394,2412,2377,2393,2392,2369,2303,1537,2373,2384,2387,2381,2348,2326,2227,1470,2367,2369,2330,2377,2333,2269,2221,1419,2280,2358,2398,2384,2376,2299,2334,1419,2201,2374,2303,2351,2322,2353,2051,255,5,5,5,5,5,5,5,255,5,5,5,5,5,5,5,255,5,5,5,5,5,5,5,5,10,5,5,5,5,5,255,255,5,5,5,5,5,5,255,5,255,5,5,5,10,5,255,10,255,255,5,255,5,5,255,255,255,255,5,5,5,255,10
1781192065.036824,149,22673727,2428,2457,2425,2412,2391,2407,2362,2419,1426,2403,2414,2407,2380,2387,2382,1975,1541,2364,2408,2407,2384,2374,2386,2345,1476,2394,2399,2413,2390,2394,2362,2303,1537,2377,2414,2365,2379,2345,2346,2227,1519,2367,2369,2335,2351,2319,2329,2231,1419,2280,2358,2398,2334,2376,2348,2334,1412,2201,2361,2314,2322,2367,2353,2123,255,5,5,5,5,5,5,5,10,5,5,5,5,5,5,9,255,5,5,5,5,5,5,5,5,255,5,5,5,5,5,255,255,5,5,5,5,5,5,255,5,255,255,5,5,5,5,10,255,255,255,255,10,255,5,255,10,255,10,5,5,5,255,5
1781192065.135985,150,22775807,2487,2460,2429,2385,2391,2389,2407,2441,1426,2433,2430,2388,2400,2392,2370,2029,1565,2367,2397,2377,2392,2390,2364,2359,1496,2405,2393,2402,2412,2373,2380,2303,1506,2347,2387,2387,2392,2359,2324,2227,1595,2367,2424,2382,2352,2357,2336,2280,1453,2216,2358,2398,2334,2356,2330,2334,1412,2201,2361,2314,2389,2297,2253,2123,10,5,5,5,5,5,5,5,255,5,5,5,5,9,5,5,10,5,5,5,5,5,5,5,5,10,5,5,5,5,5,255,10,5,5,5,5,5,5,255,5,255,10,5,5,5,5,5,10,10,255,255,255,10,5,255,255,255,255,255,5,5,10,255
1781192098.105850,151,55743830,2474,2446,1006,1005,976,996,1032,2437,1383,2413,2386,1077,1361,1082,2366,1978,1414,2345,2433,2408,1496,2355,2357,2316,1480,2388,2397,2399,2381,2368,2364,2339,1688,2343,2377,2363,2380,2334,2318,2209,1454,2356,2392,2374,2332,2313,2302,2329,1433,2406,2359,2381,2358,2381,2306,2143,1359,2301,2352,2420,2374,2330,2332,2271,6,6,6,6,6,6,6,6,6,6,6,6,6,6,6,6,255,6,6,6,6,6,6,6,255,6,6,6,6,6,6,255,6,6,6,6,6,6,6,255,255,255,6,255,6,255,255,6,6,255,6,255,6,6,6,255,255,255,255,255,6,6,6,6
1781192098.206400,152,55843728,2474,2469,2429,935,789,651,642,2386,1383,2421,2376,958,1052,663,2335,1985,1414,2338,2418,1396,1490,2369,2366,2307,1513,2388,2411,2398,2382,2363,2358,2339,1477,2379,2377,2417,2367,2334,2321,2209,1485,2356,2393,2374,2341,2313,2286,2329,1388,2406,2359,2403,2333,2349,2306,2143,1319,2301,2367,2420,2377,2377,2277,2271,255,5,5,5,5,4,4,5,255,5,5,5,4,4,5,5,255,5,5,4,5,5,5,5,5,255,5,5,5,5,5,255,4,5,255,5,5,5,5,255,5,255,5,255,5,255,10,255,5,255,255,10,5,5,5,255,10,255,10,255,5,5,5,255
1781192098.306861,153,55943727,2474,2424,2415,906,624,612,642,2381,1383,2401,985,915,949,639,2348,1978,1447,2373,991,1425,1436,2368,2356,2334,1525,2411,2424,1483,2364,2372,2361,2293,1430,2273,2413,2363,2393,2359,2334,2209,1406,2356,2334,2381,2384,2313,2308,2271,1388,2406,2422,2409,2333,2372,2309,2143,1349,2301,2367,2352,2341,2353,2277,2271,255,5,5,5,5,5,5,5,255,5,5,5,5,5,5,5,10,5,5,5,5,5,5,5,5,10,5,5,5,5,5,10,5,5,10,5,5,5,5,255,5,255,5,10,5,255,5,10,255,255,10,5,255,5,5,255,5,255,255,10,5,5,255,255
1781192098.401525,154,56043811,2474,2446,2412,2425,634,616,2369,2413,1383,2399,915,872,645,626,600,2011,1458,2396,938,949,665,642,2350,2303,1469,2411,2417,965,2395,2356,2366,2276,1430,2346,2417,2427,2368,2310,2333,2209,1462,2330,2334,2393,2314,2320,2311,2235,1509,2406,2412,2395,2333,2363,2280,2143,1349,2301,2367,2352,2324,2353,2277,2271,255,5,5,5,5,5,5,5,255,5,5,5,4,5,5,5,5,5,5,5,4,4,5,5,5,255,5,4,5,5,5,5,255,5,5,5,5,5,5,255,5,10,255,5,5,10,5,5,10,255,5,5,255,5,5,255,255,255,255,255,5,255,255,255
1781192098.506747,155,56144032,2489,2453,2429,2426,2448,2397,2370,2422,1383,2408,2431,890,651,655,2404,1985,1458,2365,905,882,638,631,663,2351,1473,2371,2434,915,2369,659,2370,2276,1542,2346,961,959,2371,2373,2345,2209,1458,2330,2334,2393,2377,2339,2308,2258,1509,2406,2412,2395,2333,2363,2272,2143,1379,2301,2367,2284,2329,2341,2277,2271,10,5,5,5,5,4,5,5,255,5,5,5,5,5,5,5,255,5,5,5,5,5,5,5,5,10,5,5,5,5,5,255,10,255,4,4,5,5,5,255,5,255,255,255,5,5,5,5,255,255,255,255,255,255,5,255,10,255,255,10,5,10,255,255
1781192098.605000,156,56243727,2489,2442,2410,2405,2388,2395,2370,2377,1469,2424,2422,882,839,880,2387,2310,1554,2423,910,816,634,627,2366,2336,1515,2371,906,835,653,623,2378,2276,1542,2358,936,940,2359,2354,2370,2209,1480,2330,2334,984,2378,2339,2310,2219,1376,2406,2439,2411,2387,2347,2293,2143,1388,1812,2326,2284,2395,2382,2277,2271,255,5,5,5,5,5,5,5,10,5,5,5,5,5,5,5,10,5,5,9,5,5,5,9,9,255,5,5,4,5,5,255,255,10,5,5,5,5,5,255,5,255,255,10,5,255,5,5,10,255,10,10,10,10,5,255,5,10,10,255,5,5,255,255
1781192098.707261,157,56343810,2507,2455,2425,2418,2413,2418,2371,2406,1382,2448,2408,900,896,2391,2358,1980,1504,2380,883,778,670,615,2390,2362,1489,2371,896,752,638,632,2363,2276,1542,2377,911,908,644,647,2327,2209,1466,2330,962,937,2378,2333,2302,2230,1417,2406,2439,2354,2384,2347,2334,2143,1370,1812,2326,2284,2342,2357,2277,2271,10,5,5,5,5,5,5,5,5,5,5,5,5,5,5,5,5,5,5,5,5,5,5,5,5,255,5,9,5,5,5,255,255,5,5,5,5,4,5,255,5,255,10,5,255,10,5,5,5,255,255,5,5,255,5,255,5,255,255,255,5,5,255,255
1781192098.808031,158,56446077,2507,2464,2429,2390,2374,2382,2397,2429,1421,2409,2402,889,896,2365,2364,1985,1504,2400,907,836,702,660,2373,2330,1508,2371,890,701,629,618,2383,2276,1542,2377,898,883,626,632,2307,2209,1538,2330,941,955,2378,2333,2335,2230,1466,2406,2439,2354,2384,2344,2310,2244,1356,1812,2326,2284,2343,2338,2326,2271,255,5,5,5,5,5,5,5,5,5,5,5,5,5,5,5,255,5,5,9,5,5,5,5,5,255,5,5,5,5,5,255,255,255,5,5,5,5,5,255,5,255,5,5,255,255,5,255,5,255,255,255,255,10,5,10,5,255,255,255,5,5,10,255
1781192098.896986,159,56533727,2507,2432,2424,2405,2406,2376,2417,2419,1421,2404,2430,892,892,2376,2381,2308,1506,2417,884,857,658,644,2384,2328,1476,2349,899,655,626,629,2374,2276,1515,2258,904,848,626,638,2317,2209,1464,2330,917,941,982,2284,2335,2288,1421,2406,2342,2415,2384,2344,2287,2244,1356,1812,2391,2336,2332,2338,2326,2271,255,5,5,5,5,5,5,5,255,5,5,5,5,5,5,5,10,5,5,5,5,5,5,5,5,10,5,5,5,5,5,255,10,10,5,9,5,5,5,255,5,255,5,5,10,10,5,10,5,255,10,10,255,255,5,255,255,255,10,10,5,255,255,255
1781192098.997948,160,56634465,2507,2455,2436,2417,2418,2384,2381,2419,1417,2413,2419,896,907,2368,2385,1952,1506,2367,878,878,795,2364,2377,2347,1510,2412,876,668,627,648,2380,2276,1479,2451,885,755,628,606,2363,2209,1500,2330,910,931,881,2284,2305,2288,1421,2406,2342,2376,2384,2370,2282,2244,1356,1812,2391,2336,2305,2325,2326,2271,255,5,5,5,5,5,5,255,10,5,5,5,5,5,5,5,255,5,5,5,9,5,5,5,5,5,5,5,5,5,5,255,9,5,5,9,5,5,5,255,5,255,5,5,5,255,5,255,255,255,255,5,255,10,5,255,255,255,255,255,5,10,255,255
1781192099.095307,161,56733728,2507,2466,2426,2417,2391,2409,2395,2432,1417,2400,2408,905,891,2392,2370,1960,1444,2401,889,893,891,2381,2395,2344,1446,2412,863,671,629,632,2394,2276,1479,2375,904,768,631,635,2348,2209,1425,2413,905,933,662,2284,2276,2255,1446,2406,2342,963,2384,2370,2312,2244,1356,1812,2391,2336,2358,2364,2326,2271,255,5,5,5,5,5,5,10,255,5,5,5,5,5,5,5,10,5,5,5,5,5,5,5,5,255,5,5,5,5,5,255,255,5,5,5,5,5,5,255,5,10,5,5,4,255,5,10,10,255,255,4,255,255,5,255,255,255,255,255,5,5,255,255
1781192099.196550,162,56833728,2472,2449,2411,2403,2411,2391,2401,2384,1417,2405,2405,894,909,2378,2377,2010,1444,2374,883,894,889,2372,2346,2374,1482,2412,871,791,654,2382,2375,2276,1390,2375,889,661,627,668,2374,2209,1418,2413,907,773,643,2284,2303,2255,1446,1877,2342,2392,2384,2370,2314,2244,1353,1812,2391,2438,2334,2345,2326,1858,10,5,5,5,5,5,5,5,255,5,5,5,5,5,5,5,255,5,5,5,5,5,5,5,5,255,5,5,5,5,5,255,10,255,5,5,5,5,5,255,5,255,5,9,5,255,5,255,255,10,255,4,255,255,5,255,10,255,255,10,5,5,255,10
1781192099.294172,163,56934975,2472,2433,2429,2399,2378,2407,2380,2418,1459,2422,2412,909,2420,2354,2377,1945,1491,2410,895,884,895,2389,2364,2247,1512,2412,858,834,666,2360,2362,2276,1493,2375,897,660,618,643,2354,2209,1436,2413,909,847,626,661,2300,2279,1427,1877,2405,2400,2384,2370,2354,2244,1433,1812,2382,2384,2331,2332,2326,1858,255,5,5,5,5,5,5,5,10,5,5,5,5,5,5,5,10,5,5,5,5,5,5,5,5,255,5,5,5,5,5,255,5,255,5,5,5,5,5,255,5,255,5,5,5,255,5,10,10,255,10,5,255,255,5,255,5,255,10,5,5,5,255,255
1781192099.395260,164,57033727,2472,2440,2421,2420,2409,2393,2407,2396,1459,2442,2385,902,2383,2393,2382,1972,1491,2374,886,887,907,2383,2367,2342,1468,2385,877,812,710,2401,2370,2293,1477,2303,905,642,623,653,2362,1802,1453,2413,902,668,617,661,2244,2239,1500,1877,2372,2391,2384,2370,2308,2244,1433,1812,2382,2447,2392,2322,2326,1858,255,5,5,5,5,5,5,5,255,5,5,5,5,5,5,5,255,5,5,5,5,5,5,5,5,10,5,9,5,5,5,10,5,10,5,5,5,5,5,10,9,255,5,5,5,255,5,5,5,255,5,5,255,255,5,255,255,255,255,5,5,5,255,255
1781192099.495738,165,57133763,2472,2462,2427,2416,2389,2396,2397,2402,1459,2410,2418,912,895,2377,2353,2339,1480,2411,882,894,894,2365,2370,2346,1471,2385,887,837,697,2375,2358,2293,1477,2315,849,635,633,660,2356,2036,1501,2413,939,632,624,661,2291,2124,1446,1877,2372,2389,2384,2351,2319,1685,1468,1812,2382,2311,2325,2274,2326,1858,255,5,5,5,5,5,5,5,255,5,5,5,5,5,5,5,10,5,5,5,5,5,5,5,5,255,5,9,5,5,5,255,5,5,5,5,5,255,5,4,5,255,5,5,5,255,5,5,5,255,255,5,255,10,5,10,10,255,255,5,5,5,255,255
1781192099.595984,166,57235813,2411,2455,2406,2381,2398,2406,2382,2439,1421,2468,2397,913,2371,2367,2357,1998,1480,2381,889,891,902,2370,2378,2358,1477,2385,867,876,775,2378,2362,2293,1477,928,871,643,647,693,2345,2036,1506,2413,901,646,614,661,2310,2333,1446,1877,2372,664,2384,2333,2344,1685,1468,1812,2382,2311,2275,2350,2326,1858,10,5,5,5,5,5,5,5,10,5,5,5,5,5,5,5,255,5,5,5,5,5,5,5,5,255,5,5,9,5,5,255,255,255,5,5,5,5,5,255,5,255,5,5,5,255,5,4,255,255,255,4,255,5,5,255,255,255,255,255,5,5,255,255
1781192099.696036,167,57333727,2476,2446,2417,2398,2390,2388,2410,2410,1421,2436,2412,2397,2377,2382,2345,1994,1480,2371,2426,891,896,2374,2380,2352,1508,2385,892,883,880,2375,2365,2356,1414,2407,899,781,755,2381,2336,2036,1462,2413,862,683,652,707,2317,2257,1445,1877,2372,592,631,2333,2283,1685,1468,1812,2382,2311,2349,2360,2326,2112,5,5,5,5,5,5,5,5,255,5,5,5,5,5,5,5,255,5,5,5,5,5,5,5,5,255,5,5,5,5,5,10,10,5,5,5,5,4,5,255,9,255,5,5,5,10,5,5,10,255,255,5,10,255,5,255,255,255,255,255,5,5,255,10
1781192099.797930,168,57435980,2506,2434,2417,2404,2389,2396,2376,2402,1421,2416,2413,2406,2376,2380,2391,2169,1480,2378,2411,911,920,2376,2363,2328,1472,2431,924,910,894,2384,2369,2356,1414,2448,932,873,885,2369,2316,2036,1465,2413,932,878,683,707,2368,2257,1362,1877,2372,675,685,687,2282,1685,1468,1812,2400,2311,2349,2380,2326,2112,5,5,5,5,5,5,5,5,255,5,5,5,5,5,5,9,255,5,5,5,5,5,5,5,5,10,5,5,5,5,5,255,255,5,5,5,5,5,5,255,5,255,5,5,5,255,5,255,5,255,255,5,5,255,5,255,255,255,10,255,255,5,255,255
1781192099.898459,169,57536989,2506,2462,2421,2401,2414,2373,2369,2397,1421,2423,2403,2390,2364,2370,2374,2310,1500,2351,2416,981,962,2387,2349,2308,1494,2431,956,941,913,919,2368,2356,1550,2364,947,909,908,2382,2353,2036,1499,2413,932,921,803,2311,2318,2307,1423,1877,988,795,726,701,2333,1873,1340,1812,2357,2311,730,765,2326,2112,255,5,5,5,5,5,5,5,255,5,5,5,5,5,5,5,10,5,5,5,5,5,5,5,5,255,5,5,5,5,5,255,10,255,5,5,5,5,5,255,5,255,5,5,5,10,5,10,5,255,255,5,5,5,5,10,10,255,5,255,10,4,255,255
1781192099.997137,170,57633763,2506,2457,2414,2417,2401,2403,2384,2412,1454,2429,2400,2404,2375,2394,2383,2000,1500,2401,2426,1025,1001,2392,2367,2317,1488,2431,1018,976,937,940,2375,2356,1550,2302,1007,934,917,922,2331,2036,1434,2413,978,940,894,867,2310,2307,1423,1877,965,933,778,768,2291,1873,1340,1812,2357,906,736,745,2269,2112,255,5,5,5,5,5,5,5,10,5,5,5,5,5,5,5,255,5,5,5,5,5,5,5,5,255,5,5,5,5,5,255,255,5,5,5,5,4,5,255,5,255,5,5,5,255,5,255,255,255,255,5,5,5,5,255,255,255,255,255,5,5,10,255
1781192100.091375,171,57733727,2506,2409,2398,2384,2389,2396,2379,2400,1425,2405,2429,2406,2367,2393,2399,2003,1492,2374,2413,1102,1010,2374,2369,2355,1486,2380,1084,1038,960,988,2380,2356,1436,2125,1018,960,939,947,2339,2036,1441,2413,989,955,917,957,2289,2214,1423,1877,999,959,907,832,2287,1873,1340,1812,2406,901,746,782,2269,2112,255,5,5,5,5,5,5,5,5,5,5,5,5,5,5,5,10,5,5,5,5,5,5,5,5,10,5,5,5,5,5,255,10,5,5,5,5,5,5,255,5,255,5,5,5,10,5,10,255,255,255,5,5,5,5,255,255,255,10,255,5,5,255,255
1781192100.197823,172,57835683,2475,2482,2419,2405,2398,2394,2384,2406,1391,2407,2435,2386,2373,2375,2378,2357,1492,2351,2411,1154,1035,2391,2376,2343,1477,2380,1154,1078,977,2398,2365,2356,1541,2351,1043,975,952,950,2351,2036,1470,2413,1012,973,942,944,2308,2214,1451,1877,994,974,948,843,2266,1873,1361,1812,2406,929,773,789,2328,2112,10,5,5,5,5,5,5,5,5,5,5,5,5,5,5,5,255,5,5,5,5,5,5,5,5,255,5,5,5,5,5,255,5,4,5,5,5,5,5,255,5,255,5,5,5,5,5,255,10,255,255,5,5,255,5,255,10,255,255,255,5,5,10,255
1781192100.287124,173,57923727,2497,2441,2412,2404,2389,2407,2381,2394,1402,2455,2432,2398,2372,2381,2359,2361,1492,2365,2420,1151,2387,2382,2383,2320,1480,2380,1155,1111,1000,980,2361,2356,1511,2363,1072,1007,956,951,2320,2036,1497,2413,1022,984,949,935,2311,2287,1431,1877,1015,983,950,902,2347,1873,1466,1812,2406,1007,812,809,2328,1704,5,5,5,5,5,5,5,5,5,5,5,5,5,5,5,5,255,5,5,5,5,5,5,5,5,255,5,5,5,5,5,255,5,5,5,5,5,5,5,255,5,255,5,5,5,5,5,10,5,255,255,5,5,5,5,255,5,255,255,5,5,5,255,10
1781192100.383901,174,58023727,2476,2461,2407,2399,2407,2426,2372,2403,1402,2418,2418,2404,2397,2359,2376,2024,1468,2355,2390,1244,2396,2378,2370,2351,1478,2380,1252,1106,1011,1001,2368,2356,1465,2400,1101,1022,965,952,2328,2036,1481,2413,1025,989,945,951,2277,2273,1416,1877,982,989,961,891,2347,1873,1442,1812,2406,1005,852,808,2328,1704,5,5,5,5,5,5,5,5,255,5,5,5,5,5,5,5,10,5,5,9,5,5,5,5,5,255,5,5,5,5,5,255,5,255,5,5,5,5,5,255,5,255,5,5,5,5,5,5,5,255,255,5,5,5,255,255,5,255,255,5,5,5,255,255
1781192100.487585,175,58125095,2476,2467,2434,2411,2407,2374,2376,2413,1402,2407,2412,2405,2365,2388,2376,1970,1527,2379,2415,1177,1062,2376,2376,2294,1476,2380,1265,1091,1021,993,2367,2356,1465,2399,1101,1005,963,955,2354,2036,1499,2413,1072,989,951,950,2294,2269,1470,1877,982,992,949,922,2316,1873,1515,1812,2406,987,835,811,2328,1704,255,5,5,5,5,5,5,5,255,5,5,5,5,5,5,5,5,5,5,255,5,5,5,5,5,255,5,5,5,5,5,255,255,5,5,5,5,5,5,255,5,255,255,5,5,5,5,5,5,255,255,5,5,255,10,255,5,255,255,255,5,5,255,255
1781192100.585349,176,58223751,2461,2434,2427,2396,2404,2412,2400,2425,1402,2388,2424,2423,2404,2376,2366,1985,1527,2381,2420,1199,1082,2368,2362,2322,1465,2380,1228,1102,1015,973,2368,2356,1466,2352,1082,1015,961,943,2332,2036,1425,2413,1042,982,952,942,2269,2275,1450,1877,982,997,952,882,2324,1873,1372,1812,2406,992,823,775,2328,1704,10,5,5,5,5,5,5,5,255,5,5,5,5,5,5,5,255,5,5,5,5,5,5,5,5,255,5,5,5,5,5,255,10,255,5,5,5,5,5,255,5,255,5,5,5,5,5,5,5,255,255,5,5,5,5,255,5,255,255,255,5,5,255,255
1781192100.685795,177,58323728,2440,2436,2443,2411,2392,2418,2404,2408,1402,2385,2413,2393,2400,2354,2366,1982,1527,2426,2424,1175,1038,2377,2351,2380,1457,2380,1202,1077,1013,967,2361,2356,1466,2352,1096,1010,957,951,2350,2036,1397,2413,1016,976,939,940,2290,2275,1351,1877,2438,984,928,863,2319,1873,1484,1812,2406,956,806,788,2328,1704,5,5,5,5,5,5,5,5,255,5,5,5,5,5,5,5,255,5,5,5,5,5,5,5,5,255,255,5,5,5,5,255,255,255,255,5,5,5,5,255,5,255,5,5,5,5,5,255,5,255,10,5,5,255,5,255,5,255,255,255,5,5,255,255
1781192100.786192,178,58423898,2440,2475,2418,2397,2389,2404,2401,2324,1430,2435,2417,2388,2415,2373,2391,2333,1527,2372,2415,1100,1047,2372,2379,2332,1533,2410,1251,1042,993,943,2365,2356,1466,2362,1045,988,942,930,2352,2036,1442,2413,1019,963,934,932,2318,2308,1351,1877,2438,959,906,2391,2350,1873,1396,1812,2406,2372,787,753,2328,1704,255,5,5,5,5,5,5,5,10,5,5,5,5,5,5,5,255,5,5,5,5,5,5,5,5,10,5,5,5,5,5,255,255,255,5,5,5,5,5,255,5,255,255,5,5,5,5,10,255,255,255,5,5,4,5,255,5,255,255,4,5,5,255,255
1781192100.886152,179,58523818,2489,2456,2401,2411,2395,2400,2390,2408,1445,2420,2404,2402,2389,2383,2357,1982,1527,2394,2401,1231,1049,2389,2365,2341,1450,2410,2435,997,965,928,2365,2356,1466,2356,1044,959,911,917,2358,2036,1515,2413,1006,930,922,888,2310,1763,1407,1877,2401,960,841,816,2323,1873,1498,1812,2406,2372,752,710,2328,2408,10,5,5,5,5,5,5,5,5,5,5,5,5,5,5,5,255,5,5,5,5,5,5,5,5,255,5,5,5,5,5,255,255,5,255,5,5,5,5,255,9,255,255,5,5,5,5,4,10,255,10,5,5,255,5,255,5,255,255,255,5,5,255,10
1781192100.986092,180,58623759,2489,2423,2436,2398,2392,2413,2386,2415,1445,2415,2417,2402,2377,2364,2389,2020,1482,2410,2416,1231,970,940,2368,2309,1445,2410,2420,946,934,910,2380,2356,1469,2414,1006,940,893,902,2370,2036,1514,2413,966,920,893,783,2317,2287,1429,1877,2401,945,766,719,2299,1873,1440,1812,2406,2298,717,669,2328,2408,255,5,5,5,5,5,5,5,255,5,5,5,5,5,5,5,10,5,5,255,5,5,5,5,5,255,5,5,5,5,5,255,10,5,255,5,5,5,5,255,5,255,255,5,5,5,5,4,9,255,255,5,5,5,5,255,5,255,255,10,5,5,255,255
1781192101.085989,181,58723727,2435,2438,2416,2407,2396,2375,2395,2411,1438,2421,2413,2403,2387,2375,2349,1996,1482,2364,2404,2411,928,933,2371,2296,1466,2410,2418,930,906,888,2394,2356,1469,2302,2396,917,868,879,2356,2342,1491,2413,928,931,844,676,2317,2287,1460,1877,2401,955,688,677,2311,1873,1433,1812,2364,2298,1209,669,2335,2408,10,5,5,5,5,5,5,5,10,5,5,5,5,5,5,5,255,5,5,10,5,5,5,5,5,255,5,5,5,5,5,255,255,5,4,5,5,5,5,10,5,255,255,5,5,5,255,255,5,255,255,5,5,5,5,255,5,255,10,255,4,255,10,255
1781192101.185037,182,58823810,2435,2457,2399,2431,2361,2394,2378,2411,1438,2385,2388,2404,2368,2362,2359,2280,1493,2399,2413,2408,899,903,900,2307,1482,2410,2420,931,887,862,918,2356,1543,2369,2375,901,850,762,683,2342,1430,2413,951,934,762,643,649,2287,1414,1851,2401,1040,688,636,2343,1873,1402,1812,2409,2298,1198,2189,2335,2120,255,5,5,5,5,5,5,255,255,5,5,5,5,5,5,5,10,5,5,5,5,5,5,5,5,255,5,5,5,5,5,255,10,5,5,5,5,5,4,255,5,255,255,5,5,5,10,255,5,10,255,5,255,5,5,255,5,255,5,255,5,10,255,10
1781192101.286090,183,58923727,2496,2422,2413,2405,2379,2426,2375,2420,1386,2404,2411,2403,2372,2377,2373,2011,1458,2369,2398,2398,900,890,902,2304,1513,2370,2396,910,873,836,887,2356,1543,2321,2393,919,887,673,646,2342,1452,2413,951,974,924,651,635,2287,1414,1851,2401,1104,688,680,2365,1873,1421,2012,2409,2298,1296,2325,2335,1764,10,5,5,5,5,5,5,10,10,5,5,5,5,5,5,5,5,5,5,5,5,5,5,5,5,10,5,5,5,5,5,255,255,5,5,5,5,5,5,255,5,255,255,5,5,5,5,255,255,255,255,5,255,255,5,255,5,10,255,255,5,5,255,4
1781192101.389548,184,59023727,2496,2430,2427,2415,2383,2402,2399,2409,1386,2408,2397,2394,2377,2381,2370,2400,1458,2392,2397,2394,899,872,897,2299,1460,2370,2395,903,880,845,750,613,1501,2367,2413,926,913,756,635,651,1511,2413,951,1014,933,651,649,2287,1380,1851,2451,1212,688,680,2369,1873,1421,2012,2409,2298,1383,2362,2299,1827,255,5,5,5,5,5,5,5,255,5,5,5,5,5,5,5,255,5,5,5,5,5,5,5,5,255,5,5,5,5,9,10,10,5,5,5,5,5,5,10,5,255,255,5,5,255,5,255,10,255,10,5,255,255,5,255,255,255,255,255,5,5,10,5
1781192101.486135,185,59123838,2432,2460,2418,2394,2402,2401,2395,2420,1386,2462,2424,2405,2397,2368,934,1999,1449,2407,2397,2396,899,878,879,914,1445,2329,2424,907,885,857,696,644,1483,2373,2413,966,911,862,638,624,1456,2413,2429,2389,959,651,644,648,1455,1851,2451,1212,688,2376,2322,1873,1421,2012,2409,2298,1306,2326,2307,1827,10,5,5,5,5,5,5,5,255,5,5,5,5,5,5,5,10,5,5,5,5,5,5,5,5,10,5,5,5,5,5,5,5,255,255,5,5,5,5,5,5,255,10,5,5,255,5,255,5,255,255,255,255,10,5,255,255,255,255,255,5,5,5,255
1781192101.587174,186,59223728,2366,2463,2433,2407,2378,2384,2395,2417,1386,2420,2372,2401,2385,2386,900,2003,1449,2389,2402,2361,902,870,876,898,1469,2329,2424,939,894,861,677,642,1483,2373,2413,963,919,845,641,629,1491,2413,2429,1011,953,2308,653,613,1451,1851,2451,2423,688,2343,2327,1873,1421,2012,2409,2298,1148,2340,2307,1827,5,5,5,5,5,5,5,5,255,5,5,5,5,5,5,5,255,5,5,5,5,5,5,5,5,255,5,5,5,5,5,5,255,5,255,5,5,5,5,5,5,255,255,255,255,10,255,255,5,255,255,10,255,5,5,255,255,255,255,255,9,5,255,255
1781192101.676123,187,59313727,2366,2458,2431,2405,2393,2388,2377,2397,1464,2450,2399,2416,2388,2384,2385,2008,1449,2397,2393,2432,894,875,890,921,1508,2383,2405,929,899,861,691,640,1527,2373,2408,948,915,871,629,629,1460,2413,2428,1011,2350,2308,664,622,1399,1851,2451,2423,688,2353,2322,1873,1372,2012,2409,972,1034,2340,2287,1827,255,5,5,5,5,5,5,5,10,5,5,5,5,5,5,5,255,5,5,5,5,5,5,5,5,10,5,5,5,5,5,5,10,255,10,5,5,5,5,5,5,255,10,255,4,255,255,5,5,255,255,255,255,5,5,255,10,255,255,10,5,5,10,255
1781192101.776446,188,59413811,2366,2434,2427,2429,2403,2388,2399,2411,1464,2454,2375,2390,2369,2378,2384,1984,1464,2398,2411,2402,902,893,890,937,1533,2386,2398,931,898,857,727,826,1469,2373,2385,950,911,863,635,635,1445,2413,2428,1011,2350,2308,667,638,1456,1952,2451,2423,688,2353,2351,1873,1372,2012,2409,853,1034,2313,2287,1827,255,5,5,5,5,5,5,5,255,5,5,5,5,5,5,5,10,5,5,5,5,5,5,5,5,5,5,5,5,5,5,9,5,255,5,5,5,5,5,5,5,255,255,255,255,255,5,5,5,10,255,255,255,255,5,255,255,255,255,255,255,5,255,255
1781192101.876267,189,59513763,2366,2436,2434,2420,2374,2377,2389,2394,1452,2411,2403,2404,2384,2364,2371,2021,1464,2373,2423,2404,921,895,907,2345,1474,2386,2426,940,903,865,802,892,1469,2375,2409,940,909,820,635,622,1514,2413,2366,1011,2383,671,639,618,1456,1771,2451,1314,2386,2353,657,1873,1372,2012,873,853,2347,2316,2404,2177,255,5,5,5,5,5,5,5,10,5,5,5,5,5,5,5,255,5,5,5,5,5,5,5,5,255,5,5,5,5,9,5,255,10,5,5,5,5,5,5,5,255,10,255,10,10,5,5,255,5,255,10,10,255,4,255,255,255,10,255,10,5,10,10
1781192101.976897,190,59613761,2366,2416,2446,2391,2388,2383,2392,2416,1483,2453,2383,2399,2409,2370,2381,2011,1470,2396,2408,2384,2394,918,2364,2326,1499,2386,2430,939,894,896,878,973,1549,2379,1007,925,898,799,720,798,1515,2413,2400,896,860,639,621,618,1432,1771,2451,1272,2370,644,649,1873,1373,654,873,853,2367,2310,2404,2177,255,5,5,5,5,5,5,5,5,5,5,5,5,5,5,5,10,5,5,5,5,5,5,5,5,255,5,5,5,5,5,5,10,5,5,5,5,5,5,5,5,255,5,255,5,5,5,255,10,255,255,5,5,255,5,255,10,10,255,255,5,5,255,255
1781192102.075794,191,59713881,2366,2435,2439,2409,2384,2399,2402,2381,1483,2448,2411,2388,2407,2373,2374,1983,1482,2392,2413,2428,2394,2389,2362,2329,1522,2386,2414,965,914,913,913,973,1549,2360,956,929,884,846,902,889,1512,2413,2369,907,792,636,632,2317,1467,856,2451,2431,665,613,633,1873,564,686,873,2324,2339,671,2404,2177,255,5,5,5,5,5,5,5,255,5,5,5,5,5,5,5,5,5,5,5,5,5,5,5,5,255,5,5,5,5,5,255,255,5,5,5,5,5,5,5,5,255,5,5,5,5,5,10,5,255,255,4,4,5,5,255,4,5,255,10,5,4,255,255
1781192102.176418,192,59813727,2366,2450,2409,2414,2386,2411,2388,2396,1431,2432,2411,2385,2383,2392,2366,1998,1477,2422,2420,2392,2389,2382,2353,2321,1524,2386,2422,2398,949,2381,2357,973,1513,2414,968,919,892,885,914,1822,1500,2413,1149,907,808,858,894,2211,1467,842,2451,791,655,624,600,1873,585,686,873,610,641,618,2404,2177,255,5,5,5,5,5,5,5,10,5,5,5,5,5,5,5,5,5,5,5,5,5,5,5,5,255,5,5,5,5,5,255,10,5,5,5,5,5,5,4,5,255,4,5,5,4,4,5,255,255,255,4,5,5,255,255,5,255,255,4,4,5,255,255
1781192102.271781,193,59913727,2488,2436,2428,2419,2393,2386,2397,2410,1450,2432,2414,2389,2415,2385,2388,2001,1493,2386,2412,2413,2378,2392,2373,2309,1459,2386,2431,2387,2382,2388,2377,973,1513,2305,970,952,937,922,2376,917,1484,2413,922,894,864,886,899,2211,727,856,2451,793,758,825,910,1873,670,686,873,643,632,644,2404,2177,10,5,5,5,5,5,5,5,9,5,5,5,5,5,5,5,5,5,5,5,5,5,5,5,5,255,5,5,5,5,5,255,255,5,5,5,5,5,5,255,5,255,5,5,5,5,5,255,255,255,255,5,5,4,4,255,5,255,255,5,5,255,255,255
1781192102.372296,194,60013993,2483,2462,2413,2397,2376,2399,2402,2374,1450,2408,2422,2408,2370,2377,2369,1992,1493,2401,2394,2405,2396,2374,2368,2347,1533,2386,2391,2426,2398,2366,2357,973,1507,2305,1004,970,996,1033,2321,917,1475,960,941,908,875,925,915,2240,820,856,882,851,839,875,909,1873,674,686,603,671,651,863,2404,2177,5,5,5,5,5,5,5,5,255,5,5,5,5,5,5,5,255,5,5,5,5,5,5,5,5,255,5,5,5,5,5,255,10,255,5,5,5,255,5,255,5,255,5,5,5,5,5,10,255,255,10,5,5,5,5,255,255,255,10,5,5,4,255,255
1781192102.475097,195,60113853,2483,2469,2411,2396,2408,2374,2397,2413,1440,2418,2435,2398,2404,2379,2374,2008,1493,2375,2402,2396,2395,2396,2364,2366,1533,2414,2432,2386,2389,2361,2362,973,1463,2339,1018,1003,2410,2393,2333,917,1492,960,936,942,947,1005,2323,2240,804,856,907,860,882,900,960,1873,708,686,603,794,760,892,2404,2177,255,5,5,5,5,5,5,5,10,5,5,5,5,5,5,5,255,5,5,5,5,5,5,5,5,10,5,5,5,5,5,255,5,10,5,5,5,4,5,255,5,255,5,5,5,5,4,255,255,255,5,5,5,5,5,255,255,255,255,5,5,5,255,255
1781192102.574886,196,60213727,2483,2435,2442,2420,2397,2407,2364,2417,1440,2395,2422,2408,2363,2379,2382,2298,1512,2399,2416,2415,2395,2365,2366,2349,1491,2414,2415,2404,2382,2366,2384,2310,1463,2403,2404,1066,2378,2410,2313,917,1468,960,967,990,1015,2332,2312,2246,837,856,911,891,931,948,2273,1873,708,686,603,865,853,925,2404,2177,255,5,5,5,5,5,5,5,255,5,5,5,5,5,5,5,10,5,5,5,5,5,5,5,5,255,5,5,5,5,5,10,255,5,5,5,5,5,5,255,5,255,5,5,5,4,5,10,255,255,5,5,5,5,5,255,255,255,255,5,5,5,255,255
1781192102.676090,197,60314080,2483,2449,2423,2416,2395,2388,2395,2396,1440,2439,2412,2408,2363,2390,2389,1941,1389,2371,2408,2393,2372,2406,2364,2330,1496,2401,2414,2395,2386,2379,2372,2299,1463,2361,2373,2378,2367,2391,2345,917,1459,960,988,1017,1139,2398,2324,2226,837,856,945,939,1007,1036,2261,1873,708,686,909,902,891,1005,944,2177,255,5,5,5,5,5,5,5,255,5,5,5,5,5,5,5,5,5,5,5,5,5,5,5,5,10,5,5,5,5,5,5,255,5,5,5,5,5,5,255,5,255,5,5,255,5,5,5,255,255,5,5,5,255,5,255,255,255,10,5,5,5,255,255
1781192102.774459,198,60413727,2483,2422,2438,2402,2399,2370,2403,2418,1440,2421,2416,2408,2379,2383,2390,2025,1389,2370,2410,2414,2386,2374,2386,2304,1456,2365,2397,2392,2402,2379,2359,2299,1483,2381,2405,2400,2356,2363,2356,917,1468,960,1062,1060,1139,2356,2318,2226,864,856,1005,982,1014,2367,2305,1873,708,686,919,938,948,1083,944,2177,255,5,5,5,5,5,5,5,255,5,5,5,5,5,5,9,255,5,5,5,5,5,5,5,5,5,5,5,5,5,5,255,10,5,5,5,5,5,5,255,5,255,5,5,255,5,5,255,255,255,255,5,5,4,5,255,255,255,5,5,5,5,255,255
1781192102.876383,199,60513763,2483,2467,2430,2396,2401,2417,2383,2385,1440,2422,2407,2386,2405,2399,2388,1983,1389,2396,2404,2404,2373,2388,2374,2322,1483,2425,2444,2393,2389,2397,2366,2299,1483,2291,2408,2373,2376,2357,2306,917,1406,1254,1062,2385,1139,2361,2313,2226,924,856,1005,1044,1042,2329,2307,1873,708,686,944,984,993,2333,944,2177,255,5,5,9,5,5,5,5,255,5,5,5,5,5,5,5,255,5,5,5,5,5,5,5,5,5,5,5,5,5,5,255,255,5,5,5,5,5,5,255,5,255,255,4,255,5,5,255,255,255,255,5,5,5,5,255,255,255,5,5,5,5,255,255
1781192102.980051,200,60616619,2483,2444,2406,2407,2398,2424,2392,2371,1492,2419,2382,2389,2364,2382,2384,2326,1446,2411,2416,2415,2394,2381,2367,2338,1522,2425,2410,2402,2386,2378,2385,2299,1483,2378,2402,2390,2371,2383,2344,917,1511,1302,1224,2389,2304,2373,2311,2262,941,856,1173,1130,1042,2355,2299,1873,708,686,944,1034,1073,2333,2352,2053,255,5,5,5,5,5,5,5,10,5,5,5,5,5,5,5,10,5,5,5,5,5,5,5,9,255,5,5,5,5,5,255,255,5,5,5,5,5,5,255,5,5,10,5,10,5,5,10,5,255,10,5,255,5,5,255,255,255,255,5,5,255,10,10
1781192103.076545,201,60713727,2462,2406,2383,2415,2389,2394,2401,2385,1492,2441,2432,2384,2398,2378,2388,1973,1530,2396,2409,2395,2372,2380,2361,2310,1469,2425,2406,2389,2403,2387,2376,2346,1483,2325,2425,2379,2374,2356,2316,917,1510,1294,1318,2375,2304,2303,2324,2261,941,856,1205,1149,2361,2362,2339,2238,708,686,944,1091,1121,2334,2366,2053,10,5,5,5,5,5,5,5,255,5,5,5,5,5,5,5,5,5,5,5,5,5,5,5,5,255,5,5,5,5,5,10,255,5,5,5,5,5,5,255,5,5,255,5,255,5,5,5,255,255,5,5,10,5,5,10,255,255,255,5,5,10,5,255
1781192103.165744,202,60803728,2453,2443,2417,2410,2382,2403,2365,2402,1492,2428,2426,2378,2379,2385,2386,1974,1530,2404,2404,2420,2399,2369,2377,2343,1506,2395,2400,2416,2377,2368,2346,2346,1483,2395,2417,2431,2371,2370,2331,917,1410,1294,1324,2375,2381,2303,2300,2271,819,856,1234,1149,2345,2362,2325,2238,708,686,944,1115,1377,2323,2366,2053,5,5,5,5,5,5,5,5,255,5,5,5,5,5,5,5,255,5,5,5,5,5,5,5,5,10,5,5,5,5,5,255,255,5,5,5,5,5,5,255,4,255,5,255,10,255,5,5,10,255,5,255,5,255,5,255,255,255,255,5,5,5,255,255
1781192103.268108,203,60906516,2519,2430,2431,2394,2415,2406,2404,2406,1464,2404,2410,2413,2387,2367,2376,2323,1476,2442,2407,2387,2383,2384,2372,2325,1579,2367,2411,2408,2374,2357,2380,2346,1491,2379,2417,2398,2362,2371,2334,917,1460,1294,1324,2379,2381,2359,2311,2309,742,1021,1260,1149,2345,2362,2337,2238,768,686,944,1151,1377,2358,2366,2053,5,5,5,5,5,5,5,5,10,5,5,5,5,5,5,5,10,5,5,5,5,5,5,5,5,5,5,5,5,5,5,255,10,5,5,5,5,5,5,255,4,255,255,10,255,10,5,5,5,10,5,255,255,255,5,255,10,255,255,5,255,5,255,255
1781192103.365819,204,61003728,2519,2439,2428,2401,2390,2397,2415,2404,1464,2432,2437,2385,2350,2370,2344,1985,1431,2365,2409,2410,2413,2368,2369,2318,1503,2358,2433,2404,2387,2379,2364,2346,1491,2414,2377,2410,2369,2392,2341,917,1456,1294,1324,2379,2376,2359,2342,2309,1456,1021,1275,1275,2345,2362,2289,2238,644,686,944,1199,1377,2346,2295,2053,255,5,5,5,5,5,5,5,255,5,5,5,5,5,5,5,5,5,5,5,5,5,5,5,5,5,5,5,5,5,5,255,255,5,5,5,5,5,5,255,5,255,255,255,10,255,5,255,4,255,5,10,255,255,5,255,5,255,255,5,255,5,10,255
1781192103.461337,205,61103727,2519,2444,2418,2393,2388,2396,2407,2420,1484,2386,2423,2391,2370,2383,2383,1975,1431,2376,2421,2394,2406,2382,2367,2322,1486,2358,2414,2399,2390,2373,2344,2371,1534,2367,2383,2381,2367,2366,2363,917,1490,1294,2355,2418,2352,2363,2310,2215,1414,1021,1275,1281,2399,2332,2319,1735,576,612,944,1237,2352,2377,2295,2053,255,5,5,5,5,5,5,5,10,5,5,5,5,5,5,5,255,5,5,5,5,5,5,5,5,255,5,5,5,5,5,10,10,5,5,5,5,5,5,255,5,255,10,10,5,10,5,10,5,255,255,5,10,10,5,10,5,10,255,5,10,5,255,255
1781192103.564287,206,61205792,2542,2442,2435,2439,2401,2397,2405,2398,1492,2426,2405,2388,2371,2380,2380,1955,1516,2352,2396,2405,2395,2383,2369,2355,1540,2358,2408,2393,2383,2370,2390,2371,1486,2367,2392,2400,2365,2329,2341,2289,1447,1294,2322,2418,2373,2354,2295,1774,1414,1021,1275,1266,2399,2332,2322,1735,576,612,944,1118,2352,2377,2295,1994,10,5,5,5,5,5,5,5,5,5,5,5,5,5,5,5,10,5,5,5,5,5,5,5,5,255,5,5,5,5,5,255,5,255,5,5,5,5,5,10,9,255,5,255,5,5,5,4,255,255,255,5,255,255,9,255,255,255,255,9,255,255,255,10
1781192103.663909,207,61303728,2542,2458,2429,2412,2397,2392,2397,2425,1458,2428,2408,2384,2385,2348,2403,2385,1516,2416,2411,2391,2383,2377,2363,2320,1465,2387,2409,2403,2396,2395,2377,2371,1486,2407,2392,2403,2384,2368,2339,2289,1452,1294,2381,2361,2374,2336,2311,1774,1428,1021,1275,1266,2399,2325,2280,1735,576,612,944,1118,2352,2315,2295,1994,255,5,5,5,5,5,5,5,5,5,5,5,5,5,5,5,255,5,5,5,5,5,5,5,5,10,5,5,5,5,5,255,255,10,255,5,5,5,5,255,5,255,5,10,5,5,5,255,10,255,255,255,255,10,5,255,255,255,255,255,255,10,255,255
1781192103.765944,208,61403728,2542,2451,2426,2435,2371,2389,2375,2446,1458,2419,2421,2405,2384,2383,2359,2360,1452,2383,2425,2418,2396,2364,2372,2299,1540,2391,2406,2396,2382,2379,2364,2371,1486,2348,2398,2409,2392,2358,2332,2289,1478,1294,2363,2353,2373,2308,2317,2283,1391,1021,2319,1266,2399,2348,2336,1735,576,612,944,1118,1062,2315,2295,1994,255,5,5,5,5,5,5,5,255,5,5,5,5,5,5,5,10,5,5,5,5,5,5,5,5,5,5,5,5,5,5,255,255,5,10,5,5,5,5,255,5,255,5,5,5,5,5,10,5,255,10,255,255,5,5,255,255,255,255,255,10,255,255,255
1781192103.871661,209,61508553,2488,2444,2426,2390,2371,2375,2410,2415,1458,2390,2410,2382,2390,2370,2371,2030,1491,2371,2399,2418,2385,2386,2374,2341,1501,2376,2416,2377,2386,2378,2366,2286,1498,2367,2384,2389,2379,2380,2334,2289,1494,1294,2386,2420,2364,2357,2286,2289,1457,1021,2408,2390,2399,2321,2309,1735,576,612,944,1118,1343,2346,2295,2164,10,5,5,5,5,5,5,5,255,5,5,5,5,5,5,5,5,5,5,5,5,5,5,5,5,5,5,5,5,5,5,10,10,5,5,5,5,5,5,255,5,255,5,5,5,5,5,5,5,255,5,10,255,5,5,255,255,255,255,255,4,10,255,10
1781192103.966177,210,61603728,2488,2442,2413,2438,2389,2413,2385,2410,1459,2406,2429,2398,2372,2376,2371,1979,1491,2407,2405,2410,2393,2382,2366,2315,1538,2404,2419,2391,2379,2374,2374,2286,1498,2406,2390,2408,2370,2399,2337,2289,1511,1294,2373,2386,2329,2364,2322,2289,1443,1021,2408,2402,2399,2321,2333,1735,576,612,944,2216,1460,2346,2295,2164,255,5,5,5,5,5,5,5,10,5,5,5,5,5,5,5,255,5,5,5,5,5,5,5,5,5,5,5,5,5,5,255,255,5,5,5,5,5,5,255,9,255,5,5,5,5,5,255,5,255,255,5,255,255,5,255,255,255,255,10,5,255,255,255
1781192104.066450,211,61703727,2470,2426,2430,2427,2375,2392,2404,2397,1459,2426,2415,2403,2388,2378,2383,2007,1491,2383,2411,2378,2385,2385,2380,2324,1505,2448,2402,2399,2396,2374,2370,2360,1498,2370,2363,2369,2372,2396,2343,2289,1501,1294,2436,2386,2366,2333,2347,2289,1445,1021,2400,2380,2399,2365,2323,1735,576,612,944,2216,1764,2346,2295,2171,10,5,5,5,5,5,5,5,255,5,5,5,5,5,5,5,255,5,5,5,5,5,5,5,5,5,5,5,5,5,5,10,255,5,5,5,5,5,5,255,5,255,5,5,5,5,5,255,5,255,10,5,255,10,5,255,255,255,255,255,4,255,255,10
1781192104.165346,212,61803728,2470,2464,2420,2417,2373,2420,2402,2397,1459,2432,2427,2410,2384,2386,2364,1982,1536,2423,2397,2392,2395,2373,2381,2339,1475,2448,2378,2415,2402,2376,2375,2360,1498,2349,2376,2405,2389,2377,2345,2289,1445,1294,2436,2356,2413,2306,2316,2289,1445,1021,2400,2351,2380,2375,2333,1735,1394,612,944,2216,2085,2350,2295,2171,255,5,5,5,5,5,5,5,255,5,5,5,5,5,5,5,10,5,5,5,5,5,5,5,9,255,5,5,5,5,5,255,255,5,5,5,5,5,5,255,5,255,255,5,5,5,5,255,255,255,255,5,10,5,5,255,10,255,255,255,4,10,255,255
1781192104.265887,213,61903823,2470,2433,2433,2413,2391,2399,2375,2402,1459,2455,2395,2397,2368,2396,2350,2210,1536,2370,2417,2386,2392,2371,2369,2340,1494,2419,2392,2410,2381,2383,2369,2360,1498,2304,2343,2376,2384,2386,2343,2289,1515,1294,2436,2352,2370,2292,2299,2286,1469,1021,2400,2373,2341,2375,2304,1735,1390,612,944,2216,2168,2310,2295,2171,255,5,5,5,5,5,5,5,255,5,5,5,5,5,5,5,255,5,5,5,5,5,5,5,5,10,5,5,5,5,5,255,255,5,5,5,5,5,5,255,5,255,255,5,5,5,5,10,10,255,255,5,5,255,5,255,5,255,255,255,5,5,255,255
1781192104.364642,214,62003728,2470,2467,2418,2397,2391,2400,2389,2414,1459,2411,2376,2404,2399,2364,2395,1971,1461,2397,2417,2405,2395,2383,2369,2354,1533,2358,2391,2389,2388,2380,2358,2360,1498,2371,2451,2373,2376,2397,2360,2289,1544,1294,2364,2389,2359,2327,2341,2286,1469,1021,2400,2373,2341,2375,2329,1735,1390,612,944,2216,2258,2310,2295,2171,255,5,5,5,5,5,5,5,255,5,5,5,5,5,5,5,10,5,5,5,5,5,5,5,9,5,5,5,5,5,5,255,255,5,5,5,5,5,5,255,5,255,10,5,5,5,5,255,255,255,255,255,255,255,5,255,255,255,255,255,5,255,255,255
1781192104.461226,215,62103727,2470,2453,2418,2422,2408,2372,2393,2430,1459,2370,2420,2389,2407,2383,2375,2331,1556,2344,2406,2391,2376,2358,2372,2309,1514,2367,2400,2382,2384,2362,2386,2360,1580,2343,2353,2396,2384,2385,2351,2289,1492,1294,2441,2389,2352,2368,2304,2275,1469,1021,2400,2373,2409,2396,2301,1735,1390,612,944,2372,2349,2302,2295,2171,255,5,5,5,5,5,5,5,255,5,5,5,5,5,5,5,5,5,5,5,5,5,5,5,5,5,5,5,5,5,5,255,10,5,5,5,5,5,5,255,5,255,5,255,5,5,5,10,255,255,255,255,10,10,5,255,255,255,255,10,5,10,10,255
1781192104.556734,216,62193816,2470,2445,2430,2425,2392,2376,2377,2399,1459,2441,2403,2393,2395,2388,2346,2290,1556,2367,2406,2390,2381,2392,2363,2355,1483,2451,2404,2402,2385,2366,2384,2270,1575,2317,2383,2407,2383,2356,2346,2289,1427,1294,2399,2369,2360,2388,2331,2300,1469,1021,2400,2356,2409,2396,2322,2369,1319,612,944,2372,2342,2302,2295,2167,255,5,5,5,5,5,5,5,255,5,5,5,5,5,5,5,255,5,5,5,5,5,5,5,5,5,5,5,5,5,5,10,5,5,5,5,5,5,5,255,5,255,5,10,5,5,5,5,255,255,255,10,255,255,5,10,10,255,255,255,5,255,255,10
1781192104.655857,217,62293727,2470,2424,2406,2420,2385,2400,2415,2410,1444,2419,2419,2391,2379,2376,2365,1995,1473,2418,2417,2382,2382,2377,2361,2341,1432,2331,2402,2403,2383,2373,2378,2270,1575,2406,2410,2416,2389,2323,2318,2289,1493,1294,2410,2369,2332,2388,2341,2217,1435,1021,2318,2430,2409,2396,2343,2343,1366,612,944,2372,2327,2367,2368,2167,255,5,5,5,5,5,5,5,10,5,5,5,5,5,5,5,10,5,5,5,5,5,5,5,5,5,5,5,5,5,5,255,255,5,5,9,5,5,5,255,9,255,5,255,5,255,5,5,10,255,10,5,255,255,9,5,5,255,255,255,9,10,10,255
1781192104.756267,218,62394146,2470,2448,2412,2384,2388,2393,2389,2408,1477,2369,2402,2411,2397,2378,2389,1951,1473,2403,2410,2399,2396,2367,2365,2381,1436,2363,2391,2384,2366,2371,2367,2360,1575,2364,2405,2379,2391,2358,2309,2289,1463,1294,2340,2391,2327,2360,2319,2217,1431,1021,2318,2368,2387,2339,2295,2343,1445,612,944,2372,2356,2357,2368,2167,255,5,5,5,5,5,5,5,5,5,5,5,5,5,5,5,255,5,5,5,5,5,5,5,5,5,5,5,5,5,5,10,255,5,5,5,5,5,5,255,9,255,5,10,5,10,5,255,5,255,255,5,10,10,5,255,5,255,255,255,5,5,255,255
1781192104.857917,219,62495941,2473,2448,2401,2400,2404,2375,2403,2412,1464,2386,2402,2404,2382,2398,2379,2358,1546,2386,2423,2379,2397,2383,2359,2316,1520,2436,2398,2418,2395,2380,2364,2330,1575,2379,2372,2399,2371,2377,2353,2289,1477,1294,2340,2372,2328,2326,2296,2291,1474,1021,2382,2398,2387,2334,2334,2343,1373,612,944,2351,2347,2355,2368,2167,10,5,5,5,5,5,5,5,5,5,5,5,5,5,5,5,10,5,5,5,5,5,5,5,9,5,5,5,5,5,5,5,255,5,5,5,5,5,5,255,5,255,255,5,5,5,5,10,5,255,10,5,255,5,5,255,5,255,255,10,5,5,255,255
1781192104.957008,220,62594761,2473,2460,2418,2397,2391,2373,2353,2410,1464,2422,2425,2384,2390,2389,2372,1984,1546,2375,2426,2416,2383,2366,2377,2305,1521,2389,2436,2408,2386,2382,2349,2330,1575,2401,2423,2376,2382,2321,2323,2289,1434,1294,2340,2372,2350,2326,2356,2291,1474,1021,2382,2365,2387,2334,2334,2343,1360,612,944,2450,2388,2342,2222,2167,255,5,5,5,5,5,5,5,255,5,5,5,5,5,5,5,255,5,5,5,5,5,5,5,5,5,5,5,5,5,5,255,255,5,5,5,5,5,5,255,5,255,255,255,5,255,5,255,255,255,255,5,255,255,255,255,5,255,255,5,5,5,10,255
1781192105.056966,221,62693727,2473,2456,2427,2405,2389,2391,2394,2436,1444,2428,2396,2408,2394,2378,2357,2017,1483,2381,2399,2405,2384,2379,2369,2343,1555,2366,2411,2402,2383,2370,2387,2333,1575,2412,2404,2412,2373,2394,2362,2289,1423,1294,2374,2399,2383,2338,2313,2230,1474,1021,2382,2386,2365,2334,2301,2343,1474,612,2325,2370,2337,2355,2408,2167,255,5,5,5,5,5,5,5,10,5,5,5,5,5,5,5,10,5,5,5,5,5,5,5,5,5,5,5,5,5,5,10,255,5,5,5,5,5,5,255,9,255,10,10,5,10,5,10,255,255,255,5,10,255,10,255,5,255,10,5,5,5,5,255
1781192105.155543,222,62793863,2473,2426,2424,2381,2385,2377,2383,2431,1473,2430,2390,2386,2370,2361,2364,1976,1492,2346,2400,2422,2384,2387,2385,2319,1517,2383,2428,2396,2396,2382,2366,2333,1575,2346,2396,2418,2395,2390,2365,2289,1452,1294,2374,2350,2398,2338,2349,2230,1489,1021,2382,2318,2365,2334,2299,2343,1474,612,2325,2370,2337,2310,2408,2167,255,5,5,5,5,5,5,5,5,5,5,5,5,5,5,5,5,5,5,5,5,5,5,5,5,5,5,5,5,5,5,255,255,5,5,5,5,5,5,255,5,255,255,5,5,255,5,255,10,255,255,5,255,255,5,255,255,255,255,255,255,5,255,255
1781192105.255963,223,62894128,2473,2442,2433,2419,2371,2411,2383,2404,1473,2416,2412,2408,2400,2369,2377,1966,1492,2373,2391,2378,2405,2382,2371,2339,1494,2359,2405,2396,2385,2385,2388,2333,1575,2373,2433,2411,2397,2365,2347,2289,1485,1294,2347,2381,2359,2317,2316,2230,1489,1021,2382,2379,2320,2385,2309,2185,1343,612,2325,2308,2331,2342,2408,2167,255,5,5,5,5,5,5,5,255,5,5,5,5,5,5,5,255,5,5,5,5,5,5,5,5,5,5,5,5,5,5,255,255,5,5,5,5,5,5,255,5,255,10,5,5,10,5,255,255,255,10,5,10,10,5,10,10,255,255,10,10,5,255,255
1781192105.355415,224,62993727,2479,2410,2417,2393,2384,2392,2398,2430,1507,2391,2407,2404,2368,2370,2389,1975,1540,2383,2404,2371,2402,2388,2356,2314,1464,2359,2387,2416,2375,2368,2367,2333,1579,2405,2385,2407,2380,2322,2357,2289,1461,1294,2328,2343,2396,2356,2290,2230,1489,1021,2382,2387,2320,2300,2329,2185,1363,612,2325,2308,2324,2388,2354,2167,10,5,5,5,5,5,5,5,10,5,5,5,5,5,5,5,10,5,5,5,5,5,5,5,5,255,5,5,5,5,5,255,10,5,5,5,5,5,5,255,5,255,5,5,5,5,5,255,255,255,255,5,255,5,5,255,5,255,255,255,5,5,10,255
1781192105.451604,225,63093846,2480,2416,2421,2394,2394,2382,2385,2389,1507,2417,2406,2413,2401,2371,2384,1982,1540,2383,2400,2400,2393,2379,2365,2369,1514,2411,2409,2387,2389,2380,2385,2282,1512,2371,2412,2419,2393,2350,2375,2289,1477,1294,2328,2349,2375,2331,2315,2275,1424,1021,2382,2390,2379,2331,2336,2185,1363,612,2325,2338,2342,2329,2287,2167,5,5,5,5,5,5,5,5,255,5,5,5,5,5,5,5,255,255,5,5,5,5,5,5,5,10,5,5,5,5,5,10,5,5,5,5,5,5,5,255,9,255,255,5,5,5,5,10,10,255,255,5,10,5,5,255,255,255,255,10,5,5,5,255
1781192105.556231,226,63193727,2503,2466,2430,2404,2377,2399,2406,2408,1507,2452,2423,2386,2403,2387,2357,1953,1540,2367,2401,2410,2385,2380,2370,2338,1478,2390,2424,2384,2368,2369,2362,2282,1512,2375,2398,2383,2363,2333,2328,2289,1514,1294,2397,2349,2367,2343,2337,2257,1482,1021,2420,2404,2379,2315,2287,2185,1391,612,2361,2373,2347,2324,2287,2167,5,5,5,5,5,5,5,5,255,5,5,5,5,5,5,5,255,10,5,5,5,5,5,5,5,5,5,5,5,5,5,255,255,5,5,5,5,5,5,255,5,255,10,255,5,5,5,5,5,255,10,5,255,5,5,255,10,255,10,5,5,5,255,255
1781192105.656054,227,63293728,2503,2454,2416,2399,2397,2380,2374,2385,1479,2444,2406,2413,2406,2394,2356,1976,1540,2421,2420,2404,2391,2367,2386,2308,1481,2390,2409,2403,2389,2376,2351,2282,1460,2386,2370,2430,2385,2350,2335,2289,1454,1294,2396,2354,2368,2344,2314,2257,1508,1021,2420,2404,2357,2315,2327,2185,1391,612,2324,2351,2349,2324,2287,2167,255,5,5,5,5,5,5,5,10,5,5,5,5,5,5,5,255,5,5,5,5,5,5,5,5,255,5,5,5,5,5,255,10,5,5,5,5,5,5,255,5,255,5,10,5,5,5,255,5,255,255,255,10,255,5,255,255,255,5,5,5,255,255,255
1781192105.749268,228,63385702,2503,2454,2411,2376,2391,2411,2381,2411,1437,2435,2394,2398,2383,2398,2345,2021,1540,2375,2404,2371,2391,2391,2365,2347,1526,2390,2399,2394,2390,2368,2387,2282,1460,2362,2399,2384,2362,2351,2339,2289,1439,1294,2427,2387,2401,2366,2356,2317,1508,1021,2420,2391,2357,2319,2309,2095,1391,612,2346,2351,2319,2317,2384,2167,255,5,5,5,5,5,5,5,5,5,5,5,5,5,5,5,255,5,5,5,5,5,5,5,5,255,5,5,5,5,5,255,255,5,5,5,5,5,5,255,5,255,5,5,5,5,5,10,255,255,255,10,255,10,5,10,255,255,5,255,5,10,10,255
1781192105.858342,229,63496031,2493,2449,2408,2406,2378,2387,2402,2392,1437,2415,2410,2398,2373,2367,2358,1990,1516,2368,2408,2390,2401,2370,2369,2360,1437,2407,2411,2380,2373,2391,2355,2282,1460,2371,2391,2373,2399,2339,2351,2289,1486,1294,2393,2389,2400,2357,2328,2250,1375,1021,2420,2357,2357,2366,2379,2095,1391,612,2346,2327,2359,2347,2323,2167,10,5,5,5,5,5,5,5,255,5,5,5,5,5,5,5,10,5,5,5,5,5,5,5,5,10,5,5,5,5,5,255,255,5,5,5,5,5,5,255,5,255,5,5,5,5,5,5,10,255,255,5,255,5,5,255,255,255,255,10,5,5,5,255
1781192105.945704,230,63583736,2493,2461,2420,2406,2383,2402,2418,2396,1437,2416,2406,2420,2404,2374,2391,2303,1517,2370,2406,2383,2410,2369,2360,2273,1477,2407,2426,2396,2401,2375,2354,2282,1526,2385,2391,2382,2385,2381,2327,2289,1470,1294,2392,2354,2385,2303,2305,2250,1437,1021,2420,2357,2301,2366,2365,2095,1391,612,2346,2327,2359,2325,2323,2167,255,5,5,5,5,5,5,5,255,5,5,5,5,5,5,5,5,5,5,5,5,5,5,5,5,255,5,5,5,5,5,255,10,5,255,5,5,5,5,255,5,255,5,5,5,5,5,255,5,255,255,255,10,255,5,255,255,255,255,255,255,5,255,255
1781192106.049218,231,63687115,2471,2459,2436,2388,2388,2370,2374,2383,1437,2438,2427,2418,2400,2372,2375,2335,1567,2405,2409,2400,2387,2397,2383,2304,1467,2365,2413,2416,2380,2383,2364,2282,1524,2385,2435,2390,2367,2345,2319,2289,1456,1294,2419,2354,2383,2322,2351,2250,1437,1021,2420,2380,2301,2365,2317,2095,1391,612,2346,2413,2338,2375,2323,2167,10,5,5,5,5,5,5,5,255,5,5,5,5,5,5,5,5,5,5,5,5,5,5,5,5,10,5,5,5,5,5,255,5,5,10,5,5,5,5,255,9,255,5,255,5,5,5,255,255,255,255,10,255,10,5,255,255,255,255,10,10,5,255,255
1781192106.147789,232,63783727,2471,2440,2427,2406,2404,2398,2408,2445,1437,2444,2427,2400,2375,2399,2365,1993,1567,2407,2387,2396,2388,2398,2364,2336,1522,2388,2404,2383,2386,2386,2369,2356,1517,2368,2395,2383,2370,2398,2379,2289,1505,1294,2396,2380,2341,2264,2317,2259,1479,1021,2420,2340,2301,2365,2335,2095,1391,612,2346,2411,2340,2308,2323,2167,255,5,5,5,5,5,5,5,255,5,5,5,5,5,5,5,255,5,5,5,5,5,5,5,5,5,5,5,5,5,5,10,5,5,5,5,5,5,5,255,5,255,5,10,5,5,5,10,10,255,255,5,255,255,5,255,255,255,255,5,5,5,255,255
1781192106.246214,233,63883759,2463,2432,2430,2415,2402,2411,2387,2432,1437,2424,2389,2404,2361,2387,2387,1968,1452,2382,2396,2409,2381,2372,2386,2371,1475,2388,2403,2398,2396,2386,2366,2356,1517,2281,2386,2395,2361,2389,2318,2289,1476,1294,2375,2367,2334,2264,2295,2256,1479,2278,2420,2340,2301,2370,2330,2095,1391,612,2346,2411,2361,2314,2339,2167,10,5,5,5,5,5,5,5,255,5,5,5,5,5,5,5,10,5,5,5,5,5,5,5,5,255,5,5,5,5,5,255,255,5,5,5,5,5,5,255,5,255,5,5,5,255,5,5,255,10,255,255,10,10,5,255,255,255,255,255,5,5,10,255
1781192106.347959,234,63985756,2445,2450,2423,2428,2411,2383,2379,2423,1443,2411,2410,2412,2390,2366,2386,2005,1475,2376,2410,2363,2389,2376,2372,2332,1473,2391,2398,2397,2397,2371,2366,2356,1517,2358,2377,2423,2384,2359,2362,2289,1477,1294,2363,2410,2433,2319,2306,2268,1400,2278,2420,2386,2301,2391,2296,2095,1375,612,2346,2372,2353,2314,2339,2167,5,5,5,5,5,5,5,5,10,5,5,5,5,5,5,5,5,5,5,5,5,5,5,5,5,10,5,5,5,5,5,255,255,255,5,5,5,5,5,255,5,255,9,5,5,10,5,5,10,255,255,10,255,5,5,255,10,255,255,10,5,255,255,255
1781192106.441205,235,64083727,2491,2416,2423,2422,2388,2399,2395,2396,1406,2371,2395,2387,2382,2390,2377,1966,1424,2379,2409,2387,2391,2387,2365,2371,1477,2365,2402,2399,2383,2392,2344,2356,1517,2370,2415,2402,2363,2380,2375,2289,1408,1294,2420,2400,2409,2319,2320,2265,1400,2278,2420,2298,2386,2391,2327,2095,1375,612,2346,2372,2374,2368,2339,2167,5,5,5,5,5,5,5,5,5,5,5,5,5,5,5,5,5,5,5,5,5,5,5,5,5,5,5,5,5,5,5,255,255,5,5,5,5,5,5,255,5,255,5,5,5,255,5,5,255,255,255,5,10,255,5,255,255,255,255,255,5,10,255,255
1781192106.541340,236,64183728,2491,2432,2394,2426,2411,2410,2384,2370,1435,2439,2396,2405,2388,2375,2360,1987,1424,2388,2404,2401,2397,2371,2363,2337,1453,2421,2413,2419,2388,2387,2363,2356,1517,2332,2415,2409,2375,2380,2337,2289,1511,1294,2377,2385,2365,2341,2287,2265,1369,2349,2420,2435,2386,2391,2290,2095,1375,612,2346,2318,2355,2338,2339,2167,255,5,5,5,5,5,5,5,5,5,5,5,5,5,5,5,255,5,5,5,5,5,5,5,5,5,5,5,5,5,5,255,255,5,255,5,5,255,5,255,5,255,5,5,5,10,5,255,10,10,255,5,255,255,5,255,255,255,255,10,5,5,255,255
1781192106.649202,237,64285952,2491,2444,2403,2421,2397,2387,2411,2417,1435,2389,2409,2387,2354,2376,2367,2025,1424,2374,2404,2420,2380,2377,2379,2327,1497,2321,2404,2382,2383,2401,2378,2356,1517,2390,2399,2392,2392,2355,2344,2289,1489,1294,2358,2381,2412,2341,2301,2265,1369,2349,2420,2386,2363,2283,2373,2095,1342,612,2346,2333,2391,2335,2339,2167,255,5,5,5,5,5,5,5,255,5,5,5,5,5,5,5,255,5,5,5,5,5,5,5,5,5,5,5,5,5,5,255,255,5,10,5,5,10,5,255,5,255,5,5,5,255,5,255,255,255,255,5,10,10,5,255,10,255,255,5,5,5,255,255
1781192106.746451,238,64383763,2491,2429,2424,2387,2408,2408,2403,2424,1435,2416,2411,2399,2387,2357,2358,1973,1424,2388,2420,2410,2393,2394,2369,2312,1448,2321,2408,2376,2394,2394,2371,2301,1485,2419,2406,2387,2395,2325,2331,2289,1470,1294,2419,2372,2348,2348,2331,2284,1369,2349,2420,2386,2363,2296,2373,2095,1386,612,2346,2390,2397,2335,2339,2167,255,5,5,5,5,5,5,5,255,5,5,5,5,5,5,5,255,5,5,5,5,5,5,5,5,255,5,5,5,5,5,10,10,5,5,5,5,5,5,255,5,255,5,5,5,10,5,10,255,255,255,255,255,5,255,255,5,255,255,5,5,255,255,255
1781192106.847518,239,64483732,2491,2446,2437,2423,2404,2400,2415,2421,1435,2413,2432,2380,2390,2383,2379,1992,1424,2395,2397,2403,2397,2370,2374,2337,1475,2347,2399,2377,2387,2387,2371,2301,1485,2342,2408,2400,2366,2320,2361,2289,1496,1294,2373,2382,2390,2371,2289,2271,1369,2349,2420,2365,2363,2370,2318,2095,1386,612,2346,2390,2323,2335,2271,2167,255,5,5,5,5,5,5,5,255,5,5,5,5,5,5,5,255,5,5,5,5,5,5,5,5,10,5,5,5,5,5,255,255,5,5,5,5,5,5,255,5,255,5,5,5,5,5,5,255,255,255,10,255,5,10,255,255,255,255,255,5,255,10,255
1781192106.949497,240,64586585,2491,2442,2402,2400,2385,2390,2414,2440,1435,2406,2409,2419,2378,2374,2355,1981,1424,2434,2405,2422,2375,2373,2368,2323,1513,2374,2404,2393,2395,2360,2360,2301,1485,2399,2386,2394,2397,2364,2353,2289,1490,2456,2403,2375,2357,2324,2319,2295,1369,2349,2420,2355,2363,2370,2318,2095,1371,612,2330,2390,2348,2337,2271,2167,255,5,5,5,5,5,5,5,255,5,5,5,5,5,5,5,255,5,5,5,5,5,5,5,5,5,5,5,5,5,5,255,255,5,5,5,5,5,5,255,5,10,5,5,5,5,5,5,255,255,255,5,255,255,5,255,10,255,10,255,5,10,255,255
1781192107.045996,241,64683727,2491,2455,2432,2430,2419,2385,2408,2375,1437,2409,2412,2397,2410,2364,2356,2023,1471,2342,2396,2376,2368,2370,2362,2360,1502,2374,2419,2396,2388,2371,2378,2301,1485,2410,2381,2374,2372,2337,2326,2289,1446,2456,2405,2435,2372,2326,2320,2243,1346,2349,2420,2376,2385,2370,2382,2095,1406,612,2276,2390,2377,2425,2271,2167,255,5,5,5,5,5,5,5,10,5,5,5,5,5,5,5,10,5,5,5,5,5,5,5,5,255,5,5,5,5,5,255,255,255,5,5,5,5,5,255,5,255,5,5,5,5,5,5,10,255,255,5,10,255,5,255,5,255,5,255,5,5,255,255
1781192107.145280,242,64783728,2491,2445,2429,2413,2384,2393,2400,2427,1437,2405,2389,2388,2357,2370,2368,2354,1550,2407,2390,2396,2388,2383,2371,2370,1498,2374,2422,2409,2393,2372,2377,2301,1543,2367,2407,2382,2368,2400,2327,2289,1403,2456,2406,2435,2367,2358,2290,2251,1346,2349,2420,2384,2385,2370,2380,2095,1454,612,2276,2390,2336,2340,2271,2098,255,5,5,5,5,5,5,5,255,5,5,5,5,5,5,5,5,5,5,5,5,5,5,5,5,255,5,5,5,5,5,255,10,5,5,5,5,5,5,255,5,255,5,255,5,5,5,5,255,255,255,5,255,255,5,255,5,255,255,255,5,5,255,10
1781192107.249534,243,64886917,2450,2467,2399,2406,2387,2405,2377,2445,1437,2415,2425,2414,2390,2388,2394,2006,1550,2379,2411,2402,2380,2383,2369,2326,1489,2374,2401,2423,2377,2391,2361,2301,1543,2359,2384,2374,2356,2348,2352,2289,1476,2456,2341,2376,2418,2386,2303,2243,1355,2349,2420,2355,2385,2358,2329,2308,1454,612,2276,2373,2348,2311,2284,2098,10,5,5,5,5,5,5,5,255,5,5,5,5,5,5,5,255,5,5,5,5,5,5,5,5,255,5,5,5,5,5,255,255,5,5,5,5,5,5,255,5,255,5,10,5,5,5,5,10,255,255,5,255,10,5,10,255,255,255,10,5,5,10,255
1781192107.337426,244,64973739,2450,2432,2400,2388,2369,2372,2391,2415,1354,2443,2418,2396,2377,2396,2366,2271,1550,2363,2403,2409,2394,2363,2369,2337,1521,2421,2426,2396,2396,2377,2374,2301,1526,2385,2367,2398,2394,2366,2354,2289,1436,2456,2341,2338,2418,2331,2315,2243,1418,2349,2420,2371,2404,2358,2305,2265,1384,612,2311,2446,2341,2311,2284,1949,255,5,5,5,5,5,5,5,10,5,5,5,5,5,5,5,255,5,5,5,5,5,5,5,5,10,5,5,5,5,5,255,10,5,5,5,5,5,5,255,5,255,255,5,255,5,5,255,5,255,255,5,10,255,5,5,10,255,10,5,5,255,255,10
1781192107.431087,245,65073727,2462,2441,2423,2419,2384,2385,2399,2416,1354,2430,2392,2409,2386,2374,2370,1973,1550,2362,2393,2400,2402,2396,2361,2341,1491,2429,2400,2399,2382,2375,2373,2319,1500,2376,2418,2400,2403,2371,2358,2289,1456,2456,2402,2351,2348,2365,2351,2220,1418,2349,2420,2362,2394,2391,2298,2265,1384,612,2423,2446,2394,2329,2284,1949,10,5,5,5,5,5,5,5,255,5,5,5,5,5,5,5,255,5,5,5,5,5,5,5,5,5,5,5,5,5,5,10,5,5,5,5,5,5,5,255,5,255,10,5,10,5,5,10,255,255,255,5,5,10,5,255,255,255,5,255,5,10,255,255
1781192107.535944,246,65173727,2461,2464,2424,2392,2397,2369,2404,2444,1354,2434,2400,2388,2407,2383,2363,2330,1508,2354,2409,2408,2395,2384,2368,2363,1473,2394,2399,2398,2381,2394,2375,2319,1574,2336,2369,2388,2383,2345,2317,2289,1538,2456,2402,2362,2384,2365,2299,2298,1418,2349,2420,2362,2359,2339,2323,2265,1400,612,2423,2446,2357,2349,2284,1949,5,5,5,5,5,5,5,5,255,5,5,5,5,5,5,5,10,5,5,5,5,5,5,5,5,5,5,5,5,5,5,255,5,5,5,5,5,5,5,255,5,255,255,5,5,255,5,5,255,255,255,255,5,5,5,255,10,255,255,255,5,5,255,255
1781192107.635683,247,65273810,2436,2452,2434,2401,2395,2403,2395,2418,1354,2369,2419,2390,2346,2381,2364,2358,1453,2448,2416,2385,2391,2371,2384,2348,1505,2394,2411,2387,2383,2377,2352,2319,1474,2416,2407,2374,2352,2395,2329,2289,1474,2456,2402,2403,2355,2365,2357,2277,1445,2349,2420,2329,2329,2352,2337,2265,1400,612,2423,2406,2393,2316,2295,1949,5,5,5,5,5,5,5,5,255,5,5,5,5,5,5,5,5,5,5,5,5,5,5,5,5,5,5,5,5,5,5,255,5,5,5,5,5,5,5,255,5,255,255,5,5,255,5,5,10,255,255,10,9,5,5,255,255,255,255,10,5,5,10,255
1781192107.737017,248,65373836,2517,2442,2414,2424,2390,2378,2399,2436,1422,2428,2395,2393,2375,2349,2373,2024,1453,2371,2418,2404,2390,2380,2372,2315,1496,2394,2397,2404,2395,2372,2362,2319,1474,2372,2377,2374,2358,2343,2383,2289,1497,2456,2402,2403,2381,2365,2348,2277,1567,2349,2420,2385,2329,2322,2294,2265,1400,612,2423,2398,2360,2305,2295,1949,5,5,5,5,5,5,5,5,10,5,5,5,5,5,5,5,255,5,5,5,5,5,5,5,5,255,5,5,5,5,5,255,255,5,5,5,5,5,5,255,5,255,255,255,5,255,5,255,5,255,255,5,255,5,5,255,255,255,255,5,5,5,255,255
1781192107.837468,249,65473731,2511,2436,2426,2384,2397,2381,2399,2422,1422,2407,2403,2382,2371,2373,2379,1990,1455,2434,2408,2397,2398,2382,2374,2349,1468,2420,2454,2419,2380,2365,2375,2319,1537,2372,2391,2389,2344,2366,2358,2289,1486,2456,2402,2387,2382,2345,2322,2277,1425,2349,2420,2385,2380,2322,2349,2265,1417,612,2363,2414,2360,2315,2295,2176,5,5,5,5,5,5,5,5,255,5,5,5,5,5,5,5,10,5,5,5,5,5,5,5,5,10,5,5,5,5,5,255,10,255,5,5,5,5,5,255,5,255,255,10,5,10,5,255,5,255,255,255,10,255,5,255,10,255,10,5,255,5,255,10
1781192107.936599,250,65573815,2448,2427,2400,2425,2398,2426,2392,2427,1422,2400,2413,2384,2431,2371,2360,2256,1494,2393,2400,2360,2374,2384,2361,2335,1518,2388,2393,2413,2384,2380,2381,2238,1537,2389,2411,2395,2374,2367,2336,2289,1542,2456,2391,2387,2318,2359,2300,2368,1425,2349,2420,2408,2380,2322,2318,2265,1417,612,2363,2414,2360,2340,2324,2176,5,5,5,5,5,5,5,5,255,5,5,5,5,5,5,5,5,5,5,5,5,5,5,5,5,5,5,5,5,5,5,10,255,10,5,5,5,5,5,255,5,255,10,255,5,5,5,10,255,255,255,10,255,255,5,255,255,255,255,255,255,5,10,255
1781192110.431110,251,68073814,2513,2410,2404,2406,2385,2373,2378,2414,1400,2409,2408,2387,2366,2381,2354,1990,1483,2378,2397,2395,2372,2353,2378,2337,1547,2368,2399,2389,2382,2385,2379,2315,1574,2357,2414,2363,2352,2278,2359,1846,1497,2456,1311,2409,2380,2312,2297,2186,671,859,1316,1303,1488,2269,2277,1878,586,823,1303,1279,1321,1098,2327,2176,255,6,6,6,6,6,6,6,255,6,6,6,6,6,6,6,6,6,6,6,6,6,6,6,6,6,6,6,6,6,6,6,6,6,6,6,6,6,6,255,6,255,6,6,6,6,6,255,6,6,6,6,6,255,6,255,6,6,6,6,6,6,6,255
1781192110.533428,252,68173759,2513,2458,2401,2416,2395,2391,2395,2419,1432,2427,2416,2397,2357,2380,2391,2001,1492,2372,2392,2382,2375,2382,2355,2314,1493,2368,2393,2389,2375,2355,2362,2302,1574,2410,2419,2429,2381,2359,2331,1846,1420,2456,1286,2409,1732,2317,2265,2259,731,859,1316,1314,1319,1247,2326,1878,629,823,1301,1155,1148,973,2327,2045,255,5,5,5,5,5,5,5,10,5,5,5,5,5,5,5,5,5,5,5,5,5,5,5,255,255,5,5,5,5,5,5,255,5,5,5,5,5,5,255,255,255,255,255,4,5,5,10,5,255,5,5,9,10,5,255,5,255,5,5,5,5,255,10
1781192110.637494,253,68276508,2513,2447,2422,2408,2378,2379,2393,2396,1432,2443,2410,2391,2388,2382,2385,1988,1473,2448,2412,2422,2380,2382,2381,2335,1493,2366,2410,2397,2383,2358,2363,2302,1574,2295,2398,2373,2334,2348,2353,1846,1490,2456,1368,1297,1549,1058,2366,2250,784,859,1326,1283,1107,1056,2314,1878,629,823,1332,736,984,922,2327,2091,255,5,5,5,5,5,5,5,255,5,5,5,5,5,5,5,5,5,5,5,5,5,5,5,5,10,5,5,5,5,5,255,255,5,5,5,5,5,5,255,5,255,5,10,4,4,5,5,255,255,5,5,4,5,5,255,255,255,5,4,5,5,255,5
1781192110.734621,254,68373803,2513,2456,2402,2397,2386,2395,2401,2431,1432,2396,2411,2392,2367,2371,2396,2001,1473,2388,2398,2368,2392,2372,2361,2311,1467,2378,2403,2375,2393,2378,2356,2302,1574,2418,2410,2394,2381,2334,2346,1846,1501,2456,1302,1319,1351,947,2292,2250,1353,859,1326,987,932,938,2336,1878,629,823,698,635,865,2312,2327,2091,255,5,5,5,5,5,5,5,255,5,5,5,5,5,5,5,255,5,5,5,5,5,5,5,9,5,5,5,5,5,5,255,255,5,5,5,5,5,5,255,5,255,5,5,4,5,5,255,4,255,255,4,5,5,5,255,255,255,4,5,9,4,255,255
1781192110.836804,255,68473731,2462,2419,2421,2410,2405,2389,2412,2385,1391,2382,2403,2397,2373,2364,2372,1965,1473,2408,2388,2397,2382,2375,2373,2336,1533,2363,2429,2382,2370,2375,2365,2302,1456,2391,2416,2412,2374,2403,2338,1846,1464,2456,1325,622,966,901,2293,2250,778,859,1326,645,639,866,2314,1878,629,823,653,713,638,2312,2327,2091,10,5,5,5,5,5,5,5,10,5,5,5,5,5,5,5,255,5,5,5,5,5,5,5,5,5,5,5,5,5,5,255,10,5,5,5,5,5,5,255,5,255,5,4,5,5,5,255,5,255,255,4,4,5,5,255,255,255,5,5,4,255,255,255
1781192110.939058,256,68576353,2457,2464,2419,2395,2398,2394,2381,2423,1391,2416,2420,2398,2355,2390,2388,1962,1473,2364,2417,2421,2372,2376,2370,2341,1462,2416,2393,2393,2398,966,2361,2302,1456,2275,2382,664,675,942,935,1846,1436,2456,651,604,635,679,2313,2306,778,859,1326,618,658,673,2350,1878,828,823,653,908,883,2324,2327,2091,5,5,5,5,5,5,5,5,255,5,5,5,5,5,5,5,255,5,5,5,5,5,5,5,5,5,5,5,5,5,5,255,255,5,5,4,4,5,5,255,4,255,4,5,4,4,5,10,255,255,255,5,5,5,5,255,10,255,255,5,4,10,255,255
1781192111.037365,257,68673727,2457,2451,2407,2403,2391,2389,2380,2410,1414,2385,2397,2397,2353,2389,2359,1993,1473,2423,2394,2404,2381,2358,2357,2366,1494,2416,2427,2408,2385,915,2366,2302,1530,2382,2350,619,619,749,889,1846,1488,2456,1315,617,610,669,2270,2289,785,859,1271,820,869,848,2307,1878,713,823,653,908,886,2324,2327,2091,255,5,5,5,5,5,5,5,10,5,5,5,5,5,5,5,255,5,5,5,5,5,5,5,5,255,5,5,5,5,5,255,10,255,5,5,5,9,5,255,4,255,4,5,5,9,5,5,255,255,10,4,4,5,5,255,5,255,255,255,5,255,255,255
1781192111.136103,258,68773727,2457,2434,2399,2390,2389,2383,2396,2403,1414,2409,2398,2390,2405,2368,2357,2001,1491,2359,2410,2406,2378,952,2364,2312,1510,2408,2412,604,2377,868,2371,2302,1530,2403,2404,614,616,625,2307,1846,1487,2456,637,604,620,746,2331,2269,1387,859,1271,891,864,862,2252,2144,691,823,653,908,908,2308,2331,2091,255,5,5,5,5,5,5,5,255,5,5,5,5,5,5,5,10,5,5,5,5,5,5,5,5,10,5,5,5,5,5,255,255,255,5,5,5,5,5,255,5,255,255,5,5,5,5,5,4,255,255,5,5,5,5,10,5,255,255,255,5,10,10,255
1781192111.237467,259,68874836,2457,2447,2426,2399,2369,2425,2394,2409,1414,2394,2443,2392,2380,2386,2336,1969,1436,2420,2406,2376,978,931,2365,2354,1498,2408,2409,615,639,651,2379,2302,1530,2400,2427,608,602,612,2360,1846,1514,2456,1308,608,661,806,2342,2269,1472,801,1271,931,867,882,2266,2144,590,649,653,2364,895,2330,2331,2091,255,5,5,5,5,5,5,5,255,5,5,5,5,5,5,5,5,5,5,5,5,5,5,5,5,255,5,255,5,5,5,255,255,5,5,5,5,5,5,255,5,255,4,5,5,9,5,255,5,255,255,5,5,5,5,255,5,10,255,10,5,5,255,255
1781192111.325706,260,68963759,2457,2469,2378,2399,2400,2399,2387,2399,1414,2431,2433,2381,2387,2383,2337,2018,1436,2368,2412,2413,938,2388,2357,2400,1476,2389,2425,618,636,634,2376,2302,1530,2373,2423,614,608,606,2345,1846,1489,2422,584,607,656,824,2355,2269,1396,801,1271,1280,886,884,2266,2196,590,649,688,928,914,2330,2323,2091,255,5,5,5,5,5,5,5,255,5,5,5,5,5,5,5,255,5,5,5,5,5,5,5,5,10,5,5,5,5,5,255,255,5,5,5,5,5,5,255,5,10,255,5,5,5,5,255,5,255,255,5,5,5,255,10,255,255,10,4,255,255,10,255
1781192111.422142,261,69063727,2502,2437,2450,2410,2411,2391,2393,2408,1495,2435,2405,2377,2354,2365,2357,1998,1436,2374,2389,2403,958,2385,2366,2360,1417,2471,2393,661,643,639,2363,2302,1481,2388,2410,612,608,618,2325,2180,1422,2422,584,604,614,816,2291,2269,1396,801,1271,1280,835,889,940,2196,1487,649,688,995,2341,2330,2323,2190,10,5,5,5,5,5,5,5,10,5,5,5,5,5,5,5,255,5,5,5,5,5,5,5,5,5,5,5,5,5,5,255,10,5,5,5,5,5,5,10,5,255,255,5,5,5,5,255,255,255,255,5,5,5,10,255,10,255,255,5,4,255,255,10
1781192111.527779,262,69165767,2502,2448,2418,2402,2390,2375,2395,2415,1495,2446,2399,2398,2414,2388,2380,1993,1454,2383,2406,2409,937,2384,2344,2347,1540,2356,2405,752,744,896,2372,2302,1500,2374,2401,610,613,646,2369,2180,1422,2422,584,604,614,796,843,2200,1444,801,1271,662,864,873,934,2196,1487,649,688,1167,1127,2330,2323,2190,255,5,5,5,5,5,5,5,255,5,5,5,5,5,5,5,10,5,5,5,5,5,5,5,5,5,5,5,5,5,5,255,9,4,5,5,5,5,5,255,5,255,255,5,5,5,5,10,10,255,255,4,5,5,5,255,255,255,255,5,5,255,255,255
1781192111.627611,263,69263815,2476,2444,2409,2397,2394,2384,2393,2431,1495,2378,2413,2398,2378,2368,2378,2006,1454,2397,2398,2376,962,2381,2364,2299,1438,2356,2412,939,908,905,2373,2302,1500,2344,2353,630,640,672,2337,2180,1468,2422,584,608,609,783,918,2208,1463,801,1271,612,620,869,928,2196,1394,649,688,1167,1267,2306,2323,2190,10,5,5,5,5,5,5,5,255,5,5,5,5,5,5,5,255,5,5,5,5,5,5,5,5,255,5,5,5,5,5,255,255,5,5,5,5,5,5,255,5,255,255,5,5,9,5,5,5,255,255,5,4,5,5,255,10,255,255,255,5,10,255,255
1781192111.722649,264,69363896,2476,2473,2435,2428,2399,2381,2396,2416,1495,2431,2401,2404,2369,2374,2371,1993,1454,2404,2381,2435,2369,2385,2368,2290,1484,2378,2435,937,922,2382,2374,2302,1500,2341,2425,710,819,882,2327,2191,1495,2422,584,600,621,885,896,2208,1428,801,1271,604,610,871,928,2196,1394,2246,688,1167,1361,1330,2323,2190,255,5,5,5,5,5,5,5,255,5,5,5,5,5,5,5,255,5,5,5,5,5,5,5,5,10,5,5,5,5,5,255,255,5,5,5,9,4,5,10,5,255,255,5,5,5,5,255,5,255,255,5,5,5,5,255,255,10,255,255,5,4,255,255
1781192111.825807,265,69463731,2521,2445,2432,2399,2382,2397,2404,2397,1559,2409,2394,2388,2359,2388,2346,1973,1481,2379,2385,2421,2381,2387,2384,2310,1544,2389,2396,943,931,2367,2365,2302,1500,2341,2402,902,896,897,2315,2191,1498,2422,2382,722,634,853,928,2208,1479,2291,1271,617,612,768,919,2196,1356,2246,688,605,611,1305,2323,2334,10,5,5,5,5,5,5,5,10,5,5,5,5,5,5,5,10,5,5,5,5,5,5,5,5,5,5,5,5,5,5,255,255,5,5,5,5,5,5,255,5,255,10,5,5,5,5,255,5,10,255,5,5,5,5,255,10,255,255,10,4,5,255,10
1781192111.926145,266,69563811,2521,2442,2428,2419,2380,2389,2377,2414,1559,2410,2411,2409,2419,2373,2386,2368,1481,2400,2406,2384,2385,2408,2364,2329,1493,2389,2404,945,919,2378,2391,2302,1500,2365,2383,906,908,896,2353,2191,1480,2422,2382,915,811,884,2350,2230,1469,2291,1271,626,620,733,918,2196,1356,2246,688,622,620,605,2266,2334,255,5,5,5,5,5,5,5,255,5,5,5,5,5,5,5,255,5,5,5,5,5,5,5,5,255,5,5,5,5,5,255,255,5,5,5,5,5,5,255,5,255,255,5,9,5,5,10,5,255,255,5,5,5,5,255,255,255,255,5,5,5,10,255
1781192112.026244,267,69663727,2521,2433,2430,2402,2411,2405,2368,2408,1559,2367,2398,2402,2402,2368,2382,1984,1525,2382,2400,2396,2382,2371,2379,2287,1530,2389,2409,2395,942,2373,2369,2302,1500,2365,2398,934,907,888,2331,2191,1510,2422,2398,918,867,876,919,2230,1444,2291,1271,657,672,725,906,2196,1406,1960,688,618,609,618,2266,2334,255,5,5,5,5,5,5,5,255,5,5,5,5,5,5,5,10,5,5,5,5,5,5,5,5,255,5,5,5,5,5,255,255,255,5,5,5,5,5,255,5,255,10,5,5,5,5,255,5,255,255,255,5,5,5,255,10,10,255,5,5,5,255,255
1781192112.126401,268,69763727,2521,2445,2421,2394,2407,2368,2403,2411,1559,2433,2387,2387,2373,2380,2359,2050,1452,2357,2409,2389,2403,2381,2367,2351,1518,2399,2395,2388,2383,2357,2387,2302,1500,2369,2391,920,912,902,2330,2191,1508,2422,2398,886,878,865,2316,2204,1476,2291,2369,2378,759,826,903,2196,1406,1960,688,653,614,611,2266,2334,255,5,5,5,5,5,5,5,255,5,5,5,5,5,5,5,5,5,5,5,5,5,5,5,5,10,5,5,5,5,5,255,255,10,5,5,5,5,5,255,5,255,255,5,5,5,5,10,5,255,10,4,5,5,5,255,255,255,255,5,5,5,255,255
1781192112.225915,269,69863988,2521,2472,2411,2412,2395,2418,2390,2413,1559,2439,2421,2400,2397,2382,2350,1995,1452,2390,2386,2392,2380,2382,2372,2360,1514,2379,2424,2411,2393,2382,2348,2302,1614,2347,2416,935,919,902,2353,2191,1510,2422,2398,907,884,871,2273,2260,1398,2291,2369,769,818,845,885,2196,1396,1960,688,679,618,626,2266,2334,255,5,5,5,5,5,5,5,255,5,5,5,5,5,5,5,255,5,5,5,5,5,5,5,9,5,5,5,5,5,5,255,10,5,5,5,5,5,5,255,5,255,255,5,5,5,5,5,5,255,255,255,5,5,5,255,10,255,255,255,5,5,255,255
1781192112.326164,270,69963728,2521,2463,2401,2398,2410,2387,2387,2435,1459,2448,2397,2385,2378,2370,2385,2001,1452,2360,2406,2413,2373,2379,2381,2364,1452,2379,2409,2398,2383,2371,2372,2302,1614,2350,2359,937,926,912,2367,2191,1544,2422,2398,913,885,868,2277,2326,1398,2291,2369,2410,853,851,887,2196,1396,1960,688,663,622,653,2266,2334,255,5,5,5,5,5,5,5,10,5,5,5,5,5,5,5,255,5,5,5,5,5,5,5,5,255,5,5,5,5,5,255,255,5,5,5,5,5,5,255,5,255,255,5,5,5,5,5,255,255,255,4,5,5,5,255,255,255,255,255,5,5,255,255
1781192112.420997,271,70063727,2521,2446,2429,2426,2393,2391,2388,2391,1459,2415,2402,2400,2395,2377,2357,1969,1435,2396,2398,2386,2366,2369,2379,2350,1496,2379,2399,2402,2383,2370,2364,2302,1444,2371,2389,949,926,934,2349,2191,1512,2422,2398,927,889,866,2340,2234,1398,2291,2369,992,857,851,902,2196,1396,1960,688,2299,626,639,2266,2334,255,5,5,5,5,5,5,5,255,5,5,5,5,5,5,5,10,5,5,5,5,5,5,5,5,255,5,5,5,5,5,255,10,5,5,5,5,5,5,255,5,255,255,5,5,5,5,5,255,255,255,5,5,5,5,255,255,255,255,4,5,5,255,255
1781192112.528051,272,70165883,2521,2449,2422,2415,2408,2379,2399,2397,1459,2412,2394,2399,2390,2379,2366,1978,1435,2357,2404,2403,2382,2368,2368,2333,1522,2415,2384,2401,2399,2382,2344,2302,1444,2404,2392,930,921,925,2336,2191,1478,2422,2388,905,891,888,2314,2255,1447,2291,2369,2364,873,858,925,2196,1396,1960,688,645,641,688,2266,2334,255,5,5,5,5,5,5,5,255,5,5,5,5,5,5,5,255,5,5,5,5,5,5,5,9,10,5,5,5,5,5,255,255,5,5,5,5,5,5,255,5,255,10,5,5,5,5,5,10,255,255,4,5,5,5,255,255,255,255,255,5,5,255,255
1781192112.626105,273,70263727,2521,2435,2386,2408,2378,2412,2390,2406,1459,2396,2389,2371,2385,2372,2357,2307,1435,2353,2398,2397,2397,2358,2379,2332,1455,2415,2401,2401,2405,2352,2360,2302,1444,2361,2381,2375,942,928,2344,2191,1457,2422,2388,896,891,881,2287,2255,1454,2291,2440,2321,867,866,893,2196,1386,1960,688,686,649,705,2266,2334,255,5,5,5,5,5,5,5,255,5,5,5,5,5,5,5,255,5,5,5,5,5,5,5,5,255,5,5,5,5,5,255,255,5,5,5,5,5,5,255,5,255,255,5,5,5,5,255,5,255,10,5,5,5,5,255,10,255,255,5,5,5,255,255
1781192112.716548,274,70353727,2475,2469,2420,2413,2385,2377,2385,2415,1417,2431,2431,2384,2392,2377,2351,1961,1452,2376,2422,2398,2383,2379,2368,2331,1493,2415,2417,2401,2385,2362,2355,2356,1444,2399,2399,2345,932,927,2315,2191,1460,2422,2388,903,890,888,2334,2225,1458,2291,2440,2321,866,850,856,2196,1402,1960,2400,676,658,709,2266,2334,10,5,5,5,5,5,5,5,10,5,5,5,5,5,5,5,10,5,5,5,5,5,5,5,5,255,5,5,5,5,5,10,255,5,5,5,5,5,5,255,5,255,255,5,5,5,5,10,5,255,255,255,5,5,5,255,5,255,10,5,5,5,255,255
1781192112.816574,275,70454478,2475,2452,2432,2436,2390,2368,2364,2379,1417,2414,2405,2407,2382,2366,2387,1991,1452,2386,2396,2394,2380,2354,2372,2306,1529,2415,2427,2408,2387,2361,2358,2356,1525,2368,2376,2377,923,905,2330,2191,1420,2422,2388,924,899,880,2334,2225,1432,2291,2440,2371,860,845,891,2196,1457,1960,2400,672,638,666,855,2334,255,5,5,5,5,5,5,5,255,5,5,5,5,5,5,5,255,5,5,5,5,5,5,5,5,255,5,5,5,5,5,255,10,5,5,5,5,5,5,255,5,255,255,255,5,5,255,255,5,255,255,10,5,5,5,255,5,255,255,5,5,5,255,255
1781192112.916180,276,70553727,2475,2460,2425,2395,2402,2392,2419,2396,1471,2410,2425,2392,2372,2374,2352,2209,1490,2392,2407,2398,2396,2395,2372,2320,1496,2415,2383,2403,2384,2379,2361,2356,1525,2384,2398,2372,906,918,2341,2191,1462,2422,2377,905,887,877,2304,2213,1416,2291,2366,760,861,854,910,2196,1358,1960,2400,621,633,632,2362,2334,255,5,5,5,5,5,5,5,10,5,5,5,5,5,5,9,10,5,5,5,5,5,5,5,5,255,5,5,5,5,5,255,255,5,5,5,5,5,5,255,5,255,10,255,5,5,10,10,5,255,10,255,5,5,5,255,5,255,255,5,5,5,4,255
1781192113.015166,277,70653727,2534,2419,2406,2398,2395,2404,2389,2380,1508,2422,2390,2403,2375,2391,2374,2238,1457,2396,2399,2385,2407,2373,2362,2311,1499,2415,2406,2423,1032,986,2366,2356,1541,2394,2433,2422,913,907,2330,2191,1514,2422,2411,902,880,866,2290,2284,1486,2291,2366,684,714,838,2344,2196,1358,1960,2400,622,623,623,2362,2334,10,5,5,5,5,5,5,5,5,5,5,5,5,5,5,5,5,5,5,5,5,5,5,5,5,255,5,5,5,5,5,255,10,255,5,5,5,5,5,255,5,255,5,255,5,5,5,5,5,255,255,255,5,5,5,255,255,255,255,5,5,5,255,255
1781192113.118245,278,70755585,2472,2433,2417,2429,2342,2369,2383,2429,1508,2389,2417,2403,2387,2367,2378,1990,1457,2360,2411,2394,2399,2376,2364,2335,1481,2412,2405,2391,959,942,2382,2329,1489,2357,2376,2502,917,896,2340,2191,1435,2422,2411,902,880,852,2316,2303,1486,2291,2366,638,621,715,2271,2196,1419,1960,2369,613,610,603,2362,2188,5,5,5,5,5,5,5,5,255,5,5,5,5,5,5,5,255,5,5,5,5,5,5,5,5,10,5,5,5,5,5,10,5,5,5,5,5,5,5,255,5,255,255,255,5,5,5,5,255,255,255,5,5,5,5,255,10,255,10,5,5,5,255,10
1781192113.215776,279,70853727,2455,2443,2420,2424,2375,2397,2392,2417,1508,2393,2386,2397,2369,2364,2377,1973,1457,2388,2412,2384,2370,2383,2360,2367,1460,2412,2399,2402,929,924,2362,2329,1489,2354,2419,2378,905,895,2348,2191,1480,2422,2411,624,775,763,928,2303,1468,2291,2384,625,612,616,2262,1675,1438,1960,2304,2357,618,603,2362,2188,5,5,5,5,5,5,5,5,255,5,5,5,5,5,5,5,255,5,5,5,5,5,5,5,5,255,5,5,5,5,5,255,255,5,5,5,5,5,5,255,5,255,255,10,5,9,5,255,10,255,10,5,5,5,5,10,5,255,5,4,5,255,255,255
1781192113.313478,280,70953727,2455,2431,2403,2405,2391,2408,2375,2417,1407,2431,2403,2391,2393,2380,2373,2279,1457,2355,2394,2393,2380,2398,2369,2324,1501,2347,2411,2383,933,910,2379,2402,1536,2330,2368,2368,707,887,2286,2191,1483,2422,2411,626,615,611,2263,2303,1468,2291,2384,616,621,616,2323,1675,1406,1960,2304,2343,607,2374,2362,2188,255,5,5,5,5,5,5,5,10,5,5,5,5,5,5,5,255,5,5,5,5,5,5,5,5,10,5,5,5,5,5,10,10,5,5,5,5,5,5,255,5,255,255,5,5,5,4,255,5,255,255,5,5,5,5,255,5,255,255,5,5,10,255,255
1781192113.419839,281,71056905,2455,2429,2430,2417,2389,2402,2397,2413,1407,2433,2417,2403,2366,2361,2364,1985,1457,2421,2409,2398,907,922,2363,2344,1468,2347,2412,641,901,660,2365,2402,1536,2344,2363,627,617,636,2338,2191,1515,2422,2317,687,613,845,2326,2276,1464,2291,2384,2370,911,908,2326,1675,1382,1960,2304,2343,893,2353,2362,2282,255,5,5,5,5,5,5,5,255,5,5,5,5,5,5,5,255,5,5,5,5,5,5,5,5,255,5,4,9,4,5,255,255,5,5,5,5,4,5,255,5,255,10,5,5,4,5,10,5,255,255,4,4,4,5,255,5,255,255,255,5,5,255,10
1781192113.516255,282,71153728,2455,2447,2406,2409,2409,2368,2386,2406,1407,2441,2392,2396,2405,2384,2383,1970,1457,2395,2409,2418,629,885,2374,2358,1494,2383,2393,697,628,666,2355,2402,1536,2356,2432,736,869,698,2371,2191,1500,2422,2317,918,910,915,2326,2312,1447,2291,2384,2353,911,2343,2314,1675,1382,1960,2304,2343,2287,2353,2362,2282,255,5,5,5,5,5,5,5,255,5,5,5,5,5,5,5,255,5,5,5,4,5,5,5,5,10,5,5,4,5,5,255,255,5,5,5,4,5,5,255,5,255,255,4,4,5,255,5,5,255,255,5,255,4,5,255,255,255,255,255,5,255,255,255
1781192113.616193,283,71253759,2455,2435,2417,2421,2421,2422,2408,2405,1367,2407,2416,2381,643,644,2384,1970,1506,2395,2399,2420,704,650,2392,2337,1485,2377,2411,912,810,874,2369,2402,1494,2414,2449,928,907,894,2328,2191,1452,2422,2317,2339,921,2348,2273,2261,1447,2291,2384,2388,911,2343,2306,1675,1382,1960,2304,2357,2358,2354,2362,2282,255,5,5,5,5,5,5,5,10,5,5,5,4,5,5,5,10,5,5,5,5,4,5,5,5,5,5,4,5,5,5,255,10,5,5,5,5,5,5,255,5,255,255,4,5,4,10,5,255,255,255,5,255,255,5,255,255,255,255,10,5,10,255,255
1781192113.720279,284,71356996,2455,2437,2451,2400,635,619,2378,2413,1367,2398,2391,2407,625,788,2408,1942,1506,2394,2417,2433,883,878,906,2318,1484,2377,2375,936,894,902,2380,2402,1489,2414,2398,953,942,2350,2347,2191,1429,2422,2370,2373,2395,2330,2313,2261,1377,2291,2384,2388,2375,2339,2350,2235,1382,1960,2304,2377,2368,2369,2362,2282,255,5,5,5,5,4,5,5,255,5,5,5,5,5,5,5,255,5,5,5,5,4,5,5,5,255,5,5,5,5,5,255,5,255,5,5,5,4,5,255,9,255,10,5,5,5,5,255,10,255,255,255,10,10,5,10,255,255,255,5,5,5,255,255
1781192113.816547,285,71454108,2514,2437,2421,2423,696,649,648,2439,1367,2421,2423,898,841,886,911,2008,1506,2383,2411,913,899,891,2365,2279,1512,2353,2430,996,928,2368,2363,2402,1489,2373,2398,2412,2376,2387,2351,2191,1456,2422,2388,2366,2345,2346,2327,2261,1377,2291,2384,2316,2351,2368,2337,2233,1382,1960,2304,2376,2348,2369,2362,2282,10,5,5,5,5,5,4,5,255,5,5,5,4,5,5,5,255,5,5,5,5,5,5,9,5,10,5,5,5,5,5,255,255,10,5,4,5,5,5,255,5,255,5,5,5,5,5,255,255,255,255,10,5,5,5,5,255,255,255,5,5,255,255,255
1781192113.914748,286,71553728,2486,2424,2421,2411,861,829,925,2375,1429,2425,2388,943,882,932,933,1964,1506,2401,2427,997,982,970,2369,2306,1487,2353,2380,2401,2375,2375,2371,2402,1489,2369,2441,2374,2379,2358,2377,2191,1458,2422,2409,2366,2341,2259,2330,2261,1470,2291,2384,2386,2351,2336,2352,2233,1382,1960,2304,2381,2339,2355,2362,2282,5,5,5,5,5,5,5,5,10,5,5,5,5,5,5,5,255,5,5,5,5,5,5,5,5,255,5,5,5,5,5,255,255,5,5,5,5,5,5,255,5,255,5,255,5,5,5,255,10,255,255,5,255,5,5,255,255,255,255,5,5,10,255,255
1781192114.019689,287,71655942,2486,2429,2435,918,908,901,951,2425,1429,2441,2411,1056,934,1029,946,2187,1506,2390,2396,1110,2404,2350,2355,2339,1486,2405,2427,2387,2372,2363,2351,2402,1527,2336,2351,2375,2381,2380,2346,2273,1455,2422,2471,2360,2386,2259,2291,2255,1470,2291,2384,2376,2381,2336,2334,2233,1417,1960,2304,2372,2293,2311,2362,2179,5,5,5,4,5,5,5,5,255,5,5,5,5,5,5,5,255,5,5,5,5,4,5,5,5,10,5,5,5,5,5,255,10,255,5,5,5,5,5,10,5,255,5,10,5,255,5,10,255,255,255,5,10,255,5,255,10,255,255,5,5,5,255,10
1781192114.116596,288,71753727,2486,2470,2444,994,991,962,1005,2386,1429,2387,2422,2384,1101,2337,2362,1972,1506,2404,2438,2412,2383,2381,2367,2340,1501,2398,2408,2403,2366,2379,2370,2402,1527,2364,2395,2398,2380,2370,2321,2273,1484,2422,2386,2302,2387,2314,2316,2262,1409,2291,2384,2423,2381,2315,2354,2233,1391,1960,2304,2413,2347,2295,2362,2183,255,5,5,5,5,5,5,5,255,5,5,5,5,5,5,5,255,5,5,5,5,5,5,5,5,5,5,5,5,5,5,255,255,5,5,5,5,5,5,255,5,255,5,5,5,10,5,5,10,255,255,5,255,10,5,255,5,255,255,5,5,5,255,5
1781192114.206592,289,71843727,2480,2462,2412,1098,1148,1068,1111,2419,1429,2451,2401,2405,1280,2352,2353,1991,1506,2448,2407,2394,2384,2365,2377,2334,1479,2398,2427,2397,2391,2384,2381,2402,1553,2291,2387,2375,2374,2383,2320,2273,1458,2422,2404,2372,2338,2337,2323,2262,1416,2291,2384,2386,2366,2315,2322,2233,1349,1960,2304,2413,2331,2285,2362,2183,10,5,5,5,5,5,5,5,255,5,5,5,5,5,5,5,255,5,5,5,5,5,5,5,5,255,5,5,5,5,5,255,10,5,5,5,5,5,5,255,5,255,5,5,5,5,5,255,5,255,255,5,10,255,5,255,5,255,255,255,5,9,255,255
1781192114.307092,290,71943727,2480,2451,2405,2377,1264,1225,1260,2468,1429,2396,2389,2406,2334,2388,2385,2026,1506,2392,2427,2402,2377,2350,2375,2358,1500,2398,2408,2398,2393,2376,2381,2402,1553,2336,2385,2395,2349,2372,2335,2273,1507,2422,2337,2386,2401,2337,2313,2223,1467,2291,2384,2399,2433,2329,2333,2233,1336,1960,2304,2288,2408,2285,2308,2183,255,5,5,4,5,5,5,5,255,5,5,5,5,5,5,5,255,5,5,5,5,5,5,5,9,255,5,5,5,5,5,255,255,5,5,5,5,5,5,255,5,255,5,5,5,255,5,10,5,255,255,5,5,10,5,255,5,255,255,10,5,255,10,255
1781192114.406688,291,72043811,2480,2434,2409,2405,2339,1408,2399,2431,1429,2434,2419,2400,2384,2369,2409,2004,1506,2385,2410,2386,2372,2362,2372,2335,1481,2398,2391,2384,2393,2373,2368,2402,1553,2331,2419,2385,2376,2397,2365,2273,1438,2422,2337,2407,2417,2342,2313,2300,1488,2291,2302,2334,2433,2392,2336,2233,1429,1960,2304,2288,2371,2285,2292,2160,255,5,5,5,5,5,5,5,255,5,5,5,5,5,5,5,255,5,5,5,5,5,5,5,5,255,5,5,5,5,5,255,255,5,5,5,5,5,5,255,5,255,255,5,5,10,5,5,5,255,10,5,255,5,5,255,5,255,255,255,5,255,5,10
1781192114.506816,292,72144031,2480,2440,2421,2407,2393,2380,2376,2395,1429,2380,2409,2386,2369,2373,2392,1982,1512,2394,2408,2395,2381,2361,2370,2366,1494,2349,2398,2405,2393,2398,2362,2323,1553,2393,2389,2388,2389,2352,2332,2273,1475,2422,2366,2362,2348,2323,2315,2276,1488,2291,2302,2380,2404,2370,2311,2233,1429,1960,2304,2341,2324,2327,2292,2160,255,5,5,5,5,5,5,5,255,5,5,5,5,5,5,5,10,5,5,5,5,5,5,5,5,10,5,5,5,5,5,10,255,5,5,5,5,5,5,255,5,255,10,5,5,5,5,5,255,255,255,5,10,5,5,255,255,255,255,10,5,10,255,255
1781192114.604811,293,72243759,2480,2441,2382,2406,2387,2367,2400,2443,1459,2406,2412,2389,2379,2365,2371,1950,1512,2339,2407,2416,2380,2378,2362,2301,1465,2349,2403,2384,2376,2369,2366,2323,1543,2365,2396,2432,2389,2347,2327,2273,1504,2422,2363,2357,2365,2340,2268,2279,1483,2291,2302,2384,2353,2319,2318,2233,1429,1960,2304,2361,2366,2327,2249,2160,255,5,5,5,5,5,5,5,10,5,5,5,5,5,5,5,255,5,5,5,5,5,5,5,5,255,5,5,5,5,5,255,10,5,5,5,5,5,5,255,5,255,5,5,5,5,5,5,10,255,255,5,5,5,5,255,255,255,255,5,5,255,10,255
1781192114.705857,294,72343835,2480,2441,2428,2396,2384,2370,2382,2403,1459,2399,2408,2413,2382,2405,2381,2025,1512,2402,2409,2383,2389,2370,2361,2377,1433,2389,2427,2383,2388,2363,2360,2221,1543,2366,2354,2381,2385,2376,2324,2273,1511,2422,2400,2394,2365,2335,2312,2279,1483,2291,2302,2384,2353,2359,2318,2233,1429,1960,2304,2365,2333,2330,2249,2160,255,5,5,5,5,5,5,5,255,5,5,5,5,5,5,5,255,5,5,5,5,5,5,5,5,10,5,5,5,5,5,10,255,5,5,5,5,5,5,255,5,255,5,5,255,5,5,255,255,255,255,255,255,5,255,255,255,255,255,5,5,10,255,255
1781192114.804618,295,72443775,2484,2423,2426,2415,2388,2361,2381,2425,1459,2426,2429,2382,2379,2377,2399,1968,1512,2351,2401,2402,2390,2365,2363,2384,1478,2435,2393,2402,2389,2377,2374,2221,1548,2362,2384,2381,2374,2311,2330,2273,1444,2422,2400,2342,2372,2309,2336,2279,1414,2291,2398,2384,2368,2345,2318,2233,1429,1960,2304,2383,2333,2323,2295,2059,10,5,5,5,5,5,5,5,255,5,5,5,5,5,5,5,255,5,5,5,5,5,5,5,5,5,5,5,5,5,5,255,10,5,5,5,5,5,5,255,5,255,255,5,10,5,5,255,10,255,10,255,10,5,255,255,255,255,255,5,255,5,10,10
1781192114.905711,296,72543727,2495,2441,2387,2401,2403,2380,2416,2420,1459,2433,2410,2375,2394,2384,2365,2258,1485,2435,2407,2402,2391,2376,2367,2322,1461,2435,2417,2393,2377,2365,2385,2221,1548,2345,2384,2397,2380,2333,2342,2273,1453,2422,2385,2410,2395,2309,2331,2279,1428,2291,2398,2372,2334,2374,2363,2286,1429,1960,2304,2383,2370,2323,2301,2059,5,5,5,5,5,5,5,5,255,5,5,5,5,5,5,5,10,5,5,5,5,5,5,5,5,255,5,5,5,5,5,255,255,5,5,5,5,5,5,255,5,255,10,5,5,255,5,255,5,255,255,10,5,5,10,10,255,255,255,255,10,255,5,255
1781192115.007156,297,72644098,2444,2421,2394,2405,2394,2409,2381,2405,1483,2406,2399,2400,2396,2358,2377,1981,1485,2348,2404,2389,2405,2382,2363,2351,1493,2373,2385,2379,2385,2374,2371,2221,1548,2347,2404,2371,2389,2369,2318,2273,1515,2422,2385,2357,2334,2386,2306,2272,1428,2291,2398,2416,2378,2334,2303,2286,1441,1960,2304,2383,2403,2323,2301,2089,5,5,5,5,5,5,5,5,10,5,5,5,5,5,5,5,255,5,5,5,5,5,5,5,9,10,5,5,5,5,5,255,255,5,5,5,5,5,5,255,5,255,255,5,5,10,5,10,255,255,255,5,5,5,5,255,10,255,255,255,5,255,255,10
1781192115.106599,298,72743727,2444,2416,2409,2400,2383,2384,2377,2408,1427,2422,2413,2404,2406,2419,2378,1973,1485,2404,2406,2373,2391,2382,2383,2335,1468,2415,2411,2377,2364,2389,2361,2288,1566,2367,2351,2387,2388,2378,2385,2273,1468,2422,2391,2378,2365,2345,2291,2272,1428,2291,2398,2382,2378,2334,2322,2286,1391,1960,2327,2348,2325,2323,2301,2089,255,5,5,5,5,5,5,5,5,5,5,5,5,5,5,5,255,5,5,5,5,5,5,5,5,5,5,5,5,5,5,10,10,5,5,5,5,5,5,255,5,255,10,5,5,5,5,255,255,255,255,5,255,255,5,255,5,255,10,10,5,255,255,255
1781192115.207006,299,72843727,2470,2452,2413,2404,2411,2379,2397,2452,1460,2397,2397,2393,2393,2364,2374,1955,1485,2397,2396,2391,2397,2367,2366,2319,1477,2377,2388,2389,2378,2370,2358,2288,1477,2377,2394,2358,2367,2370,2331,2273,1451,2422,2391,2397,2385,2351,2320,2265,1478,2291,2398,2367,2346,2404,2254,2286,1386,1960,2327,2348,2327,2340,2301,2113,10,5,5,5,5,5,5,5,5,5,5,5,5,5,5,5,255,5,5,5,5,5,5,5,5,5,5,5,5,5,5,255,5,5,5,5,5,5,5,255,5,255,255,5,5,5,5,10,10,255,255,5,10,10,5,255,5,255,255,255,5,10,255,10
1781192115.306912,300,72943819,2470,2424,2435,2416,2419,2396,2425,2420,1460,2417,2391,2368,2405,2358,2383,1960,1485,2383,2413,2401,2382,2386,2370,2329,1446,2377,2407,2388,2374,2380,2379,2288,1477,2321,2391,2416,2388,2399,2356,2273,1415,2422,2391,2416,2390,2303,2323,2242,1478,2291,2362,2346,2346,2404,2317,2286,1386,1960,2327,2357,2309,2340,2261,2113,255,5,5,5,5,5,5,5,255,5,5,5,5,5,5,5,255,5,5,5,5,5,5,5,5,255,5,5,5,5,5,255,255,5,5,5,5,5,5,255,5,255,255,5,5,5,5,5,255,255,10,5,255,255,5,255,255,255,255,10,5,255,10,255
1781192115.406324,301,73043727,2470,2433,2424,2405,2392,2398,2387,2425,1369,2463,2424,2384,2376,2405,2390,2195,1487,2357,2392,2407,2393,2391,2358,2341,1492,2377,2424,2406,2386,2361,2370,2265,1540,2371,2378,2414,2364,2350,2324,2273,1475,2422,2398,2360,2358,2356,2273,2217,1406,2291,2362,2360,2401,2346,2342,2286,1386,1960,2327,2322,2373,2388,2270,2113,255,5,5,5,5,5,5,5,10,5,5,5,5,5,5,5,10,5,5,5,5,5,5,5,5,255,5,5,5,5,5,10,10,5,5,5,5,5,5,255,5,255,10,5,5,5,5,4,10,255,255,5,10,10,5,255,255,255,255,5,5,10,5,255
1781192115.497588,302,73133764,2470,2421,2409,2393,2407,2388,2384,2411,1411,2417,2401,2369,2384,2377,2374,2324,1504,2376,2384,2398,2376,2372,2367,2350,1500,2377,2388,2402,2384,2381,2378,2315,1540,2323,2408,2412,2391,2380,2369,2273,1511,2422,2398,2390,2379,2322,2273,2217,1462,2291,2362,2360,2401,2346,2312,2286,1386,1960,2327,2322,2403,2320,2270,2113,255,5,5,5,5,5,5,5,5,5,5,5,5,5,5,5,5,5,5,5,5,5,5,5,5,255,5,5,5,5,5,5,255,5,5,5,5,5,5,255,5,255,255,5,5,5,255,255,5,255,255,255,255,255,5,255,255,255,255,255,5,5,255,255
1781192115.598911,303,73233814,2444,2434,2437,2391,2378,2369,2355,2396,1479,2390,2440,2410,2375,2379,2369,1993,1481,2376,2403,2383,2380,2378,2360,2367,1455,2383,2388,2396,2379,2382,2374,2364,1438,2374,2384,2383,2390,2351,2348,2273,1450,2422,2398,2431,2363,2305,2307,2283,1407,2291,2362,2444,2380,2346,2356,2286,1489,1960,2366,2322,2340,2305,2270,2113,10,5,5,5,5,5,5,5,5,5,5,5,5,5,5,5,5,255,5,5,5,5,5,5,5,10,5,5,5,5,5,5,10,5,5,5,5,5,5,255,5,255,255,5,5,5,10,10,5,255,255,10,10,255,5,255,10,255,10,255,5,5,255,255
1781192115.697608,304,73333727,2444,2442,2405,2415,2387,2370,2391,2418,1479,2416,2398,2398,2382,2376,2367,2029,1481,2386,2409,2403,2394,2389,2370,2304,1488,2415,2405,2399,2389,2379,2365,2380,1508,2377,2400,2395,2389,2351,2333,2273,1491,2422,2375,2412,2385,2323,2273,2237,1441,2291,2362,2377,2436,2366,2367,1586,1355,1960,2366,2322,2324,2305,2270,2113,255,5,5,5,5,5,5,5,255,5,5,5,5,5,5,5,255,10,5,5,5,5,5,5,9,5,5,5,5,5,5,5,5,5,5,5,5,255,5,255,5,255,10,5,5,5,5,5,5,255,255,5,5,10,5,10,5,255,255,255,5,255,255,255
1781192115.795355,305,73433806,2444,2438,2413,2389,2383,2403,2416,2455,1457,2396,2425,2393,2383,2382,2390,1992,1503,2360,2400,2389,2396,2384,2355,2334,1518,2415,2398,2382,2381,2371,2366,2380,1500,2341,2402,2385,2387,2359,2348,2273,1477,2422,2460,2385,2354,2273,2342,2237,1420,2291,2362,2365,2367,2376,2332,1586,1410,1960,2366,2365,2337,2300,2270,2184,255,5,5,5,5,5,5,5,10,5,5,5,5,5,5,5,10,5,5,5,5,5,5,5,5,255,5,5,5,5,5,255,5,5,5,5,5,10,5,255,5,255,5,5,5,5,5,255,5,255,255,5,5,5,5,255,5,255,255,10,5,10,255,10
1781192115.894935,306,73533811,2444,2467,2441,2425,2397,2393,2385,2418,1470,2394,2405,2399,2422,2369,2380,1998,1503,2360,2398,2387,2393,2390,2372,2331,1461,2425,2394,2411,2383,2371,2373,2380,1500,2310,2416,2397,2387,2303,2340,2273,1479,2422,2460,2363,2368,2273,2337,2237,1420,2291,2362,2365,2298,2258,2339,1586,1410,1960,2366,2365,2385,2300,2270,2184,255,5,5,5,5,5,5,5,5,5,5,5,5,5,5,5,255,255,5,5,5,5,5,5,5,10,5,5,5,5,5,255,255,5,5,5,5,5,5,255,9,255,255,5,5,255,5,255,255,255,255,255,5,5,5,255,255,255,255,255,5,255,255,255
1781192115.997214,307,73633759,2444,2457,2434,2407,2395,2365,2387,2438,1428,2425,2418,2405,2399,2369,2350,2367,1503,2378,2415,2383,2393,2375,2361,2349,1515,2403,2392,2399,2374,2378,2374,2380,1500,2347,2396,2391,2375,2355,2348,2273,1438,2422,2364,2400,2375,2316,2312,2234,1420,2291,2362,2402,2298,2362,2302,1586,1410,1960,2366,2378,2343,2359,2270,2184,255,5,5,5,5,5,5,5,5,5,5,5,5,5,5,5,255,10,5,5,5,5,5,5,5,5,5,5,5,5,5,255,255,5,5,5,5,5,5,255,5,255,10,5,5,10,5,10,255,255,255,10,255,5,5,255,255,255,255,10,5,10,255,255
1781192116.099362,308,73733727,2444,2443,2426,2397,2397,2395,2419,2390,1428,2431,2402,2399,2352,2384,2347,2315,1503,2413,2397,2424,2384,2380,2368,2378,1505,2364,2379,2380,2389,2377,2356,2380,1500,2383,2397,2391,2377,2366,2351,2273,1472,2422,2364,2394,2368,2336,2340,2315,1397,2291,2362,2384,2354,2372,2334,1586,1415,1960,2288,2378,2317,2320,2333,2184,255,5,5,5,5,5,5,5,255,5,5,5,5,5,5,5,255,5,5,5,5,5,5,5,5,5,5,5,5,5,5,255,255,5,5,5,5,5,5,255,5,255,255,5,5,5,5,5,10,255,255,5,10,5,5,255,10,255,10,255,5,5,10,255
1781192116.198297,309,73833957,2444,2444,2420,2401,2390,2373,2402,2415,1516,2431,2420,2365,2388,2399,2364,2045,1412,2390,2393,2369,2377,2355,2364,2317,1518,2377,2400,2374,2399,2374,2359,2380,1554,2382,2422,2414,2391,2345,2340,2273,1498,2422,2384,2398,2363,2322,2308,2250,1442,2291,2362,2352,2354,2328,2354,1586,1415,1960,2361,2378,2353,2320,2314,2184,255,5,5,5,5,5,5,5,10,255,5,5,5,5,5,5,10,5,5,5,5,5,5,5,5,5,5,5,5,5,5,255,10,5,5,5,5,5,5,255,5,255,10,5,5,5,5,5,5,255,255,5,255,5,5,255,255,255,5,255,5,255,5,255
1781192116.297863,310,73933727,2444,2446,2423,2422,2383,2410,2402,2438,1516,2447,2402,2384,2373,2366,2353,1975,1469,2389,2407,2411,2376,2389,2388,2388,1468,2348,2394,2387,2379,2368,2357,2380,1554,2386,2415,2374,2363,2335,2340,2273,1471,2422,2384,2398,2375,2303,2314,2288,1498,2291,2362,2351,2400,2356,2333,1586,1415,1960,2329,2359,2314,2320,2314,2184,255,5,5,5,5,5,5,5,255,10,5,5,5,5,5,5,5,5,5,5,5,5,5,5,5,5,5,5,5,5,5,255,255,5,5,5,5,5,5,255,5,255,255,255,5,5,5,5,5,255,255,5,10,5,5,255,255,255,5,10,5,255,255,255
1781192116.396111,311,74033727,2501,2438,2401,2389,2381,2386,2382,2423,1453,2413,2396,2405,2393,2363,2373,2332,1514,2380,2398,2381,2391,2378,2360,2361,1517,2358,2422,2396,2374,2390,2365,2380,1574,2285,2381,2394,2425,2372,2346,2273,1488,2422,2384,2399,2372,2391,2288,2265,1408,2291,2362,2390,2400,2348,2329,1586,1432,1960,2329,2383,2346,2320,2314,1857,10,5,5,5,5,5,5,5,10,5,5,5,5,5,5,5,5,5,5,5,5,5,5,5,5,5,5,5,5,5,5,255,10,9,5,5,5,5,5,255,5,255,255,10,5,5,5,5,5,255,255,5,255,5,5,255,10,255,255,5,5,255,255,10
1781192116.497494,312,74135565,2501,2441,2414,2432,2393,2428,2395,2400,1453,2435,2406,2401,2353,2386,2390,2004,1514,2364,2385,2417,2380,2381,2356,2359,1493,2359,2390,2383,2382,2405,2359,2278,1529,2342,2444,2401,2376,2338,2348,2273,1450,2422,2405,2341,2372,2317,2307,2239,1355,2291,2362,2363,2402,2346,2337,2202,1354,1960,2329,2379,2300,2329,2314,1857,255,5,5,5,5,5,5,5,255,5,5,5,5,5,5,9,255,5,5,5,5,5,5,5,5,5,5,5,5,5,5,10,5,5,5,5,5,5,5,255,5,255,10,5,255,5,5,5,5,255,255,5,10,5,5,10,5,255,255,5,5,10,255,255
1781192116.589820,313,74226242,2501,2437,2407,2382,2407,2377,2392,2389,1453,2413,2425,2388,2413,2373,2384,2321,1514,2401,2408,2391,2380,2365,2363,2372,1510,2387,2422,2418,2381,2380,2365,2278,1529,2375,2430,2424,2402,2354,2332,2273,1491,2422,2428,2399,2333,2359,2320,2254,1533,2291,2362,2358,2402,2382,2311,2202,1354,1960,2329,2379,2323,2321,2322,1857,255,5,5,5,5,5,5,5,255,5,5,5,5,5,5,5,255,5,5,5,5,5,5,5,5,5,5,5,5,5,5,255,255,5,5,5,5,5,5,255,5,255,5,5,10,5,5,5,5,255,255,5,255,5,5,255,255,255,255,255,5,5,10,255
1781192116.697270,314,74333727,2501,2449,2398,2414,2389,2382,2400,2389,1453,2424,2426,2399,2392,2373,2406,1984,1514,2391,2417,2420,2392,2370,2370,2348,1524,2400,2381,2398,2390,2385,2364,2278,1529,2377,2430,2369,2381,2307,2353,2273,1474,2422,2428,2425,2362,2359,2316,2330,1407,2291,2422,2360,2342,2357,2327,2202,1354,1960,2305,2321,2330,2342,2322,1857,255,5,5,5,5,5,5,5,255,5,5,5,5,5,5,5,255,5,5,5,5,5,5,5,5,5,5,5,5,5,5,255,255,5,5,5,5,5,5,255,5,255,255,5,5,255,5,5,5,255,10,5,10,5,5,255,255,255,10,10,5,5,255,255
1781192116.800527,315,74437059,2512,2452,2430,2403,2403,2405,2379,2390,1453,2415,2400,2387,2381,2381,2358,1981,1476,2341,2388,2394,2386,2359,2357,2322,1512,2371,2383,2380,2379,2361,2360,2322,1529,2377,2426,2383,2364,2345,2346,2401,1489,2422,2336,2387,2444,2318,2387,1793,1407,2291,2422,2389,2348,2357,2355,2202,1354,1960,2305,2321,2354,2347,2266,1857,10,5,5,5,5,5,5,5,255,5,5,5,5,5,5,5,10,5,5,5,5,5,5,5,5,5,5,5,5,5,5,10,255,255,5,5,5,5,5,10,5,255,10,5,5,10,5,4,255,255,255,5,5,255,5,255,255,255,255,255,5,5,10,255
1781192116.887624,316,74523734,2512,2430,2432,2423,2411,2415,2388,2418,1453,2443,2406,2378,2392,2390,2364,1962,1476,2337,2407,2404,2382,2369,2373,2341,1533,2399,2380,2408,2378,2385,2380,2383,1529,2397,2381,2415,2386,2355,2323,2401,1449,2422,2401,2366,2367,2352,2284,2275,1395,2291,2422,2335,2348,2354,2327,2202,1354,1960,2305,2321,2359,2351,2266,2220,255,5,5,5,5,5,5,5,255,5,5,5,5,5,5,5,255,5,5,5,5,5,5,5,5,5,5,5,5,5,5,5,255,255,5,5,5,5,5,255,5,255,5,5,5,5,5,4,10,255,255,5,255,10,5,255,255,255,255,255,5,5,255,10
1781192116.987212,317,74623759,2512,2432,2400,2394,2390,2383,2382,2417,1453,2381,2418,2383,2391,2360,2367,1957,1489,2366,2411,2401,2375,2378,2360,2298,1526,2379,2386,2397,2387,2373,2376,2383,1529,2332,2380,2378,2371,2380,2315,2401,1496,2422,2401,2355,2376,2357,2323,2332,1476,2291,2404,2335,2348,2386,2279,2231,1354,1960,2389,2316,2325,2351,2266,2071,255,5,5,5,5,5,5,5,255,5,5,5,5,5,5,5,10,5,5,5,5,5,5,5,5,5,5,5,5,5,5,255,255,9,5,5,5,5,5,255,9,255,255,5,5,5,5,5,5,255,10,255,255,5,5,10,255,255,10,10,5,255,255,5
1781192117.089923,318,74726366,2477,2429,2423,2400,2394,2357,2406,2448,1453,2411,2397,2392,2401,2399,2375,1968,1423,2371,2407,2406,2382,2378,2387,2294,1473,2379,2380,2378,2386,2379,2343,2383,1529,2390,2411,2379,2406,2337,2327,2401,1484,2422,2378,2355,2367,2315,2344,2266,1359,2291,2404,2438,2348,2323,2321,2231,1354,1960,2343,2308,2338,2337,2266,2071,10,5,5,5,5,5,5,5,255,5,5,5,5,5,5,5,5,5,5,5,5,5,5,5,5,255,5,5,5,5,5,255,255,5,5,5,5,5,5,255,5,255,10,255,5,5,5,5,5,255,255,10,255,5,5,255,255,255,5,5,5,10,255,255
1781192117.187916,319,74823728,2451,2410,2418,2381,2397,2378,2395,2448,2411,2446,2398,2386,2369,2378,2390,2325,1423,2356,2405,2376,2377,2390,2367,2348,1497,2418,2452,2397,2366,2359,2356,2383,1529,2390,2373,2394,2374,2376,2354,2401,1500,2422,2378,2355,2362,2270,2266,2188,1443,2291,2404,2361,2348,2323,2337,1856,1423,1960,2343,2308,2349,2349,2266,2071,5,5,5,5,5,5,5,5,10,5,5,5,5,5,5,5,255,5,5,5,5,5,5,5,5,10,5,5,5,5,5,255,255,255,5,5,5,5,5,255,5,255,255,255,5,5,5,5,5,255,255,5,255,255,5,10,10,255,255,255,5,5,255,255
1781192125.188054,320,82823826,2598,2431,2421,2422,1393,1159,998,976,1444,2426,2394,2400,2379,1402,1407,1096,1453,2379,2407,2378,2373,2371,2368,2327,1472,2392,2406,2398,2382,2383,2364,2300,1484,2352,2384,2376,2368,2353,2308,2389,1456,2382,2365,2378,2367,2367,2297,2274,1423,1779,2441,2336,2406,2356,2316,2346,1443,1993,2355,2369,2310,2347,2263,2056,255,6,6,6,6,6,6,6,6,6,6,6,6,6,6,6,6,6,6,6,6,6,6,6,6,255,6,6,6,6,6,255,6,6,6,6,6,6,6,255,6,255,6,6,6,6,6,255,255,255,255,6,255,6,6,6,6,255,255,6,6,6,255,6
1781192125.289821,321,82925860,2598,2462,2424,2396,1041,985,904,923,1444,2415,2406,2392,2486,1153,1271,995,1453,2413,2393,2394,2385,2375,2363,2301,1478,2406,2428,2399,2390,2367,2359,2326,1536,2324,2371,2380,2370,2337,2326,2389,1452,2349,2366,2378,2355,2278,2293,2238,1435,1779,2419,2336,2409,2356,2275,2346,1443,1993,2301,2333,2343,2326,2263,2219,255,5,5,5,4,5,5,5,255,5,5,5,5,4,5,5,255,5,5,5,5,5,5,5,5,10,5,5,5,5,5,10,5,5,5,5,5,5,5,255,5,10,5,255,5,5,5,10,10,255,10,5,10,255,5,255,255,255,10,5,5,5,255,5
1781192125.389796,322,83027016,2478,2470,2408,2410,935,827,632,899,1444,2414,2407,2429,1256,984,1007,938,1490,2351,2394,2411,1432,1448,1386,2344,1490,2382,2410,2392,2376,2366,2380,2326,1536,2337,2388,2382,2354,2353,2342,2389,1480,2349,2404,2409,2361,2278,2314,2238,1402,1779,2374,2425,2422,2393,2369,2346,1374,1993,2320,2333,2295,2391,2262,2105,10,5,5,5,5,9,4,5,255,5,5,5,5,9,5,5,10,5,5,5,5,5,5,5,5,5,5,5,5,5,5,255,255,5,5,5,5,5,5,255,5,255,5,10,5,255,5,255,5,255,5,5,5,10,5,255,10,255,5,255,5,5,10,5
1781192125.486763,323,83123755,2478,2450,2415,979,899,629,603,758,1444,2405,2408,988,1004,902,971,947,1474,2366,2408,2373,2387,1351,1222,2346,1454,2413,2412,2381,2359,2381,2347,2326,1536,2352,2387,2372,2407,2358,2335,2389,1471,2349,2354,2445,2355,2278,2287,2238,1447,2205,2374,2323,2422,2414,2325,2346,1374,1993,2284,2333,2324,2328,2262,2105,255,5,5,5,5,5,5,5,255,5,5,5,4,5,5,5,5,5,5,5,5,5,5,5,5,5,5,5,5,5,5,255,255,5,5,5,5,5,5,255,5,255,5,5,5,255,5,255,5,10,255,5,255,5,5,255,255,255,5,255,5,5,255,255
1781192125.585967,324,83223727,2487,2454,2423,2426,2403,633,607,610,1450,2411,2391,936,933,806,626,1941,1474,2370,2401,2434,990,1034,2362,2293,1498,2413,2390,1162,2369,2408,2366,2376,1460,2330,2377,2381,2374,2363,2324,2389,1474,2349,2354,2386,2377,2296,2287,2215,1416,2205,2374,2345,2422,2397,2316,2346,1374,1993,2314,2373,2318,2305,2271,2105,10,5,5,5,4,5,5,5,10,5,5,5,5,5,5,5,255,5,5,5,4,4,5,5,5,255,5,5,5,5,5,10,10,5,5,5,5,5,5,255,5,255,255,5,5,10,255,10,5,255,255,5,255,5,5,255,255,255,5,10,5,5,10,255
1781192125.688530,325,83326325,2487,2452,2417,2390,2387,636,606,611,1482,2421,2428,2398,901,742,608,607,1501,2393,2394,956,923,916,640,606,1531,2413,2388,980,2362,964,2373,2376,1460,2382,2393,2411,2372,2337,2334,2389,1433,2349,2364,2394,2385,2350,2287,2303,1426,2205,2395,2351,2383,2397,2325,2346,1433,1993,2314,2305,2352,2342,2271,2105,255,5,5,5,5,5,5,5,5,5,5,5,5,5,5,5,10,5,5,5,5,5,4,4,5,255,5,5,5,4,5,255,255,5,5,5,5,5,5,255,5,255,10,5,5,5,255,5,5,255,10,5,10,255,5,255,10,255,255,5,5,5,255,255
1781192125.784165,326,83423907,2527,2443,2426,2416,2395,2400,2398,2390,1482,2392,2424,2384,878,649,605,607,1478,2398,2411,2404,893,854,613,604,1431,2434,2386,932,949,887,697,600,1541,2375,2387,2378,2415,2337,2354,2389,1463,2349,2364,2411,2391,2350,2332,2303,1426,2205,2395,2351,2268,2331,2350,2346,1465,1993,2314,2305,2424,2345,2299,2105,10,5,5,5,5,5,4,5,255,5,5,5,5,5,5,5,5,5,5,5,5,5,5,5,5,10,5,5,5,5,4,10,10,5,5,5,5,255,5,255,5,255,255,5,5,255,10,255,5,255,255,255,5,10,5,255,5,255,255,255,5,5,10,255
1781192125.885752,327,83523728,2527,2451,2443,2408,2379,2402,2410,2395,1482,2398,2423,2405,2381,2373,610,1998,1478,2383,2386,2391,883,829,602,589,1494,2434,2379,2410,901,852,654,582,1541,2312,2402,944,917,893,661,2389,1443,2349,2364,2350,1186,2350,2322,2208,1479,2205,2395,2343,2360,2397,2324,1712,1465,1993,2314,2305,2364,2316,2299,2105,255,5,5,5,5,5,5,5,255,5,5,5,4,5,5,4,255,5,5,5,5,5,5,5,5,255,5,5,5,5,5,5,255,255,5,5,5,10,5,255,5,255,255,5,5,255,5,10,5,255,255,10,5,5,5,10,255,255,255,255,5,5,255,255
1781192125.977598,328,83613760,2539,2429,2419,2414,2406,2375,2370,2415,1482,2427,2390,2381,2404,2386,2392,2053,1478,2388,2420,2417,2404,919,643,604,1492,2360,2398,2402,881,797,597,593,1541,2358,2387,916,891,861,595,598,1492,2349,2364,947,930,894,2281,556,1411,2205,2395,2392,2360,2397,2360,1712,1411,1993,2314,2386,2338,2386,2299,2037,10,5,5,5,5,5,5,5,255,5,5,5,5,5,4,5,255,5,5,5,5,5,5,5,5,10,5,5,5,5,5,5,255,5,5,5,5,5,5,10,5,255,255,5,4,10,5,4,5,255,255,5,255,255,5,255,10,255,10,10,5,5,255,10
1781192126.075909,329,83713806,2539,2451,2408,2441,2392,2401,2380,2370,1482,2389,2406,2387,2378,2371,2386,1988,1478,2344,2415,2391,2374,913,913,2350,1505,2353,2407,2410,898,895,640,900,1525,2409,2394,929,881,749,604,586,1451,2349,2435,893,908,648,605,587,1454,2205,2395,2366,941,2397,622,1712,1411,1993,2314,2386,2329,2377,2299,2037,255,5,5,5,5,5,5,5,255,5,5,5,5,5,5,5,255,5,5,5,5,5,5,5,5,5,5,5,5,5,5,4,10,5,5,5,5,9,5,5,5,255,10,5,5,4,4,5,5,255,255,5,10,255,4,255,255,255,255,255,5,5,255,255
1781192126.175700,330,83813759,2539,2448,2416,2419,2391,2369,2406,2422,1480,2415,2457,2366,2380,2382,2382,1950,1478,2381,2400,2407,2380,2382,2375,2349,1507,2371,2402,2392,925,893,889,900,1525,2371,2386,2402,894,803,861,586,1530,2349,2389,884,883,663,582,587,1386,2205,2395,2488,886,601,589,540,1411,1993,2314,2411,1032,604,2261,2037,255,5,5,5,5,5,5,5,10,5,5,5,5,5,5,5,255,5,5,5,5,5,5,5,9,5,5,5,5,5,4,255,255,5,5,5,5,9,4,255,5,255,5,5,5,5,5,255,5,255,255,5,5,10,5,255,255,255,255,10,5,4,10,255
1781192126.275772,331,83913727,2539,2434,2421,2381,2370,2404,2391,2384,1438,2437,2402,2392,2369,2379,2386,2104,1478,2389,2391,2402,2388,2381,2365,2351,1480,2379,2405,2407,2396,919,903,900,1555,2384,2389,2399,899,871,868,586,1466,2349,2389,907,868,832,698,2241,1403,2205,2395,897,816,611,569,540,1411,1993,2314,2411,942,595,609,2037,255,5,5,5,5,5,5,5,5,5,5,5,5,5,5,5,255,5,5,5,5,5,5,9,5,5,5,5,5,5,5,255,10,255,5,5,5,5,5,255,5,255,255,5,5,5,5,10,5,255,255,5,5,5,5,255,255,255,255,255,5,5,4,255
1781192126.375278,332,84013810,2465,2429,2428,2397,2374,2409,2389,2392,1462,2412,2416,2421,2382,2364,2384,1988,1491,2386,2406,2411,2381,2365,2374,2312,1511,2367,2375,2396,2375,2362,2364,900,1555,2384,2385,2391,929,879,875,586,1449,2349,2389,953,878,844,839,2241,1510,2205,2395,891,844,777,2309,540,1411,1993,2314,867,620,624,595,2037,10,5,5,5,5,5,5,5,5,5,5,5,5,5,5,5,10,5,5,5,5,5,5,5,5,5,5,5,5,5,5,255,255,5,5,5,5,5,5,255,5,255,255,5,5,5,5,255,5,255,255,5,5,5,4,255,255,255,255,255,5,5,5,255
1781192126.475202,333,84113855,2465,2454,2424,2406,2379,2377,2392,2397,1462,2380,2437,2398,2405,2368,2360,2001,1434,2401,2426,2370,2387,2385,2370,2301,1514,2367,2403,2398,2390,2367,2389,900,1484,2348,2402,2397,950,895,896,586,1456,2349,2389,976,874,860,844,2210,1405,2205,2395,898,848,830,2330,2309,1393,1993,2314,867,688,730,595,2037,255,5,5,5,5,5,5,5,255,5,5,5,5,5,5,5,5,5,5,5,5,5,5,5,5,255,5,5,5,5,5,255,10,5,5,5,5,5,5,255,5,255,255,255,5,5,5,10,5,255,255,5,5,5,5,10,10,255,255,255,5,5,255,255
1781192126.575697,334,84213727,2465,2432,2428,2424,2391,2401,2406,2394,1480,2389,2417,2417,2389,2378,2386,2208,1446,2413,2411,2382,2395,2370,2368,2307,1450,2401,2384,2388,2395,2389,2365,2317,1523,2357,2388,2410,982,911,903,1854,1469,2349,2389,958,893,859,848,2210,1505,2205,2365,923,857,830,2306,2309,1347,1993,2314,891,826,764,595,2037,255,5,5,5,5,5,5,5,10,5,5,5,5,5,5,5,5,5,5,5,5,5,5,5,5,10,5,5,5,5,5,10,5,4,5,5,5,5,5,10,9,255,255,255,5,5,5,255,5,255,10,5,5,5,5,255,5,255,255,5,5,5,255,255
1781192126.675655,335,84313810,2457,2436,2410,2387,2397,2400,2373,2394,1480,2415,2442,2385,2377,2380,2390,2016,1467,2403,2408,2412,2387,2366,2361,2358,1446,2404,2423,2405,2395,2360,2369,2317,1548,2378,2388,2370,987,918,896,1854,1526,2349,2389,903,897,853,864,1746,1505,2205,2365,915,864,833,2317,2309,1415,1993,2314,896,832,767,2355,2037,10,5,5,5,5,5,5,255,255,5,5,5,5,5,5,5,5,5,5,5,5,5,5,5,5,5,5,5,5,5,5,255,5,5,5,5,5,5,5,255,5,255,255,255,5,5,5,10,255,255,255,5,5,5,5,255,5,255,255,5,5,5,10,255
1781192126.776608,336,84413727,2457,2430,2419,2412,2392,2363,2393,2428,1458,2423,2430,2405,2428,2377,2407,1958,1467,2376,2418,2392,2384,2365,2360,2331,1498,2386,2392,2406,2385,2362,2337,2341,1509,2347,2385,2414,982,920,920,1854,1510,2349,2389,962,898,857,851,1746,1441,2205,2365,913,862,830,847,2309,1408,1993,2273,884,823,780,2355,2037,255,5,5,5,5,5,5,10,10,5,5,5,5,5,5,5,255,5,5,5,5,5,5,5,5,5,5,5,5,5,5,10,5,5,5,5,5,5,5,255,5,255,255,255,5,5,5,255,10,255,255,5,5,5,255,255,5,255,10,5,5,5,255,255
1781192126.876262,337,84513731,2457,2456,2412,2408,2431,2407,2401,2437,1462,2400,2398,2400,2415,2385,2377,2327,1509,2385,2398,2419,2380,2375,2363,2325,1487,2346,2392,2400,2396,2399,2363,2341,1519,2358,2381,2374,963,900,905,1854,1466,2349,2389,976,893,850,862,1746,1441,2205,2365,916,854,834,2326,2309,1408,1993,2273,822,797,660,2355,2037,255,5,5,5,5,5,5,5,5,5,5,5,5,5,5,5,10,5,5,5,5,5,5,5,5,5,5,5,5,5,5,255,5,5,5,5,5,5,5,255,5,255,255,255,5,5,5,255,255,255,255,5,5,5,10,255,255,255,255,255,5,5,255,255
1781192126.976521,338,84613905,2414,2430,2433,2393,2391,2405,2400,2411,1462,2429,2409,2404,2401,2353,2341,2366,1509,2373,2394,2402,2381,2383,2375,2357,1523,2364,2408,2399,2399,948,2380,2341,1437,2291,2385,2401,936,895,874,1854,1484,2349,2413,2378,887,850,845,2216,1441,2205,2365,909,851,826,2296,2309,1391,1993,2273,822,686,617,2355,2037,10,5,5,5,5,5,5,5,255,5,5,5,5,5,5,5,255,5,5,5,5,5,5,5,5,5,5,5,5,5,5,255,5,5,5,5,5,5,5,255,5,255,10,4,5,5,5,10,255,255,255,5,5,5,5,255,10,255,255,255,5,5,255,255
1781192127.075094,339,84713727,2414,2427,2403,2390,2390,2375,2397,2448,1462,2430,2427,2392,2399,2364,2375,2146,1509,2356,2415,2378,2376,2372,2381,2352,1492,2364,2387,2411,2381,906,952,2341,1519,2378,2398,2358,925,888,865,1854,1438,2349,2413,934,887,851,838,2264,1494,2205,2365,916,846,766,697,2309,1428,1993,2273,2233,641,611,632,2037,255,5,5,5,5,5,5,5,255,5,5,5,5,5,5,9,255,5,5,5,5,5,5,5,5,255,5,5,5,5,5,255,5,5,5,5,5,5,5,255,5,255,255,255,5,5,5,5,10,255,255,5,5,5,255,255,5,255,255,10,5,5,10,255
1781192127.171474,340,84813759,2414,2443,2414,2410,2411,2381,2394,2374,1462,2401,2425,2412,2372,2364,2368,1984,1538,2401,2411,2404,2381,2373,2367,2318,1507,2382,2421,2393,2383,904,905,912,1476,2405,2371,2376,914,872,859,879,1464,2349,2413,2353,880,791,855,2264,1494,2205,2365,923,894,637,598,2309,1428,1993,2444,2260,624,602,612,2037,255,5,5,5,5,5,5,5,255,5,5,5,5,5,5,5,10,5,5,5,5,5,5,5,5,10,5,5,5,5,5,255,5,5,5,5,5,5,5,255,5,255,255,4,5,5,5,255,255,255,255,5,5,5,5,255,255,255,10,5,5,5,5,255
1781192127.276181,341,84913818,2435,2439,2437,2414,2398,2403,2392,2459,1484,2433,2404,2378,2379,2375,2372,1970,1538,2395,2413,2400,2393,2377,2372,2360,1461,2344,2408,2391,2396,904,891,880,1478,2389,2403,2369,914,860,835,869,1487,2349,2413,935,891,767,641,606,1494,2205,2365,2406,950,613,600,603,1428,1993,2444,2260,1188,602,612,2037,10,5,5,5,5,5,5,5,10,5,5,5,5,5,5,5,255,5,5,5,5,5,5,5,5,5,5,5,5,5,5,5,5,5,5,5,5,5,5,5,5,255,255,255,5,9,4,10,255,255,255,4,5,5,5,10,255,255,255,255,4,255,255,255
1781192127.376095,342,85013727,2435,2468,2417,2374,2400,2335,2391,2428,1398,2399,2405,2399,2402,2386,2389,2333,1538,2374,2400,2381,2395,2362,894,2357,1485,2343,2390,2389,981,881,877,881,1520,2321,2387,2368,902,860,765,824,1472,2349,2449,965,917,860,607,604,1471,2205,2365,940,976,613,612,583,1428,1993,2262,2260,1238,2353,612,2037,255,5,5,5,5,5,5,5,5,5,5,5,5,5,5,5,255,5,5,5,5,5,5,5,9,5,5,5,5,5,5,5,5,5,5,5,5,5,5,5,5,255,10,10,5,5,5,5,10,255,255,255,5,255,5,5,255,255,10,255,5,10,255,255
1781192127.460824,343,85103727,2435,2452,2434,2400,2397,2393,2386,2402,1398,2409,2391,2388,2397,2383,2360,2026,1538,2402,2400,2416,2378,2364,897,913,1489,2407,2422,2408,926,877,863,880,1520,2350,2370,2430,907,865,710,608,1453,2349,2401,1015,923,873,620,597,1479,2205,2434,2399,941,613,648,624,1390,1993,2262,2260,1333,2353,612,2037,255,5,5,5,5,9,5,5,255,5,5,5,5,5,5,5,255,5,5,5,5,5,5,5,5,5,5,5,5,5,5,5,255,5,5,5,5,5,5,5,5,255,5,5,5,5,5,5,5,255,10,10,5,255,255,5,10,255,255,255,5,255,255,255
1781192127.565014,344,85203953,2435,2445,2443,2408,2394,2375,2378,2433,1398,2418,2442,2384,2381,2385,2363,1965,1538,2376,2396,2384,2379,2382,898,889,1476,2406,2390,2379,908,865,848,880,1520,2381,2378,2401,907,864,699,603,1498,2349,2401,1068,912,872,626,599,1448,2205,2434,2372,2272,2375,613,610,1371,1993,2262,2260,1316,2325,612,2037,255,5,5,5,5,5,5,5,255,5,5,5,5,5,5,5,255,5,5,5,5,5,5,5,5,5,5,5,5,5,5,5,255,5,5,5,5,5,5,5,5,255,255,255,5,5,5,5,5,255,255,5,5,10,255,5,5,255,255,255,5,10,255,255
1781192127.664902,345,85303727,2435,2451,2436,2423,2381,2395,2415,2401,1398,2405,2380,2405,2373,2389,2385,1975,1484,2323,2401,2412,2373,2378,899,905,1561,2406,2437,2409,912,878,839,869,1520,2342,2423,971,897,863,707,605,1449,2349,2401,2427,900,858,635,602,1488,2205,2354,2361,2272,2375,627,592,1396,1993,2262,1325,1243,2298,612,2037,255,5,5,5,5,5,5,5,255,5,5,5,5,5,5,5,10,5,5,5,5,5,5,5,5,255,5,5,5,5,5,5,255,5,5,5,5,5,5,5,5,255,255,4,5,5,5,5,5,255,10,5,255,255,255,5,5,255,255,10,9,5,255,255
1781192127.765733,346,85403727,2513,2437,2442,2390,2389,2376,2372,2417,1398,2423,2413,2381,2398,2377,2390,2332,1484,2397,2398,2382,2396,2355,900,2363,1495,2406,2402,2436,901,870,859,899,1429,2366,2397,952,899,864,711,617,1501,2349,2401,2441,913,836,635,601,1460,2205,2354,2361,2272,2375,645,633,1396,1993,2262,989,1021,2362,612,2037,10,5,5,5,5,5,5,5,255,5,5,5,5,5,5,5,255,5,5,5,5,5,5,5,5,255,5,5,5,5,5,5,10,5,5,5,5,5,5,5,5,255,255,5,5,5,5,5,5,255,255,255,255,255,255,5,255,255,255,4,4,5,255,255
1781192127.867090,347,85504880,2513,2432,2413,2410,2403,2415,2402,2421,1398,2426,2393,2399,2384,2416,2385,2007,1484,2397,2405,2399,2392,2363,2378,2329,1477,2360,2392,942,908,875,855,918,1484,2410,2409,940,894,861,700,619,1470,2349,2401,2441,876,734,618,611,1427,2205,2354,1253,2272,2375,618,610,1412,1993,2262,963,2383,2328,612,2037,255,5,5,5,5,5,5,5,255,5,5,5,5,5,5,5,255,255,5,5,5,5,5,5,5,10,5,5,5,5,5,5,5,5,5,5,5,5,5,5,5,255,255,255,5,5,5,5,5,255,255,10,255,255,5,5,10,255,255,5,4,5,255,255
1781192127.962983,348,85603727,2454,2436,2445,2406,2409,2397,2386,2409,1371,2406,2401,2385,2384,2388,2357,1987,1523,2406,2416,2385,2391,2382,2375,2359,1508,2369,2412,949,904,884,873,920,1484,2342,2409,929,890,858,819,851,1509,2349,2404,975,895,709,609,621,1451,2205,1030,1298,2272,638,618,595,1384,1993,979,963,2383,2328,2361,2037,10,5,5,5,5,5,5,5,10,5,5,5,5,5,5,5,10,10,5,5,5,5,5,5,9,5,5,5,5,5,5,5,255,5,255,5,5,5,5,4,5,255,10,10,5,9,5,5,5,255,255,5,255,10,5,5,5,255,255,255,255,255,10,255
1781192128.061835,349,85703727,2454,2446,2422,2384,2405,2385,2404,2439,2359,2407,2390,2396,2376,2374,2356,1962,1416,2395,2403,2383,2376,2362,2379,2348,1495,2369,2423,990,908,911,899,920,1484,2337,2385,923,891,862,876,908,1477,2349,2384,940,886,778,618,896,1451,2205,1030,1324,2272,625,620,610,1384,615,979,963,2370,632,2361,2037,255,5,5,5,5,5,5,5,4,5,5,5,5,5,5,5,5,5,5,5,5,5,5,5,9,255,5,5,5,5,5,255,255,5,10,5,5,5,5,5,5,255,5,5,5,5,5,4,255,255,255,5,255,5,5,5,255,10,255,255,10,10,255,255
1781192128.167906,350,85806956,2454,2459,2414,2400,2365,2405,2412,2446,2392,2412,2402,2398,2405,2386,2378,2302,1416,2367,2408,2395,2391,2389,2359,2319,1487,2341,2434,2403,952,2390,2359,920,1523,2324,2378,943,903,886,912,955,1436,2349,2384,907,881,856,832,915,1417,2205,1030,2405,740,644,731,610,1384,615,979,963,2385,626,619,2037,255,5,5,5,5,5,5,5,5,5,5,5,5,5,5,5,255,5,5,5,5,5,5,5,5,10,5,5,5,5,5,255,10,5,5,5,5,5,5,5,5,255,255,5,5,5,4,5,10,255,255,4,10,5,9,255,255,255,255,255,5,5,10,255
1781192128.264676,351,85903727,2454,2445,2411,2426,2410,2379,2374,2437,2392,2433,2403,2387,2391,2379,2390,1998,1416,2417,2407,2397,2401,2389,2365,2309,1445,2341,2405,2401,2385,2391,2360,920,1523,2375,2444,976,983,975,2356,955,1457,2349,960,936,889,929,898,915,1394,2205,1030,874,850,833,913,610,608,615,979,705,641,675,632,2037,255,5,5,5,5,5,5,5,255,5,5,5,5,5,5,5,255,5,5,5,5,5,5,5,5,255,5,5,5,5,5,255,255,5,5,5,5,5,4,255,5,255,255,5,5,5,5,255,5,255,255,4,5,5,5,255,10,255,255,10,5,5,5,255
1781192128.366368,352,86003727,2454,2456,2427,2435,2371,2392,2415,2426,2392,2441,2401,2390,2394,2381,2397,1984,1416,2382,2400,2386,2393,2368,2358,2281,1447,2341,2398,2406,2382,2338,2386,920,1523,2366,2409,1040,1163,1163,2330,955,1428,2349,951,969,942,1056,977,915,1394,2205,960,899,894,896,959,610,670,615,979,845,690,895,899,2037,255,5,5,5,5,5,5,5,255,5,5,5,5,5,5,5,255,5,5,5,5,5,5,5,5,255,5,5,5,5,5,255,255,5,5,5,9,5,5,255,5,255,5,5,5,5,5,255,255,255,10,5,5,5,5,255,255,255,255,5,5,4,4,255
1781192128.464269,353,86105666,2454,2461,2420,2401,2397,2406,2396,2401,2392,2413,2398,2396,2392,2400,2382,1981,1416,2378,2408,2397,2405,2369,2365,2369,1542,2341,2397,2384,2379,2361,2386,920,1523,2638,2371,2387,2364,2366,2344,955,1476,2349,971,1042,1005,2368,2351,2294,1394,2205,924,924,948,970,2349,610,670,615,979,876,869,919,945,2037,255,5,5,5,5,5,5,5,255,5,9,5,5,5,5,5,255,5,5,5,5,5,5,5,5,255,5,5,5,5,5,255,255,4,5,4,5,4,5,255,5,255,5,5,5,4,4,10,255,255,5,5,5,5,5,255,255,255,255,5,5,5,5,255
1781192128.565423,354,86203727,2503,2412,2398,2404,2400,2412,2394,2390,2392,2426,2409,2414,2406,2390,2363,2037,1437,2369,2397,2377,2376,2372,2366,2321,1503,2392,2418,2397,2377,2386,2375,2341,1536,2383,2382,2398,2358,2349,2346,955,1542,2349,1008,1002,1155,2368,2289,2294,901,2205,939,955,1026,1111,2317,610,670,615,896,894,898,982,966,2037,10,5,5,5,5,5,5,5,255,5,5,5,5,5,5,5,10,5,5,5,5,5,5,5,5,10,5,5,5,5,5,10,10,4,5,5,5,5,5,255,5,255,5,5,255,255,5,255,255,255,5,5,5,5,5,255,255,255,10,5,5,5,255,255
1781192128.665331,355,86303727,2503,2430,2433,2423,2378,2420,2392,2411,2392,2414,2407,2372,2371,2370,2392,2070,1483,2397,2387,2399,2390,2391,2360,2332,1503,2392,2406,2403,2387,2393,2363,2278,1533,2351,2398,2371,2391,2334,2354,955,1184,1205,1022,1051,2331,2356,2291,2323,946,2205,964,1003,1188,1111,2345,610,670,615,906,932,947,1076,966,2037,255,5,5,5,5,5,5,5,255,5,5,5,5,5,5,5,5,5,5,5,5,5,5,5,9,255,5,5,5,5,5,5,5,5,5,5,5,5,5,255,255,255,5,255,4,10,5,10,255,255,5,5,5,255,5,255,255,255,5,5,5,255,255,255
1781192128.755675,356,86396502,2503,2449,2413,2388,2375,2375,2389,2428,1476,2421,2395,2407,2394,2392,2391,2005,1483,2408,2401,2398,2381,2378,2375,2344,1495,2392,2408,2366,2377,2378,2345,2278,1533,2384,2368,2354,2356,2334,2345,955,1410,1301,1048,1051,2330,2356,2342,2211,946,2205,998,1019,1202,2373,2345,610,670,615,918,976,1042,2318,2296,2037,255,5,5,5,5,5,5,5,10,5,5,5,5,5,5,5,255,5,5,5,5,5,5,5,5,255,5,5,5,5,5,255,255,5,5,5,5,5,5,255,4,255,5,255,5,255,5,5,255,255,5,5,5,10,255,255,255,255,5,5,5,4,10,255
1781192128.852610,357,86493735,2503,2448,2432,2398,2404,2375,2379,2436,1476,2404,2385,2394,2387,2381,2395,2294,1455,2391,2401,2409,2384,2382,2359,2358,1524,2360,2380,2387,2376,2383,2356,2278,1508,2339,2431,2374,2386,2336,2352,955,1405,1301,1282,1051,2330,2313,2326,2211,946,2205,1089,1027,1202,2373,2333,610,670,615,947,1012,1167,2318,2296,2186,255,5,5,5,5,5,5,5,255,5,5,5,5,5,5,5,10,5,5,5,5,5,5,5,5,10,5,5,5,5,5,255,10,5,5,5,5,5,5,255,5,255,4,255,255,10,5,255,255,255,5,5,255,255,10,255,255,255,5,5,5,255,255,10
1781192128.956379,358,86593727,2503,2427,2422,2375,2420,2383,2379,2448,1476,2393,2412,2388,2382,2367,2387,2340,1499,2375,2413,2387,2382,2374,2372,2313,1495,2360,2394,2394,2397,2386,2357,2349,1468,2378,2387,2367,2380,2364,2351,955,1428,2327,1290,1051,2343,2371,2309,2254,770,2205,1247,1065,1202,2351,2329,610,670,615,990,1020,1244,2354,2302,2186,255,5,5,5,5,5,5,5,255,5,5,5,5,5,5,5,5,5,5,5,5,5,5,5,9,255,5,5,5,5,5,10,5,5,5,9,5,5,5,255,5,10,5,255,10,5,5,10,10,255,5,5,255,10,5,255,255,255,5,5,9,10,10,255
1781192129.056496,359,86694592,2503,2448,2416,2407,2410,2404,2377,2401,1476,2418,2414,2391,2393,2372,2392,2006,1499,2374,2399,2400,2382,2388,2368,2324,1458,2408,2434,2390,2391,2372,2365,2349,1476,2379,2358,2401,2404,2359,2336,955,1465,2327,1290,2403,2343,2305,2333,2241,1392,2205,1224,1205,1202,2351,2314,610,660,678,990,1086,1027,2376,2302,2233,255,5,5,5,5,5,5,5,255,5,5,5,5,5,5,5,255,5,5,5,5,5,5,5,5,10,5,5,5,5,5,255,5,5,5,5,5,5,5,255,5,255,255,10,255,5,5,5,4,255,5,5,255,255,5,255,10,10,255,5,4,5,255,10
1781192129.157387,360,86793779,2503,2474,2427,2404,2399,2385,2408,2400,1476,2407,2415,2393,2384,2385,2360,1986,1499,2382,2410,2413,2389,2388,2370,2338,1491,2409,2425,2393,2378,2377,2371,2349,1476,2396,2393,2382,2369,2334,2338,955,1480,2327,1290,2362,2386,2297,2328,2241,1375,2205,1224,1303,1202,2394,2295,610,554,633,990,1217,1113,2272,2302,2233,255,5,5,5,5,5,5,5,255,5,5,5,5,5,5,5,255,5,5,5,5,5,5,5,5,5,5,5,5,5,5,255,255,5,5,5,5,5,5,255,5,255,255,5,10,5,5,255,5,255,255,5,255,10,5,255,5,5,255,5,5,5,255,255
1781192129.255111,361,86894109,2503,2462,2416,2403,2393,2422,2364,2430,1476,2433,2395,2383,2418,2366,2371,2008,1439,2379,2396,2381,2382,2379,2364,2321,1470,2409,2416,2410,2398,2390,2359,2349,1476,2353,2385,2389,2376,2376,2362,955,1466,2327,1290,2399,2345,2297,2297,2241,1409,2205,1224,1350,1202,2394,2333,610,554,633,990,1125,1130,2383,2302,2233,255,5,5,5,5,5,5,5,255,5,5,5,5,5,5,5,10,5,5,5,5,5,5,5,5,255,5,5,5,5,5,255,255,5,5,5,5,5,5,255,5,255,255,5,5,255,5,255,5,255,255,5,255,255,5,255,255,255,255,5,5,5,255,255
1781192129.354957,362,86993727,2458,2426,2411,2411,2384,2394,2389,2400,1426,2426,2415,2404,2386,2378,2393,1969,1531,2414,2414,2386,2392,2378,2367,2329,1494,2374,2396,2391,2387,2385,2372,2349,1551,2356,2353,2389,2376,2384,2351,955,1444,2327,2370,2424,2394,2324,2309,2241,1432,2205,1224,1350,2348,2330,2356,610,554,633,990,1038,1226,2299,2302,2093,10,5,5,5,5,5,5,5,10,5,5,5,5,5,5,5,5,5,5,5,5,5,5,5,5,10,5,5,5,5,5,255,10,5,5,5,5,5,5,255,5,255,10,5,5,10,5,255,5,255,255,255,10,10,5,255,255,255,255,5,5,5,255,10
1781192129.451248,363,87093819,2458,2443,2435,2400,2391,2386,2383,2397,1426,2391,2407,2401,2360,2383,2364,1962,1531,2408,2406,2412,2383,2380,2362,2332,1523,2412,2400,2384,2378,2372,2367,2349,1551,2365,2375,2381,2365,2349,2333,955,1529,2327,2427,2402,2329,2285,2303,2266,1432,2205,1224,2387,2348,2355,2356,610,554,633,990,1038,1152,2299,2326,2093,255,5,5,5,5,5,5,5,255,5,5,5,5,5,5,5,255,5,5,5,5,5,5,5,5,5,5,5,5,5,5,255,255,255,5,5,5,5,5,255,5,255,5,5,5,5,5,10,255,255,255,10,255,5,5,255,255,255,255,255,5,255,10,255
1781192129.555517,364,87193728,2543,2440,2411,2414,2388,2402,2401,2392,1426,2437,2382,2390,2370,2367,2366,1960,1531,2397,2395,2407,2401,2381,2366,2335,1542,2412,2430,2396,2375,2388,2388,2349,1551,2381,2402,2403,2371,2331,2369,955,1489,2327,2427,2396,2395,2285,2347,2240,1432,2205,1224,2326,2348,2355,2319,610,554,633,990,1038,1304,2299,2326,2093,10,5,5,5,5,5,5,5,255,5,5,5,5,5,5,5,255,5,5,5,5,5,5,5,5,255,5,5,5,5,5,255,255,5,5,5,5,5,5,255,5,255,255,5,5,255,5,5,255,255,255,5,255,255,5,255,255,255,255,255,5,255,255,255
1781192129.656654,365,87293728,2543,2411,2429,2408,2382,2378,2381,2382,1426,2439,2414,2400,2402,2364,2398,1996,1498,2440,2422,2424,2391,2366,2364,2329,1423,2391,2419,2396,2388,2390,2361,2354,1551,2314,2392,2412,2375,2352,2378,955,1427,2355,2423,2388,2351,2358,2276,2240,1432,2205,1224,2326,2348,2364,2313,610,554,633,990,1038,1529,2299,2326,2093,255,5,5,5,5,5,5,5,255,5,5,5,5,5,5,5,10,5,5,5,5,5,5,5,5,10,5,5,5,5,5,10,255,5,5,5,5,5,5,255,5,10,10,5,5,10,5,255,255,255,255,255,255,10,5,255,255,255,255,255,4,255,255,255
1781192129.757223,366,87395317,2543,2444,2400,2388,2379,2383,2392,2414,1443,2376,2398,2391,2394,2392,2394,1973,1464,2407,2408,2406,2399,2363,2367,2327,1452,2391,2442,2404,2402,2375,2363,2354,1551,2386,2419,2384,2400,2359,2338,955,1460,2355,2423,2353,2355,2361,2317,2240,1464,2205,1224,2360,2363,2389,2318,610,554,633,990,1038,1689,2331,2326,2093,255,5,5,5,5,5,5,5,10,5,5,5,5,5,5,5,5,5,5,5,5,5,5,5,5,255,5,5,5,5,5,255,255,5,5,5,5,5,5,255,5,255,255,5,5,5,5,255,10,255,255,10,10,5,5,255,255,255,255,255,5,10,255,255
1781192129.856000,367,87493771,2543,2433,2411,2421,2379,2426,2377,2419,1443,2410,2395,2387,2386,2378,2416,1969,1464,2375,2398,2392,2383,2382,2367,2328,1542,2376,2380,2397,2389,2376,2364,2354,1573,2364,2408,2374,2371,2395,2353,955,1411,2355,2423,2380,2392,2354,2298,2240,1437,2205,1224,2380,2363,2378,2339,610,1383,633,990,1038,1859,2331,2326,2093,255,5,5,5,5,5,5,5,255,5,5,5,5,5,5,5,255,5,5,5,5,5,5,5,5,10,5,5,5,5,5,255,10,5,5,5,5,5,5,255,5,255,255,5,5,5,5,255,5,255,255,5,255,5,5,255,10,255,255,255,5,255,255,255
1781192129.956738,368,87593728,2543,2429,2431,2410,2397,2382,2386,2377,1443,2434,2394,2378,2364,2372,2363,1965,1464,2374,2424,2381,2384,2380,2379,2335,1499,2478,2389,2383,2386,2367,2356,2354,1573,2378,2418,2418,2385,2375,2363,955,1442,2355,2423,2370,2323,2320,2303,2276,1437,2205,1224,2356,2363,2378,2323,610,1410,633,990,1038,2057,2331,2326,2093,255,5,5,5,5,5,5,5,255,5,5,5,5,5,5,5,255,5,5,5,5,5,5,5,9,5,5,5,5,5,5,255,255,5,5,5,5,5,5,255,5,255,255,5,5,9,5,10,255,255,255,5,255,255,5,255,9,255,255,255,5,255,255,255
1781192130.053459,369,87693814,2543,2437,2441,2393,2409,2410,2365,2435,1459,2395,2414,2385,2384,2362,2371,2334,1543,2378,2405,2387,2397,2399,2361,2338,1499,2375,2418,2393,2362,2376,2371,2354,1455,2376,2382,2375,2362,2339,2324,955,1473,2355,2423,2434,2373,2393,2322,2256,1437,2205,2439,2383,2363,2351,2319,610,1410,633,990,2329,1982,2252,2326,2093,255,5,5,5,5,5,5,5,10,5,5,5,5,5,5,5,10,5,5,5,5,5,5,5,5,5,5,5,5,5,5,255,10,5,5,5,5,5,5,255,5,255,255,5,5,5,5,5,255,255,10,5,255,10,5,255,255,255,255,10,9,10,255,255
1781192130.157921,370,87796338,2543,2426,2414,2422,2392,2378,2374,2393,1459,2441,2407,2376,2414,2402,2364,2026,1481,2409,2395,2441,2386,2375,2383,2333,1540,2391,2405,2392,2368,2371,2364,2354,1455,2378,2433,2372,2386,2381,2346,955,1467,2355,2393,2383,2381,2313,2288,2282,1470,2205,2439,2357,2380,2351,2320,610,1410,633,990,2329,1982,2351,2326,2093,255,5,5,5,5,5,5,5,255,5,5,5,5,5,5,5,5,5,5,5,5,5,5,5,5,5,5,5,5,5,5,255,255,5,5,5,5,5,5,255,5,255,10,5,5,5,5,5,10,255,255,5,10,255,5,255,255,255,255,255,255,5,255,255
1781192130.244087,371,87883763,2417,2436,2414,2396,2408,2429,2388,2425,1415,2422,2396,2378,2361,2389,2367,1963,1481,2382,2398,2404,2385,2380,2368,2295,1508,2391,2414,2389,2393,2395,2383,2354,1455,2349,2428,2391,2376,2374,2354,955,1491,2355,2371,2400,2395,2362,2301,2228,1383,2205,2439,2356,2380,2339,2308,610,1410,633,990,2329,2353,2335,2344,1680,10,5,5,5,5,5,5,5,10,5,5,5,5,5,5,5,255,5,5,5,5,5,5,5,5,255,5,5,5,5,5,255,255,5,5,5,5,5,5,255,5,255,5,5,5,5,5,5,5,255,255,5,255,10,5,255,255,255,255,255,10,5,10,10
1781192130.346333,372,87983815,2417,2443,2401,2430,2381,2377,2365,2452,1399,2427,2416,2419,2408,2375,2376,2194,1496,2390,2421,2425,2392,2383,2353,2266,1462,2391,2402,2399,2374,2360,2363,2354,1455,2403,2381,2393,2363,2355,2347,955,1451,2355,2373,2351,2436,2362,2294,2244,1421,2205,2439,2426,2380,2339,2325,610,1410,633,2252,2329,2281,2317,2344,1680,255,5,5,5,5,5,5,5,5,5,5,5,5,5,5,5,10,5,5,5,5,5,5,5,5,255,5,5,5,5,5,255,255,5,5,5,5,5,5,255,5,255,5,5,5,255,5,5,5,255,255,5,255,255,5,255,255,255,10,255,5,5,255,255
1781192130.441076,373,88083763,2417,2452,2428,2388,2395,2400,2385,2442,1418,2417,2414,2383,2395,2365,2403,1978,1496,2378,2388,2404,2396,2391,2364,2329,1473,2389,2396,2400,2383,2363,2389,2354,1455,2342,2415,2395,2392,2373,2348,955,1444,2355,2373,2394,2390,2311,2317,2244,1421,2205,2439,2415,2380,2337,2311,610,1410,633,2366,2385,2325,2311,2342,2053,255,5,5,5,5,5,5,5,5,5,5,5,5,5,5,5,255,5,5,5,5,5,5,5,5,10,5,5,5,5,5,255,255,5,5,5,5,5,5,255,5,255,255,5,5,10,5,255,255,255,255,5,255,10,5,255,10,255,5,10,5,5,10,10
1781192130.544824,374,88183727,2417,2455,2396,2388,2378,2394,2395,2420,1418,2456,2392,2396,2382,2373,2366,1976,1455,2393,2405,2402,2385,2376,2378,2355,1519,2415,2423,2407,2386,2373,2384,2354,1455,2285,2398,2417,2358,2349,2340,955,1471,2355,2402,2379,2367,2370,2320,2269,1424,2205,2439,2361,2380,2323,2327,610,1410,633,2366,2351,2358,2313,2342,2320,255,5,5,5,5,5,5,5,255,5,5,5,5,5,5,5,10,5,5,5,5,5,5,5,5,5,5,5,5,5,5,255,255,5,5,5,5,5,5,255,5,255,10,5,5,5,5,10,10,255,255,5,255,5,5,255,255,255,255,5,5,5,255,4
1781192130.647426,375,88283819,2417,2451,2420,2391,2400,2390,2409,2397,1418,2402,2391,2392,2405,2370,2354,2044,1455,2377,2404,2394,2381,2381,2365,2172,1507,2427,2390,2416,2398,2375,2358,2354,1455,2266,2401,2371,2414,2361,2369,955,1471,2355,2402,2382,2351,2283,2299,2269,1424,2205,2439,2333,2339,2387,2340,610,1410,633,2363,2408,2378,2313,2342,2320,255,5,5,5,5,5,5,5,255,5,5,5,5,5,5,5,255,5,5,5,5,5,5,5,5,5,5,5,5,5,5,255,255,5,5,5,5,5,5,255,5,255,255,5,5,5,5,255,255,255,255,5,10,5,5,255,255,255,10,5,5,255,255,255
1781192130.747065,376,88383772,2417,2438,2421,2407,2391,2402,2391,2401,1487,2396,2401,2415,2386,2366,2378,1982,1509,2417,2417,2383,2393,2376,2357,2318,1496,2427,2396,2405,2390,2370,2372,2354,1466,2378,2372,2379,2377,2374,2349,2221,1499,2355,2409,2324,2364,2405,2320,2253,1448,2205,2439,2397,2339,2387,2300,610,1369,633,2364,2314,2309,2294,2342,2320,255,5,5,5,5,5,5,5,10,5,5,5,5,5,5,5,10,5,5,5,5,5,5,5,5,255,5,5,5,5,5,255,10,5,5,5,5,5,5,10,5,255,10,5,5,5,5,10,10,255,255,5,255,255,5,255,10,255,5,5,5,10,255,255
1781192130.845864,377,88483731,2417,2454,2411,2422,2393,2403,2377,2381,1440,2441,2416,2392,2386,2390,2373,2348,1509,2380,2409,2400,2395,2373,2365,2336,1453,2406,2408,2395,2378,2377,2368,2354,1448,2316,2399,2411,2389,2376,2364,2221,1485,2355,2409,2324,2382,2291,2336,2288,1444,2205,2439,2340,2339,2377,2311,2246,1369,633,2364,2410,2309,2316,2316,2320,255,5,5,5,5,5,5,5,5,5,5,5,5,5,5,5,255,5,5,5,5,5,5,5,5,10,5,5,5,5,5,255,5,5,5,5,5,5,5,255,5,255,255,255,5,5,5,5,5,255,255,5,255,10,5,10,255,255,255,5,255,5,10,255
1781192130.945807,378,88584056,2416,2453,2411,2410,2397,2390,2403,2421,1440,2412,2416,2393,2406,2367,2372,2308,1509,2402,2407,2385,2380,2383,2346,2335,1502,2419,2400,2404,2398,2374,2359,2354,1448,2347,2434,2390,2384,2372,2342,2221,1451,2355,2383,2380,2360,2359,2326,2288,1432,2205,2439,2340,2426,2363,2312,2246,1369,633,2364,2410,2354,2353,2316,2320,10,5,5,5,5,5,5,5,255,5,5,5,5,5,5,5,255,5,5,5,5,5,5,5,5,5,5,5,5,5,5,255,255,5,5,5,5,5,5,255,5,255,10,10,5,5,5,255,5,255,255,255,10,5,5,255,255,255,255,255,10,5,255,255
1781192131.046596,379,88683728,2477,2422,2418,2404,2383,2382,2376,2397,1440,2443,2413,2403,2410,2388,2387,2363,1509,2394,2407,2384,2383,2359,2361,2347,1440,2419,2400,2397,2372,2371,2370,2354,1448,2330,2378,2378,2379,2362,2383,2221,1491,2355,2383,2380,2333,2338,2359,2212,1432,2205,2439,2340,2387,2342,2305,2246,1395,633,2364,2410,2335,2353,2316,2320,5,5,5,5,5,5,5,5,255,5,5,5,5,5,5,5,255,5,5,5,5,5,5,5,5,255,5,5,5,5,5,10,255,5,5,5,5,5,5,255,5,255,255,255,5,5,5,10,255,255,255,255,5,5,5,255,10,255,255,255,5,255,255,255
1781192131.143368,380,88785945,2477,2427,2410,2400,2395,2372,2413,2389,1502,2401,2399,2390,2419,2367,2369,2065,1524,2387,2419,2393,2400,2387,2372,2320,1472,2419,2420,2397,2378,2389,2381,2354,1448,2403,2380,2365,2388,2365,2338,2221,1483,2355,2389,2396,2348,2328,2297,2295,1462,2205,2439,2361,2387,2342,2318,2246,1395,633,2364,2400,2326,2353,2316,2320,255,5,5,5,5,5,5,5,10,5,5,5,5,5,5,5,10,5,5,5,5,5,5,5,5,255,5,5,5,5,5,255,255,5,5,5,5,5,5,255,5,255,10,10,5,5,9,4,10,255,255,10,255,255,5,255,255,255,255,10,5,255,255,255
1781192131.247433,381,88884553,2477,2456,2419,2402,2383,2426,2411,2389,1459,2425,2421,2412,2402,2373,2369,2320,1426,2393,2419,2383,2383,2356,2384,2325,1454,2344,2398,2398,2387,2378,2362,2354,1448,2386,2398,2394,2360,2371,2340,2221,1454,2355,2389,2382,2348,2368,2328,2295,1504,2205,2439,2388,2387,2395,2332,2246,1395,633,2364,2400,2314,2373,2316,2320,255,5,5,5,5,5,5,255,5,5,5,5,5,5,5,5,5,5,5,5,5,5,5,5,9,10,5,5,5,5,5,255,255,5,5,5,5,5,5,255,5,255,255,5,255,5,5,255,5,255,255,5,255,10,5,255,255,255,255,255,5,10,255,255
1781192131.345712,382,88983728,2470,2417,2418,2403,2399,2402,2398,2384,1447,2424,2425,2390,2396,2358,2364,2092,1444,2398,2403,2401,2386,2391,2390,2346,1469,2344,2400,2401,2385,2382,2368,2354,1448,2400,2380,2379,2388,2397,2335,2221,1475,2355,2389,2404,2379,2330,2298,2295,1504,2205,2439,2323,2387,2395,2334,2219,1395,633,2364,2400,2388,2376,2316,2320,10,5,5,5,5,5,5,10,5,5,5,5,5,5,5,9,5,5,5,5,5,5,5,5,5,255,5,5,5,5,5,255,255,5,5,5,5,5,5,255,5,255,255,5,10,5,5,255,255,255,255,5,255,255,5,10,255,255,255,255,5,5,255,255
1781192131.440948,383,89083727,2470,2436,2418,2407,2363,2399,2395,2415,1383,2393,2408,2384,2377,2386,2365,1995,1444,2388,2407,2406,2386,2392,2381,2358,1461,2344,2395,2398,2383,2379,2368,2354,1475,2368,2381,2398,2379,2360,2348,2221,1462,2355,2301,2393,2385,2324,2275,2295,1449,2205,2335,2384,2387,2309,2284,2219,1395,633,2364,2384,2368,2365,2316,2320,255,5,5,5,5,5,5,5,5,5,5,5,5,5,5,5,255,5,5,5,5,5,5,5,5,10,5,5,5,5,5,255,10,5,5,5,5,5,5,255,5,255,10,5,5,5,5,255,10,255,10,5,255,10,5,255,255,255,255,10,5,5,255,255
1781192131.547970,384,89186178,2456,2444,2429,2422,2416,2391,2394,2454,1383,2395,2403,2391,2382,2385,2367,1990,1444,2366,2418,2414,2375,2383,2358,2370,1480,2344,2413,2400,2394,2397,2364,2354,1521,2367,2387,2378,2388,2371,2333,2221,1494,2355,2419,2382,2360,2347,2308,2173,1426,2205,2335,2386,2325,2310,2331,2219,1395,633,2364,2384,2345,2315,2316,2320,10,5,5,5,5,5,5,5,255,5,5,5,5,5,5,5,255,5,5,5,5,5,5,5,9,255,5,5,5,5,5,255,5,5,5,5,5,5,5,255,5,255,5,5,5,5,5,10,5,255,255,5,10,5,5,255,255,255,255,255,5,5,255,255
1781192131.636594,385,89273728,2456,2433,2436,2413,2372,2417,2386,2426,1383,2389,2409,2389,2408,2370,2365,1975,1444,2394,2416,2392,2388,2368,2362,2328,1498,2426,2421,2378,2377,2379,2379,2342,1513,2338,2394,2412,2389,2364,2337,2221,1514,2355,2419,2382,2373,2340,2322,2173,1426,2205,2335,2358,2365,2343,2299,2219,1395,633,2364,2384,2376,2315,2316,2320,255,5,5,5,5,5,5,5,255,5,5,5,5,5,5,5,255,5,5,5,5,5,5,5,9,10,5,5,5,5,5,10,5,5,5,5,5,5,5,255,5,255,255,255,5,5,5,255,255,255,255,5,5,5,5,255,255,255,255,255,5,255,255,255
1781192131.737143,386,89373824,2456,2454,2400,2405,2384,2361,2381,2426,1383,2436,2393,2382,2384,2367,2384,2194,1514,2418,2416,2405,2383,2378,2377,2364,1494,2356,2366,2393,2378,2371,2366,2342,1513,2387,2429,2383,2376,2342,2330,2221,1423,2355,2419,2360,2392,2347,2272,2173,1440,2205,2396,2368,2425,2363,2353,2219,1395,633,2364,2354,2328,2316,2316,2320,255,5,5,5,5,5,5,5,255,5,5,5,5,5,5,5,10,5,5,5,5,5,5,5,5,5,5,5,5,5,5,255,255,5,5,5,5,5,5,255,5,255,255,10,5,5,5,255,10,255,10,5,5,5,5,255,255,255,255,10,5,10,255,255
1781192131.837990,387,89476068,2456,2424,2412,2411,2384,2374,2381,2430,1494,2426,2397,2398,2376,2394,2388,2370,1514,2377,2404,2397,2399,2373,2364,2328,1454,2329,2416,2398,2387,2373,2357,2342,1527,2354,2355,2383,2379,2350,2333,2221,1484,2355,2419,2360,2364,2347,2278,2279,1480,2205,2396,2393,2295,2323,2353,2219,1395,633,2364,2369,2275,2360,2316,2224,255,5,5,5,5,5,5,5,10,5,5,5,5,5,5,5,255,5,5,5,5,5,5,5,5,5,5,5,5,5,5,255,10,5,5,5,5,5,5,255,5,255,255,255,5,255,5,10,5,255,255,5,5,5,255,255,255,255,255,5,5,5,255,10
1781192131.930981,388,89573727,2456,2427,2417,2443,2411,2389,2398,2420,1494,2411,2432,2389,2379,2377,2371,1977,1514,2362,2398,2406,2390,2384,2370,2338,1502,2389,2407,2413,2379,2361,2369,2316,1527,2374,2426,2378,2352,2349,2357,2221,1520,2355,2431,2360,2371,2298,2309,2279,1405,2205,2396,2400,2362,2380,2308,2219,1395,633,2382,2397,2346,2360,2316,2224,255,5,5,5,5,5,5,5,255,5,5,5,5,5,5,5,255,5,5,5,5,5,5,5,5,5,5,5,5,5,5,10,255,5,5,5,5,5,5,255,5,255,10,255,5,10,5,255,5,255,255,5,5,5,10,255,255,255,10,5,5,255,255,255
1781192132.037247,389,89673728,2456,2446,2413,2404,2390,2388,2394,2390,1494,2403,2407,2407,2389,2367,2359,2059,1514,2403,2418,2391,2400,2378,2364,2359,1534,2326,2432,2394,2378,2377,2360,2316,1527,2374,2403,2396,2392,2377,2342,2221,1402,2355,2431,2373,2385,2335,2290,2279,1405,2205,2399,2337,2362,2384,2292,2219,1395,633,2382,2328,2318,2293,2281,2224,255,5,5,5,5,5,5,9,255,9,5,5,5,5,5,5,255,5,5,5,5,5,5,5,5,5,5,5,5,5,5,255,255,255,5,5,5,5,5,255,5,255,255,10,5,5,5,255,255,255,10,5,255,5,5,255,255,255,255,5,5,10,10,255
1781192132.139232,390,89776268,2456,2455,2415,2416,2395,2409,2393,2390,1494,2397,2413,2396,2415,2387,2364,2361,1568,2357,2414,2395,2384,2368,2366,2335,1498,2326,2388,2373,2379,2368,2367,2316,1509,2415,2373,2385,2378,2381,2363,2221,1478,2355,2379,2386,2372,2339,2311,2242,1402,2205,2383,2368,2362,2354,2312,2219,1502,633,2376,2351,2318,2310,2281,2224,255,5,5,5,5,5,5,255,255,5,5,5,5,5,5,5,10,5,5,5,5,5,5,5,5,255,5,5,5,5,5,255,10,10,5,5,5,5,5,255,5,255,10,5,5,5,5,10,10,255,5,5,255,5,5,255,10,255,10,5,255,5,255,255
1781192132.236412,391,89873826,2456,2431,2430,2411,2370,2390,2396,2367,1494,2446,2411,2391,2410,2393,2379,1949,1568,2398,2391,2418,2392,2371,2355,2343,1495,2314,2420,2392,2410,2370,2367,2316,1509,2377,2390,2390,2398,2373,2320,2221,1565,2355,2392,2374,2376,2339,2317,2270,1443,2205,2383,2369,2362,2421,2326,2219,1502,633,2376,2373,2318,2354,2281,2224,255,5,5,5,5,5,5,10,255,5,5,5,5,5,5,5,255,5,5,5,5,5,5,5,5,10,5,5,5,5,5,255,255,5,5,5,5,5,5,255,5,255,5,5,5,255,5,5,9,255,255,5,255,5,5,255,255,255,255,5,255,5,255,255
1781192132.334013,392,89973728,2493,2453,2432,2412,2399,2415,2389,2421,1494,2433,2414,2396,2391,2367,2415,1992,1568,2398,2400,2409,2375,2388,2367,2331,1518,2390,2390,2410,2379,2380,2364,2316,1509,2340,2398,2430,2391,2373,2321,2221,1433,2355,2397,2374,2376,2417,2348,2270,1443,2205,2407,2386,2358,2370,2314,2219,1445,633,2315,2373,2341,2288,2281,2224,10,5,5,5,5,5,5,5,255,5,5,5,5,5,5,5,255,255,5,5,5,5,5,5,5,5,5,5,5,5,5,255,255,5,5,5,5,255,5,255,5,255,5,255,255,10,5,255,255,255,10,5,10,5,5,255,10,255,10,255,10,5,255,255
1781192132.434004,393,90074830,2493,2455,2437,2406,2393,2412,2395,2423,1476,2422,2396,2379,2384,2370,2341,1992,1520,2393,2405,2384,2382,2391,2371,2350,1503,2390,2403,2401,2386,2396,2377,2316,1426,2361,2420,2391,2364,2357,2323,2221,1475,2355,2397,2361,2373,2358,2382,2279,1432,2205,2407,2365,2358,2370,2314,2219,1445,633,2315,2373,2373,2332,2281,2224,255,5,5,5,5,5,5,5,10,5,5,5,5,5,5,5,10,10,5,5,5,5,5,5,5,255,5,5,5,5,5,255,10,5,5,5,5,10,5,255,5,255,255,10,10,5,5,10,10,255,255,5,255,255,255,255,255,255,255,255,5,5,255,255
1781192132.535729,394,90173743,2426,2416,2424,2406,2403,2375,2408,2427,1455,2429,2425,2383,2375,2384,2368,1971,1418,2403,2404,2412,2376,2376,2383,2356,1503,2390,2395,2402,2384,2379,2366,2316,1426,2393,2392,2389,2373,2353,2324,2221,1518,2355,2397,2398,2336,2319,2337,2279,1426,2205,2407,2368,2358,2395,2353,2219,1445,633,2333,2373,2355,2347,2281,2277,10,5,5,5,5,5,5,5,5,5,5,5,5,5,5,5,5,5,5,5,5,5,5,5,5,255,5,5,5,5,5,255,255,255,5,5,5,5,5,255,5,255,255,5,5,5,5,255,5,255,255,5,255,10,10,255,255,255,10,255,5,5,255,10
1781192132.635958,395,90273728,2501,2434,2430,2390,2386,2382,2378,2421,1487,2391,2396,2404,2377,2382,2366,1986,1418,2405,2394,2400,2381,2376,2363,2298,1423,2341,2389,2399,2393,2360,2380,2316,1529,2411,2435,2418,2378,2364,2332,2221,1471,2355,2428,2437,2353,2319,2300,2279,1426,2205,2407,2322,2358,2361,2320,2219,1445,633,2333,2336,2363,2347,2281,2277,5,5,5,5,5,5,5,5,5,5,5,5,5,5,5,5,255,5,5,5,5,5,5,5,5,10,5,5,5,5,5,255,10,5,5,5,5,5,5,255,5,255,10,5,5,255,5,255,255,255,255,5,255,5,5,255,255,255,255,10,5,255,255,255
1781192132.735728,396,90373747,2450,2465,2417,2411,2397,2375,2399,2389,1454,2418,2387,2400,2412,2376,2366,2027,1418,2385,2394,2384,2395,2371,2369,2337,1432,2361,2395,2390,2373,2368,2349,2316,1529,2366,2394,2413,2398,2365,2344,2221,1450,2355,2428,2369,2388,2315,2307,2230,1426,2205,2407,2406,2395,2361,2322,1871,1421,633,2333,2334,2354,2350,2281,2150,5,5,5,5,5,5,5,5,5,5,5,5,5,5,5,5,255,5,5,5,5,5,5,5,5,5,5,5,5,5,5,255,255,5,5,5,5,5,5,255,5,255,255,5,5,10,5,10,255,255,255,5,10,255,5,10,10,255,255,5,5,10,255,10
1781192132.837080,397,90473807,2450,2444,2417,2426,2386,2386,2409,2373,1454,2405,2396,2368,2387,2399,2370,2315,1502,2353,2417,2418,2387,2398,2372,2364,1461,2361,2401,2391,2378,2388,2370,2316,1529,2386,2395,2401,2377,2409,2327,2221,1490,2355,2428,2369,2395,2361,2344,2225,1443,2205,2407,2378,2395,2340,2356,1871,1421,633,2421,2334,2349,2288,2281,2298,255,5,5,5,5,5,5,5,255,5,5,5,5,5,5,5,10,5,5,5,5,5,5,5,5,255,5,5,5,5,5,255,255,5,5,5,5,5,5,255,5,255,255,255,5,5,5,5,10,255,255,5,255,10,5,255,255,255,10,255,5,5,255,5
1781192132.930972,398,90573727,2498,2470,2442,2400,2394,2388,2385,2418,1472,2419,2398,2395,2365,2360,2352,1987,1500,2395,2409,2401,2375,2392,2363,2275,1507,2359,2377,2399,2386,2390,2370,2316,1522,2342,2417,2390,2387,2345,2372,2221,1484,2355,2428,2400,2359,2338,2313,2336,1426,2205,2407,2431,2395,2312,2362,1871,1460,633,2421,2334,2343,2379,2281,2298,10,5,5,5,5,5,5,5,10,5,5,5,5,5,5,5,5,5,5,5,5,5,5,5,5,10,5,5,5,5,5,255,10,5,5,5,5,5,5,255,5,255,255,10,5,5,5,5,9,255,255,5,255,5,5,255,10,255,255,255,5,5,255,255
1781192137.630814,399,95273802,2464,2429,2425,2419,2385,2368,2396,2448,1476,2423,2405,2390,2402,2386,2362,2001,1375,2418,2394,2400,2378,2380,2351,2300,1453,2356,2396,2383,2381,2385,2350,2331,1494,2390,2355,2377,2383,2333,2330,2221,1489,1974,2395,2444,2389,2303,2312,2259,1358,788,1265,1300,1278,2377,2348,2191,571,633,1284,1157,1188,1028,1109,2298,255,6,6,6,6,6,6,6,6,6,6,6,6,6,6,6,255,6,6,6,6,6,6,6,6,6,6,6,6,6,6,255,6,255,6,6,6,6,6,255,6,255,255,6,6,6,6,255,255,6,6,6,6,255,6,255,6,255,6,6,6,6,6,255
1781192137.736058,400,95373889,2464,2452,2432,2400,2375,2399,2413,2344,1370,2401,2409,2413,2379,2358,2365,2340,1375,2327,2406,2404,2373,2365,2361,2400,1485,2437,2418,2388,2391,2378,2357,2331,1494,2368,2395,2382,2378,2340,2341,2221,1434,1974,2395,2444,2389,2303,2273,2045,731,788,1296,1281,1225,1153,2315,2191,610,633,1254,1127,1103,942,942,1829,255,5,5,5,5,5,5,5,5,5,5,5,5,5,5,5,255,5,5,5,5,5,5,5,5,5,5,5,5,5,5,255,255,5,5,5,5,5,5,255,5,255,255,255,255,255,5,10,10,255,5,5,5,10,5,255,5,255,5,5,5,5,5,10
1781192137.835107,401,95473731,2464,2449,2397,2415,2404,2362,2394,2411,1482,2396,2401,2413,2393,2365,2378,1955,1482,2358,2409,2403,2390,2390,2371,2354,1501,2367,2380,2411,2376,2375,2356,2331,1494,2389,2378,2393,2367,2330,2357,2221,1477,1974,1315,1314,2330,1136,2333,2045,718,788,1309,1251,1109,1033,2313,2191,660,633,1266,648,687,898,906,1829,255,5,5,5,5,5,5,5,5,5,5,5,5,5,5,5,10,5,5,5,5,5,5,5,5,5,5,5,5,5,5,255,255,5,5,5,5,5,5,255,5,255,255,10,10,10,5,255,5,255,5,5,5,5,5,255,5,255,5,5,4,5,5,255
1781192137.936301,402,95573727,2464,2414,2409,2403,2393,2395,2380,2398,1482,2418,2391,2398,2382,2380,2393,1982,1482,2381,2406,2404,2393,2378,2378,2291,1470,2367,2381,2390,2376,2368,2364,2331,1494,2386,2403,2369,2385,2352,2341,2221,1431,1974,1314,1290,1233,994,2367,2045,784,1153,687,689,910,937,2340,2191,660,633,630,626,708,858,2330,1829,255,5,5,5,5,5,5,5,255,5,5,5,5,5,5,5,255,5,5,5,5,5,5,5,5,255,5,5,5,5,5,255,255,5,5,5,5,5,5,255,5,255,5,5,5,5,5,255,255,255,4,4,5,5,5,255,255,255,4,5,5,5,4,255
1781192138.035931,403,95673810,2464,2438,2425,2415,2382,2395,2407,2429,1486,2392,2407,2398,2379,2384,2339,2305,1403,2412,2393,2412,2379,2397,2355,2299,1511,2369,2425,2390,2354,2376,2381,2352,1518,2352,2404,2395,2400,1115,2328,2221,1498,1974,1314,1231,1140,902,2367,2271,906,1153,628,680,877,895,2318,2191,660,633,621,606,795,848,2219,2103,255,5,5,5,5,5,5,5,10,5,5,5,5,5,5,5,10,5,5,5,5,5,5,5,5,10,5,5,5,5,5,10,10,5,5,5,5,4,5,255,5,255,255,5,5,5,255,10,255,255,5,5,5,5,5,255,255,255,5,5,9,5,9,10
1781192138.135165,404,95773727,2464,2463,2431,2386,2381,2382,2428,2410,1486,2397,2386,2404,2351,2374,2371,1994,1488,2445,2407,2410,2385,2371,2391,2338,1436,2376,2403,2396,2373,2372,2373,2352,1518,2389,2374,2412,951,952,2340,2221,1440,618,659,852,935,897,2303,2271,945,648,624,647,859,857,2313,2191,660,633,613,636,819,848,2269,2103,255,5,5,5,5,5,5,5,255,5,5,5,5,5,5,5,5,5,5,5,5,5,5,5,5,5,5,5,5,5,5,255,255,5,5,5,4,5,5,255,5,255,10,5,5,5,10,255,5,10,5,5,5,5,5,255,255,255,5,5,5,255,5,255
1781192138.235001,405,95873770,2464,2447,2428,2403,2381,2401,2373,2401,1486,2423,2404,2365,2382,2364,2354,1964,1488,2381,2406,2429,2382,2369,2364,2352,1516,2381,2397,2389,2386,933,2378,2352,1518,2390,693,2366,913,918,2339,2221,1394,639,643,687,883,872,2272,2218,945,621,611,615,831,850,2311,2191,660,633,606,742,841,2356,2269,2103,255,5,5,5,5,5,5,5,255,5,5,5,5,5,5,5,255,5,5,5,5,5,5,5,9,5,5,5,5,5,5,255,255,5,4,5,5,5,5,255,5,5,5,5,5,5,5,10,255,5,5,5,5,5,5,255,255,255,5,5,5,10,255,255
1781192138.335560,406,95973818,2517,2422,2428,2416,2371,2385,2385,2414,1454,2415,2401,2396,2382,2389,2386,1979,1452,2374,2410,2385,2403,2373,2365,2333,1483,2375,2415,2422,928,914,2370,2352,1518,2390,657,769,890,896,2372,1542,1414,608,631,619,860,860,2300,2218,850,621,618,626,845,831,2318,2191,660,633,647,892,873,2365,2269,2103,10,5,5,5,5,5,5,5,10,5,5,5,5,5,5,5,10,5,5,5,5,5,5,5,5,5,5,5,5,5,5,255,255,255,5,4,5,5,5,10,5,5,5,5,5,5,5,5,255,255,5,5,5,5,5,255,255,255,5,5,5,5,255,255
1781192138.427257,407,96063747,2517,2440,2400,2379,2391,2402,2388,2408,1454,2419,2424,2387,2392,2382,2391,2349,1460,2390,2411,2402,927,2373,2371,2327,1489,2375,2406,865,923,879,2367,2352,1456,2353,637,638,845,870,2336,1542,1517,608,603,610,823,832,2290,2218,772,621,619,709,858,843,2308,1782,660,633,647,2412,871,2325,2269,2103,255,5,5,5,5,5,5,5,255,5,5,5,5,5,5,5,5,5,5,5,5,5,5,5,5,255,5,5,5,5,5,255,10,10,5,5,5,5,5,255,5,255,5,5,5,5,5,255,255,255,5,9,5,5,5,10,255,255,255,4,5,5,255,255
1781192138.520684,408,96163727,2517,2442,2428,2405,2392,2377,2393,2390,1383,2429,2387,2405,2409,2370,2385,2366,1460,2390,2405,2393,928,2380,2363,2328,1518,2375,2467,694,890,874,2382,2261,1442,641,611,613,769,861,2332,1542,1485,608,605,613,821,841,2313,2218,1399,621,619,858,862,859,2319,1782,684,670,647,2412,902,2381,2269,2103,255,5,5,5,5,5,5,5,10,5,5,5,5,5,5,5,255,255,5,5,5,5,5,5,5,255,5,9,5,5,5,10,5,255,5,5,9,5,5,255,5,255,5,5,5,5,5,255,4,255,255,5,5,5,5,255,10,255,255,255,5,5,255,255
1781192138.626233,409,96263957,2486,2452,2427,2390,2396,2395,2391,2384,1383,2415,2410,2398,2353,2385,2384,1948,1460,2366,2409,915,915,2355,2378,2342,1490,2375,615,641,869,862,2372,2261,1442,618,607,610,805,853,2320,1542,1470,608,621,613,840,859,2379,2179,1443,621,619,1301,851,882,2310,1657,562,656,647,2412,2351,2366,2269,2103,10,5,5,5,5,5,5,5,255,5,5,5,5,5,5,5,255,10,5,5,5,5,5,5,5,255,5,5,5,5,5,255,255,255,5,5,5,5,5,255,5,255,5,5,5,5,5,10,5,255,255,4,5,5,5,10,5,5,255,255,5,5,255,255
1781192138.725750,410,96363937,2486,2454,2409,2403,2391,2390,2400,2462,1383,2439,2411,2389,2385,2370,2382,2025,1517,2386,2417,918,895,2393,2359,2338,1494,607,617,678,853,877,2363,2261,1564,627,617,619,785,847,2355,1542,1490,608,629,616,844,847,2317,2187,1391,621,619,1297,860,888,2306,1657,562,656,726,887,820,2366,2313,846,255,5,5,5,5,5,5,5,255,5,5,5,5,5,5,5,10,5,5,5,5,5,5,5,5,255,5,5,5,5,5,255,10,255,5,5,5,5,5,255,5,255,5,5,5,5,5,5,5,255,255,5,5,5,5,255,255,255,10,255,255,255,10,255
1781192138.825146,411,96463731,2473,2434,2400,2398,2383,2430,2383,2368,1475,2399,2390,2405,2368,2376,2354,2336,1517,2361,2419,934,897,2379,2373,2365,1483,2390,595,730,841,859,2377,2261,1564,663,607,613,778,851,2351,1542,1418,608,622,622,833,853,913,2187,1477,621,619,1271,879,875,2321,1657,562,656,726,987,2342,2341,2313,846,10,5,5,5,5,5,5,5,10,5,5,5,5,5,5,5,255,5,5,5,5,5,5,5,5,4,5,5,5,5,5,255,255,255,5,5,5,5,5,255,5,255,5,5,5,5,5,255,5,255,255,4,5,5,5,255,255,255,255,5,10,10,255,255
1781192138.925752,412,96564088,2473,2454,2432,2402,2377,2385,2382,2432,1475,2426,2407,2397,2360,2382,2342,1942,1517,2401,2420,916,889,2385,2355,2363,1523,2353,640,807,860,862,2364,2261,1564,2236,611,616,764,846,2354,1542,1517,608,618,603,787,856,908,2187,1477,621,619,622,692,867,2337,1657,562,656,726,1240,2353,2341,2313,846,255,5,5,5,5,5,5,5,255,5,5,5,5,5,5,5,255,5,5,5,5,5,5,5,5,5,5,9,5,5,5,255,255,4,5,5,5,5,5,255,5,255,5,5,5,5,5,255,255,255,255,4,255,5,5,255,255,255,255,4,5,255,255,255
1781192139.024040,413,96663727,2503,2449,2417,2416,2395,2406,2383,2418,1475,2396,2410,2388,2355,2370,2376,1947,1521,2412,2413,920,885,2400,2374,2336,1511,2353,2405,894,876,874,2372,2261,1469,649,631,620,741,849,902,1542,1524,608,593,605,724,866,887,2302,1477,621,619,612,686,882,2330,1657,562,656,726,1240,1076,2381,2286,846,10,5,5,5,5,5,5,5,255,5,5,5,5,5,5,5,10,5,5,5,5,5,5,5,5,255,4,5,5,5,5,255,10,255,5,5,9,5,5,255,5,255,5,5,5,5,5,10,255,255,255,5,5,5,5,255,255,255,255,255,255,10,10,255
1781192139.124327,414,96763727,2497,2479,2421,2415,2363,2381,2407,2446,1338,2426,2413,2391,2379,2370,2371,2052,1470,2384,2400,922,920,2388,2367,2313,1531,2368,2427,899,873,888,2355,2261,1469,2394,633,637,756,848,863,1542,1428,608,609,604,665,842,871,2302,1477,621,547,606,611,833,2297,1657,562,656,726,1240,1303,2381,2286,846,5,5,5,5,5,5,5,5,10,5,5,5,5,5,5,5,5,5,5,5,5,5,5,5,5,10,5,5,5,5,5,255,255,4,5,5,5,5,5,255,5,255,5,5,5,5,5,255,255,255,10,5,5,5,5,255,255,255,255,255,4,255,255,255
1781192139.227769,415,96865907,2497,2449,2422,2391,2374,2376,2402,2434,1527,2438,2379,2396,2379,2360,2409,2345,1486,2378,2418,926,2408,2372,2368,2335,1506,2381,916,913,874,924,2364,2261,1495,2367,856,785,807,865,893,1542,1463,608,623,619,619,855,878,2283,1477,621,674,601,614,835,2288,1657,562,656,2313,1240,1377,1264,2337,846,255,5,5,5,5,5,5,5,5,5,5,5,5,5,5,5,5,5,5,5,5,5,5,5,5,5,5,5,5,5,5,255,10,5,4,9,5,5,5,255,5,255,5,5,5,5,5,10,255,255,5,5,5,5,5,255,255,255,10,255,5,10,10,255
1781192139.326235,416,96963727,2497,2460,2419,2390,2390,2409,2399,2411,1523,2430,2408,2385,2384,2356,2379,2001,1486,2388,2396,2399,2388,2376,2379,2330,1445,2366,942,923,891,2374,2368,2261,1495,2376,910,890,866,872,2386,1542,1536,608,623,647,627,857,887,2283,1500,621,674,606,602,864,903,1657,562,656,2313,618,618,1233,2337,846,255,5,5,5,5,5,5,5,5,5,5,5,5,5,5,5,255,5,5,5,5,5,5,5,5,5,5,5,5,5,5,255,255,5,5,5,5,5,5,255,5,255,255,5,5,5,5,255,10,255,255,5,5,5,5,255,255,255,255,10,5,5,255,255
1781192139.426106,417,97063750,2497,2437,2431,2383,2388,2391,2373,2372,1420,2412,2413,2420,2372,2376,2376,1994,1575,2374,2406,2381,2380,2370,2372,2321,1501,2397,2436,934,905,2371,2360,2261,1519,2377,889,900,880,874,2323,1542,1516,608,623,862,712,878,893,2233,1390,621,710,607,604,761,892,1780,1341,656,2349,613,608,616,2337,846,255,5,5,5,5,5,5,5,5,5,5,5,5,5,5,5,10,5,5,5,5,5,5,5,5,5,5,5,5,5,5,255,10,5,5,5,5,5,5,255,5,255,255,4,5,5,5,10,5,255,255,5,5,9,5,10,10,255,10,5,5,4,255,255
1781192139.529860,418,97167271,2497,2480,2432,2399,2390,2403,2371,2412,1420,2382,2390,2396,2376,2374,2374,2056,1575,2362,2414,2395,2384,2385,2382,2337,1502,2410,2426,972,909,2380,2369,2261,1493,2373,936,907,882,882,2333,1542,1513,608,623,881,850,874,893,2233,1390,621,2433,636,645,780,897,1780,1362,656,2349,610,594,621,2337,846,255,5,5,5,5,5,5,5,255,5,5,5,5,5,5,9,255,5,5,5,5,5,5,5,5,5,5,5,5,5,5,255,5,5,5,5,5,5,5,255,5,255,255,5,5,5,5,255,255,255,4,5,5,9,5,255,5,255,255,5,5,5,255,255
1781192139.624628,419,97263727,2495,2438,2422,2404,2397,2397,2412,2401,1420,2399,2404,2401,2389,2383,2375,1991,1544,2374,2404,2396,2404,2377,2362,2357,1436,2410,2417,2401,2384,2368,2356,2261,1441,2354,930,913,899,935,2337,1542,1495,608,623,886,864,859,2290,1894,1469,621,2433,789,770,828,911,1780,1362,656,2349,634,601,643,795,846,10,5,5,5,5,5,5,5,255,5,5,5,5,5,5,5,10,5,5,5,5,5,5,5,5,255,5,5,5,5,5,255,5,5,5,5,5,5,5,255,9,255,255,5,5,5,4,10,10,255,255,9,5,5,5,255,255,255,255,5,5,5,255,255
1781192139.726693,420,97363913,2495,2453,2429,2408,2387,2400,2384,2451,1420,2411,2398,2398,2389,2366,2397,2015,1544,2367,2408,2401,2403,2376,2379,2329,1477,2432,2407,2408,2402,2372,2369,2344,1441,2417,2431,935,906,2388,2339,1542,1425,608,2427,904,868,890,2321,2274,1469,621,2433,828,830,844,903,1780,1412,656,2349,670,629,674,795,846,255,5,5,5,5,5,5,5,255,5,5,5,5,5,5,5,255,5,5,5,5,5,5,5,5,10,5,5,5,5,5,10,255,5,5,5,5,4,5,255,5,255,10,5,5,5,5,5,255,255,255,5,5,5,5,255,10,255,255,5,5,5,255,255
1781192139.818500,421,97456117,2495,2403,2402,2391,2402,2378,2406,2420,1448,2432,2412,2403,2388,2373,2370,2308,1459,2411,2408,2397,2390,2353,2354,2383,1515,2400,2403,2395,2388,2371,2379,2370,1441,2380,2397,942,924,2390,2374,1542,1473,608,879,897,876,896,2321,2299,1404,621,2433,874,842,862,914,1780,1412,656,2349,697,641,742,795,846,255,9,5,5,5,5,5,5,10,5,5,5,5,5,5,5,10,5,5,5,5,5,5,5,5,5,5,5,5,5,5,5,255,5,5,5,5,5,5,255,5,255,255,5,5,5,5,5,10,255,255,5,5,5,5,255,255,255,255,255,5,5,255,255
1781192139.915533,422,97553728,2495,2451,2409,2408,2413,2375,2402,2431,1448,2435,2389,2398,2384,2379,2368,2383,1459,2385,2413,2389,2389,2384,2365,2343,1485,2400,2379,2377,2380,2373,2384,2370,1459,2266,2382,957,962,2360,2339,1542,1483,608,933,906,890,902,2294,2299,1367,621,2433,883,858,868,908,1780,1412,656,2349,697,661,809,916,846,255,5,5,5,5,5,5,5,255,5,5,5,5,5,5,5,255,5,5,5,5,5,5,5,5,255,5,5,5,5,5,255,10,4,5,5,9,5,5,255,5,255,255,5,5,5,5,255,5,255,255,5,5,5,5,255,255,255,255,255,5,5,255,255
1781192140.014668,423,97653727,2495,2444,2412,2449,2389,2405,2388,2419,2402,2402,2393,2421,2377,2369,2348,1979,1529,2410,2406,2373,2396,2380,2374,2319,1425,2400,2404,2412,2382,2371,2360,2370,1512,2435,2409,975,950,2337,2337,1542,1499,608,933,909,881,903,2322,2229,1450,621,2380,887,856,863,2292,1780,1395,656,2349,697,754,837,916,2096,255,5,5,5,5,5,5,5,10,5,5,5,5,5,5,5,10,5,5,5,5,5,5,5,5,255,5,5,5,5,5,255,5,4,5,5,5,5,5,255,5,255,255,5,5,5,5,10,5,255,10,5,5,5,5,255,10,255,255,255,5,5,255,10
1781192140.118985,424,97756651,2495,2447,2431,2386,2397,2388,2369,2394,1392,2415,2422,2392,2409,2369,2359,1983,1525,2428,2392,2388,2391,2380,2345,2316,1481,2400,2405,2381,2384,2392,2363,2370,1512,2386,2382,1001,985,2399,2353,1542,1483,608,1178,916,897,908,2315,2229,1420,621,2353,884,856,863,2312,1780,1395,656,2364,697,796,847,916,2055,255,5,5,5,5,5,5,5,4,5,5,5,5,5,5,5,5,5,5,5,5,5,5,5,5,255,5,5,5,5,5,255,255,5,5,5,5,5,5,255,5,255,10,5,5,5,5,255,5,255,5,5,5,5,5,255,255,255,10,255,5,5,255,9
1781192140.214560,425,97853755,2495,2448,2406,2376,2383,2395,2397,2430,1392,2414,2426,2388,2395,2383,2359,2374,1416,2366,2393,2416,2383,2379,2373,2316,1545,2379,2405,2395,2367,2376,2363,2273,1478,2371,2363,971,992,2355,2331,1542,1443,608,918,916,908,926,2299,2230,1420,621,2353,879,857,872,2334,1780,1395,656,2338,697,810,843,925,2055,255,5,5,5,5,5,5,5,255,5,5,5,5,5,5,5,5,5,5,5,5,5,5,5,5,10,5,5,5,5,5,10,10,5,5,5,5,4,5,255,5,255,4,5,5,5,5,10,255,255,255,5,5,5,5,255,255,255,5,255,5,5,10,255
1781192140.316184,426,97953728,2495,2447,2433,2407,2413,2398,2367,2419,1425,2407,2402,2398,2373,2357,2368,1971,1559,2380,2396,2398,2385,2392,2370,2291,1476,2379,2416,2402,2374,2365,2371,2273,1478,2388,2367,1018,1024,2355,2329,1542,1468,608,918,922,912,890,2280,2269,1452,621,2353,884,867,865,2295,1780,1395,656,2338,697,811,838,864,2055,255,5,5,5,5,5,5,5,10,5,5,5,5,5,5,5,5,5,5,5,5,5,5,5,5,255,5,5,5,5,5,255,255,5,5,5,5,255,5,255,5,255,255,5,5,5,5,5,10,255,255,5,5,5,5,255,255,255,255,255,5,5,255,255
1781192140.424717,427,98061816,2495,2460,2416,2395,2382,2398,2393,2424,1425,2422,2409,2389,2390,2378,2379,1954,1418,2380,2407,2399,2394,2380,2374,2277,1448,2379,2390,2403,2377,2389,2363,2273,1478,2388,2410,981,989,2380,2329,1542,1524,608,930,919,903,908,2335,2249,1311,621,2353,878,862,866,2327,1780,1404,656,2368,697,806,837,904,2055,255,5,5,5,5,255,5,5,255,5,5,5,5,5,5,5,9,5,5,5,5,5,5,5,9,255,5,5,5,5,5,255,255,255,5,5,9,10,5,255,5,255,255,5,5,5,5,9,5,255,255,5,5,5,5,255,10,255,10,255,5,5,255,255
1781192140.514564,428,98153779,2495,2456,2410,2414,2368,2399,2389,2420,1425,2404,2416,2406,2399,2371,2383,2014,1438,2370,2393,2404,2399,2377,2365,2361,1487,2379,2415,2396,2363,2356,2365,2315,1488,2388,2402,1014,993,2341,2326,1542,1535,608,929,918,912,912,2294,2275,1445,621,2353,867,862,867,2278,1780,1404,656,2368,697,809,823,863,2055,255,5,5,5,5,10,5,5,255,5,5,5,5,5,5,5,5,5,5,5,5,5,5,5,5,255,5,5,5,5,5,10,10,255,5,5,5,5,5,255,5,255,255,5,5,5,5,5,5,255,255,5,5,5,5,255,255,255,255,255,5,5,5,255
1781192140.614517,429,98253727,2495,2461,2429,2389,2395,2383,2380,2433,1425,2401,2403,2384,2411,2376,2377,1963,1544,2462,2399,2413,2399,2378,2382,2314,1483,2423,2412,2389,2392,2353,2377,2315,1470,2363,2408,995,964,2341,2333,1542,1446,608,921,920,907,933,2289,2255,1445,1641,2373,873,853,871,2301,1780,1318,656,2368,697,813,841,879,2055,255,5,5,5,5,5,5,5,255,5,5,5,5,5,5,5,5,5,5,5,5,5,5,5,5,10,5,5,5,5,5,255,5,255,5,5,5,255,5,255,5,255,255,5,5,5,5,5,255,10,10,5,5,5,5,255,10,255,255,255,5,5,255,255
1781192140.714743,430,98353727,2495,2418,2426,2407,2387,2397,2399,2386,1425,2407,2402,2399,2385,2370,2360,2405,1432,2375,2408,2416,2386,2387,2368,2336,1498,2424,2424,2408,2384,2359,2352,2315,1470,2345,2381,988,961,2317,2341,1542,1437,608,913,909,904,896,2341,2242,1445,1641,2342,865,854,866,909,1780,1391,656,2368,697,806,820,861,2055,255,5,5,5,5,5,5,5,255,5,5,5,5,5,5,5,5,5,5,5,5,5,5,5,9,5,5,5,5,5,5,255,255,5,5,5,5,10,5,255,5,255,255,5,5,5,5,5,255,255,5,5,5,5,5,255,5,255,255,255,5,5,5,255
1781192140.816462,431,98454705,2495,2455,2404,2388,2391,2393,2373,2390,1464,2410,2406,2397,2404,2381,2375,2355,1497,2381,2398,2381,2388,2380,2377,2333,1468,2337,2422,2413,2385,2361,2369,2315,1470,2370,2385,989,955,2390,2351,1542,1495,608,956,902,897,897,2333,2242,1469,1641,2342,879,853,857,909,1780,1391,656,2368,2358,800,831,839,2055,255,5,5,5,5,5,5,5,10,5,5,5,5,5,5,5,5,5,5,5,5,5,5,5,5,5,5,5,5,5,5,255,255,5,5,5,5,5,5,255,4,255,255,5,5,5,5,255,10,255,255,5,5,5,5,255,255,255,255,10,5,5,255,255
1781192140.914518,432,98553727,2463,2442,2420,2378,2390,2404,2390,2448,1464,2435,2419,2379,2389,2376,2395,1978,1497,2359,2408,2400,2379,2373,2378,2327,1503,2337,2422,2405,2384,2379,2359,2315,1470,2417,2385,970,924,2406,2358,1542,1540,608,956,904,893,877,2350,2242,1414,1641,2342,902,840,857,900,1807,1391,656,2368,641,706,777,2309,1793,10,5,5,5,5,5,5,5,5,5,5,5,5,5,5,5,255,5,5,5,5,5,5,5,5,255,5,5,5,5,5,255,255,5,255,5,5,5,5,255,5,255,255,5,5,5,5,255,5,255,255,5,5,5,5,10,255,255,255,4,5,5,4,10
1781192141.008885,433,98647931,2463,2464,2401,2388,2375,2401,2402,2386,1462,2393,2405,2402,2370,2380,2373,2347,1503,2378,2415,2378,2400,2377,2398,2360,1535,2434,2397,2378,2381,2371,2373,2315,1460,2319,2390,937,916,2378,2355,1542,1451,608,2412,885,888,875,2350,2242,1467,1641,2342,2342,844,853,883,1807,1348,656,2368,629,637,690,2274,1793,255,5,5,5,5,5,5,5,5,5,5,5,5,5,5,5,10,5,5,5,5,5,5,5,5,10,5,5,5,5,5,255,10,5,10,5,5,5,5,255,5,255,10,5,5,5,255,255,5,255,255,4,5,5,5,255,10,255,255,5,5,5,5,255
1781192141.112726,434,98753818,2463,2429,2420,2392,2379,2395,2405,2387,1462,2401,2409,2386,2402,2375,2373,1985,1494,2399,2392,2400,2400,2350,2383,2336,1515,2373,2430,2390,2373,2387,2368,2315,1460,2357,2390,934,909,895,2341,1542,1494,608,2360,856,871,863,2350,2219,1467,1641,2342,664,695,830,2307,1807,1348,656,2368,596,614,584,881,2052,255,5,5,5,5,5,5,5,255,5,5,5,5,5,5,5,5,5,5,5,5,5,5,5,5,5,5,5,5,5,5,255,255,5,5,5,5,5,5,255,5,255,5,5,5,5,255,10,255,255,255,4,5,5,5,255,255,255,255,5,5,5,255,10
1781192141.215042,435,98853727,2453,2437,2427,2383,2391,2413,2390,2390,1462,2435,2405,2412,2364,2370,2386,2010,1494,2402,2412,2396,2392,2375,2360,2351,1479,2385,2388,2390,941,2398,2374,2315,1530,2402,2394,920,898,887,2328,1542,1452,608,2397,638,868,827,2294,2242,1385,1641,640,603,592,672,2297,1807,1422,656,2368,644,601,2411,881,2052,10,5,5,5,5,5,5,5,255,5,5,5,5,5,5,5,255,5,5,5,5,5,5,5,5,5,5,5,5,5,5,255,10,5,5,5,5,5,5,255,5,255,5,4,5,5,10,5,10,255,255,5,5,5,5,255,10,255,255,5,5,4,255,255
1781192141.306523,436,98943728,2453,2436,2428,2397,2408,2427,2406,2419,1462,2404,2428,2388,2353,2397,2369,1969,1531,2407,2408,2406,2397,2385,2368,2337,1462,2385,2418,2422,929,880,2376,2315,1530,2342,2394,650,677,879,2349,1542,1506,608,614,597,618,601,2337,2220,1385,1641,640,602,605,587,2297,1807,1422,656,2368,2361,588,2337,881,2052,255,5,5,5,5,5,5,5,255,5,5,5,5,5,5,5,10,5,5,5,5,5,5,5,5,255,5,5,5,5,5,255,255,5,255,4,4,5,5,255,5,255,4,5,4,4,5,5,255,255,255,5,5,5,255,255,255,255,255,4,5,5,255,255
1781192141.405198,437,99043814,2453,2443,2436,2359,2388,2395,2395,2438,1470,2426,2373,2372,2396,2382,2391,1999,1531,2344,2408,2405,750,924,2388,2329,1513,2385,2405,609,880,613,2346,2315,1505,2389,2394,617,606,618,2343,1542,1455,608,665,867,604,890,2317,2105,1422,1641,2410,905,886,924,2297,2320,1422,656,2368,2361,2353,2306,2314,2052,255,5,5,5,5,5,5,5,10,5,5,5,5,5,5,5,255,5,5,5,9,5,5,5,9,255,5,5,5,4,5,255,10,5,255,5,5,4,5,255,5,255,255,4,5,4,5,5,10,255,10,4,4,4,10,10,255,255,255,255,4,5,10,255
1781192141.503495,438,99144050,2453,2453,2435,2396,2408,2394,2431,2387,1399,2416,2406,619,2420,2386,2385,1960,1531,2384,2402,629,614,783,2388,2346,1469,2385,2372,801,606,834,2363,2315,1548,2374,2394,862,873,854,2372,1542,1483,608,2379,896,894,890,2297,2203,1419,1641,2410,924,886,924,2331,2320,1437,656,2368,2397,2342,2331,2270,2073,255,5,5,5,5,5,5,5,5,5,5,4,5,5,5,5,255,5,5,4,5,5,5,5,5,255,5,5,5,4,5,255,5,5,255,4,4,4,5,255,5,255,4,5,4,255,5,5,5,255,255,5,255,255,5,255,10,255,255,10,5,5,5,10
1781192141.602189,439,99243727,2453,2431,2409,2460,617,2374,2406,2403,1497,2396,2410,637,617,633,2376,1982,1531,2372,2406,650,722,776,910,2363,1505,2397,2423,879,832,863,2359,2315,1559,2363,2394,898,885,848,2332,1542,1492,608,2379,1023,900,2357,2289,2203,1409,1641,2354,2380,2407,2302,2320,2320,1437,656,2368,2397,2330,2345,2278,2073,255,5,5,5,4,5,5,5,5,5,5,5,4,5,5,5,255,5,5,5,5,5,5,5,5,10,5,5,4,5,5,255,5,5,255,5,5,5,5,255,5,255,255,5,5,10,5,255,5,255,10,5,10,10,5,255,255,255,255,255,5,5,5,255
1781192141.705674,440,99343823,2519,2446,2484,643,614,598,2381,2444,1497,2429,2416,2419,623,833,2420,2020,1531,2393,2403,869,855,866,902,2332,1516,2409,2369,920,868,936,2364,2315,1559,2356,2387,946,2397,2378,2325,1542,1472,608,2374,2364,2368,2357,2335,2203,1420,1641,2354,2380,2407,2301,2287,2320,1361,656,2368,2333,2372,2368,2278,2073,10,5,5,5,5,5,5,5,255,5,5,5,5,5,5,9,255,5,5,4,5,5,5,5,5,5,5,5,5,5,5,255,255,5,10,5,5,5,5,255,5,255,10,4,4,255,5,255,5,255,255,255,255,5,5,255,10,255,255,10,5,5,255,255
1781192141.806292,441,99443799,2519,2462,2396,730,684,647,2406,2433,1423,2416,2392,888,828,889,912,2288,1458,2384,929,896,898,913,943,2363,1510,2409,949,1024,925,2378,2373,2315,1559,2439,2434,2393,2372,2381,2320,1542,1487,608,2374,2373,2361,2293,2335,2319,1436,1641,2354,2380,2407,2345,2350,2320,1361,656,2368,2333,2302,2365,2278,2136,255,5,5,5,5,5,5,5,10,5,5,5,4,5,5,5,10,5,5,5,5,5,5,5,5,255,5,5,5,5,5,255,255,5,5,5,5,5,5,255,5,255,255,5,5,10,5,10,5,255,255,10,255,5,5,255,255,255,255,255,5,5,255,10
1781192141.904454,442,99543728,2519,2433,2450,2404,841,865,961,2408,1380,2401,2419,933,877,958,931,1994,1458,2383,1034,965,1045,1023,2353,2341,1471,2411,2424,2406,2390,2358,2364,2315,1559,2368,2434,2378,2373,2341,2333,1542,1430,608,2374,2399,2402,2356,2352,2246,1653,1641,2354,2400,2374,2356,2328,2320,1361,656,2368,2333,2382,2338,2278,2136,255,5,5,5,5,4,5,5,9,5,5,5,5,5,5,5,255,5,5,5,5,5,5,5,5,10,5,5,5,5,5,255,255,5,255,5,5,5,5,255,5,255,255,5,5,5,5,5,4,255,255,5,10,5,5,255,255,255,255,255,5,5,255,255
1781192142.006399,443,99644108,2519,2443,2405,912,919,929,1003,2399,1492,2429,972,1076,960,1087,2402,2009,1458,2398,2408,2410,2392,2398,2384,2346,1506,2411,2388,2383,2380,2384,2376,2315,1559,2320,2407,2366,2378,2341,2335,1542,1484,608,2378,2400,2332,2353,2333,2246,1473,1641,2354,2393,2374,2328,2297,2320,1357,656,2368,2354,2290,2291,2278,2136,255,5,5,5,5,5,5,5,5,5,5,5,5,5,5,5,255,5,5,4,5,5,5,5,5,255,5,5,5,5,5,255,255,5,10,5,5,255,5,255,5,255,10,5,5,5,5,255,5,255,255,5,255,5,5,255,10,255,255,10,5,5,255,255
1781192142.107980,444,99743728,2519,2447,1052,993,1031,1008,1090,2429,1492,2406,1121,2374,1156,2372,2374,2008,1458,2415,2404,2392,2388,2362,2365,2327,1498,2401,2418,2412,2362,2385,2372,2315,1559,2373,2379,2385,2371,2346,2338,1542,1443,608,2378,2400,2387,2353,2318,2246,1450,1641,2354,2412,2374,2316,2318,2320,1362,656,2297,2352,2303,2315,2278,2136,255,5,5,5,5,5,5,5,255,5,5,5,5,5,5,5,255,5,5,5,5,5,5,5,5,10,5,5,5,5,5,255,255,5,5,5,5,10,5,255,5,255,255,255,5,255,5,10,5,255,255,5,255,5,5,255,5,255,10,5,5,5,255,255
1781192142.205598,445,99843728,2465,2434,2414,1132,1181,1159,2410,2395,1469,2437,2407,2397,1156,2373,2366,2325,1471,2372,2392,2374,2382,2383,2376,2340,1471,2401,2411,2392,2390,2381,2365,2315,1559,2359,2346,2402,2371,2394,2364,1542,1465,608,2378,2392,2345,2376,2292,2246,1415,1641,2354,2382,2374,2316,2330,2320,1362,656,2297,2366,2321,2349,2278,2136,10,5,5,5,5,5,5,5,10,5,5,5,255,5,5,5,10,5,5,5,5,5,5,5,5,255,5,5,5,5,5,255,255,5,5,5,5,5,5,255,5,255,255,10,5,10,5,255,5,255,255,5,255,255,5,255,255,255,255,5,5,5,255,255
1781192142.306265,446,99944040,2465,2443,2404,2423,1388,1159,2405,2424,1426,2442,2387,2377,2405,2391,2373,2009,1471,2429,2412,2388,2384,2353,2347,2350,1487,2401,2397,2419,2382,2390,2368,2315,1526,2365,2388,2379,2363,2372,2338,1542,1513,608,2378,2392,2338,2360,2314,2247,1405,1641,2354,2382,2374,2313,2304,2320,1362,656,2375,2360,2358,2318,2278,2085,255,5,5,4,4,255,5,5,5,5,5,5,10,5,5,5,255,5,5,5,5,5,5,5,5,255,5,5,5,5,5,255,10,5,5,5,5,5,5,255,5,255,255,255,5,5,5,10,5,255,255,255,255,10,5,255,255,255,10,5,5,5,255,10
1781192142.406659,447,100043728,2465,2441,2404,2399,2391,2429,2406,2428,1426,2420,2400,2400,2369,2390,2371,2351,1471,2446,2410,2397,2385,2379,2378,2308,1438,2401,2396,2389,2410,2368,2370,2315,1526,2374,2374,2392,2376,2379,2335,1542,1445,608,2378,2392,2337,2324,2370,2192,1396,1641,2354,2382,2374,2377,2288,2320,1362,656,2375,2423,2320,2297,2278,2085,255,5,5,5,4,10,5,5,255,5,5,5,5,5,5,5,255,5,5,5,5,5,5,5,5,255,5,5,5,5,5,255,255,5,5,5,5,5,5,255,5,255,255,255,5,5,5,5,5,255,255,255,255,5,5,255,255,255,255,5,5,5,255,255
1781192142.501089,448,100144034,2465,2437,2406,2408,2365,2345,2366,2439,1426,2421,2429,2402,2350,2389,2370,1957,1447,2390,2386,2417,2400,2372,2372,2316,1490,2295,2402,2394,2397,2363,2347,2315,1526,2432,2404,2384,2365,2330,2343,1542,1456,608,2378,2392,2367,2324,2330,2309,1431,1641,2420,2409,2374,2377,2343,2320,1362,656,2375,2423,2343,2328,2278,2085,255,5,5,5,5,5,5,5,255,5,5,5,5,5,5,5,10,5,5,5,5,5,5,5,5,10,5,5,5,5,5,255,255,5,5,5,5,5,5,255,5,255,255,255,5,255,5,5,5,255,10,10,255,255,5,255,255,255,255,255,5,5,255,255
1781192142.593317,449,100236065,2465,2474,2407,2383,2389,2375,2392,2439,1426,2407,2398,2388,2357,2366,2354,2036,1447,2402,2412,2405,2387,2389,2367,2335,1487,2391,2397,2380,2370,2364,2357,2315,1472,2397,2373,2384,2373,2378,2362,1542,1473,608,2378,2368,2346,2324,2316,2211,1431,1641,2420,2409,2379,2331,2306,2320,1387,656,2375,2423,2343,2340,2272,2085,255,5,5,5,5,5,5,255,255,5,5,5,5,5,5,5,255,5,5,5,5,5,5,5,5,5,5,5,5,5,5,255,10,5,5,5,5,5,5,255,5,255,255,10,5,255,5,5,255,255,255,255,10,10,5,255,10,255,255,255,255,5,10,255
1781192142.690878,450,100333763,2465,2464,2427,2414,2385,2403,2373,2398,1426,2422,2432,2392,2384,2376,2376,2359,1524,2381,2407,2395,2376,2383,2383,2327,1510,2391,2411,2386,2375,2379,2362,2315,1472,2397,2394,2416,2365,2367,2323,1542,1524,608,2378,2383,2392,2278,2312,2308,1431,1641,2376,2380,2379,2357,2325,2320,1467,656,2375,2423,2305,2398,2272,1986,255,5,5,5,5,5,5,10,255,5,5,5,5,5,5,5,10,5,5,5,5,5,5,5,5,255,5,5,5,5,5,255,255,5,5,5,5,5,5,255,5,255,255,5,5,10,5,5,255,255,10,10,255,5,5,255,5,255,255,255,10,5,255,10
1781192142.793926,451,100436221,2465,2442,2424,2420,2401,2381,2400,2435,1474,2405,2397,2391,2381,2374,2392,1983,1453,2394,2403,2403,2382,2363,2359,2329,1508,2373,2375,2394,2369,2379,2369,2290,1588,2370,2428,2381,2370,2354,2372,1542,1464,608,2378,2377,2389,2352,2295,2308,1431,1641,2376,2380,2390,2357,2315,2320,1404,656,2375,2423,2305,2398,2272,1986,255,5,5,5,9,5,5,5,10,5,5,5,5,5,5,5,5,5,5,5,5,5,5,5,5,10,5,5,5,5,5,10,10,5,5,5,5,5,5,255,5,255,255,5,5,5,5,255,255,255,255,255,10,255,5,255,5,255,255,255,255,255,255,255
1781192142.898060,452,100536756,2465,2455,2402,2424,2378,2368,2392,2400,1474,2388,2416,2403,2393,2372,2393,1975,1453,2353,2410,2381,2394,2386,2371,2348,1482,2327,2389,2405,2378,2388,2369,2290,1524,2374,2418,2376,2385,2388,2332,1542,1496,608,2378,2368,2375,2339,2289,2325,1431,1641,2376,2360,2390,2357,2315,2320,1404,656,2375,2315,2345,2398,2272,1986,255,5,5,5,5,5,5,5,255,5,5,5,5,5,5,5,255,5,5,5,5,5,5,5,9,5,5,5,5,5,5,255,5,5,5,5,5,5,5,255,5,255,255,5,5,5,5,10,255,255,255,10,255,255,5,255,255,255,255,10,10,255,255,255
1781192142.996132,453,100633759,2480,2448,2423,2408,2392,2392,2386,2425,1474,2412,2380,2374,2373,2378,2384,1964,1495,2376,2398,2408,2401,2377,2375,2306,1493,2376,2399,2395,2380,2387,2378,2341,1484,2323,2369,2358,2359,2377,2350,1542,1469,608,2378,2408,2379,2296,2286,2275,1444,1641,2376,2411,2368,2357,2351,2211,1404,656,2403,2386,2357,2398,2272,1986,10,5,5,5,5,5,5,5,255,5,5,5,5,5,5,5,10,5,5,5,5,5,5,5,5,5,5,5,5,5,5,10,5,5,5,5,5,5,5,255,5,255,255,5,5,5,5,5,10,255,255,5,10,255,5,10,255,255,10,5,5,255,255,255
1781192143.095983,454,100733727,2480,2457,2419,2405,2374,2399,2416,2402,1458,2393,2389,2395,2415,2380,2344,1975,1495,2405,2406,2384,2395,2384,2387,2362,1513,2376,2395,2393,2374,2393,2360,2341,1531,2424,2371,2396,2390,2420,2346,1542,1466,608,2378,2426,2390,2314,2320,2275,1453,1641,2376,2388,2391,2331,2329,2211,1404,656,2274,2334,2352,2306,2272,2239,255,5,5,5,5,5,5,5,10,5,5,5,5,5,5,5,255,5,5,5,5,5,5,5,5,255,5,5,5,5,5,255,5,5,5,5,5,5,5,255,5,255,255,5,5,5,5,255,5,255,255,5,5,10,5,255,255,255,5,5,5,10,255,10
1781192143.198475,455,100836968,2483,2440,2410,2415,2411,2387,2402,2436,1409,2384,2401,2389,2371,2370,2396,1983,1495,2391,2408,2390,2389,2379,2377,2347,1489,2372,2413,2403,2372,2368,2382,2341,1531,2338,2423,2381,2382,2343,2341,1542,1447,608,2389,2426,2366,2378,2313,2275,1440,1641,2399,2406,2391,2332,2377,2211,1404,656,2360,2399,2322,2307,2272,2239,10,5,5,5,5,5,5,5,5,5,5,5,5,5,5,5,255,5,5,5,5,5,5,5,5,10,5,5,5,5,5,255,255,5,5,5,5,5,5,255,5,255,10,255,5,5,5,255,5,255,10,5,255,5,5,255,255,255,5,5,5,5,255,255
1781192143.296003,456,100933728,2483,2440,2435,2392,2388,2369,2363,2389,1442,2386,2419,2389,2367,2373,2368,2059,1495,2384,2406,2404,2388,2399,2368,2366,1506,2372,2400,2423,2380,2365,2359,2341,1500,2358,2416,2363,2403,2393,2378,1542,1505,608,2389,2426,2351,2307,2322,2275,1443,1641,2399,2406,2391,2439,2341,2211,1404,656,2292,2384,2331,2307,2272,2239,255,5,5,5,5,5,5,5,5,5,5,5,5,5,5,5,255,5,5,5,5,5,5,5,5,255,5,5,5,5,5,255,10,5,5,5,5,5,5,255,5,255,255,255,5,5,5,255,5,255,255,255,255,5,5,255,255,255,5,5,5,255,255,255
1781192143.395743,457,101033727,2483,2434,2443,2390,2398,2389,2400,2448,1442,2415,2391,2392,2392,2386,2386,1981,1561,2361,2419,2382,2375,2382,2361,2313,1529,2370,2399,2396,2394,2360,2359,2341,1500,2362,2407,2359,2384,2359,2330,2356,1469,608,2346,2369,2365,2355,2337,2262,1443,1641,2399,2378,2348,2344,2306,2211,1404,656,2292,2365,2348,2307,2272,2239,255,5,5,5,5,5,5,5,255,5,5,5,5,5,5,5,10,5,5,5,5,5,5,5,5,10,5,5,5,5,5,255,255,5,5,5,5,5,5,10,5,255,10,10,5,5,5,10,255,255,255,10,10,5,5,255,255,255,255,5,5,255,255,255
1781192143.493932,458,101136470,2483,2457,2401,2440,2363,2382,2378,2448,1442,2409,2406,2383,2406,2369,2365,1980,1561,2379,2403,2398,2379,2371,2366,2311,1527,2370,2383,2409,2383,2363,2366,2341,1416,2342,2407,2374,2390,2387,2373,2356,1451,608,2416,2369,2340,2355,2280,2262,1443,1641,2399,2378,2372,2329,2280,1712,1404,656,2292,2362,2313,2307,2316,1787,255,5,5,5,5,5,5,255,255,5,5,5,5,5,5,5,255,5,5,5,5,5,5,5,5,255,5,5,5,5,5,255,10,5,5,5,5,5,5,255,5,255,5,255,5,255,5,255,255,255,255,255,5,5,5,10,255,255,255,5,5,255,10,10
1781192143.596151,459,101233727,2448,2447,2405,2389,2388,2408,2407,2456,1398,2424,2408,2407,2397,2381,2394,1990,1561,2323,2385,2375,2379,2359,2351,2360,1509,2407,2382,2401,2368,2382,2374,2341,1522,2374,2382,2389,2357,2362,2335,2356,1523,608,2416,2368,2395,2355,2349,2260,1446,1641,2399,2352,2372,2346,2303,1712,1337,656,2330,2423,2313,2310,2355,1787,10,5,5,5,5,5,5,10,10,5,5,5,5,5,5,5,255,5,5,5,5,5,5,5,5,10,5,5,5,5,5,255,5,5,5,5,5,5,5,255,5,255,255,10,5,255,5,10,10,255,255,10,255,5,5,255,10,255,10,5,255,10,5,255
1781192143.695395,460,101333728,2510,2438,2411,2401,2382,2385,2393,2456,1408,2424,2412,2381,2373,2378,2394,1990,1561,2417,2401,2418,2375,2390,2387,2347,1513,2406,2395,2381,2380,2382,2367,2341,1423,2429,2390,2365,2389,2337,2343,2356,1466,608,2416,2368,2370,2361,2299,2233,1446,1641,2399,2359,2372,2318,2326,1712,1337,656,2330,2426,2341,2320,2355,1787,5,5,5,5,5,5,5,255,5,5,5,5,5,5,5,5,255,5,5,5,5,5,5,5,5,5,5,5,5,5,5,255,5,5,5,5,5,5,5,255,5,255,255,255,5,10,5,5,255,255,255,5,255,5,5,255,255,255,255,5,10,5,255,255
1781192143.796287,461,101437961,2510,2449,2432,2412,2379,2386,2391,2417,1462,2401,2391,2395,2373,2365,2375,1961,1452,2342,2410,2402,2380,2361,2370,2335,1493,2414,2406,2386,2383,2384,2355,2341,1490,2331,2419,2384,2378,2385,2366,2356,1457,608,2375,2414,2354,2312,2299,2242,1362,1641,2399,2359,2372,2354,2303,1712,1337,656,2330,2388,2353,2349,2337,1787,255,5,5,5,5,5,5,10,5,5,5,5,5,5,5,5,10,5,5,5,5,5,5,5,5,5,5,5,5,5,5,255,5,5,5,5,5,5,5,255,5,255,10,10,5,5,255,5,10,255,255,255,255,5,5,255,255,255,255,5,5,5,10,255
1781192143.895280,462,101533743,2528,2438,2413,2394,2396,2408,2390,2402,1481,2443,2397,2380,2394,2376,2368,2364,1452,2350,2390,2381,2394,2374,2360,2335,1484,2414,2415,2370,2391,2360,2346,2410,1490,2382,2416,2392,2379,2366,2320,2356,1468,608,2382,2355,2414,2381,2316,2220,1362,1641,2399,2316,2372,2357,2303,1712,1378,656,2416,2316,2353,2327,2337,1787,10,5,5,5,5,5,5,5,5,5,5,5,5,5,5,5,255,5,5,5,5,5,5,5,5,255,5,5,5,5,5,10,255,255,5,5,5,5,5,255,5,255,5,5,5,5,10,5,255,255,255,10,255,5,255,255,10,255,10,5,255,5,255,255
1781192143.995750,463,101633751,2528,2456,2424,2376,2391,2422,2407,2436,1481,2418,2386,2388,2394,2374,2349,1980,1452,2372,2411,2380,2380,2387,2377,2326,1493,2414,2410,2389,2377,2373,2371,2410,1497,2369,2380,2389,2381,2362,2330,2356,1421,608,2434,2392,2366,2387,2299,2248,1362,1641,2399,2384,2372,2341,2342,2242,1378,656,2416,2316,2356,2294,2337,1787,255,5,5,5,5,5,5,5,255,5,5,5,5,5,5,5,255,5,5,5,5,5,5,5,5,255,5,5,5,5,5,255,10,5,5,5,5,5,5,255,5,255,5,5,5,5,5,5,255,255,255,5,255,5,10,10,255,255,255,255,10,5,255,255
1781192144.085670,464,101723727,2528,2453,2397,2390,2410,2384,2384,2437,1481,2371,2443,2389,2383,2374,2389,2293,1452,2422,2405,2397,2386,2378,2362,2340,1504,2355,2381,2400,2390,2379,2374,2410,1511,2402,2388,2404,2379,2384,2326,2356,1506,608,2376,2308,2369,2340,2331,2259,1425,1641,2399,2373,2372,2428,2361,2242,1378,656,2371,2316,2337,2305,2311,1787,255,5,5,5,5,5,5,5,255,5,5,5,5,5,5,5,255,5,5,5,5,5,5,5,5,10,5,5,5,5,5,255,5,5,5,5,5,5,5,255,9,255,5,5,5,5,5,5,10,255,255,5,255,5,5,255,255,255,10,255,5,5,10,255
1781192144.188246,465,101823811,2525,2417,2433,2395,2388,2418,2399,2353,1481,2387,2419,2410,2415,2362,2402,2345,1518,2393,2412,2438,2395,2358,2367,2315,1488,2355,2413,2387,2385,2378,2371,2302,1511,2406,2405,2383,2382,2374,2326,2356,1482,608,2416,2378,2397,2342,2308,2259,1425,1641,2399,2384,2372,2354,2370,2242,1378,656,2371,2316,2333,2337,2350,1787,10,5,5,5,5,5,5,5,255,5,5,5,5,5,5,5,10,5,5,5,5,5,5,5,5,255,5,5,5,5,5,10,255,255,5,5,5,5,5,255,5,255,5,5,5,5,5,255,255,255,255,5,255,5,5,255,255,255,255,255,5,5,5,255
1781192144.285270,466,101923728,2525,2429,2427,2379,2403,2375,2411,2411,1481,2420,2411,2377,2408,2369,2350,1970,1518,2367,2405,2383,2374,2390,2378,2329,1493,2433,2408,2384,2375,2368,2398,2302,1462,2369,2389,2397,2356,2347,2356,2356,1499,608,2364,2412,2379,2342,2298,2266,1457,1641,2399,2384,2372,2393,2308,2242,1378,656,2371,2357,2315,2337,2331,1787,255,5,5,5,5,5,5,5,255,5,5,5,5,5,5,5,255,5,5,5,5,5,5,5,9,10,5,5,5,5,5,255,10,5,5,5,5,5,5,255,5,255,5,5,5,255,5,10,10,255,255,255,255,5,5,255,255,255,255,10,5,255,5,255
1781192144.385598,467,102023728,2509,2451,2404,2409,2393,2379,2388,2415,1469,2416,2406,2395,2396,2359,2377,1998,1487,2369,2405,2419,2376,2383,2372,2331,1480,2433,2413,2382,2386,2381,2371,2302,1462,2391,2385,2395,2392,2378,2345,2356,1449,608,2327,2412,2337,2331,2324,2275,1470,1641,2399,2384,2346,2393,2299,2242,1378,656,2371,2357,2315,2346,2331,1690,10,5,5,5,5,5,5,5,10,5,5,5,5,5,5,5,10,5,5,5,5,5,5,5,5,255,5,5,5,5,5,255,255,5,5,5,5,5,5,255,9,255,5,255,5,10,5,5,5,255,255,255,10,255,5,255,255,255,255,255,255,10,255,10
1781192144.481368,468,102123827,2509,2461,2402,2398,2397,2413,2413,2409,1469,2405,2394,2384,2398,2373,2353,2018,1487,2390,2406,2402,2389,2396,2370,2323,1473,2407,2402,2392,2389,2377,2364,2302,1509,2356,2388,2418,2377,2336,2331,2356,1477,608,2327,2412,2408,2332,2331,2275,1470,1641,2399,2369,2365,2371,2326,2242,1435,656,2371,2354,2436,2346,2364,1690,255,5,5,5,5,5,5,5,255,5,5,5,5,5,5,5,255,5,5,5,5,5,5,5,5,10,5,5,5,5,5,255,10,255,5,5,5,5,5,255,5,255,255,255,5,5,5,255,255,255,255,10,5,10,5,255,10,255,255,10,10,255,10,255
1781192144.586172,469,102223727,2526,2430,2420,2409,2400,2404,2418,2396,1469,2407,2399,2373,2385,2375,2370,2349,1511,2431,2408,2388,2375,2376,2366,2310,1559,2420,2403,2396,2391,2373,2376,2302,1482,2472,2369,2403,2384,2349,2329,2356,1421,608,2327,2390,2364,2320,2265,2349,1470,1641,2399,2335,2365,2371,2321,2242,1435,656,2371,2376,2328,2406,2364,1690,10,5,5,5,5,5,5,5,255,5,5,5,5,5,5,5,10,5,5,5,5,5,5,5,5,5,5,5,5,5,5,255,5,5,5,5,5,5,5,255,5,255,255,10,5,5,5,10,255,255,255,5,255,255,5,255,255,255,255,5,5,10,255,255
1781192144.686893,470,102323727,2461,2431,2401,2401,2381,2436,2372,2390,1469,2411,2418,2391,2384,2391,2396,2228,1511,2377,2390,2396,2389,2377,2370,2232,1467,2388,2398,2388,2396,2362,2359,2302,1527,2372,2386,2390,2404,2355,2324,2356,1486,608,2319,2390,2363,2345,2265,2349,1470,1641,2399,2394,2338,2338,2295,2242,1407,656,2346,2368,2357,2406,2364,1690,5,5,5,5,5,5,5,5,255,5,5,5,5,5,5,5,255,5,5,5,5,5,5,5,5,5,5,5,5,5,5,255,5,5,5,5,5,5,5,255,5,255,10,255,5,5,255,255,255,255,255,5,10,10,5,255,10,255,10,5,5,255,255,255
1781192144.784718,471,102424070,2477,2449,2426,2416,2401,2400,2393,2404,1469,2380,2419,2393,2385,2365,2381,2361,1511,2398,2412,2387,2396,2376,2375,2315,1450,2390,2415,2401,2378,2395,2356,2302,1527,2377,2381,2385,2372,2312,2333,2356,1471,608,2319,2422,2362,2356,2321,2251,1442,1641,2399,2398,2338,2349,2302,2242,1407,656,2346,2368,2382,2330,2364,1690,5,5,5,5,5,5,5,5,255,5,5,5,5,5,5,5,255,5,5,5,5,5,5,5,5,5,5,5,5,5,5,255,255,5,5,5,5,5,5,255,5,255,255,10,5,5,10,10,10,255,255,5,255,5,5,255,255,255,255,255,5,10,255,255
1781192144.884704,472,102523755,2526,2453,2429,2414,2393,2386,2405,2469,1469,2411,2432,2394,2395,2375,2363,1985,1511,2388,2413,2410,2369,2374,2367,2369,1476,2390,2418,2384,2381,2376,2364,2302,1433,2320,2426,2376,2369,2354,2368,2356,1478,608,2427,2358,2351,2356,2331,2251,1472,1641,2399,2359,2338,2285,2338,2242,1369,656,2346,2368,2382,2335,2303,1690,5,5,5,5,5,5,5,3,255,5,5,5,5,5,5,5,255,5,5,5,5,5,5,5,5,255,5,5,5,5,5,255,10,5,5,5,5,5,5,255,9,255,10,5,5,255,5,255,5,255,255,5,255,5,5,255,10,255,255,255,255,5,10,255
1781192144.980924,473,102623747,2526,2448,2397,2407,2387,2399,2398,2415,1469,2403,2415,2397,2368,2391,2390,1996,1487,2378,2396,2377,2385,2371,2361,2300,1530,2373,2420,2394,2386,2390,2374,2319,1433,2363,2414,2400,2340,2338,2338,2356,1426,608,2427,2374,2345,2356,2314,2248,1433,1641,2399,2402,2366,2285,2319,2242,1430,656,2346,2369,2342,2300,2303,1690,255,5,5,5,5,5,5,5,255,5,5,5,5,5,5,5,10,5,5,5,5,5,5,5,5,10,5,5,5,5,5,10,255,5,5,5,5,5,5,255,5,255,255,5,5,255,5,10,5,255,255,5,10,255,5,255,5,255,255,10,10,5,255,255
1781192145.083688,474,102723814,2479,2437,2428,2411,2398,2377,2401,2418,2552,2416,2414,2376,2385,2379,2365,2367,1487,2383,2402,2444,2384,2390,2369,2314,1477,2434,2416,2385,2404,2381,2366,2319,1433,2383,2419,2372,2365,2402,2355,2356,1433,2344,2427,2385,2370,2356,2312,2308,1492,1641,2399,2348,2366,2399,2323,2242,1392,656,2346,2369,2320,2292,2303,1690,10,5,5,5,5,5,5,5,10,5,5,5,5,5,5,5,255,5,5,5,5,5,5,5,5,5,5,5,5,5,5,255,255,5,5,5,5,5,5,255,5,10,255,5,5,255,5,5,5,255,255,5,255,10,5,255,5,255,255,255,5,5,255,255
1781192145.180772,475,102823727,2458,2422,2419,2419,2399,2380,2407,2419,2552,2444,2408,2378,2373,2355,2361,2336,1487,2370,2401,2430,2399,2360,2365,2383,1531,2434,2390,2395,2381,2368,2361,2319,1433,2357,2429,2370,2376,2369,2313,2356,1491,2344,2406,2382,2400,2358,2290,2282,1426,1641,2399,2358,2366,2368,2281,2279,1392,656,2346,2369,2345,2347,2303,1690,5,5,5,5,5,5,5,5,255,5,5,5,5,5,5,5,255,5,5,5,5,5,5,5,5,255,5,5,5,5,5,255,255,5,5,5,5,5,5,255,5,255,10,5,5,10,5,5,5,255,255,5,255,5,5,10,255,255,255,255,5,5,255,255
1781192150.897364,476,108536397,2508,2420,2397,1006,825,938,918,2408,1447,2391,2403,1096,1272,1052,1154,2005,1490,2406,2398,2387,2381,1447,2356,2274,1517,2390,2388,2396,2349,2376,2361,2337,2350,2339,2388,2364,2350,2359,2340,1516,1466,1995,2346,2422,2364,2305,2328,2260,1385,1641,2381,2358,2514,2329,2314,2279,1438,2055,2359,2347,2337,2352,2312,2175,6,6,6,6,6,6,6,6,6,6,6,6,6,6,6,6,6,6,6,6,6,6,6,6,6,6,6,6,6,6,6,255,255,6,6,6,6,6,6,255,6,255,6,6,6,255,6,255,6,255,255,6,255,6,6,6,255,255,255,6,6,6,6,255
1781192150.995563,477,108633755,2508,2437,2430,934,673,630,785,2410,1448,2386,2399,965,1061,647,989,1976,1490,2361,2413,1241,1386,1429,2367,2324,1465,2330,2399,2376,2372,2400,2355,2337,2350,2428,2369,2374,2387,2372,2318,1516,1460,1995,2346,2379,2364,2438,2328,2260,1508,1641,2381,2382,2514,2299,2346,2279,1438,2055,2381,2347,2372,2311,2310,2175,255,5,5,5,5,4,5,5,5,5,5,5,4,4,5,5,255,5,5,4,5,5,5,5,5,5,5,5,5,5,5,255,255,5,5,5,5,5,5,255,5,255,255,5,255,10,5,255,9,255,255,5,255,5,5,255,255,255,10,255,5,5,5,255
1781192151.095301,478,108733727,2487,2441,2416,2427,630,614,608,2379,1425,2426,2403,906,922,613,654,2024,1561,2365,2409,981,992,1316,2367,2336,1499,2330,2392,2463,2387,1369,2372,2337,2350,2335,2389,2379,2353,2366,2343,1516,1513,1995,2346,2379,2324,2314,2321,2260,1399,1641,2415,2403,2366,2355,2327,2172,1437,2055,2381,2347,2356,2357,2253,2175,10,5,5,5,5,5,5,5,5,5,5,5,5,5,4,5,10,5,5,4,4,5,5,5,5,255,5,5,5,5,5,10,255,5,5,5,5,5,5,255,5,255,255,255,10,5,5,255,5,255,10,5,10,5,5,10,10,255,255,255,5,5,5,255
1781192151.197537,479,108836623,2497,2430,2408,2430,2392,609,2423,2416,1420,2420,2427,882,793,587,608,2007,1515,2397,2399,926,883,637,614,2252,1496,2366,2415,957,1436,669,2381,2337,2350,2403,2376,2425,2369,2331,2366,1516,1424,1995,2346,2379,2370,2302,2303,2260,1427,1641,2415,2385,2378,2354,2327,2172,1410,2055,2324,2331,2302,2388,2253,2175,5,5,5,5,5,5,5,5,5,5,5,5,9,5,5,5,5,5,5,5,5,4,5,5,5,10,5,4,5,4,5,255,255,5,5,5,5,5,5,255,5,255,255,255,5,5,5,255,5,255,255,5,5,5,255,255,5,255,10,10,5,5,255,255
1781192151.295702,480,108933728,2458,2447,2418,2410,2401,2404,2394,2416,1420,2412,2405,2404,793,617,591,1963,1515,2366,2403,892,827,604,592,2252,1533,2361,2414,902,1362,605,614,2337,2350,2372,2406,1397,1416,2319,2348,1516,1469,1995,2345,2378,2376,2329,2299,2260,1387,1641,2415,2377,2378,2353,2330,2172,1410,2055,2324,2327,2350,2340,2253,2175,5,5,5,5,5,4,5,5,255,5,5,5,255,5,5,5,255,5,5,5,5,5,5,255,5,5,5,5,5,5,4,255,255,5,5,5,5,5,5,255,5,255,10,10,5,5,5,255,5,255,255,5,255,5,10,255,255,255,255,5,5,5,255,255
1781192151.394173,481,109033728,2458,2440,2397,2417,2394,2385,2386,2443,1420,2396,2409,2390,2389,2370,2385,2315,1515,2381,2403,875,788,592,596,2353,1486,2361,2414,892,839,596,583,2337,2350,2394,940,915,1383,599,577,1516,1473,1995,2404,948,2385,582,2342,2208,1420,1641,2415,2377,2378,2349,2310,2172,1410,2055,2324,2327,2350,2331,2253,2175,255,5,5,5,5,5,5,5,255,5,5,5,10,5,4,5,255,5,5,5,9,5,5,10,9,255,5,5,5,5,5,255,255,5,5,5,5,4,5,255,5,255,5,4,5,4,5,10,5,255,255,255,255,5,5,255,255,255,255,255,255,5,255,255
1781192151.493286,482,109136162,2458,2456,2419,2408,2394,2392,2415,2422,1420,2406,2408,2402,2388,2371,2365,2349,1515,2391,2403,2403,909,891,2402,2319,1473,2361,2396,896,856,784,597,2337,1473,2383,921,900,725,598,612,1516,1463,1995,2404,897,830,605,639,2208,1420,1641,2415,1054,2378,2349,2310,2172,1390,2055,2350,2363,2350,2322,2302,2175,255,5,5,5,5,5,5,5,255,5,5,5,5,5,5,5,255,5,5,5,5,4,5,5,5,255,5,5,5,9,5,255,10,255,5,5,5,5,5,255,5,255,255,5,4,5,4,255,255,255,255,10,255,255,255,255,10,255,10,10,255,5,10,255
1781192151.592104,483,109233727,2458,2444,2436,2420,2378,2363,2398,2410,1420,2435,2421,2373,2369,2370,2379,1988,1515,2366,2423,2413,2374,905,2378,2350,1515,2391,2406,2389,876,883,897,2337,1473,2377,2388,884,810,645,2369,1516,1456,1995,918,863,628,596,606,2208,1485,1641,2383,958,585,585,2310,2172,1400,2055,2353,1016,1220,639,2302,2175,255,5,5,5,5,5,5,5,255,5,5,5,5,5,5,5,255,5,5,5,5,5,5,5,5,10,5,5,5,5,4,255,255,5,5,5,5,5,4,255,5,255,10,5,4,5,5,255,10,255,10,5,10,10,255,255,5,255,5,5,10,4,255,255
1781192151.686739,484,109323751,2525,2461,2404,2398,2382,2395,2401,2417,1420,2439,2392,2396,2390,2357,2356,1971,1515,2336,2391,2399,2372,2374,2357,2341,1476,2385,2383,2361,880,900,2367,2337,1539,2331,2389,888,859,855,2337,1516,1476,1995,912,874,651,842,2303,2208,1489,1641,2383,884,604,594,2343,1807,1510,2055,2353,588,608,583,2282,1735,10,5,5,5,5,5,5,5,255,5,5,5,5,5,5,5,255,5,5,5,5,5,5,5,9,5,5,5,5,5,5,255,10,5,5,5,5,4,5,255,5,255,255,5,5,4,4,255,5,255,255,5,5,5,10,10,5,255,255,4,4,5,10,10
1781192151.785273,485,109425380,2486,2449,2439,2417,2380,2379,2433,2461,1420,2440,2381,2390,2366,2382,2331,1961,1515,2387,2394,2425,2386,2360,2369,2291,1511,2385,2387,2398,937,930,2367,2337,1539,2343,2385,913,885,877,2328,1516,1469,1995,2353,882,851,849,2299,2196,1387,1641,2383,853,778,640,2283,591,1397,2055,2353,657,592,623,2282,1735,5,5,5,5,5,5,5,5,255,5,5,5,5,5,5,5,255,5,5,5,5,5,5,5,5,255,5,5,5,5,5,255,255,5,5,5,5,5,5,255,5,255,4,5,4,5,5,10,5,255,255,5,5,5,5,255,5,255,255,5,5,5,255,255
1781192151.881789,486,109523743,2486,2456,2405,2432,2397,2381,2419,2446,1506,2432,2390,2404,2375,2370,2359,1977,1515,2377,2403,2383,2388,2370,2358,2315,1531,2412,2376,2396,2397,2373,2366,2269,1478,2393,2423,1002,902,899,2337,1516,1463,1995,917,897,862,866,2299,2196,1439,1641,2460,864,837,833,2369,591,1397,2055,2353,844,631,676,2282,1735,255,5,5,5,5,5,5,5,10,5,5,5,5,5,5,9,255,5,5,5,5,5,5,5,5,10,5,5,5,5,5,10,10,5,5,9,5,5,5,255,5,255,255,5,5,5,5,255,5,255,10,5,5,5,5,255,255,255,255,5,5,255,255,255
1781192151.984929,487,109623759,2486,2425,2397,2430,2384,2389,2384,2394,1506,2412,2405,2399,2400,2383,2371,2342,1464,2393,2405,2385,2405,2379,2385,2385,1474,2411,2387,2378,2386,2393,2354,2269,1506,2321,2373,2403,935,929,2318,1516,1551,1995,2371,907,870,872,2309,2196,1385,1641,929,861,838,827,2338,591,1390,2055,886,845,767,676,2282,1735,255,5,5,5,5,5,5,5,255,5,5,5,5,5,5,5,10,5,5,5,5,5,5,5,5,9,5,5,5,5,5,255,5,5,5,5,5,5,5,255,5,255,10,5,5,5,5,255,5,255,255,5,5,5,5,255,10,255,255,5,5,255,255,255
1781192152.087184,488,109723727,2486,2441,2400,2405,2419,2384,2393,2420,1506,2411,2425,2392,2405,2361,2379,1949,1459,2364,2408,2399,2392,2388,2352,2364,1516,2408,2389,2398,2383,2387,2382,2269,1547,2378,2374,2426,983,931,2340,1516,1418,1995,2371,929,880,873,2325,2266,1391,1641,929,884,851,846,2319,591,1390,2055,895,858,798,676,2282,1735,255,5,5,5,5,5,5,5,255,5,5,5,5,5,5,5,5,5,5,5,5,5,5,5,5,5,5,5,5,5,5,255,5,5,5,5,5,5,5,255,5,255,255,5,5,5,5,10,5,255,255,5,5,5,5,255,255,255,255,5,5,255,255,255
1781192152.185556,489,109823811,2486,2439,2426,2426,2385,2407,2396,2435,1506,2401,2401,2397,2368,2396,2367,2337,1459,2359,2403,2395,2382,2384,2368,2343,1438,2408,2436,2384,2383,2380,2365,2269,1547,2291,2414,2423,956,940,2356,1516,1450,1995,2371,899,881,856,2313,2266,1391,1641,947,873,841,836,2331,591,1402,2055,2373,865,818,2362,2282,1861,255,5,5,5,5,5,5,5,255,5,5,5,5,5,5,5,255,5,5,5,5,5,5,5,5,255,5,5,5,5,5,255,255,5,5,5,5,5,5,255,9,255,255,5,5,5,5,255,255,255,255,5,5,5,5,255,10,255,4,5,5,10,255,10
1781192152.285514,490,109923727,2497,2458,2438,2414,2382,2410,2388,2390,1506,2432,2390,2397,2388,2391,2362,1997,1513,2390,2404,2390,2394,2358,2377,2314,1453,2371,2397,2384,2399,2350,2357,2269,1495,2350,2410,2404,955,949,2347,1516,1494,1995,2371,920,886,870,2313,2261,1473,1641,947,878,837,841,2351,591,1432,2055,871,862,808,2364,2216,1861,10,5,5,5,5,5,5,5,255,5,5,5,5,5,5,5,10,5,5,5,5,5,5,5,5,10,5,5,5,5,5,255,10,5,5,5,5,5,5,255,5,255,255,5,5,5,255,10,10,255,255,5,5,5,5,255,5,255,255,5,5,5,10,255
1781192152.381879,491,110023727,2497,2411,2426,2419,2400,2401,2350,2409,1470,2426,2409,2397,2373,2376,2377,2304,1513,2367,2395,2410,2381,2382,2386,2348,1445,2371,2382,2401,2395,2378,2377,2269,1498,2358,2430,2373,952,927,2338,1516,1484,1995,2375,919,881,871,2343,2239,1406,1641,947,881,843,826,2300,591,1432,2055,871,812,791,748,2275,1861,255,5,5,5,5,5,5,5,10,5,5,5,5,5,5,5,255,5,5,5,5,5,5,5,5,255,5,5,5,5,5,255,5,255,5,5,5,5,5,255,5,255,10,5,5,5,10,5,5,255,255,5,5,5,5,255,255,255,255,5,5,255,5,255
1781192152.482159,492,110123822,2497,2441,2409,2411,2391,2398,2404,2409,1470,2411,2385,2395,2370,2366,2379,2119,1556,2392,2402,2373,2384,2372,2365,2344,1530,2357,2407,2374,2402,2374,2374,2269,1498,2342,2396,2361,915,926,2331,1516,1463,1995,2375,912,872,854,2286,2229,1422,1641,947,876,835,837,2307,591,1351,2055,871,723,737,647,2324,1861,255,5,5,5,5,5,5,5,255,5,5,5,5,5,5,5,10,5,5,5,5,5,5,5,9,10,5,5,5,5,5,255,255,5,5,5,5,5,5,255,5,255,255,5,5,5,5,5,5,255,255,5,5,5,5,255,10,255,255,5,5,10,5,255
1781192152.585594,493,110223727,2497,2438,2429,2407,2406,2411,2395,2425,1470,2411,2402,2390,2374,2359,2371,1988,1556,2395,2417,2418,2386,2387,2374,2348,1498,2364,2410,2384,2395,943,2359,2269,1473,2307,2391,2388,897,898,880,1516,1431,1995,2390,918,865,852,2372,2229,1422,1641,810,872,826,820,2342,591,1351,2055,871,616,631,605,2324,1861,255,5,5,5,5,5,5,5,255,5,5,5,5,5,5,5,255,5,5,5,5,5,5,5,5,5,5,5,5,5,5,255,10,5,5,5,5,5,5,255,5,255,10,5,5,5,5,255,255,255,255,5,5,5,5,255,255,255,255,5,5,5,255,255
1781192152.686197,494,110323759,2497,2457,2423,2422,2380,2427,2414,2395,1470,2431,2393,2389,2389,2365,2366,1996,1499,2385,2396,2379,2393,2367,2361,2313,1545,2364,2391,2425,2388,912,2376,2269,1473,2366,2445,2410,893,877,875,1516,1458,1995,2390,899,862,853,867,2229,1422,1641,810,863,649,657,2346,591,1420,2055,2397,607,609,600,2324,1861,255,5,5,5,5,5,5,5,255,5,5,5,5,5,5,5,10,5,5,5,5,5,5,5,5,255,5,5,5,5,5,255,255,5,5,5,5,5,5,255,5,255,255,5,5,5,5,255,255,255,255,5,5,5,5,255,10,255,10,255,5,5,255,255
1781192152.786556,495,110423993,2457,2456,2401,2409,2394,2384,2389,2389,1470,2419,2412,2396,2385,2362,2376,1962,1493,2387,2408,2393,2369,2366,2366,2321,1505,2364,2413,2370,2409,894,891,2269,1473,2346,2363,2401,887,861,877,1516,1430,1995,2390,904,858,647,846,2229,1422,1641,2453,895,633,598,613,591,1420,2055,2397,607,598,596,632,1861,10,5,5,5,5,5,5,5,255,5,5,5,5,5,5,5,5,5,5,5,5,5,5,5,5,255,5,5,5,5,5,255,255,5,5,5,5,5,5,255,5,255,255,5,5,4,5,255,255,255,10,5,5,5,5,255,255,255,255,255,5,5,10,255
1781192152.884173,496,110523727,2457,2419,2422,2406,2387,2379,2397,2407,1551,2400,2403,2402,2404,2383,2392,1998,1493,2379,2414,2394,2373,2364,2370,2335,1513,2352,2392,2405,941,891,897,883,1473,2377,2393,918,891,837,825,1516,1477,1995,2408,926,815,616,607,598,1430,1641,2453,904,774,604,599,1742,1420,2055,2397,607,1251,596,632,1861,255,5,5,5,5,5,5,5,10,5,5,5,5,5,5,5,255,5,5,5,5,5,5,5,5,10,5,5,5,5,5,10,255,255,5,5,5,5,5,255,9,255,10,5,5,5,4,10,10,255,255,5,5,5,5,10,255,255,255,255,4,255,255,255
1781192152.985032,497,110623747,2457,2459,2451,2386,2404,2412,2402,2392,1402,2410,2389,2371,2362,2385,2352,2222,1497,2340,2401,2388,2393,2388,884,2361,1515,2391,2420,2411,900,878,884,884,1473,2425,2401,919,885,810,631,1516,1504,1995,2415,925,871,619,598,598,1370,1641,2453,904,774,627,614,602,1420,2055,2397,607,1302,2299,632,1861,255,5,5,5,5,5,5,5,5,5,5,5,5,5,5,5,10,5,5,5,5,5,5,5,5,5,5,5,5,5,5,5,255,255,5,5,5,5,5,255,5,255,5,5,5,5,5,5,5,255,255,255,255,5,5,4,255,255,255,255,9,10,255,255
1781192153.070636,498,110713810,2457,2468,2429,2406,2395,2398,2395,2386,1402,2435,2424,2394,2381,2382,2386,2272,1480,2362,2410,2406,2382,2381,897,2348,1494,2330,2404,2412,908,871,867,893,1473,2373,2389,936,898,831,615,600,1475,1995,2415,938,893,712,593,580,1419,1641,2453,2321,774,646,603,614,1420,2055,2397,607,1310,2336,2235,2171,255,5,5,5,5,5,5,5,255,5,5,5,5,5,5,5,5,5,5,5,5,5,5,5,5,5,5,5,5,5,5,5,255,5,5,5,5,5,5,10,5,255,255,5,5,9,5,5,5,255,255,10,255,5,5,255,255,255,255,255,5,5,10,10
1781192153.171770,499,110813727,2457,2447,2429,2433,2405,2398,2386,2402,1403,2442,2392,2373,2407,2377,2364,1991,1480,2341,2410,2405,2367,2381,881,2336,1494,2330,2423,2401,896,872,857,861,1473,2344,2398,948,895,839,633,597,1481,1995,2436,936,896,788,611,595,1482,1641,2346,2346,774,646,628,565,1467,2055,2397,607,1226,2358,2235,2171,255,5,5,5,5,5,5,5,10,5,5,5,5,5,5,5,255,5,5,5,5,5,5,5,5,255,5,5,5,5,5,5,255,5,5,5,5,5,5,5,5,255,10,5,5,5,5,5,5,255,10,5,255,255,5,255,10,255,255,255,5,5,255,255
1781192153.271896,500,110913727,2485,2432,2419,2420,2410,2413,2385,2430,1450,2411,2405,2401,2396,2369,2395,2020,1581,2396,2407,2391,2412,2366,2371,2323,1469,2330,2409,979,893,869,851,919,1501,2371,2421,943,896,863,663,601,1484,1995,2400,2373,886,809,628,595,1482,1641,2346,2346,774,646,614,593,1381,2055,2397,954,1034,2345,2320,2171,10,5,5,5,5,5,5,5,5,5,5,5,5,5,5,5,10,5,5,5,5,5,5,5,9,255,5,5,5,5,5,5,10,5,5,5,5,5,5,5,5,255,5,4,5,5,5,5,255,255,255,255,255,255,5,255,5,255,255,10,255,5,10,255
1781192153.374040,501,111013854,2485,2446,2404,2390,2392,2357,2377,2430,1450,2444,2390,2407,2384,2384,2390,2258,1581,2369,2392,2374,2383,2389,2386,2377,1492,2407,2423,976,909,866,844,908,1501,2300,2376,940,885,859,688,596,1488,1995,2400,994,917,851,626,599,1482,1641,2367,2346,774,646,614,613,1381,2055,2397,1054,1034,2339,2320,2171,255,5,5,5,5,5,5,5,255,5,5,5,5,5,5,5,255,5,5,5,5,5,5,5,5,10,5,5,5,5,5,5,255,5,5,5,5,5,5,5,5,255,255,255,5,5,5,5,255,255,10,255,255,255,5,5,255,255,255,255,255,5,255,255
1781192153.470562,502,111113829,2485,2444,2400,2418,2404,2381,2387,2415,1387,2425,2414,2392,2393,2370,2377,1934,1534,2433,2409,2396,2385,2368,2378,2335,1447,2423,2414,964,904,883,881,904,1477,2237,2401,944,893,853,759,598,1513,1995,2348,1020,882,819,621,595,1476,1641,2367,1282,774,2312,618,594,1431,642,950,2374,2327,2331,2320,2171,255,5,5,5,5,5,5,5,10,5,5,5,5,5,5,5,10,5,5,5,5,5,5,5,5,5,5,9,5,5,5,5,10,5,5,5,5,5,5,5,5,255,10,9,5,5,5,5,10,255,255,10,255,10,5,5,10,10,10,4,10,5,255,255
1781192153.574464,503,111213727,2485,2411,2448,2393,2385,2389,2392,2442,1517,2409,2433,2403,2359,2382,2393,1966,1534,2371,2393,2384,2383,2365,2380,2346,1477,2355,2399,2395,914,911,875,904,1477,2377,2400,948,897,866,840,801,1484,1995,2348,1215,906,840,638,603,1411,1641,2367,1282,774,653,612,603,1431,643,950,2374,2380,2296,2320,2171,255,5,5,5,5,5,5,5,5,5,5,5,5,5,5,5,255,5,5,5,5,5,5,5,5,5,5,5,5,5,5,255,255,5,5,5,5,5,5,4,9,255,255,4,5,5,5,5,5,255,255,255,255,4,5,5,255,5,255,255,5,5,255,255
1781192153.675379,504,111313977,2488,2425,2399,2394,2398,2398,2398,2434,1517,2413,2400,2394,2384,2368,2396,1984,1534,2376,2415,2392,2369,2375,2367,2375,1488,2367,2391,2399,941,973,920,904,1477,2403,2350,960,906,881,887,911,1471,1995,1293,921,885,840,644,850,778,1641,2367,1282,774,681,613,607,569,643,950,2383,2388,648,625,626,10,5,5,5,5,5,5,5,255,5,5,5,5,5,5,5,255,5,5,5,5,5,5,5,5,5,5,5,5,5,5,255,255,5,5,5,5,5,5,5,5,255,10,5,5,5,5,4,4,255,255,255,255,5,5,5,10,255,255,10,5,4,10,255
1781192153.774637,505,111413727,2488,2441,2419,2415,2365,2356,2388,2368,1517,2448,2433,2379,2383,2368,2387,1963,1459,2376,2395,2401,2399,2377,2374,2314,1407,2379,2393,2434,2375,2387,2365,904,1477,2343,2391,980,940,911,937,964,1413,1995,1328,945,896,884,850,933,828,1641,2367,1282,850,714,684,659,755,643,950,2343,2334,637,622,626,255,5,5,5,5,5,5,5,255,5,5,5,5,5,5,5,10,5,5,5,5,5,5,5,5,5,5,5,5,5,5,255,255,5,5,5,5,5,5,5,5,255,5,5,5,5,4,5,255,255,255,255,10,5,5,5,5,255,255,5,5,5,5,255
1781192153.875570,506,111513731,2488,2453,2410,2414,2375,2378,2379,2416,1517,2436,2421,2401,2369,2372,2360,2205,1459,2310,2407,2411,2406,2381,2364,2350,1479,2379,2408,2421,2392,2377,2374,904,1539,2402,1053,1026,1016,984,2396,964,1468,1995,1317,963,912,950,905,944,828,1641,2367,907,882,849,880,927,755,643,950,2343,682,682,636,626,255,5,5,5,5,5,5,5,255,5,5,5,5,5,5,5,255,5,5,5,5,5,5,5,5,255,5,5,5,5,5,255,10,5,5,5,5,9,5,255,5,255,5,5,5,5,5,255,255,255,255,10,5,5,5,4,255,255,255,255,4,5,5,255
1781192153.976866,507,111615769,2488,2427,2433,2402,2406,2386,2398,2451,1517,2425,2437,2389,2404,2385,2386,2029,1399,2349,2403,2401,2382,2358,2361,2345,1503,2379,2411,2401,2385,2372,2373,904,1511,2402,1086,1046,2380,984,2346,964,1440,1371,1043,999,962,1048,978,944,828,1641,932,906,904,900,935,992,755,643,950,886,814,874,882,626,255,5,5,5,5,5,5,5,255,5,5,5,5,5,5,5,10,5,5,5,5,5,5,5,5,255,5,5,5,5,5,255,5,255,255,5,5,255,5,255,5,10,4,5,5,5,5,255,255,255,255,5,5,5,5,255,255,255,255,10,5,5,4,255
1781192154.075306,508,111713727,2488,2430,2429,2403,2414,2423,2391,2403,1517,2389,2388,2386,2418,2379,2373,2057,1519,2414,2411,2423,2383,2368,2367,2369,1526,2393,2380,2415,2385,2347,2371,2367,1511,2391,2395,2379,2375,2347,2347,964,1435,1243,1037,1018,1072,1048,2337,944,931,1641,931,935,964,971,2300,992,755,643,950,887,865,912,923,626,255,5,5,5,5,5,5,5,255,5,5,5,5,5,5,5,5,5,5,5,5,5,5,5,5,10,5,5,5,5,5,10,255,255,4,5,5,10,5,255,5,255,5,5,5,255,4,255,255,255,5,5,5,5,4,255,255,255,255,5,5,5,5,255
1781192154.174768,509,111813727,2416,2427,2412,2412,2404,2366,2387,2453,1517,2440,2396,2393,2390,2380,2382,2022,1519,2393,2436,2397,2400,2365,2380,2298,1500,2382,2408,2380,2404,2390,2356,2367,1511,2399,979,2433,2380,2337,2351,964,1481,1243,1012,1018,1072,2370,2288,2234,931,1641,941,956,1064,2375,2316,992,755,643,878,898,896,994,988,626,10,5,5,5,5,5,5,5,255,5,5,5,5,5,5,5,255,5,5,5,5,5,5,5,5,5,5,5,5,5,5,255,255,5,255,5,5,5,5,255,5,255,5,5,255,10,5,10,255,255,5,5,5,4,5,255,255,255,10,5,5,5,255,255
1781192154.276846,510,111915848,2468,2466,2435,2393,2385,2370,2394,2428,1410,2430,2366,2391,2395,2382,2399,1967,1440,2363,2420,2383,2382,2349,2367,2345,1498,2378,2361,2401,2382,2358,2370,2367,1511,2399,2387,2357,2382,2367,2351,964,1420,1251,1028,1074,2334,2306,2317,2250,939,1641,975,995,1161,1125,2272,992,755,643,903,936,953,1125,2319,626,5,5,5,5,5,5,5,5,10,5,5,5,5,5,5,5,10,5,5,5,5,5,5,5,9,5,5,5,5,5,5,255,255,255,10,5,5,5,5,255,5,255,9,255,10,5,5,5,255,255,5,5,9,255,5,255,255,255,5,5,5,5,4,255
1781192154.375312,511,112013727,2468,2435,2409,2391,2413,2390,2402,2441,1410,2413,2403,2387,2429,2394,2363,2002,1468,2388,2401,2383,2379,2369,2386,2341,1452,2378,2421,2392,2374,2362,2367,2367,1434,2372,2387,2404,2356,2382,2342,964,1491,1251,1280,2328,2320,2369,2280,2250,789,1641,1061,998,1002,2333,2272,992,755,643,932,964,1036,1212,2319,2213,255,5,5,5,5,5,5,5,255,5,5,5,5,5,5,5,5,5,5,5,5,5,5,5,5,255,5,5,5,5,5,255,10,10,5,5,5,5,5,255,5,255,4,4,5,5,5,255,255,255,255,5,255,10,255,255,255,255,5,5,5,9,255,10
1781192154.460538,512,112103727,2451,2430,2419,2417,2394,2397,2400,2426,1472,2396,2440,2382,2378,2380,2373,2333,1513,2408,2406,2401,2390,2392,2383,2344,1441,2378,2438,2387,2399,2385,2376,2367,1434,2342,2408,2382,2369,2341,2339,964,1467,1251,1320,2328,2417,2265,2312,2228,789,1641,1061,1043,1002,2333,2339,992,779,643,966,987,1067,1212,2357,2213,10,5,5,5,5,5,5,5,10,5,5,5,5,5,5,5,5,5,5,5,5,5,5,5,5,255,5,5,5,5,5,255,255,5,5,5,5,5,5,255,5,255,5,255,5,5,5,10,255,255,255,5,255,255,10,255,10,255,5,5,5,255,10,255
1781192154.568111,513,112206264,2447,2469,2417,2419,2393,2370,2390,2388,1472,2381,2426,2410,2360,2376,2397,1977,1513,2394,2387,2398,2390,2371,2366,2347,1511,2386,2398,2405,2389,2374,2377,2347,1434,2342,2392,2378,2365,2339,2350,964,1484,1251,1320,2356,2404,2349,2290,2164,1492,1641,1061,1237,1002,2395,2319,992,613,692,966,1064,995,2323,2357,1808,5,5,5,5,5,5,5,5,255,5,5,5,5,5,5,5,255,5,5,5,5,5,5,5,5,10,9,5,5,5,5,10,255,255,5,5,5,5,5,255,5,255,255,10,5,5,5,5,10,255,255,5,255,10,5,255,5,10,255,5,5,10,255,10
1781192154.667375,514,112305739,2447,2464,2424,2434,2395,2390,2401,2438,1472,2389,2430,2397,2386,2362,2331,2340,1570,2381,2411,2380,2382,2375,2383,2359,1442,2418,2404,2391,2392,2370,2355,2347,1495,2351,2413,2424,2385,2352,2340,964,1471,1251,1320,2312,2404,2349,2321,2233,1492,1641,1061,1280,1002,2373,2361,992,571,692,966,1145,1051,2323,2291,1808,255,5,5,5,5,5,5,5,255,5,5,5,5,5,5,5,10,5,5,5,5,5,5,5,5,5,5,5,5,5,5,255,10,10,5,5,5,5,5,255,5,255,255,5,255,255,5,5,255,255,255,5,255,5,5,255,5,255,255,5,5,255,10,255
1781192154.763125,515,112403728,2447,2446,2409,2386,2389,2397,2407,2418,1472,2409,2405,2398,2380,2385,2372,2017,1570,2375,2401,2411,2391,2379,2374,2339,1498,2418,2400,2397,2387,2381,2379,2347,1449,2316,2404,2379,2355,2328,2332,964,1473,1251,1320,2312,2360,2352,2306,2264,1506,1641,1061,1293,1002,2373,2294,1836,571,692,804,1030,1187,2323,2291,1808,255,5,5,9,5,5,5,5,255,5,5,5,5,5,5,5,255,5,5,5,5,5,5,9,5,255,5,5,5,5,5,255,5,5,5,5,5,5,5,255,5,255,255,255,10,10,5,5,10,255,255,5,255,255,5,10,255,255,10,9,5,255,255,255
1781192154.868124,516,112506710,2447,2453,2425,2426,2385,2404,2382,2426,1472,2421,2409,2379,2396,2369,2374,1985,1570,2429,2413,2376,2405,2388,2356,2325,1470,2418,2400,2393,2385,2382,2359,2347,1449,2356,2407,2401,2390,2373,2333,964,1494,1251,1320,2312,2368,2338,2312,2292,1506,1641,1061,1293,1002,2368,2315,1836,571,692,804,1106,1246,2314,2342,2226,255,5,5,5,5,5,5,5,255,5,5,5,5,5,5,5,255,5,5,5,5,5,5,5,5,255,5,5,5,5,5,255,255,5,5,5,5,5,5,255,5,255,255,255,5,5,5,5,255,255,255,255,255,10,5,255,255,255,255,5,5,10,10,10
1781192154.964751,517,112603728,2447,2443,2414,2394,2360,2383,2403,2444,1477,2429,2438,2398,2391,2382,2438,1980,1570,2365,2417,2399,2392,2362,2356,2332,1540,2432,2402,2393,2381,2365,2361,2347,1449,2356,2361,2395,2391,2383,2325,964,1522,1251,2366,2312,2387,2356,2363,2292,1506,1641,2359,1293,1002,2350,2315,1836,1465,692,2420,1106,1154,2314,2335,2226,255,5,5,5,5,5,5,5,10,5,5,5,5,5,5,5,255,5,5,5,5,5,5,5,5,10,5,5,5,5,5,255,255,255,5,5,5,5,5,255,5,255,10,255,5,5,5,255,255,255,10,255,255,5,255,255,10,255,10,255,5,255,5,255
1781192155.065310,518,112703727,2447,2461,2398,2382,2392,2388,2399,2408,1477,2396,2413,2380,2359,2365,2377,1993,1456,2350,2393,2399,2394,2387,2359,2324,1490,2432,2408,2399,2360,2374,2375,2287,1449,2420,2410,2386,2360,2365,2336,964,1489,1251,2346,2369,2366,2345,2315,2259,1420,1641,2427,1293,1002,2366,2330,1836,1465,692,2420,1903,1325,2314,2335,2226,255,5,5,5,5,5,5,5,255,5,5,5,5,5,5,5,10,5,5,5,5,5,5,5,5,255,5,5,5,5,5,10,255,10,5,5,5,5,5,255,5,255,5,10,5,5,5,10,10,255,5,255,255,5,10,255,255,255,255,10,5,255,255,255
1781192155.167097,519,112805140,2447,2444,2416,2395,2349,2397,2404,2449,1477,2390,2415,2389,2379,2385,2361,1971,1568,2360,2402,2390,2372,2368,2361,2343,1395,2432,2396,2380,2395,2391,2366,2287,1449,2333,2347,2378,2378,2373,2337,2311,1504,1251,2346,2388,2337,2334,2298,2309,1465,1641,2376,2384,1002,2359,2347,1836,1465,692,2420,1903,1325,2314,2335,2226,255,5,5,5,5,5,5,5,255,5,5,5,5,5,5,5,5,5,5,5,5,5,5,5,5,255,5,5,5,5,5,255,255,5,5,5,5,5,5,10,5,255,255,5,5,5,5,5,5,255,5,10,255,5,5,255,255,255,255,255,255,255,255,255
1781192155.264193,520,112903751,2515,2437,2406,2392,2396,2434,2401,2419,1477,2398,2377,2391,2372,2378,2383,2338,1568,2336,2415,2383,2377,2370,2382,2307,1420,2358,2425,2383,2387,2370,2360,2287,1541,2394,2380,2407,2390,2382,2346,2311,1473,1251,2354,2393,2367,2334,2290,2226,1467,1641,2376,2372,2333,2359,2290,1836,1465,692,2420,1903,1844,2314,2335,2226,10,5,5,5,5,5,5,5,255,5,5,5,5,5,5,5,255,5,5,5,5,5,5,5,5,10,5,5,5,5,5,255,10,5,5,5,5,5,5,255,5,255,10,5,5,255,5,5,5,255,255,5,10,255,5,255,255,255,255,255,10,255,255,255
1781192155.365595,521,113003728,2500,2448,2394,2393,2401,2416,2397,2432,1477,2398,2399,2408,2398,2365,2403,1979,1412,2383,2412,2407,2379,2380,2357,2298,1470,2358,2419,2406,2388,2377,2379,2235,1541,2298,2425,2410,2386,2361,2370,2311,1484,2185,2354,2388,2344,2383,2310,2247,1467,1641,2376,2412,2416,2359,2297,1836,1465,692,2420,1903,2200,2314,2335,2226,5,5,5,5,5,5,5,5,255,5,5,5,5,5,5,5,10,5,5,5,5,5,5,5,5,255,5,5,5,5,5,10,255,5,5,5,5,5,5,255,5,10,255,5,5,10,5,4,255,255,255,5,5,255,5,255,255,255,255,255,4,255,255,255
1781192155.460969,522,113103727,2500,2456,2426,2397,2393,2380,2424,2411,1381,2426,2428,2388,2377,2374,2387,1971,1492,2377,2397,2380,2379,2368,2377,2306,1494,2358,2401,2393,2396,2374,2363,2235,1780,2315,2373,2373,2374,2350,2323,2311,1470,2185,2368,2388,2339,2381,2255,2224,1413,1641,2376,2389,2392,2359,2296,1836,1465,692,2420,1903,2209,2379,2335,2226,255,5,5,5,5,5,5,5,10,5,5,5,5,5,5,5,5,5,5,5,5,5,5,5,5,255,5,5,5,5,5,255,10,5,5,5,5,5,5,255,5,255,10,255,5,5,5,5,10,255,255,5,5,255,5,255,255,255,255,255,5,10,255,255
1781192155.564948,523,113203830,2500,2446,2396,2408,2374,2390,2423,2417,1381,2397,2376,2384,2383,2380,2360,1974,1456,2376,2388,2395,2399,2371,2369,2353,1462,2383,2403,2397,2388,2376,2380,2371,1780,2345,2401,2388,2379,2351,2321,2311,1467,2185,2368,2390,2401,2297,2255,2290,1359,1641,2376,2347,2392,2349,2325,1836,1465,692,2420,1903,2318,2379,2357,2136,255,5,5,5,5,5,5,5,255,5,5,5,5,5,5,5,5,5,5,5,5,5,5,5,5,10,5,5,5,5,5,10,255,5,5,5,5,5,5,255,5,255,255,10,5,5,255,5,5,255,255,5,255,10,5,255,255,255,255,255,5,255,10,10
1781192155.667707,524,113305951,2500,2458,2406,2414,2387,2359,2387,2400,1381,2405,2427,2383,2396,2384,2353,1979,1456,2376,2406,2400,2375,2390,2359,2308,1488,2359,2383,2375,2392,2380,2371,2371,1502,2336,2361,2420,2379,2331,2351,2311,1522,2185,2368,2388,2377,2333,2318,2290,1359,1641,2376,2383,2392,2349,2286,1836,1465,692,2420,1903,2366,2310,2294,2136,255,5,5,5,5,5,5,5,255,5,5,5,5,5,5,5,255,5,5,5,5,5,5,5,5,5,5,5,5,5,5,255,10,5,5,5,5,5,5,255,5,255,255,5,5,5,10,255,255,255,255,5,255,255,5,255,255,255,255,255,5,10,5,255
1781192155.766449,525,113403735,2500,2463,2430,2418,2389,2406,2387,2408,1448,2411,2386,2380,2387,2383,2349,2002,1515,2410,2411,2384,2392,2378,2372,2349,1510,2359,2421,2394,2364,2377,2349,2347,1574,2379,2376,2388,2382,2373,2321,2311,1488,2185,2329,2388,2354,2333,2316,1765,1370,1641,2376,2387,2321,2366,2317,1836,1413,692,2420,1903,2291,2349,2294,2136,255,5,5,5,5,5,5,5,10,5,5,5,5,5,5,5,10,5,5,5,5,5,5,5,5,255,5,5,5,5,5,10,5,5,5,5,5,5,5,255,5,255,10,255,5,255,5,10,10,255,255,5,10,10,5,255,10,255,255,255,5,5,255,255
1781192155.855193,526,113493822,2500,2432,2443,2374,2384,2387,2403,2430,1448,2392,2378,2392,2393,2372,2380,1968,1563,2368,2398,2380,2387,2385,2376,2298,1490,2333,2425,2378,2388,2389,2371,2347,1442,2340,2390,2374,2365,2354,2316,2311,1466,2185,2376,2400,2371,2346,2277,2225,1493,1641,2376,2361,2380,2366,2301,1836,1373,692,2354,1903,2305,2334,2294,2136,255,5,5,5,5,5,5,5,255,5,5,5,5,5,5,5,5,5,5,5,5,5,5,5,5,10,5,5,5,5,5,255,5,5,5,5,5,5,5,255,5,255,5,10,5,10,5,4,5,255,255,5,5,255,5,255,5,255,10,255,5,5,255,255
1781192155.952712,527,113593728,2500,2435,2404,2408,2437,2407,2373,2410,1390,2461,2416,2384,2368,2355,2333,2006,1563,2395,2403,2390,2396,2366,2346,2356,1438,2333,2388,2388,2378,2398,2367,2347,1442,2340,2387,2404,2385,2351,2353,2325,1510,2185,2332,2323,2347,2346,2323,2225,1423,1641,2376,2402,2380,2333,2376,1836,1373,692,2354,2294,2353,2283,2294,2136,255,5,5,5,5,5,5,5,10,5,5,5,5,5,5,5,255,5,5,5,5,5,5,5,5,255,5,5,5,5,5,255,255,255,5,5,5,5,5,10,5,255,5,5,5,255,5,255,5,255,255,5,255,10,5,255,255,255,255,10,5,5,255,255
1781192156.056060,528,113693727,2500,2443,2409,2386,2374,2354,2388,2402,1390,2409,2401,2385,2372,2381,2365,2200,1563,2359,2398,2379,2387,2373,2372,2336,1500,2406,2415,2372,2387,2374,2369,2347,1460,2368,2401,2422,2375,2391,2343,2325,1537,2185,2332,2323,2370,2337,2330,2248,1456,1641,2376,2402,2380,2327,2385,1836,1424,692,2354,2378,2341,2317,2246,2136,255,5,5,5,5,5,5,5,255,5,5,5,5,5,5,5,255,5,5,5,5,5,5,5,5,10,5,5,5,5,5,255,10,10,5,5,5,5,5,255,5,255,255,255,5,10,5,10,9,255,255,255,255,5,5,255,10,255,255,5,5,5,10,255
1781192156.156749,529,113793811,2500,2419,2431,2426,2404,2401,2384,2409,1442,2415,2409,2386,2371,2374,2395,1973,1522,2391,2418,2398,2383,2378,2362,2339,1422,2406,2422,2377,2374,2359,2375,2347,1460,2358,2396,2371,2379,2363,2373,2325,1465,2185,2332,2366,2373,2322,2285,2238,1423,1641,2376,2347,2380,2327,2293,1836,1424,692,2392,2378,2341,2340,2246,2049,255,5,5,5,5,5,5,5,10,5,5,5,5,5,5,5,10,5,5,5,5,5,5,5,5,5,5,5,5,5,5,255,255,5,5,5,5,5,5,255,5,255,255,10,5,5,5,5,5,255,255,10,255,255,5,255,255,255,10,255,255,5,255,10
1781192156.254954,530,113894143,2500,2424,2392,2404,2373,2379,2417,2426,1400,2413,2416,2401,2382,2362,2369,1981,1478,2346,2409,2409,2368,2383,2367,2343,1493,2370,2424,2405,2392,2362,2369,2347,1460,2372,2378,2397,2389,2352,2358,2325,1445,2185,2383,2362,2379,2339,2304,2304,1418,1641,2376,2384,2380,2327,2306,1836,1424,692,2392,2378,2307,2369,2311,2049,255,5,5,5,5,5,5,5,5,5,5,5,5,5,5,5,5,5,5,5,5,5,5,5,5,5,5,5,5,5,5,255,255,5,5,5,5,5,5,255,5,255,10,5,5,5,5,5,5,255,255,5,255,255,5,255,255,255,255,255,10,5,10,255
1781192156.355637,531,113993728,2500,2423,2431,2397,2386,2398,2410,2414,1400,2413,2412,2382,2377,2368,2373,2011,1478,2365,2418,2397,2398,2391,2376,2343,1466,2370,2406,2395,2390,2384,2366,2347,1460,2353,2370,2392,2369,2360,2357,2325,1457,2185,2383,2362,2366,2339,2310,2304,1418,1641,2376,2347,2380,2327,2317,1836,1424,692,2392,2378,2324,2379,2311,2230,255,5,5,5,5,5,5,5,255,5,5,5,5,5,5,5,255,5,5,5,5,5,5,5,5,255,5,5,5,5,5,255,255,5,5,5,5,5,5,255,9,255,255,255,5,255,5,255,255,255,255,5,255,255,5,255,255,255,255,255,5,5,255,10
1781192156.454724,532,114093811,2500,2437,2422,2423,2385,2423,2403,2422,1400,2393,2423,2389,2384,2374,2422,1995,1478,2380,2424,2385,2383,2388,2379,2314,1528,2370,2396,2397,2383,2400,2358,2347,1460,2357,2341,2364,2354,2385,2325,2325,1517,2185,2315,2403,2390,2298,2305,2304,1399,1641,2376,2365,2343,2404,2287,1836,1402,692,2393,2378,2377,2280,2311,2230,255,5,5,5,5,5,5,5,255,5,5,5,5,5,5,5,255,5,5,5,5,5,5,5,9,255,5,5,5,5,5,255,255,5,5,5,5,5,5,255,5,255,10,10,5,10,5,255,10,255,255,5,10,10,5,255,10,255,10,255,5,5,255,255
1781192156.554482,533,114193728,2500,2438,2402,2409,2411,2396,2387,2413,1400,2436,2415,2380,2399,2376,2433,1985,1478,2383,2410,2380,2396,2383,2394,2270,1468,2370,2423,2391,2370,2372,2349,2347,1460,2328,2391,2370,2369,2374,2332,2325,1533,2185,2315,2403,2350,2340,2286,2277,1419,1641,2376,2357,2343,2404,2286,1836,1402,692,2393,2378,2328,2333,2311,2230,255,5,5,5,5,5,5,5,255,5,5,5,5,5,5,5,255,5,5,5,5,5,5,5,5,255,5,5,5,5,5,255,255,5,5,5,5,5,5,255,5,255,255,255,5,5,5,10,5,255,255,5,255,255,5,255,255,255,255,255,5,5,255,255
1781192156.656714,534,114293727,2500,2425,2424,2419,2402,2396,2371,2434,1400,2437,2395,2379,2389,2370,2354,2367,1478,2421,2406,2396,2378,2377,2375,2318,1483,2440,2374,2392,2377,2366,2376,2347,1552,2374,2384,2395,2393,2352,2337,2325,1478,2185,2315,2395,2399,2340,2313,2325,1419,1641,2376,2351,2343,2340,2317,1836,1361,692,2393,2343,2327,2372,2279,2230,255,5,5,5,5,5,5,5,255,5,5,5,5,5,5,5,255,5,5,5,5,5,5,5,5,10,5,5,5,5,5,255,10,5,5,5,5,5,5,255,5,255,255,10,5,255,5,5,255,255,255,5,255,10,5,255,10,255,255,10,5,5,10,255
1781192156.761332,535,114398362,2500,2436,2403,2410,2398,2385,2399,2386,1356,2369,2410,2375,2389,2382,2353,1963,1478,2384,2403,2412,2364,2379,2371,2378,1460,2440,2395,2419,2390,2374,2369,2347,1471,2379,2411,2373,2369,2350,2325,2325,1530,2185,2389,2395,2389,2340,2332,2325,1419,1641,2376,2388,2357,2344,2311,1836,1361,692,2393,2343,2373,2328,2279,2220,255,5,5,5,5,5,5,5,10,5,5,5,5,5,5,5,255,5,5,5,5,5,5,5,5,255,5,5,5,5,5,255,5,5,5,5,5,5,5,255,5,255,10,255,5,255,5,255,255,255,255,5,10,5,5,255,255,255,255,255,5,5,255,10
1781192156.853931,536,114493851,2500,2450,2446,2397,2397,2344,2405,2405,1356,2381,2423,2415,2382,2381,2346,1990,1476,2447,2404,2395,2393,2379,2369,2329,1476,2380,2418,2389,2393,2385,2364,2347,1471,2372,2416,2373,2386,2367,2349,2325,1483,2185,2364,2395,2358,2340,2278,2248,1419,1641,2376,2318,2357,2344,2324,1836,1425,692,2393,2343,2324,2371,2279,2220,255,5,5,5,5,5,5,5,255,5,5,5,5,5,5,5,10,5,5,5,5,5,5,5,5,10,5,5,5,5,5,255,255,5,5,5,5,5,5,255,5,255,5,10,5,255,5,10,255,255,255,5,255,255,5,255,10,255,255,255,5,5,255,255
1781192156.955703,537,114593728,2500,2422,2422,2400,2392,2392,2405,2408,1356,2417,2393,2388,2395,2396,2387,1993,1476,2401,2421,2406,2384,2385,2375,2333,1489,2380,2407,2397,2395,2366,2356,2347,1471,2372,2407,2369,2354,2332,2361,2325,1495,2185,2407,2398,2376,2361,2278,2263,1425,1641,2376,2318,2345,2354,2324,1836,1373,692,2393,2386,2401,2370,2279,2220,255,5,5,5,5,5,5,5,255,5,5,5,5,5,5,5,255,5,5,5,5,5,5,5,5,255,5,5,5,5,5,255,255,255,5,5,5,5,5,255,5,255,5,5,5,10,255,5,10,255,255,255,10,10,255,255,5,255,255,10,5,5,255,255
1781192157.056454,538,114694600,2487,2440,2406,2404,2393,2368,2401,2438,1356,2396,2412,2392,2380,2374,2348,2366,1476,2400,2419,2410,2390,2383,2377,2341,1492,2380,2413,2394,2387,2381,2356,2347,1512,2311,2413,2391,2373,2373,2334,2325,1434,2185,2407,2339,2389,2306,2338,2283,1450,1641,2376,2318,2361,2331,2285,1836,1373,692,2341,2386,2347,2349,2279,2220,10,5,5,5,5,5,5,5,255,5,5,5,5,5,5,5,255,5,5,5,5,5,5,5,5,255,5,5,5,5,5,255,10,10,5,5,5,5,5,255,5,255,255,5,5,5,10,5,9,255,255,255,5,5,10,255,255,255,10,255,5,5,255,255
1781192157.155028,539,114793728,2482,2456,2427,2333,2410,2420,2458,2430,1447,2428,2400,2411,2359,2385,2383,1989,1476,2397,2414,2431,2397,2359,2364,2338,1531,2387,2412,2420,2387,2382,2356,2347,1512,2310,2390,2373,2371,2335,2324,2325,1466,2185,2426,2349,2358,2312,2290,2283,1450,1641,2376,2395,2361,2331,2329,1836,1394,692,2341,2386,2358,2358,2279,2220,5,5,5,5,5,5,5,5,10,5,5,5,5,5,5,5,255,5,5,5,5,5,5,5,5,10,5,5,5,5,5,255,255,5,5,5,5,5,5,255,5,255,10,5,5,5,5,255,255,255,255,10,255,255,5,255,10,255,255,255,5,5,255,255
1781192157.254948,540,114894146,2493,2457,2402,2407,2382,2363,2400,2409,1447,2416,2415,2380,2384,2393,2356,1997,1553,2390,2407,2407,2382,2372,2374,2350,1490,2397,2386,2391,2386,2382,2394,2347,1512,2356,2356,2366,2388,2380,2325,2325,1497,2185,2396,2358,2387,2322,2336,2285,1321,1641,2376,2381,2324,2352,2367,1836,1394,692,2341,2386,2335,2337,2342,2122,5,5,5,5,5,5,5,5,255,5,5,5,5,5,5,5,10,5,5,5,5,5,5,5,5,5,5,5,5,5,5,255,255,255,5,5,5,5,5,255,5,255,5,5,5,5,5,10,10,255,255,5,10,10,5,255,255,255,255,10,5,5,10,10
1781192157.348567,541,114987269,2493,2451,2404,2406,2389,2414,2383,2412,1447,2412,2414,2383,2402,2376,2378,2001,1553,2393,2404,2432,2383,2392,2373,2340,1510,2391,2383,2384,2373,2399,2364,2347,1512,2384,2386,2390,2367,2370,2300,2325,1509,2357,2375,2380,2374,2310,2272,2268,1396,1641,2407,2366,2324,2336,2323,1836,1405,692,2341,2386,2378,2312,2252,2122,255,5,5,5,5,5,5,5,255,5,5,5,5,5,5,5,255,5,5,5,5,5,5,5,5,5,5,5,5,5,5,255,255,5,5,5,5,5,5,255,5,10,5,5,5,5,5,5,5,255,10,5,255,5,5,255,10,255,255,255,5,5,5,255
1781192157.445780,542,115083727,2493,2426,2437,2404,2390,2411,2385,2392,1447,2422,2397,2381,2379,2371,2392,2021,1364,2390,2408,2386,2380,2395,2365,2320,1509,2380,2405,2383,2376,2376,2363,2347,1406,2357,2402,2388,2377,2378,2349,2325,1483,2357,2347,2362,2366,2350,2293,2268,1442,1641,2407,2366,2324,2336,2344,1726,1396,692,2305,2386,2367,2343,2364,2122,255,5,5,5,5,5,5,5,255,5,5,5,5,5,5,5,10,5,5,5,5,5,5,5,5,5,5,5,5,5,5,255,10,5,5,5,5,5,5,255,5,255,5,5,5,5,5,255,5,255,255,255,255,255,5,10,5,255,10,255,5,5,5,255
1781192157.545571,543,115183728,2493,2468,2420,2399,2386,2348,2378,2386,1490,2416,2394,2409,2418,2401,2377,1953,1364,2376,2405,2392,2405,2383,2376,2332,1551,2425,2408,2388,2391,2373,2359,2347,1406,2356,2442,2398,2368,2362,2333,2325,1530,2357,2346,2397,2348,2339,2312,2268,1435,1641,2407,2361,2324,2336,2382,1726,1396,692,2305,2386,2276,2386,2364,2122,255,5,5,5,5,5,5,5,10,5,5,5,5,5,5,5,255,5,5,5,5,5,5,5,5,5,5,5,5,5,5,255,255,255,5,5,5,5,5,255,5,255,5,5,5,5,5,255,5,255,255,10,255,255,5,255,255,255,255,255,5,5,255,255
1781192157.647095,544,115285878,2493,2446,2438,2377,2394,2383,2403,2410,1482,2408,2405,2395,2407,2391,2380,1984,1532,2369,2399,2383,2379,2366,2366,2342,1540,2351,2415,2401,2384,2390,2370,2347,1451,2368,2373,2398,2363,2350,2348,2325,1495,2357,2365,2397,2350,2323,2336,2297,1435,1641,2407,2347,2324,2370,2336,1726,1326,692,2305,2319,2296,2359,2364,2122,255,5,5,5,5,5,5,5,5,5,5,5,5,5,5,5,10,5,5,5,5,5,5,5,5,5,5,5,5,5,5,255,10,5,5,5,5,5,5,255,5,255,5,255,5,5,5,10,255,255,255,5,255,10,5,255,10,255,255,10,5,5,255,255
1781192157.746857,545,115383771,2473,2429,2415,2398,2378,2381,2361,2401,1482,2408,2414,2378,2399,2393,2388,2023,1532,2381,2399,2368,2373,2375,2375,2370,1501,2374,2392,2410,2381,2369,2367,2370,1451,2354,2354,2368,2361,2386,2374,2325,1527,2357,2337,2397,2392,2328,2322,2297,1435,1641,2407,2362,2337,2368,2281,1726,1326,692,2305,2386,2372,2349,2364,2122,10,5,5,5,5,5,5,5,255,5,5,5,5,5,5,5,255,5,5,5,5,5,5,5,5,5,5,5,5,5,5,10,255,5,5,5,5,5,5,255,5,255,5,255,5,5,5,255,255,255,255,5,10,5,5,255,255,255,255,5,5,5,255,255
1781192157.846112,546,115483759,2473,2451,2429,2414,2394,2403,2376,2417,1485,2401,2406,2409,2405,2372,2396,1963,1434,2398,2392,2415,2384,2377,2375,2337,1489,2385,2415,2390,2384,2371,2365,2370,1492,2346,2409,2394,2352,2345,2331,2325,1465,2357,2316,2391,2346,2328,2324,2297,1463,1641,2407,2355,2342,2377,2289,1726,1328,692,2305,2386,2337,2329,2305,2122,255,5,5,5,5,5,5,5,10,5,5,5,5,5,5,5,10,5,5,5,5,5,5,5,5,5,5,5,5,5,5,255,10,5,5,5,5,5,5,255,5,255,5,10,5,255,5,255,10,255,255,5,5,5,5,255,10,255,255,255,5,5,10,255
1781192157.948662,547,115587228,2430,2449,2444,2414,2388,2385,2398,2432,1430,2432,2406,2385,2433,2387,2383,2327,1434,2407,2400,2375,2386,2405,2369,2349,1564,2380,2403,2399,2376,2367,2366,2370,1478,2344,2418,2403,2382,2346,2356,2325,1488,2357,2316,2391,2346,2323,2333,2253,1448,1641,2407,2395,2342,2368,2336,1726,1345,692,2333,2381,2311,2317,2305,2122,10,5,5,5,5,5,5,5,5,5,5,5,5,5,5,5,255,5,5,5,5,5,5,5,5,5,5,5,5,5,5,255,5,5,5,5,5,5,5,255,5,255,255,255,255,10,5,10,5,255,255,5,255,5,5,255,5,255,10,10,5,5,255,255
1781192158.040652,548,115683727,2532,2437,2416,2409,2404,2404,2414,2427,1430,2423,2413,2392,2412,2386,2371,1971,1434,2416,2394,2398,2391,2373,2358,2339,1466,2407,2396,2396,2398,2365,2374,2370,1478,2340,2399,2376,2389,2339,2343,2325,1484,2357,2436,2410,2378,2323,2319,2285,1524,1641,2412,2412,2359,2348,2307,1726,1345,692,2333,2381,2377,2338,2305,2122,5,5,5,5,5,5,5,5,255,5,5,5,5,5,5,5,255,5,5,5,5,5,5,5,5,5,5,5,5,5,5,255,255,5,5,5,5,5,5,255,5,255,10,10,10,255,5,5,5,255,10,5,10,5,5,255,255,255,255,255,5,5,10,255
1781192164.856963,549,122495770,2460,2436,2425,2406,2401,2392,2416,2424,1422,2392,2423,2385,2395,2376,2392,2037,1525,2400,2399,2387,2400,2376,2351,2327,1451,2367,2390,2399,2398,2374,2366,2381,1522,2333,2383,2369,2393,2337,2325,2337,1471,2357,1314,1281,1210,982,2299,2247,798,1306,1310,1047,942,938,2297,1863,730,668,1102,681,893,873,2283,2071,255,6,6,6,6,6,6,6,6,6,6,6,6,6,6,6,6,6,6,6,6,6,6,6,6,6,6,6,6,6,6,255,6,6,6,6,6,6,6,255,6,255,6,6,6,6,6,6,255,6,6,6,6,6,6,255,255,255,6,6,6,6,6,255
1781192164.956678,550,122594962,2481,2451,2420,2413,2407,2382,2416,2426,1422,2399,2423,2388,2363,2369,2407,1979,1492,2395,2393,2387,2374,2390,2362,2332,1519,2367,2425,2390,2379,2386,2354,2381,1522,2279,2420,2416,1388,2337,2329,2337,1491,2357,1277,1206,999,929,2316,2249,828,1003,1347,872,880,893,2348,1863,730,668,641,618,839,873,2283,2071,10,5,5,5,5,5,5,5,255,5,5,5,5,5,5,5,5,5,5,5,5,5,5,5,5,255,5,5,5,5,5,255,255,5,5,5,5,255,5,255,5,255,5,5,4,5,5,5,255,255,5,5,5,5,5,255,255,255,4,5,5,255,255,255
1781192165.055310,551,122694301,2454,2457,2429,2402,2385,2394,2386,2455,1422,2401,2398,2386,2362,2405,2372,1965,1492,2375,2412,2393,2397,2378,2372,2352,1522,2367,2424,2396,2380,2375,2339,2302,1529,2371,2420,1293,941,968,2336,2337,1412,2357,714,878,914,897,2338,2261,828,1003,625,740,842,902,2354,1863,730,668,614,605,673,873,2283,2071,5,5,5,5,5,5,5,5,255,5,5,5,5,5,5,5,255,5,5,5,5,5,5,5,5,255,5,5,5,5,5,10,10,5,255,5,4,10,5,255,5,255,4,5,5,5,5,5,255,255,5,9,5,5,5,255,255,255,5,5,5,255,255,255
1781192165.155225,552,122793727,2552,2439,2446,2420,2383,2416,2387,2387,1422,2421,2422,2395,2386,2382,2359,1951,1492,2402,2406,2404,2406,2381,2379,2340,1479,2378,2414,2406,2385,943,2373,2306,1529,2386,2420,1339,903,918,2324,2337,1465,2357,678,689,874,856,2335,2278,828,1003,596,613,671,2358,2249,1863,730,668,597,597,603,2310,2283,2071,5,5,5,5,5,5,5,5,255,5,5,5,5,5,5,5,255,5,5,5,5,5,5,5,5,10,5,5,5,5,5,5,255,5,255,5,5,5,5,255,5,255,5,5,5,5,5,5,255,255,5,5,5,4,5,255,255,255,5,5,5,10,255,255
1781192165.252754,553,122894111,2552,2438,2406,2410,2412,2423,2389,2434,1422,2434,2384,2396,2366,2374,2370,2361,1492,2371,2409,2420,2389,2381,2397,2321,1483,2385,2386,885,920,907,2346,2306,1533,701,627,1444,852,900,2309,2337,1453,589,610,601,818,2345,2309,2258,847,1003,593,592,600,2358,2303,1863,730,668,575,2340,608,2324,2202,2071,255,5,5,5,5,5,5,5,255,5,5,5,5,5,5,5,255,5,5,5,5,5,5,5,5,5,5,5,5,5,5,255,10,4,10,5,5,5,5,255,5,255,5,5,9,4,5,5,10,255,5,5,5,255,5,255,255,255,255,4,5,5,10,255
1781192165.356007,554,122993870,2552,2425,2402,2392,2398,2411,2369,2457,1447,2408,2409,2404,2408,2350,2371,1946,1492,2407,2396,2390,915,2383,2371,2335,1478,2377,2412,621,904,910,2365,2306,1494,606,598,603,617,892,2324,2337,1462,589,610,614,615,2345,2318,2295,744,1003,593,774,903,2358,2310,1863,730,668,575,2340,608,2360,2202,2071,255,5,5,5,5,5,5,5,10,5,5,5,5,5,5,5,255,5,5,5,5,5,5,5,5,5,5,4,5,5,5,255,5,255,5,4,4,5,5,255,5,255,5,5,4,255,5,5,5,255,255,9,4,255,5,255,255,255,255,255,255,5,255,255
1781192165.454855,555,123093727,2443,2447,2405,2390,2403,2371,2396,2430,1452,2432,2397,2412,2338,2377,2378,2341,1492,2404,2429,844,898,2390,2360,2311,1434,2377,618,594,794,2393,2373,2306,1494,1969,590,592,612,628,2315,2337,1479,589,591,724,687,876,2329,2295,686,1003,1275,868,908,938,2322,1863,662,668,575,2377,2402,2354,2202,2071,10,5,5,5,5,5,5,5,5,5,5,5,5,5,5,5,255,5,5,5,5,5,5,5,5,255,5,5,5,5,5,255,255,4,5,5,5,4,5,255,9,255,5,5,5,10,5,255,5,255,10,5,5,10,5,255,10,255,255,10,10,5,255,255
1781192165.554595,556,123193728,2443,2439,2429,2407,2395,2358,2391,2400,1452,2432,2413,2386,2405,2388,2362,2383,1480,2405,593,616,2481,2367,2393,2357,1480,2377,585,591,604,636,2365,2306,1494,560,598,599,756,842,2362,2337,1448,589,580,803,863,880,2351,2295,1428,1003,1275,1267,889,949,2322,1863,576,622,575,2377,2406,2397,2202,2071,255,5,5,5,5,5,5,5,255,5,5,5,5,5,5,5,10,5,5,4,5,5,5,5,5,255,5,5,5,5,5,255,255,255,5,5,9,4,5,255,5,255,255,9,5,5,5,255,4,255,255,5,5,255,255,255,5,10,255,255,5,5,255,255
1781192165.647193,557,123285243,2488,2434,2421,2430,2411,2370,2403,2429,1402,2430,2422,2444,2387,2387,2344,1989,1480,2399,596,599,610,2389,2373,2326,1477,2377,595,589,601,692,2376,2306,1494,560,613,615,807,845,2338,2337,1468,589,2421,851,869,877,2313,2295,1469,1003,1275,1261,889,949,2340,2173,1444,622,575,2402,2412,2317,2202,2071,10,5,5,5,5,5,5,5,10,5,5,5,5,5,5,5,255,5,5,5,5,5,5,5,5,255,5,5,5,5,5,255,255,255,5,5,5,5,5,255,5,255,4,255,5,5,5,255,5,255,255,5,255,255,10,10,4,255,255,10,5,5,255,255
1781192165.740572,558,123383763,2504,2440,2446,2418,2395,2395,2386,2413,1402,2416,2420,2408,2421,2381,2413,1993,1480,2464,618,595,606,2398,2366,2345,1494,2377,582,596,604,773,2365,2306,1494,2376,612,614,804,858,2332,2337,1500,589,2421,851,868,899,2329,2295,1469,1003,1275,1291,2304,949,2326,2173,1436,622,792,870,2425,2347,2202,2152,5,5,5,5,5,5,5,5,255,5,5,5,5,5,5,5,255,5,5,5,5,5,5,5,5,255,5,5,5,9,5,255,255,255,5,5,9,5,5,255,5,255,255,255,5,5,5,255,255,255,255,5,10,255,5,255,5,255,10,5,5,5,255,10
1781192165.848006,559,123485975,2504,2449,2434,2406,2411,2382,2392,2397,1420,2395,2430,2417,2406,2387,2390,2326,1480,2364,615,596,605,2388,2353,2324,1497,2426,590,591,609,701,2376,2306,1495,2376,607,605,790,860,2368,2337,1481,589,2421,851,866,887,2305,2295,1395,2375,2378,1291,2304,949,2340,2173,1436,622,792,1067,2425,2347,2202,2152,255,5,5,5,5,5,5,5,10,5,5,5,5,5,5,5,255,5,5,5,5,5,5,5,5,10,5,5,5,5,5,255,10,255,5,5,9,5,5,255,5,255,255,255,5,5,5,255,10,10,10,255,255,255,5,255,255,255,255,5,255,255,255,255
1781192165.947952,560,123586618,2448,2446,2400,2432,2374,2376,2393,2427,1427,2441,2449,2430,2436,2398,2389,1976,1539,2357,585,597,602,2424,2375,2361,1496,2426,589,593,602,672,2372,2306,1387,2397,607,604,727,877,2368,2337,1476,589,2417,851,869,868,2305,2272,1364,2375,2378,1291,2304,1241,2346,2255,1360,622,792,1067,2369,2347,2341,2152,10,5,5,5,5,5,5,5,5,5,5,5,5,5,5,5,10,5,5,5,5,5,5,5,9,255,5,5,5,5,5,255,5,10,5,5,9,5,5,255,5,255,10,255,5,5,255,10,5,255,255,255,255,10,5,10,10,255,255,255,10,255,10,255
1781192166.045513,561,123683727,2448,2452,2424,2408,2406,2400,2378,2413,1427,2420,2437,2405,2376,2372,2373,2343,1513,2360,2424,596,596,2377,2369,2290,1458,2426,594,594,603,619,2373,2306,1516,2321,600,595,629,864,889,2337,1483,589,2406,619,820,875,964,2289,1422,2375,2378,2435,2304,1242,2346,2255,1424,622,792,1656,1161,2304,2341,2152,255,5,5,5,5,5,5,5,255,5,5,5,5,5,5,5,5,5,5,5,5,5,5,5,5,255,5,5,5,9,5,255,5,5,5,5,5,5,5,255,5,255,5,10,5,5,10,5,5,255,255,10,255,5,255,255,5,255,255,10,255,10,255,255
1781192166.146258,562,123783728,2448,2447,2406,2397,2414,2399,2416,2405,1427,2420,2392,2407,2366,2381,2384,1974,1513,2398,2422,673,618,2377,2378,2308,1535,2374,599,598,602,609,2376,2338,1451,2437,605,597,598,822,880,2337,1455,589,2406,614,757,871,990,2289,1458,2375,2378,2435,2304,1314,2311,2255,1425,622,792,1656,1284,2304,2341,2152,255,5,5,5,5,5,5,5,255,5,5,5,5,5,5,5,255,5,5,5,5,5,5,9,5,10,5,5,5,5,5,10,9,255,5,5,5,9,5,255,5,255,255,5,9,5,5,255,5,255,255,255,255,5,10,255,5,255,255,255,5,255,255,255
1781192166.246597,563,123885986,2448,2458,2433,2414,2411,2379,2394,2434,1427,2422,2421,2384,2386,2389,2374,1974,1462,2416,2426,905,2411,2360,2360,2332,1479,2374,756,798,606,2374,2357,2338,1451,2379,665,601,595,664,2355,2337,1498,589,558,597,612,844,884,2282,1448,2375,2378,2348,621,1039,2375,2255,1348,622,792,1765,1345,1283,2341,2152,255,5,5,5,5,5,5,5,255,5,5,5,5,5,5,5,10,5,5,5,5,5,5,5,5,255,9,9,5,5,5,255,255,5,5,5,5,5,5,255,5,255,255,5,5,5,5,10,5,255,255,10,255,4,5,255,5,255,255,10,9,10,255,255
1781192166.345710,564,123983727,2512,2456,2447,2400,2398,2404,2387,2420,1427,2408,2391,2408,2388,2366,2376,1984,1542,2376,2410,911,2403,2364,2361,2281,1494,2423,918,903,641,2363,2374,2338,1451,2379,811,602,601,597,2334,2337,1460,589,633,605,584,608,877,2282,1518,2375,2378,627,595,1089,2353,2255,1391,2121,792,1765,1336,1276,2318,2152,10,5,5,5,5,5,5,5,255,5,5,5,5,5,5,5,5,5,5,5,5,5,5,9,5,10,5,5,5,5,5,255,255,5,255,5,5,5,5,255,5,255,5,5,5,4,5,255,5,255,255,5,5,5,5,255,5,10,255,255,5,5,10,255
1781192166.446073,565,124083727,2512,2469,2413,2404,2396,2384,2389,2458,1429,2424,2412,2396,2380,2378,2392,2002,1542,2424,2393,914,2396,2358,2381,2294,1538,2395,958,907,886,2399,2376,2338,1419,2325,928,743,703,617,2351,2337,1482,589,633,625,592,607,911,2218,1474,2375,2378,592,592,960,2324,2255,1391,2121,792,631,1735,1260,2280,2152,255,5,5,5,5,5,5,5,10,5,5,5,5,5,5,5,255,5,5,5,5,5,5,5,5,5,5,5,5,5,5,255,10,5,5,5,5,5,5,255,5,255,255,5,5,5,5,10,5,255,255,5,5,5,5,255,5,255,255,255,5,5,5,255
1781192166.545072,566,124186267,2512,2445,2412,2415,2405,2408,2396,2411,1429,2439,2427,2378,2373,2393,2342,1975,1474,2388,2410,2406,2400,2394,2376,2318,1467,2435,883,913,895,2364,2371,2338,1419,2329,911,895,850,815,2339,2337,1453,589,2403,729,609,602,2315,2218,1474,2375,2378,608,596,599,2273,2255,1391,2121,792,616,598,1234,2280,2152,255,5,5,5,5,5,5,5,255,5,5,5,5,5,5,5,10,5,5,5,5,5,5,5,5,5,5,5,5,5,5,255,255,9,5,5,5,5,5,255,9,255,10,9,5,5,5,255,255,255,255,5,5,5,5,255,255,255,255,5,4,5,255,255
1781192166.642454,567,124283727,2459,2462,2449,2419,2402,2403,2387,2440,1429,2413,2413,2398,2378,2376,2369,1975,1474,2403,2410,2396,2386,2382,2361,2309,1537,2435,2422,919,905,2381,2375,2338,1419,2379,2388,895,870,874,2315,2337,1470,589,2392,851,690,779,2316,2255,1440,2375,2378,635,605,602,2319,2255,1391,2121,2306,623,597,606,2272,2152,10,5,5,5,5,5,5,5,255,5,5,5,5,5,5,5,255,5,5,5,5,5,5,5,5,255,5,5,5,5,5,255,255,5,5,5,5,5,5,255,5,255,5,5,5,5,5,10,10,255,255,5,5,5,5,255,255,255,10,5,5,5,10,255
1781192166.746230,568,124383763,2459,2458,2417,2411,2390,2368,2415,2441,1429,2393,2384,2397,2348,2392,2401,1948,1474,2381,2397,2384,2387,2374,2370,2328,1498,2419,2414,941,932,2387,2362,2338,1468,2371,2433,891,885,888,2337,2337,1469,589,2359,882,829,846,2316,2255,1440,2375,2378,621,613,599,647,2255,1401,2121,2306,623,595,604,2272,2152,255,5,5,5,5,5,5,5,255,5,5,5,5,5,5,5,255,5,5,5,5,5,5,5,9,10,5,5,5,5,5,255,10,5,5,5,5,5,5,255,5,255,5,5,5,5,255,255,255,255,255,5,5,5,255,255,10,255,255,5,5,5,255,255
1781192166.846544,569,124485888,2459,2464,2414,2426,2404,2384,2385,2443,1432,2413,2427,2403,2408,2364,2379,1992,1474,2385,2417,2395,2387,2368,2384,2345,1498,2315,2413,972,2400,2390,2376,2338,1518,2365,909,907,897,888,2349,2337,1483,589,2440,878,856,868,2281,2219,1440,2375,2378,709,654,660,2320,2255,1436,2121,2306,627,599,612,2272,2152,255,5,5,5,5,5,9,5,10,5,5,5,5,5,5,5,255,5,5,5,5,5,5,5,5,5,5,5,5,5,5,255,5,5,255,5,5,5,5,255,5,255,5,5,5,5,10,10,255,255,255,9,5,5,4,255,5,255,255,5,5,5,255,255
1781192166.945435,570,124583755,2545,2450,2419,2412,2384,2379,2404,2412,1432,2462,2404,2406,2379,2369,2404,2010,1474,2372,2398,2406,2383,2352,2371,2343,1427,2315,2395,2396,2384,2378,2358,2338,1514,2382,2378,912,902,915,2341,2337,1508,589,2437,886,858,876,2321,2201,1440,2375,2378,802,763,741,2309,2255,1421,2121,2306,632,602,615,2272,2152,10,5,5,5,5,5,5,5,255,5,5,5,5,5,5,5,255,5,5,5,5,5,5,5,5,255,5,5,5,5,5,255,5,5,5,5,5,5,5,255,5,255,5,5,5,5,5,5,255,255,255,5,5,5,5,255,5,255,255,5,5,5,255,255
1781192167.035847,571,124673727,2471,2450,2441,2419,2386,2405,2389,2383,1432,2399,2404,2384,2378,2369,2387,2365,1474,2377,2405,2431,2390,2375,2377,2329,1473,2411,2439,2420,2386,2382,2365,2338,1514,2379,2412,919,918,2348,2356,2337,1458,589,2322,874,869,882,2286,2201,1419,2375,2378,842,814,852,2315,2255,1460,2121,2306,636,614,618,2272,2152,5,5,5,5,5,5,5,5,255,5,5,5,5,5,5,5,255,5,5,5,5,5,5,5,5,10,5,5,5,5,5,255,255,5,5,5,5,5,5,255,5,255,5,5,5,5,5,255,10,255,255,5,5,5,5,255,5,255,255,5,5,5,255,255
1781192167.135999,572,124773727,2471,2448,2416,2419,2394,2411,2396,2396,1432,2428,2419,2390,2375,2372,2328,2302,1474,2367,2408,2400,2393,2401,2377,2357,1498,2432,2405,2391,2387,2402,2372,2338,1487,2352,2398,921,924,942,2330,2337,1485,589,923,883,873,890,2323,2201,1464,2375,2378,873,843,832,2328,2255,1460,2121,2306,644,625,632,2272,2152,255,5,5,5,5,5,5,5,255,5,5,5,5,5,5,5,255,5,5,5,5,5,5,5,5,5,5,5,5,5,5,255,10,5,5,5,5,5,5,255,5,255,4,5,5,5,5,255,5,255,255,5,5,5,5,255,255,255,255,5,5,5,255,255
1781192167.236252,573,124873885,2425,2440,2424,2394,2399,2401,2398,2447,1432,2398,2384,2393,2407,2382,2384,2353,1474,2369,2399,2396,2383,2396,2367,2294,1555,2432,2399,2394,2383,2384,2375,2338,1510,2398,2435,940,925,2369,2328,2337,1458,589,923,897,889,885,2298,2283,1422,2375,2378,868,850,845,2351,2255,1402,2121,2306,641,624,637,2272,2164,10,5,5,5,5,5,5,5,255,5,5,5,5,5,5,5,255,5,5,5,5,5,5,5,5,255,5,5,5,5,5,255,5,5,5,5,5,5,5,255,5,255,255,5,5,5,5,10,5,255,255,5,5,5,5,255,10,255,255,5,5,5,255,10
1781192167.334348,574,124973727,2425,2456,2424,2423,2364,2380,2391,2427,1339,2394,2421,2391,2374,2381,2394,1994,1604,2382,2426,2436,2385,2370,2370,2316,1501,2395,2416,2394,2375,2364,2378,2338,1510,2374,2410,968,939,2417,2343,2337,1456,589,923,888,887,873,2280,2283,1422,2375,2378,871,838,865,2351,2255,1402,2121,2373,670,632,635,622,2164,255,5,5,5,5,5,5,5,10,5,5,5,5,5,5,5,10,5,5,5,5,5,5,5,5,10,5,5,5,5,5,255,255,5,5,5,5,5,5,255,5,255,255,5,5,5,5,255,255,255,255,5,5,5,255,255,255,255,10,255,5,5,10,255
1781192167.432595,575,125073727,2479,2426,2437,2386,2378,2388,2411,2428,1339,2415,2402,2392,2384,2381,2377,2320,1604,2369,2416,2394,2384,2369,2369,2339,1543,2338,2419,2395,2402,2373,2378,2338,1477,2318,2413,957,953,2353,2362,2337,1492,589,923,897,876,870,2299,2283,1422,2375,2378,880,846,839,2300,2255,1402,2121,2373,729,644,631,640,2154,10,5,5,5,5,5,5,5,255,5,5,5,5,5,5,5,255,5,5,5,5,5,5,5,9,5,5,5,5,5,5,255,10,5,5,5,5,5,5,255,5,255,255,5,5,5,5,255,255,255,10,5,5,5,10,255,255,255,255,255,5,5,5,10
1781192167.532306,576,125173818,2479,2463,2438,2413,2381,2397,2386,2377,1339,2427,2408,2392,2401,2370,2342,2006,1604,2415,2401,2396,2374,2389,2373,2364,1523,2393,2418,2430,2367,2383,2366,2338,1473,2390,2431,945,943,1133,2363,2337,1510,589,2425,889,886,913,2325,2255,1422,2375,2378,853,849,854,2307,2255,1402,2121,2373,2360,664,642,648,2154,255,5,5,5,5,5,5,5,255,5,5,5,5,5,5,5,255,5,5,5,5,5,5,5,5,5,5,5,5,5,5,255,5,5,5,5,5,5,5,255,5,255,10,5,5,5,5,10,255,255,255,5,5,5,5,255,255,255,255,4,5,5,5,255
1781192167.635054,577,125273727,2479,2445,2425,2382,2393,2432,2412,2423,1339,2395,2415,2394,2403,2374,2348,1972,1557,2394,2408,2396,2395,2381,2370,2360,1487,2358,2392,2402,2408,2376,2360,2338,1473,2315,2385,932,938,1133,2362,2337,1445,589,2373,874,874,880,2307,2247,1422,2375,2378,860,854,842,2301,2255,1402,2121,2335,707,663,635,645,2154,255,5,5,5,5,5,5,5,255,5,5,5,5,5,5,5,10,5,5,5,5,5,5,5,5,5,5,5,5,5,5,255,255,5,5,5,5,255,5,255,5,255,5,5,5,5,5,5,255,255,255,5,5,5,5,255,255,255,10,5,5,5,5,255
1781192167.734290,578,125373751,2506,2448,2420,2410,2394,2396,2397,2425,1415,2411,2408,2396,2377,2370,2367,2019,1503,2338,2407,2391,2378,2372,2359,2321,1462,2363,2410,2374,2410,2379,2360,2338,1483,2373,2394,943,918,916,2353,2337,1478,589,2373,880,869,878,2308,2247,1384,2375,2378,863,837,839,2329,2255,1402,2121,2335,695,669,636,654,2154,10,5,5,5,5,5,5,5,10,5,5,5,5,5,5,5,5,5,5,5,5,5,5,5,5,5,5,5,5,5,5,255,10,5,5,5,5,255,5,255,5,255,255,5,5,5,5,255,10,255,255,5,5,5,5,255,255,255,255,5,5,5,5,255
1781192167.835115,579,125473810,2511,2430,2431,2411,2400,2375,2421,2416,1415,2423,2404,2394,2395,2390,2388,2311,1503,2362,2406,2406,2385,2387,2358,2341,1459,2393,2402,977,999,2360,2361,2338,1507,2381,2400,911,890,917,2343,2337,1552,589,2373,887,867,867,2321,2249,1440,2375,2400,802,785,811,2291,2255,1402,2121,2335,626,626,624,629,2154,5,5,5,5,5,5,5,5,255,5,5,5,5,5,5,5,255,5,5,5,5,5,5,5,5,5,5,5,5,5,5,255,5,255,5,5,5,5,5,255,5,255,255,5,5,5,5,10,5,255,10,5,5,5,5,255,255,255,255,5,5,5,5,255
1781192167.936135,580,125573755,2511,2461,2424,2383,2407,2359,2389,2407,2464,2420,2412,2391,2415,2339,2370,1987,1473,2433,2412,2443,2396,2371,2363,2355,1508,2400,2414,922,969,2400,2369,2338,1564,2348,2365,907,880,899,2383,2337,1442,589,2373,808,869,830,2282,2256,1439,2375,2400,684,614,661,2367,1899,1402,2121,2335,604,608,608,605,2154,255,5,5,5,5,5,5,5,10,5,5,5,5,5,5,5,10,5,5,5,5,5,5,5,5,5,5,5,5,5,5,255,9,5,5,5,5,5,5,255,5,255,255,9,5,5,5,5,5,255,255,5,5,5,5,10,255,255,255,5,5,5,255,255
1781192168.036027,581,125673727,2511,2430,2416,2404,2390,2400,2367,2388,2464,2440,2390,2385,2411,2368,2355,1972,1519,2396,2399,2444,2416,2381,2369,2309,1483,2402,2423,2407,908,895,2367,2338,1564,2343,2426,853,861,888,2343,2337,1498,589,2341,611,765,608,2307,2265,1447,2375,705,606,590,607,2334,1899,1402,2121,2335,604,606,608,2303,2154,255,5,5,5,5,5,5,5,255,5,5,5,5,5,5,5,5,5,5,5,5,5,5,5,9,5,5,5,5,5,5,255,255,5,5,9,5,5,5,255,5,255,10,5,9,4,5,5,5,255,255,5,5,5,5,255,255,255,255,255,5,255,4,255
1781192168.136474,582,125773814,2511,2466,2424,2421,2396,2380,2380,2401,2464,2426,2405,2376,2370,2389,2383,2020,1533,2406,2404,2419,920,2384,2370,2294,1530,2363,2414,590,907,860,2358,2338,1525,2342,625,618,600,675,2364,2337,1479,589,603,609,608,655,2319,2359,1399,2375,705,624,748,713,2359,1899,1460,2121,2350,604,2378,2296,2307,2154,255,5,5,5,5,5,5,5,255,5,5,5,5,5,5,5,5,5,5,5,5,5,5,5,5,5,5,4,5,5,5,255,10,5,4,4,4,4,5,255,5,255,255,5,5,5,5,5,5,255,255,5,5,9,5,255,10,255,10,255,4,10,5,255
1781192168.235448,583,125873810,2511,2454,2445,2415,2388,2418,2404,2429,2341,2414,2408,2416,2422,2419,2366,2016,1512,2388,2408,618,611,938,2363,2327,1495,2363,2421,630,610,675,2380,2294,1502,2390,2401,649,815,639,2345,2337,1487,589,603,913,813,869,2324,2302,1437,2375,705,2431,748,2352,2354,1899,1460,2121,2357,2307,2391,2350,2307,2232,255,5,5,5,5,5,5,5,10,5,5,5,5,5,5,5,5,5,5,4,4,5,5,5,5,255,5,5,4,5,5,10,5,5,4,5,4,5,5,255,5,255,255,4,4,4,5,5,5,255,255,4,255,4,5,255,255,255,5,10,5,5,255,10
1781192168.336835,584,125973727,2511,2461,2434,2409,621,2443,2406,2411,1443,2429,2410,2377,616,629,2380,1999,1556,2392,2415,700,755,643,2381,2376,1420,2372,2405,890,713,882,2372,2294,1479,2399,2377,911,901,892,2353,2337,1516,589,603,913,904,2353,2324,2213,1401,2375,705,2431,2359,2330,2326,1899,1460,2121,2406,2363,2373,2326,2277,2232,255,5,5,5,4,5,5,5,4,5,5,5,4,5,5,5,5,5,5,5,5,4,5,5,5,10,5,4,5,4,5,255,5,5,5,4,5,4,5,255,5,255,255,255,5,4,255,5,5,255,255,255,10,5,5,255,255,255,5,5,5,5,10,255
1781192168.436301,585,126073810,2466,2447,2425,645,631,609,2401,2398,1465,2428,2377,2404,644,841,2353,2343,1492,2357,2419,871,867,877,916,2361,1513,2372,2398,943,887,918,2375,2294,1471,2375,2400,970,2327,2337,2343,2337,1529,589,603,2402,2403,2353,2308,2259,1457,2375,705,2381,2359,2351,2329,1899,1335,2121,2406,2429,2320,2352,2277,2232,10,5,5,5,5,4,5,5,5,5,5,5,5,4,5,5,5,5,5,5,5,4,5,5,5,255,5,5,5,5,5,255,5,5,5,5,4,5,5,255,5,255,255,10,4,255,10,5,5,255,255,10,255,5,5,255,10,255,255,5,5,5,255,255
1781192168.520489,586,126163728,2466,2420,2430,2397,762,696,921,2417,1465,2428,2393,887,849,883,891,2007,1492,2406,2431,911,905,893,2361,2276,1510,2372,2425,2389,928,2370,2370,2294,1556,2442,2437,2387,2371,2356,2335,2337,1515,589,603,2394,2385,2356,2255,2282,1457,2375,2365,2396,2359,2371,2282,1899,1335,2121,2406,2367,2357,2340,2277,2232,255,5,5,5,5,5,4,5,255,5,5,5,4,5,5,5,255,5,5,5,5,5,5,5,5,255,5,4,5,5,5,255,5,5,5,5,5,5,5,255,5,255,255,5,5,10,5,5,255,255,10,5,255,5,5,255,255,255,255,5,5,5,255,255
1781192168.625296,587,126263727,2445,2437,2419,2424,863,849,921,2403,1465,2428,2428,936,875,957,919,1974,1533,2373,2402,961,1002,1016,2378,2350,1479,2372,2406,2394,2386,2384,2371,2294,1556,2407,2405,2381,2372,2332,2327,2337,1514,589,2370,2375,2333,2354,2304,2282,1464,2375,2365,2396,2352,2371,2349,1899,1335,2121,2406,2385,2331,2309,2301,2232,10,5,5,5,5,5,5,5,255,5,5,5,5,5,5,5,10,5,5,5,5,4,5,5,5,255,5,5,5,5,5,255,255,5,5,5,5,5,5,255,5,255,10,5,5,5,5,255,10,255,255,255,10,255,5,255,255,255,255,5,5,5,10,255
1781192168.727097,588,126364056,2496,2454,2426,899,905,903,964,2460,1348,2435,977,1073,957,1144,2378,1963,1533,2379,2407,2403,2370,2366,2369,2357,1503,2353,2413,2395,2389,2381,2370,2294,1556,2311,2404,2375,2366,2349,2309,2337,1485,589,2385,2386,2359,2321,2270,2259,1441,2375,2365,2355,2352,2373,2373,1899,1335,2121,2406,2357,2269,2348,2301,2232,5,5,5,5,5,5,5,5,10,5,5,5,5,5,4,5,255,5,5,4,4,5,5,5,5,10,5,5,5,5,5,255,255,5,5,5,5,5,5,255,9,255,5,5,5,5,5,10,5,255,255,10,255,10,5,255,255,255,255,5,5,5,255,255
1781192168.825201,589,126463731,2496,2446,1051,997,1012,989,1031,2424,1348,2434,2417,2352,1153,1402,2395,2016,1510,2357,2410,2403,2381,2392,2345,2359,1492,2376,2416,2382,2369,2390,2361,2294,1556,2311,2446,2379,2376,2348,2373,2337,1447,589,2385,2415,2360,2321,2314,2285,1466,2375,2365,2357,2339,2293,2290,1787,1393,2121,2359,2330,2321,2355,2347,2232,255,5,5,5,5,5,5,5,255,5,4,5,9,5,5,5,10,5,5,5,5,5,5,5,5,5,5,5,5,5,5,255,255,255,5,5,5,5,5,255,9,255,255,5,5,255,5,5,5,255,255,5,10,5,5,10,10,255,10,5,5,5,10,255
1781192168.926693,590,126563759,2496,2457,2404,1133,1212,1170,2384,2427,1348,2404,2391,2368,1428,2364,2386,1963,1505,2380,2388,2384,2398,2376,2385,2330,1490,2376,2419,2386,2373,2372,2350,2294,1556,2299,2381,2367,2351,2368,2341,2337,1443,589,2389,2415,2363,2313,2314,2344,1443,2375,2365,2392,2339,2293,2315,1787,1375,2121,2359,2330,2327,2348,2301,2155,255,5,5,5,5,5,5,5,255,5,5,5,4,5,5,5,5,5,5,5,5,5,5,5,9,255,5,5,5,5,5,255,255,10,5,5,5,5,5,255,5,255,10,255,5,10,255,5,5,255,255,5,255,255,5,255,5,255,255,255,5,5,5,10
1781192169.028054,591,126665468,2496,2471,2407,2399,1386,1341,2378,2429,1348,2422,2378,2386,2325,2344,2387,2347,1505,2362,2408,2408,2395,2380,2368,2298,1510,2367,2416,2396,2384,2390,2373,2294,1556,2378,2376,2410,2379,2379,2330,2337,1459,589,2330,2414,2371,2344,2273,2328,1450,2375,2387,2401,2339,2370,2308,1787,1306,2121,2359,2321,2337,2352,2301,2155,255,5,5,5,5,5,5,5,255,5,5,5,4,5,5,5,255,5,5,5,5,5,5,5,5,10,5,5,5,5,5,255,255,5,5,5,5,5,5,255,5,255,5,10,5,5,10,5,5,255,10,5,255,10,5,255,5,255,255,10,5,5,255,255
1781192169.125542,592,126763727,2496,2459,2398,2392,2370,1341,2380,2410,1467,2438,2405,2396,2398,2369,2392,2058,1505,2400,2399,2407,2397,2378,2355,2296,1511,2367,2396,2405,2394,2369,2364,2294,1549,2311,2398,2383,2369,2346,2359,2337,1432,589,2359,2439,2345,2353,2297,2328,1450,2375,2367,2378,2371,2342,2351,1787,1361,2121,2359,2321,2326,2276,2301,2155,255,5,5,5,5,255,5,5,10,5,5,5,5,5,5,9,255,5,5,5,5,5,5,5,5,255,5,5,5,5,5,255,10,5,5,5,5,5,5,255,5,255,5,5,5,5,5,255,255,255,5,5,10,5,5,255,5,255,255,255,5,5,255,255
1781192169.226048,593,126863871,2430,2458,2401,2401,2392,2381,2407,2445,1435,2392,2404,2399,2409,2392,2356,1996,1468,2391,2412,2387,2386,2370,2375,2332,1505,2367,2400,2394,2387,2379,2374,2294,1549,2302,2412,2392,2382,2348,2351,2337,1466,589,2371,2376,2373,2353,2291,2241,1450,2375,2367,2381,2405,2397,2317,1787,1361,2121,2359,2331,2349,2301,2301,2155,10,5,5,5,5,10,5,5,5,5,5,5,5,5,5,5,10,5,5,5,5,5,5,5,9,255,5,5,5,5,5,255,255,5,5,5,5,5,5,255,5,255,5,5,5,255,5,10,255,255,255,5,5,5,5,255,255,255,255,10,5,5,255,255
1781192169.330714,594,126968238,2430,2436,2411,2399,2383,2416,2415,2385,1435,2435,2390,2385,2400,2378,2388,2381,1470,2372,2416,2415,2408,2369,2364,2344,1486,2370,2413,2397,2389,2382,2365,2294,1549,2434,2396,2401,2361,2406,2309,2337,1463,589,2399,2387,2373,2297,2342,2236,1450,2375,2367,2385,2405,2367,2288,2300,1361,2121,2359,2333,2390,2301,2291,2024,255,5,5,5,5,5,5,5,255,5,5,5,5,5,5,5,5,5,5,5,5,5,5,5,5,10,5,5,5,5,5,255,255,5,5,5,5,5,5,255,5,255,5,5,255,10,5,5,255,255,255,5,255,5,5,10,255,255,255,5,5,255,10,10
1781192169.425194,595,127063727,2430,2466,2433,2395,2358,2385,2385,2433,1411,2401,2420,2407,2395,2395,2342,2002,1470,2346,2424,2397,2393,2376,2362,2351,1477,2425,2411,2400,2386,2401,2366,2294,1549,2380,2374,2415,2380,2359,2334,2337,1469,1845,2425,2409,2349,2343,2333,2216,1448,2375,2367,2412,2405,2358,2292,2300,1448,2121,2293,2396,2363,2350,2291,2024,255,5,5,5,5,5,5,5,10,5,5,5,5,5,5,5,255,5,5,5,5,5,5,5,5,5,5,5,5,5,5,255,255,5,5,5,5,5,5,255,5,10,5,5,10,5,5,5,10,255,255,5,255,5,5,255,10,255,10,5,5,10,255,255
1781192169.520492,596,127163727,2430,2468,2400,2409,2364,2383,2358,2419,1411,2394,2410,2409,2428,2392,2375,2102,1463,2364,2390,2389,2382,2392,2375,2309,1500,2425,2403,2383,2396,2382,2380,2294,1518,2335,2443,2374,2363,2365,2314,2337,1465,1845,2433,2384,2348,2377,2281,2248,1448,2375,2366,2403,2368,2367,2335,2300,1448,2121,2371,2360,2382,2338,2291,2167,255,5,5,5,5,5,5,5,255,5,5,5,5,5,5,9,10,5,5,5,5,5,5,5,5,255,5,5,5,5,5,255,10,5,5,5,5,5,5,255,5,255,5,5,5,5,5,5,255,255,10,5,10,5,5,255,255,255,5,5,5,5,255,10
1781192169.626612,597,127265929,2430,2447,2428,2396,2408,2372,2392,2392,1473,2444,2422,2377,2382,2379,2378,1970,1483,2431,2408,2405,2398,2380,2374,2307,1497,2425,2379,2414,2387,2372,2372,2337,1485,2355,2415,2390,2380,2346,2363,2337,1479,1845,2366,2377,2386,2326,2302,2236,1505,2375,2366,2386,2342,2367,2319,2300,1448,2121,2371,2352,2357,2322,2276,1992,255,5,5,5,5,5,5,5,10,5,5,5,5,5,5,5,5,5,5,5,5,5,5,5,5,255,5,5,5,5,5,10,5,5,5,5,5,5,5,255,5,255,5,5,5,5,5,5,10,255,255,5,5,255,5,255,255,255,255,5,5,5,10,5
1781192169.725189,598,127363952,2492,2468,2424,2432,2388,2410,2379,2409,1473,2428,2407,2392,2375,2385,2359,1975,1483,2393,2409,2397,2403,2382,2382,2283,1500,2341,2423,2407,2370,2376,2374,2337,1474,2403,2401,2407,2384,2364,2304,2337,1478,1845,2393,2396,2422,2326,2281,2257,1425,2375,2366,2409,2342,2307,2334,2300,1448,2121,2353,2352,2348,2335,2276,1992,10,5,5,5,5,5,5,5,255,5,5,5,5,5,5,5,255,5,5,5,5,5,5,9,5,10,5,5,5,5,5,255,5,5,5,5,5,5,5,255,5,255,5,5,5,255,5,5,5,255,255,5,255,10,5,255,255,255,10,255,5,5,255,255
1781192169.817311,599,127454148,2505,2439,2436,2406,2397,2396,2402,2400,1473,2407,2381,2386,2386,2379,2374,1992,1467,2385,2410,2398,2393,2370,2375,2332,1532,2389,2393,2387,2383,2378,2360,2337,1474,2376,2377,2392,2377,2352,2350,2337,1477,1845,2389,2388,2331,2326,2343,2257,1457,2375,2366,2360,2342,2307,2289,2300,1417,2121,2353,2328,2359,2344,2276,1992,5,5,5,5,5,5,5,5,255,5,5,5,5,5,5,5,10,5,5,5,5,5,5,5,5,5,5,5,5,5,5,255,255,5,5,5,5,5,5,255,5,255,5,5,5,255,5,255,9,255,255,5,255,255,5,255,10,255,255,10,5,5,255,255
1781192169.921668,600,127559015,2415,2449,2422,2407,2400,2383,2371,2416,1473,2427,2408,2390,2401,2389,2365,2219,1467,2350,2386,2366,2377,2390,2357,2346,1471,2372,2408,2398,2387,2374,2369,2337,1533,2430,2377,2370,2370,2348,2331,2337,1504,2414,2389,2382,2407,2342,2259,2257,1418,2375,2366,2406,2342,2307,2370,1836,1417,2121,2353,2348,2392,2355,2276,1992,5,5,5,5,5,5,5,5,255,5,5,5,5,5,5,5,255,5,5,5,5,5,5,5,5,5,5,5,5,5,5,255,10,5,255,5,5,5,5,255,5,10,255,5,5,10,5,255,5,255,255,5,255,255,5,10,255,255,255,5,5,5,255,255
1781192170.015330,601,127653728,2415,2453,2449,2416,2403,2389,2404,2417,1473,2429,2430,2398,2404,2398,2361,1995,1467,2363,2409,2407,2378,2382,2369,2335,1481,2372,2420,2416,2379,2370,2371,2337,1495,2367,2441,2356,2394,2361,2324,2337,1470,2414,2389,2358,2402,2342,2315,2256,1506,2375,2362,2333,2342,2307,2352,1836,1417,2121,2353,2310,2346,2331,2202,1992,255,5,5,5,5,5,5,5,255,5,5,5,5,5,5,5,255,5,5,5,5,5,5,5,5,255,5,5,5,5,5,255,5,5,10,5,5,5,5,255,5,255,255,5,5,255,5,10,5,255,10,5,255,255,5,255,255,255,255,5,5,5,10,255
1781192170.115259,602,127753728,2415,2451,2414,2402,2395,2386,2403,2369,1473,2393,2407,2418,2385,2385,2361,1971,1467,2372,2403,2395,2392,2387,2363,2353,1515,2372,2393,2410,2370,2388,2356,2337,1495,2405,2365,2376,2374,2364,2287,2337,1500,2414,2440,2426,2409,2384,2351,2256,1506,2375,2372,2379,2342,2307,2324,1836,1417,2121,2353,2363,2321,2279,2202,1992,255,5,5,5,5,5,5,5,255,5,5,5,5,5,5,5,255,5,5,5,5,5,5,5,5,255,5,5,5,5,5,255,255,5,5,5,5,5,5,255,5,255,10,5,5,10,5,255,255,255,5,5,255,255,5,255,255,255,255,5,5,5,255,255
1781192170.215126,603,127853728,2560,2456,2392,2423,2392,2392,2386,2373,1473,2411,2417,2406,2406,2371,2387,1970,1467,2367,2414,2418,2386,2384,2361,2278,1504,2419,2428,2389,2390,2362,2383,2337,1495,2388,2392,2403,2382,2355,2328,2337,1463,2414,2346,2426,2357,2307,2300,2280,1506,2375,2372,2398,2396,2307,2392,1836,1417,2121,2353,2371,2358,2279,2202,1992,10,5,5,5,5,5,5,5,255,5,5,5,5,5,5,5,255,5,5,5,5,5,5,5,5,10,5,5,5,5,5,255,255,5,5,5,5,5,5,255,5,255,5,255,5,5,5,10,255,255,255,5,10,255,5,255,255,255,255,5,5,255,255,255
1781192170.315459,604,127953811,2560,2446,2414,2383,2372,2417,2383,2427,1473,2402,2365,2389,2389,2360,2368,1988,1454,2401,2412,2414,2391,2388,2367,2329,1456,2419,2403,2375,2385,2374,2365,2337,1495,2386,2404,2413,2371,2331,2334,2337,1408,2414,2346,2363,2403,2324,2308,2280,1506,2375,2372,2402,2396,2307,2298,1836,1417,2121,2353,2369,2337,2312,2202,1992,255,5,5,5,5,5,5,5,255,5,5,5,5,5,5,5,10,5,5,5,5,5,5,5,5,255,5,5,5,5,5,255,255,255,5,5,5,5,5,255,5,255,255,10,5,5,5,255,255,255,255,5,255,255,5,255,255,255,255,5,5,10,255,255
1781192170.412360,605,128053727,2560,2449,2406,2417,2383,2368,2404,2393,1473,2415,2419,2399,2398,2391,2373,1993,1454,2390,2403,2395,2403,2380,2357,2284,1491,2394,2396,2398,2382,2393,2369,2337,1523,2387,2399,2422,2372,2359,2349,2337,1472,2414,2346,2363,2355,2339,2271,2280,1474,2375,2372,2356,2365,2343,2278,2147,1424,2121,2353,2331,2346,2313,2202,2277,255,5,5,5,5,5,5,5,255,5,5,5,5,5,5,5,255,5,5,5,5,5,5,9,5,10,5,5,5,5,5,255,10,5,5,5,5,5,5,255,5,255,255,255,5,5,5,255,10,255,255,5,10,10,5,10,10,255,255,5,5,5,255,10
1781192170.510552,606,128153727,2560,2441,2449,2408,2373,2396,2383,2448,1413,2416,2389,2401,2406,2380,2388,2270,1454,2400,2398,2430,2393,2380,2377,2350,1466,2394,2407,2377,2377,2396,2392,2337,1523,2401,2386,2413,2377,2345,2328,2337,1506,2414,2358,2363,2391,2332,2288,2254,1419,2375,2372,2435,2385,2343,2313,2268,1424,2121,2353,2380,2320,2323,2202,2277,255,5,5,5,5,5,5,5,10,5,5,5,5,5,5,5,255,5,5,5,5,5,5,5,5,255,5,5,5,5,5,255,255,5,5,5,5,5,5,255,5,255,10,10,5,5,5,10,5,255,255,5,5,255,5,5,255,255,255,5,5,5,255,255
1781192170.614609,607,128253810,2560,2440,2433,2415,2393,2379,2380,2430,1468,2397,2413,2383,2389,2376,2388,1989,1454,2378,2409,2387,2418,2389,2366,2350,1455,2370,2397,2408,2373,2384,2366,2337,1479,2384,2384,2406,2420,2402,2351,2337,1446,2414,2358,2361,2356,2332,2289,2278,1377,2375,2372,2392,2385,2357,2323,2268,1451,2121,2353,2386,2325,2281,2202,2277,255,5,5,5,5,5,5,5,5,5,5,5,5,5,5,5,255,5,5,5,5,5,5,5,5,10,5,5,5,5,5,255,10,5,5,5,5,5,5,255,5,255,255,5,5,255,5,5,5,255,255,5,5,10,5,255,10,255,255,5,5,5,255,255
1781192170.715751,608,128353727,2482,2452,2433,2382,2374,2414,2392,2441,1468,2401,2426,2391,2395,2355,2373,1972,1416,2429,2411,2401,2375,2366,2376,2341,1531,2370,2369,2395,2403,2359,2370,2337,1450,2408,2399,2407,2379,2382,2349,2337,1525,2414,2415,2386,2400,2348,2288,2253,1428,2375,2382,2347,2386,2357,2323,2268,1451,2121,2353,2386,2366,2317,2202,2277,10,5,5,5,5,5,5,5,255,5,5,5,5,5,5,5,10,5,5,5,5,5,5,5,5,255,5,5,5,5,5,255,5,5,5,5,5,5,5,255,5,255,10,5,5,10,5,5,5,255,10,5,5,255,255,255,255,255,255,255,5,5,255,255
1781192170.813454,609,128454128,2497,2446,2408,2413,2381,2388,2416,2418,1468,2425,2410,2389,2379,2383,2348,2235,1416,2375,2422,2400,2391,2369,2391,2325,1550,2355,2416,2387,2386,2370,2377,2337,1501,2333,2423,2379,2369,2385,2365,2337,1466,2414,2374,2413,2394,2332,2272,2270,1434,2375,2382,2406,2361,2357,2378,2268,1451,2121,2334,2386,2345,2317,2352,2277,5,5,5,5,5,5,5,5,255,5,5,5,5,5,5,5,255,5,5,5,5,5,5,5,5,10,5,5,5,5,5,255,5,5,5,5,5,5,5,255,5,255,5,5,5,5,5,5,5,255,255,5,5,255,10,255,255,255,10,255,5,255,10,255
1781192170.917787,610,128555771,2497,2453,2394,2398,2378,2382,2431,2417,1436,2421,2402,2409,2379,2384,2383,2050,1521,2359,2414,2390,2391,2403,2370,2340,1541,2346,2400,2387,2401,2398,2361,2337,1515,2333,2401,2382,2377,2355,2341,2337,1475,2414,2374,2417,2383,2341,2331,2270,1417,2375,2382,2357,2361,2357,2315,2251,1396,2121,2392,2386,2333,2338,2304,2277,255,5,5,5,5,5,5,5,10,5,5,5,5,5,5,9,10,9,5,5,5,5,5,5,9,5,5,5,5,5,5,255,5,255,5,5,5,5,5,255,5,255,255,5,5,5,5,255,5,255,255,5,255,255,5,10,10,255,5,255,5,10,5,255
1781192171.014502,611,128653727,2496,2460,2433,2393,2399,2393,2408,2360,1470,2396,2413,2417,2440,2376,2354,1964,1470,2408,2408,2397,2377,2378,2365,2329,1498,2297,2384,2388,2385,2378,2374,2337,1515,2332,2411,2379,2405,2355,2332,2337,1477,2414,2369,2393,2351,2330,2349,2270,1462,2375,2314,2340,2361,2419,2321,2251,1396,2121,2499,2368,2350,2314,2304,2277,10,5,5,5,5,5,5,5,5,5,5,5,5,5,5,5,5,5,5,5,5,5,5,5,5,5,5,5,5,5,5,255,255,10,5,5,5,5,5,255,5,255,10,5,5,5,5,255,5,255,10,5,255,10,5,255,255,255,5,10,5,5,255,255
1781192171.115917,612,128753728,2497,2444,2417,2403,2409,2377,2391,2439,1470,2397,2407,2394,2381,2363,2368,2377,1470,2398,2406,2402,2382,2376,2380,2323,1474,2393,2418,2411,2381,2363,2379,2337,1515,2402,2376,2418,2370,2322,2340,2337,1495,2414,2355,2429,2400,2330,2315,2270,1462,2375,2314,2361,2361,2419,2294,2251,1396,2121,2499,2406,2320,2314,2304,2277,5,5,5,5,5,5,5,5,255,5,5,5,5,5,5,5,255,5,5,5,5,5,5,5,5,5,5,5,5,5,5,255,255,5,5,5,5,5,5,255,5,255,5,5,5,255,5,255,255,255,255,5,255,255,5,255,255,255,255,5,5,5,255,255
1781192171.210769,613,128853818,2497,2446,2403,2424,2397,2380,2398,2389,1455,2423,2405,2403,2370,2365,2355,1974,1553,2343,2422,2388,2378,2376,2354,2328,1503,2365,2417,2396,2382,2376,2359,2337,1515,2366,2430,2355,2390,2381,2323,2337,1461,2274,2355,2386,2409,2373,2328,2276,1462,2375,2314,2346,2389,2364,2339,2251,1314,2121,2268,2405,2335,2329,2278,2277,255,5,5,5,5,5,5,5,10,5,5,5,5,5,5,5,10,5,5,5,5,5,5,5,5,5,5,5,5,5,5,255,255,5,5,5,5,5,5,255,5,10,255,5,5,10,5,10,255,255,255,5,10,10,5,255,10,255,10,5,5,5,10,255
1781192171.306084,614,128943728,2497,2420,2397,2428,2388,2370,2412,2427,1455,2415,2380,2401,2433,2376,2409,2292,1553,2346,2398,2418,2404,2369,2371,2289,1488,2365,2408,2398,2373,2371,2377,2337,1515,2404,2399,2371,2378,2396,2369,2337,1474,1942,2355,2374,2373,2369,2317,2276,1462,2375,2374,2367,2389,2394,2330,2251,1314,2121,2268,2405,2359,2329,2297,2277,255,5,5,5,5,5,5,5,255,5,5,5,5,5,5,5,255,5,5,5,5,5,5,5,5,255,5,5,5,5,5,255,255,5,5,5,5,5,5,255,5,4,255,5,5,5,5,255,255,255,10,5,255,5,5,255,255,255,255,255,5,255,5,255
1781192171.406249,615,129043728,2497,2424,2414,2415,2389,2393,2402,2410,1455,2407,2419,2402,2405,2375,2402,2020,1553,2393,2400,2406,2387,2359,2369,2357,1511,2365,2427,2397,2380,2390,2360,2337,1515,2406,2385,2400,2386,2383,2334,2337,1462,1942,2377,2368,2387,2341,2291,2170,1462,2375,2374,2399,2389,2335,2351,2251,1314,2121,2268,2381,2359,2240,2331,2277,255,5,5,5,5,5,5,5,255,5,5,5,5,5,5,5,255,5,5,5,5,5,5,5,5,255,5,5,5,5,5,255,255,5,5,5,5,5,5,255,5,255,10,5,5,5,5,10,255,255,255,5,255,5,5,255,255,255,255,10,255,10,5,255
1781192171.501036,616,129144066,2504,2435,2424,2397,2389,2391,2416,2374,1414,2417,2402,2374,2391,2372,2397,1961,1553,2413,2410,2381,2376,2379,2393,2280,1442,2410,2405,2391,2380,2365,2389,2337,1515,2341,2364,2408,2371,2337,2352,2337,1446,1942,2377,2351,2370,2332,2312,2170,1430,2375,2374,2399,2353,2335,2362,2251,1364,2121,2268,2378,2329,2371,2331,2277,10,5,5,5,5,5,5,5,10,5,5,5,5,5,5,5,255,5,5,5,5,5,5,5,5,10,5,5,5,5,5,255,255,5,5,5,5,5,5,255,5,255,255,5,5,5,5,255,10,255,255,255,10,255,5,255,10,255,255,5,10,5,255,255
1781192171.606510,617,129243728,2513,2457,2398,2403,2397,2393,2373,2368,1414,2400,2388,2387,2407,2383,2381,2031,1553,2410,2393,2401,2394,2392,2362,2344,1509,2375,2388,2397,2382,2362,2362,2337,1515,2363,2428,2414,2381,2318,2344,2337,1461,1942,2377,2374,2370,2332,2321,2170,1430,2375,2342,2384,2353,2334,2299,2251,1359,2121,2295,2375,2348,2341,2331,2277,5,5,5,5,5,5,5,5,255,5,5,5,5,5,5,5,255,5,5,5,5,5,5,5,5,5,5,5,5,5,5,255,255,255,5,5,5,5,5,255,5,255,255,5,255,255,5,255,255,255,10,10,255,10,5,255,5,255,10,5,5,5,255,255
1781192171.705146,618,129343727,2513,2464,2433,2407,2409,2393,2385,2386,2443,2398,2388,2407,2406,2387,2373,1979,1553,2349,2395,2426,2388,2392,2375,2390,1449,2394,2412,2396,2379,2392,2380,2273,1515,2334,2367,2405,2380,2354,2337,2337,1490,1942,2377,2389,2366,2307,2321,2327,1423,2375,2342,2388,2368,2355,2356,2251,1359,2121,2295,2375,2362,2328,2331,2277,255,5,5,5,5,5,5,5,10,5,5,5,5,5,5,5,255,5,5,5,5,5,5,5,5,5,5,5,5,5,5,10,255,5,5,5,5,5,5,255,5,255,255,5,10,10,255,10,10,255,255,5,10,5,5,255,255,255,255,255,5,5,255,255
1781192171.806077,619,129443880,2524,2429,2432,2389,2390,2410,2412,2419,1426,2433,2411,2376,2374,2375,2385,1963,1482,2369,2411,2407,2391,2358,2390,2329,1513,2383,2413,2400,2385,2379,2375,2273,1509,2358,2428,2401,2376,2390,2359,2337,1512,1942,2432,2399,2367,2314,2311,2300,1423,2375,2342,2388,2381,2353,2336,2251,1442,2121,2290,2391,2360,2328,2331,2277,10,5,5,5,5,5,5,5,4,5,5,5,5,5,5,5,10,5,5,5,5,5,5,5,5,5,5,5,5,5,5,255,10,5,5,5,5,5,5,255,5,255,10,5,5,5,10,5,255,255,255,255,5,5,5,255,10,255,10,10,5,255,255,255
1781192176.715392,620,134353965,2480,2432,2409,2405,1154,1052,959,953,1440,2407,2404,2394,1546,1350,1382,1054,1551,2386,2413,2403,2363,2342,2373,2308,1533,2389,2383,2397,2374,2374,2365,2344,1452,2382,2359,2378,2378,2340,2329,2228,1490,1485,2464,2416,2321,2373,2310,2296,1393,2499,2416,2379,2394,2322,2288,1763,1475,2121,2291,2396,2316,2320,2236,2220,255,6,6,6,6,6,6,6,6,6,6,6,6,6,6,6,255,6,6,6,6,6,6,6,6,6,6,6,6,6,6,255,6,6,6,6,6,6,6,255,6,255,6,6,6,6,255,6,6,255,6,6,255,6,6,255,6,255,255,255,6,6,6,255
1781192176.811173,621,134454118,2454,2427,2408,2385,938,640,782,899,1440,2411,2410,2373,1376,1247,1094,936,1551,2341,2414,2388,2367,2372,2365,2331,1480,2389,2385,2386,2379,2364,2371,2344,1446,2352,2391,2374,2371,2333,2362,2228,1473,1485,2464,2410,2380,2333,2274,2272,1393,2499,2416,2386,2375,2404,2302,2368,1475,2121,2291,2396,2343,2323,2326,2117,10,5,5,5,4,4,9,5,255,5,5,5,5,5,4,5,255,5,5,5,5,5,5,5,5,255,5,5,5,5,5,255,5,5,5,5,5,5,5,255,5,255,255,5,5,5,10,5,5,255,255,5,10,5,5,10,255,255,255,255,5,5,5,10
1781192176.914925,622,134553727,2454,2436,2410,952,716,610,617,926,1440,2418,2411,2397,1380,643,1033,928,1489,2395,2410,2399,2365,1408,2333,2276,1490,2439,2376,2395,2376,2365,2378,2358,1531,2388,2419,2392,2371,2343,2343,2228,1436,1485,2464,2337,2380,2339,2276,2272,1417,2499,2366,2386,2359,2340,2325,2368,1475,2121,2291,2396,2402,2326,2326,2117,255,5,5,5,5,5,5,5,255,5,5,5,5,4,5,5,10,5,5,5,5,9,5,5,5,10,5,5,5,5,5,10,5,5,5,5,5,5,5,255,5,255,255,5,255,5,5,255,5,255,10,255,5,5,5,255,255,255,255,255,5,5,255,255
1781192177.017469,623,134655723,2445,2439,2417,2428,634,610,628,926,1440,2425,2413,944,961,629,634,930,1489,2395,2401,2384,1214,1333,2378,2315,1470,2439,2405,2389,2353,2369,2355,2300,1531,2336,2407,2396,2371,2314,2344,2228,1507,1485,2464,2352,2328,2342,2332,2272,1417,2499,2366,2388,2422,2279,2354,2368,1475,2121,2291,2396,2354,2337,2326,2117,10,5,5,5,5,5,5,255,255,5,5,5,5,5,4,5,5,255,5,5,5,5,5,5,5,255,5,5,5,5,5,5,255,5,5,5,5,5,5,255,5,255,255,5,10,5,5,255,255,255,255,10,5,5,5,255,255,255,255,255,5,5,255,255
1781192177.115881,624,134753727,2516,2433,2439,2399,2403,623,618,2409,1440,2419,2427,921,924,621,615,1943,1472,2401,2386,981,938,684,617,2360,1479,2439,2401,2410,2362,1403,2375,2300,1509,2336,2376,2338,2366,2314,2334,2228,1465,1485,2464,2452,2362,2358,2304,2245,1391,2499,2366,2355,2422,2279,2330,2368,1475,2121,2291,2376,2321,2296,2394,2117,5,5,5,5,4,5,5,10,255,5,5,5,5,5,5,5,5,10,5,5,5,4,5,5,5,255,5,5,5,5,5,255,10,5,5,5,5,255,5,255,5,255,255,5,5,5,5,10,10,255,255,5,255,255,5,255,255,255,255,10,5,5,10,255
1781192177.214630,625,134853728,2513,2454,2403,2385,2385,2443,2393,2410,1440,2412,2405,2384,872,637,612,602,1472,2360,2398,936,902,731,605,598,1506,2370,2429,944,1128,897,2355,632,1459,2398,2392,2372,1458,2355,2344,2228,1460,1485,2464,2452,2417,2369,2360,2245,1453,2499,2366,2298,2422,2279,2330,2368,1475,2121,2291,2323,2373,2452,2394,2117,5,5,5,5,5,4,5,5,255,5,5,5,5,5,5,5,255,5,5,5,5,5,5,5,5,10,5,5,5,5,5,10,5,5,5,5,5,10,5,255,5,255,255,255,5,5,5,255,5,255,255,5,255,255,5,255,255,255,255,5,5,5,255,255
1781192177.317162,626,134957556,2513,2420,2406,2407,2403,2383,2384,2399,1489,2375,2415,2386,2403,2382,613,1989,1467,2410,2397,2390,865,711,595,608,1496,2370,2387,904,915,766,615,574,1459,2342,2418,2370,1417,939,2324,2228,1521,1485,2464,1052,2381,2369,2306,2245,1453,2499,2366,2407,2361,2360,2340,2368,1475,2121,2291,2323,2317,2289,2394,2117,255,5,5,5,5,5,5,5,10,5,5,5,4,5,5,5,10,5,5,5,5,5,5,5,5,255,5,5,5,5,5,5,255,255,5,5,5,4,5,255,5,255,255,255,5,255,5,255,255,255,255,5,10,10,5,255,255,255,255,255,5,5,255,255
1781192177.414325,627,135053727,2513,2450,2405,2386,2370,2374,2388,2410,1357,2407,2416,2397,2370,2388,2387,2017,1467,2395,2407,2392,2392,716,625,2393,1528,2370,2389,2391,877,739,596,615,1459,2406,2377,923,884,797,594,598,1465,1485,2464,952,2373,684,2310,2245,1453,2499,2366,2340,2361,2353,2304,2368,1390,2121,2291,2381,2350,2309,2394,2117,255,5,5,5,5,5,5,5,5,5,5,5,5,5,5,5,255,5,5,5,5,9,5,4,9,255,5,5,5,9,5,5,255,5,5,5,4,5,5,10,5,255,255,5,5,10,5,255,255,255,255,5,255,5,5,255,10,255,255,10,5,5,255,255
1781192177.501875,628,135143994,2511,2426,2431,2395,2381,2381,2407,2431,1370,2383,2415,2378,2361,2374,2409,1929,1499,2387,2411,2403,2386,2410,913,2331,1526,2370,2398,2399,888,891,623,615,1459,2346,2373,919,869,658,598,606,1482,1485,2464,894,906,614,606,600,1388,2499,2366,2392,982,612,607,2368,1429,2121,2291,2381,2293,2332,2394,2117,10,5,5,5,5,5,5,5,5,5,5,5,5,5,5,5,10,5,5,5,5,5,5,5,5,255,5,5,5,5,5,255,255,5,5,5,5,5,5,5,5,255,255,5,5,5,4,10,10,255,255,5,10,4,4,255,5,255,255,255,5,5,255,255
1781192177.607658,629,135246267,2458,2440,2416,2394,2400,2395,2381,2411,1430,2428,2423,2395,2359,2368,2378,2335,1499,2364,2409,2417,2387,2388,2360,2364,1489,2411,2399,2398,914,902,886,615,1518,2408,2394,950,891,845,873,606,1479,1485,2464,895,867,701,594,600,1388,2499,2366,911,886,600,591,2368,1429,2121,2322,2381,1156,595,2266,2065,5,5,5,5,5,5,5,5,5,5,5,5,5,5,5,5,255,5,5,5,5,5,5,5,5,10,5,5,5,5,4,255,10,5,5,5,5,5,4,255,5,255,255,5,5,5,5,255,255,255,255,5,5,5,5,255,255,255,10,255,5,4,10,10
1781192177.704221,630,135343727,2458,2458,2412,2399,2386,2401,2396,2406,1430,2418,2412,2386,2391,2377,2355,2004,1507,2386,2410,2393,2395,2382,2377,2324,1487,2372,2422,2392,2392,935,924,2263,1511,2415,2372,2431,913,870,872,606,1446,1485,2464,918,868,850,667,600,1402,2499,2366,903,817,621,610,2368,1429,2121,2322,857,960,598,610,2065,255,5,5,5,5,5,5,5,255,5,5,5,5,5,5,5,10,5,5,5,5,5,5,5,5,5,5,5,5,5,5,10,5,5,5,5,5,5,5,255,5,255,255,5,5,5,5,255,10,255,255,5,5,5,5,255,255,255,255,255,5,5,4,255
1781192177.806066,631,135443775,2458,2456,2412,2407,2398,2379,2363,2476,1430,2385,2416,2400,2387,2390,2362,2327,1539,2392,2411,2375,2387,2386,2355,2362,1546,2349,2438,2408,2393,2373,2369,2263,1490,2372,2401,2389,951,897,883,606,1454,1485,2464,2385,869,860,848,2206,1402,2499,2366,899,857,805,2304,2368,1388,2121,2349,884,643,632,612,2065,255,5,5,5,5,5,5,5,255,5,5,5,5,5,5,5,5,5,5,5,5,5,5,5,5,5,5,5,5,5,5,255,5,5,5,5,5,5,5,255,5,255,255,5,5,5,5,10,255,255,255,5,5,5,5,255,10,255,10,255,5,5,5,255
1781192177.906390,632,135545839,2458,2449,2432,2417,2393,2394,2396,2415,1430,2416,2400,2391,2395,2392,2382,2008,1539,2399,2399,2376,2375,2396,2365,2371,1540,2389,2407,2403,2385,2383,2368,2263,1490,2362,2403,2392,955,911,891,606,1459,1485,2421,970,892,866,867,2206,1475,2499,2366,906,855,838,2357,2368,1399,2121,2349,906,741,732,675,2065,255,5,5,5,5,5,5,5,255,5,5,5,5,5,5,5,255,5,5,5,5,5,5,5,5,5,5,5,5,5,5,255,255,5,5,5,5,5,5,255,5,255,10,255,5,5,5,255,10,255,255,5,5,5,5,255,5,255,255,5,5,5,255,255
1781192178.002033,633,135644022,2458,2485,2438,2388,2396,2407,2386,2396,1430,2425,2427,2379,2389,2350,2389,2015,1466,2414,2392,2378,2387,2388,2367,2338,1499,2388,2413,2399,2394,2387,2375,2263,1490,2398,2413,2387,1006,932,2373,606,1491,1485,2394,1081,896,875,860,2139,1408,2499,2366,903,848,830,2311,2368,1399,2121,2353,897,818,792,675,2065,255,5,5,5,5,5,5,5,255,5,5,5,5,5,5,5,10,5,5,5,5,5,5,5,9,5,5,5,5,5,5,255,255,5,5,5,5,5,5,255,5,255,5,9,5,5,5,10,5,255,255,5,5,5,5,255,255,255,10,5,5,5,255,255
1781192178.105703,634,135743727,2551,2441,2425,2385,2392,2398,2396,2390,1430,2398,2412,2415,2394,2388,2360,2121,1466,2387,2407,2397,2383,2385,2350,2349,1533,2388,2407,2404,2382,2381,2378,2263,1490,2396,2413,2391,1027,947,2318,606,1464,1485,2390,980,907,869,868,2310,1455,2499,2366,921,866,835,2294,1765,1451,2121,2353,902,821,795,675,2065,10,5,5,5,5,5,5,5,255,5,5,5,5,5,5,9,255,5,5,5,5,5,5,5,5,255,5,5,5,5,5,255,255,5,255,5,5,5,5,255,5,255,5,255,5,5,5,5,5,255,255,5,5,5,5,10,10,255,255,5,5,5,255,255
1781192178.207046,635,135845083,2551,2444,2426,2426,2387,2366,2399,2448,1430,2402,2410,2400,2398,2352,2411,1999,1466,2382,2401,2421,2379,2371,2375,2350,1476,2406,2412,2396,2387,2378,2380,2263,1490,1914,2433,2390,2347,944,2353,2404,1551,1485,2399,971,907,862,873,2310,1410,2499,2366,911,857,837,2261,1765,1456,2121,2353,885,834,781,675,2065,255,5,5,5,5,5,5,5,255,5,5,5,5,5,5,5,255,5,5,5,5,5,5,5,5,10,5,5,5,5,5,255,255,4,10,5,5,5,5,10,5,255,5,255,5,5,5,255,5,255,255,5,5,5,5,255,5,255,255,5,5,5,255,255
1781192178.305798,636,135943775,2500,2438,2414,2417,2393,2426,2399,2399,1486,2406,2391,2387,2407,2378,2406,1970,1460,2395,2400,2398,2391,2380,2362,2374,1523,2420,2394,2416,2387,2372,2369,2263,1445,2336,2370,2374,964,936,2363,2404,1491,1485,2399,960,894,857,850,2238,1455,2499,2366,915,856,835,2367,1832,1456,2121,2353,875,810,719,675,2065,10,5,5,5,5,5,5,5,10,5,5,5,5,5,5,5,10,5,5,5,5,5,5,5,5,5,5,5,5,5,5,255,10,5,5,5,5,5,5,255,5,255,255,255,5,5,5,10,5,255,255,5,5,5,5,10,255,255,255,5,5,255,255,255
1781192178.404134,637,136043728,2500,2430,2418,2420,2384,2372,2403,2424,1410,2442,2421,2385,2398,2376,2386,2330,1508,2406,2410,2402,2387,2358,2358,2358,1518,2444,2391,2388,2392,2379,2372,2263,1445,2325,2396,2383,949,912,898,2404,1487,1485,2399,947,887,853,858,2238,1561,2499,2366,901,860,829,2249,1832,1456,2121,2353,694,730,627,675,2065,255,5,5,5,5,5,5,5,5,5,5,5,5,5,5,5,5,5,5,5,5,5,5,5,5,5,5,5,5,5,5,255,255,5,5,5,5,5,5,255,5,255,255,255,5,5,5,255,9,255,255,5,5,5,5,255,255,255,255,255,5,5,255,255
1781192178.501710,638,136143955,2500,2439,2404,2379,2391,2394,2396,2415,1410,2397,2397,2420,2363,2373,2339,1981,1527,2413,2410,2389,2388,2375,2365,2361,1459,2357,2395,2394,2383,909,2373,2263,1445,2329,2383,2399,927,886,869,2404,1515,1485,2399,937,878,844,859,2238,1382,2499,2366,903,825,810,2295,1832,1428,2121,2353,694,626,605,646,2113,255,5,5,5,5,5,5,5,255,5,5,5,5,5,5,5,5,5,5,5,5,5,5,5,5,5,5,5,5,5,5,255,255,5,5,5,5,5,5,255,5,255,255,5,5,5,5,255,5,255,255,5,5,5,5,255,10,255,255,255,5,5,10,10
1781192178.605479,639,136243818,2472,2443,2409,2406,2397,2408,2399,2416,1434,2424,2401,2370,2381,2369,2367,1982,1498,2370,2389,2393,2380,2381,2351,2341,1457,2357,2405,2383,2376,897,913,2263,1457,2329,2396,2419,917,873,867,2404,1472,1485,2399,948,874,751,833,2238,1382,2499,2372,910,677,619,605,1832,1448,2121,2353,694,609,587,647,1872,10,5,5,5,5,5,5,5,10,5,5,5,5,5,5,5,5,5,5,5,5,5,5,5,9,255,5,5,5,5,5,255,10,255,5,5,5,5,5,255,5,255,255,5,5,5,5,255,255,255,10,5,5,5,5,255,5,255,255,255,5,5,5,4
1781192178.702000,640,136343727,2524,2443,2429,2426,2387,2407,2382,2404,1434,2430,2398,2380,2307,2368,2393,2181,1498,2354,2393,2408,2380,2371,2378,2329,1493,2389,2402,2371,2379,917,890,882,1457,2306,2414,2411,892,870,837,864,1473,1485,2399,951,887,637,776,2238,1432,2499,2372,918,846,606,600,655,1448,2121,2353,694,1274,618,622,1872,5,5,5,5,5,5,5,5,255,5,5,5,5,5,5,9,255,5,5,5,5,5,5,5,5,10,5,5,5,5,5,10,255,10,5,5,5,5,5,10,5,255,255,5,5,5,5,255,10,255,255,5,9,5,5,255,255,255,255,255,4,255,5,255
1781192178.801680,641,136443775,2524,2442,2438,2415,2378,2377,2389,2387,1434,2433,2405,2411,2375,2390,2365,2323,1483,2371,2405,2393,2385,2378,2376,2325,1485,2389,2396,2386,2389,883,881,898,1457,2385,2366,2392,901,841,678,773,1476,1485,2399,953,893,799,604,597,1359,2250,2372,918,987,636,601,593,1400,2121,2353,694,1295,618,622,1872,255,5,5,5,5,5,5,5,255,5,5,5,5,5,5,5,10,5,5,5,5,5,5,5,5,255,5,5,5,5,5,5,255,5,5,5,5,5,5,5,5,255,255,5,5,9,5,10,5,10,255,255,5,5,5,255,10,255,255,255,5,255,255,255
1781192178.896354,642,136533810,2510,2439,2407,2439,2410,2377,2398,2400,1451,2402,2403,2381,2391,2380,2388,2228,1496,2389,2411,2391,2396,2396,894,2328,1503,2399,2393,2379,930,868,868,896,1623,2329,2371,2348,906,848,621,603,1466,1485,2385,913,906,797,616,596,1461,2250,2407,918,1239,2309,606,645,1389,2121,2353,1750,1310,2319,622,1872,10,5,5,5,5,5,5,5,10,5,5,5,5,5,5,5,5,5,5,5,5,5,5,5,5,10,5,5,5,5,5,5,10,5,5,5,5,5,5,5,5,255,10,5,5,9,5,5,5,255,10,255,4,4,5,255,5,255,255,10,5,10,255,255
1781192178.993249,643,136633763,2510,2436,2421,2404,2410,2394,2392,2411,1400,2414,2386,2400,2387,2377,2346,2324,1496,2403,2392,2382,2398,2396,907,910,1487,2399,2433,2376,911,867,850,855,1519,2338,2384,924,911,860,631,603,1551,1485,2385,1079,906,756,611,605,1461,2250,2407,2400,1239,2408,634,617,1398,2121,2353,1750,1317,2317,622,1872,255,5,5,5,5,5,5,5,5,5,5,5,5,5,5,5,255,5,5,5,5,5,5,5,5,255,5,5,5,5,5,9,5,5,5,5,5,5,5,5,5,255,255,5,5,5,5,5,255,255,255,10,255,5,5,255,5,255,255,255,5,5,255,255
1781192179.096589,644,136733727,2536,2442,2414,2417,2395,2409,2408,2413,1400,2388,2406,2390,2354,2380,2387,1980,1466,2358,2413,2398,2408,2394,900,2353,1530,2428,2413,2419,908,859,852,910,1519,2394,2370,960,900,854,646,605,1504,1485,2397,2341,910,731,623,606,1454,2250,2414,2335,1239,2354,628,579,1429,2121,2353,1062,1138,2374,622,1872,10,5,5,5,5,5,5,5,255,5,5,5,5,5,5,5,10,5,5,5,5,5,5,5,9,10,5,5,5,5,5,5,255,5,5,5,5,5,5,5,5,255,10,5,5,5,5,5,10,255,10,5,255,5,5,255,5,255,255,255,255,5,255,255
1781192179.195951,645,136833810,2536,2434,2421,2388,2373,2405,2374,2407,1529,2383,2399,2380,2404,2380,2400,1982,1521,2399,2398,2420,2381,2382,2385,2373,1543,2365,2415,964,909,872,887,901,1519,2357,2376,946,910,849,688,647,1503,1485,2434,2372,917,716,620,597,1454,2250,2362,1240,1239,644,618,632,1432,2121,2353,905,1138,2354,622,1835,255,5,5,5,5,5,5,5,10,5,5,5,5,5,5,5,5,5,5,5,5,5,5,5,5,5,5,5,5,5,5,5,255,5,5,5,5,5,5,5,5,255,5,5,5,5,5,5,255,255,5,4,255,5,5,5,5,255,255,5,255,5,255,10
1781192179.295733,646,136933751,2536,2452,2411,2404,2396,2388,2365,2411,1490,2430,2413,2401,2426,2375,2376,1964,1521,2408,2399,2412,2377,2378,2383,2337,1481,2365,2383,2409,913,895,884,916,1468,2264,2368,945,901,865,815,866,1435,1485,2434,1225,922,711,616,646,1454,2250,1051,1293,1239,650,611,623,1432,2121,2353,905,1138,2348,622,1835,255,5,5,5,5,5,5,5,5,5,5,5,5,5,5,5,255,5,5,5,5,5,5,5,5,255,5,5,5,5,5,5,10,5,5,5,5,5,5,4,5,255,255,4,5,5,5,5,255,255,4,5,255,5,5,5,255,255,255,255,255,5,255,255
1781192179.396154,647,137033727,2501,2428,2416,2382,2389,2393,2401,2427,1490,2430,2427,2398,2392,2380,2380,1976,1521,2381,2411,2396,2390,2350,2378,2314,1448,2384,2402,2391,936,936,908,916,1547,2364,2383,948,914,868,875,903,1471,1485,2429,929,886,831,631,899,1410,2250,1051,1294,1239,638,622,626,1432,648,733,2400,1138,635,607,1835,10,5,5,5,5,5,5,5,255,5,5,5,5,5,5,5,255,5,5,5,5,5,5,5,5,10,5,5,5,5,5,255,5,5,5,5,5,5,5,5,5,255,10,4,5,5,5,4,10,255,255,5,255,5,5,5,255,10,10,10,255,5,10,255
1781192179.490663,648,137133858,2501,2461,2401,2416,2390,2379,2417,2435,1484,2443,2428,2407,2398,2378,2398,2323,1525,2384,2397,2403,2393,2391,2382,2337,1500,2307,2415,2391,981,2394,2371,916,1547,2374,2389,966,935,905,928,918,1491,1485,2416,945,899,877,845,915,1386,836,1051,1294,827,666,730,626,571,648,733,2411,673,650,625,1835,255,5,5,5,5,5,5,5,10,5,5,5,5,5,5,5,10,5,5,5,5,5,5,5,5,5,5,5,5,5,5,255,255,5,5,5,5,5,5,5,5,255,5,5,5,5,4,5,5,255,255,255,10,5,5,255,10,255,255,5,10,5,5,255
1781192179.593676,649,137233727,2501,2432,2431,2402,2391,2424,2391,2402,1484,2434,2406,2396,2406,2382,2370,1994,1421,2442,2392,2393,2377,2366,2385,2314,1519,2307,2443,2402,2389,2364,2371,2356,1547,2394,2400,1024,992,973,2326,918,1441,1375,1336,976,899,934,899,987,1386,836,1051,2356,882,838,901,934,654,648,733,2411,689,711,650,1835,255,5,5,5,5,5,5,5,255,5,5,5,5,5,5,5,5,5,5,5,5,5,5,5,5,255,5,5,5,5,5,10,255,4,5,5,5,5,4,255,5,10,5,5,5,5,5,255,255,255,255,10,5,5,5,10,5,255,255,255,5,5,5,255
1781192179.695543,650,137333727,2475,2444,2430,2409,2399,2381,2385,2399,1390,2421,2417,2388,2393,2374,2385,2277,1534,2414,2404,2387,2385,2369,2377,2357,1558,2307,2407,2399,2381,2372,2372,2356,1558,2403,2375,1084,2384,1314,2344,918,1450,1375,1228,1014,943,1075,967,2023,844,836,1011,920,909,905,948,936,654,648,733,881,805,882,905,1835,10,5,5,5,5,5,5,5,10,5,5,5,5,5,5,5,5,5,5,5,5,5,5,5,9,255,5,5,5,5,5,255,10,5,5,5,5,4,5,255,5,255,5,5,5,5,5,4,255,255,255,5,5,5,5,255,255,255,255,10,5,5,4,255
1781192179.795351,651,137433976,2475,2465,2419,2398,2408,2404,2356,2396,1481,2424,2435,2403,2385,2379,2391,2000,1534,2362,2412,2397,2373,2389,2403,2359,1488,2426,2388,2379,2387,2365,2366,2356,1522,2365,1113,2374,2378,2345,2342,918,969,1375,1148,1036,1016,2335,2355,2023,844,836,949,941,940,959,1043,936,654,648,733,895,871,913,928,1835,255,5,5,5,5,5,5,5,5,5,5,5,5,5,5,5,255,5,5,5,5,5,5,5,9,10,5,5,5,5,5,255,5,5,255,5,5,5,5,255,4,255,5,5,5,4,4,255,255,255,5,5,5,5,255,255,255,255,255,5,5,5,5,255
1781192179.895216,652,137533727,2475,2463,2390,2402,2366,2380,2387,2393,1481,2402,2394,2370,2377,2367,2365,1990,1542,2428,2411,2406,2377,2387,2373,2353,1514,2376,2395,2401,2368,2361,2366,2356,1522,2274,2403,2377,2372,2358,2306,918,1064,1375,1120,1065,1016,2335,2312,2023,1007,836,991,966,1035,1078,2315,2348,654,648,900,906,893,968,968,1835,255,5,5,5,5,5,5,5,255,5,5,5,5,5,5,5,10,5,5,9,5,5,5,5,5,5,5,5,5,5,5,255,255,5,10,5,5,5,5,255,255,255,9,5,255,255,5,255,255,255,5,5,5,5,4,10,255,255,10,5,5,5,5,255
1781192179.996951,653,137633747,2475,2471,2419,2379,2375,2384,2394,2417,1465,2424,2411,2394,2379,2376,2374,1972,1481,2355,2400,2380,2376,2397,2363,2335,1481,2424,2403,2386,2375,2370,2362,2356,1480,2323,2365,2358,2390,2378,2347,1781,1011,1375,1069,2415,1016,2302,2317,2299,1009,836,1037,1002,1149,1236,2304,2348,654,648,917,937,931,1045,968,1835,255,5,5,5,5,5,5,5,10,5,5,5,5,5,5,5,5,5,5,5,5,5,5,5,5,5,5,5,5,5,5,255,10,5,5,5,5,5,5,10,255,255,255,4,255,10,5,10,255,255,5,5,5,255,5,255,255,255,5,5,5,5,255,255
1781192180.095550,654,137733985,2475,2442,2407,2381,2383,2416,2392,2428,1513,2416,2396,2393,2362,2362,2354,1936,1467,2363,2406,2405,2384,2387,2374,2356,1493,2424,2409,2377,2380,2370,2379,2356,1480,2348,2398,2400,2375,2366,2320,1781,1039,1315,1138,1063,2351,2321,2334,2255,987,836,1024,1048,1356,2349,2321,2348,654,648,940,983,1023,1257,2285,1835,255,5,5,5,5,5,5,5,5,5,5,5,5,5,5,5,5,5,5,5,5,5,5,5,5,255,5,5,5,5,5,255,255,5,5,5,5,5,5,255,5,255,255,255,10,5,5,5,255,255,5,5,4,4,5,255,255,255,5,5,5,4,10,255
1781192180.195845,655,137833727,2528,2436,2420,2401,2363,2429,2353,2390,1513,2427,2408,2393,2398,2361,2383,1980,1467,2365,2397,2412,2379,2365,2372,2318,1452,2388,2388,2412,2374,2350,2372,2356,1480,2345,2431,2411,2346,2357,2341,1781,1380,1315,1138,2407,2379,2334,2334,2249,884,836,1177,1087,1356,2343,2309,2348,654,648,999,1014,1202,1257,2311,2051,10,5,5,5,5,5,5,5,255,5,5,5,9,5,5,5,255,5,5,5,5,5,5,5,5,10,5,5,5,5,5,255,255,5,5,5,5,5,5,255,4,255,255,10,5,5,255,5,255,255,5,5,255,5,5,255,255,255,5,5,5,255,5,10
1781192180.287779,656,137926271,2480,2459,2411,2379,2402,2399,2376,2422,1513,2419,2396,2390,2384,2360,2353,2325,1478,2404,2412,2373,2385,2372,2368,2351,1515,2380,2411,2393,2388,2360,2393,2321,1437,2359,2384,2405,2357,2336,2337,1781,1454,1315,1243,2375,2371,2334,2360,2284,840,836,1241,1114,1356,2381,2291,2348,654,648,1038,1076,1323,2298,2311,2051,5,5,5,5,5,5,5,5,255,5,5,5,5,5,5,5,10,5,5,5,5,5,5,5,5,5,5,5,5,5,5,10,10,5,5,5,5,5,5,255,5,255,10,5,5,255,10,5,5,255,5,5,255,5,5,255,255,255,5,5,5,10,255,255
1781192180.388479,657,138027139,2480,2432,2422,2426,2394,2379,2407,2404,1360,2405,2411,2375,2404,2372,2383,1980,1478,2371,2405,2434,2372,2381,2358,2324,1512,2440,2406,2411,2372,2382,2359,2321,1437,2339,2423,2398,2363,2355,2322,1781,1467,2523,1243,2375,2393,2312,2360,2284,702,836,1281,1202,1356,2381,2278,2321,677,648,1038,1157,1066,2298,2311,2051,255,5,5,5,5,5,5,5,10,5,5,5,5,5,5,5,255,5,5,5,5,5,5,5,5,5,5,5,5,5,5,255,255,5,5,5,5,5,5,255,5,10,255,255,5,10,255,255,5,255,5,5,255,255,5,10,10,255,255,5,5,255,255,255
1781192180.481210,658,138123751,2452,2488,2431,2410,2387,2412,2398,2385,1360,2428,2417,2380,2384,2381,2397,1971,1478,2390,2407,2387,2387,2377,2359,2349,1489,2352,2404,2383,2393,2378,2373,2321,1389,2352,2416,2364,2355,2360,2330,1781,1481,2523,1243,2386,2409,2354,2262,2281,702,836,1262,1268,2349,2285,2328,2321,569,622,1038,1201,1066,2308,2311,2051,10,5,5,5,5,5,5,5,255,5,5,5,5,5,5,5,255,5,5,5,5,5,5,5,5,5,5,5,5,5,5,255,10,5,5,5,5,5,5,255,5,255,255,10,5,5,10,10,255,255,5,5,10,10,5,255,5,10,255,5,255,10,255,255
1781192180.584940,659,138223727,2434,2421,2437,2399,2394,2375,2381,2383,1360,2409,2403,2388,2403,2382,2396,2007,1478,2406,2394,2392,2382,2381,2367,2306,1496,2304,2402,2374,2394,2372,2363,2321,1498,2375,2366,2376,2388,2380,2343,1781,1449,2523,1243,2349,2371,2340,2329,2281,1383,836,1262,1268,2385,2325,2295,2321,569,622,1038,1222,2316,2346,2311,1733,5,5,5,5,5,5,5,5,255,5,5,5,5,5,5,5,255,5,5,5,5,5,5,5,5,5,5,5,5,5,5,255,5,5,5,5,5,5,5,255,5,255,255,5,5,5,5,255,10,255,255,255,5,5,5,255,255,255,255,5,10,5,255,10
1781192180.686811,660,138325884,2442,2425,2420,2418,2390,2418,2394,2377,1484,2403,2409,2389,2368,2377,2388,1970,1429,2351,2396,2397,2384,2350,2377,2345,1493,2304,2385,2390,2398,2389,2351,2321,1498,2375,2435,2380,2358,2351,2356,2314,1436,2328,1243,2349,2357,2329,2311,2281,1438,836,1262,2367,2385,2376,2300,2321,569,622,1038,1036,1249,2279,2311,1733,5,5,5,5,5,5,5,5,10,5,5,5,5,5,5,5,10,5,5,5,5,5,5,5,5,255,5,5,5,5,5,255,255,255,5,5,5,5,5,10,5,10,255,255,5,5,5,255,5,255,255,10,255,5,5,255,255,255,255,5,5,5,255,255
1781192180.786256,661,138423894,2442,2464,2411,2423,2378,2395,2388,2426,1484,2422,2399,2391,2413,2360,2369,1993,1493,2445,2403,2417,2389,2396,2368,2340,1478,2364,2408,2432,2370,2385,2376,2321,1498,2354,2381,2371,2368,2402,2339,2314,1496,2328,1243,2451,2382,2329,2311,2281,1332,836,1262,2350,2385,2376,2281,2321,569,622,1038,1036,1050,2279,2311,1733,255,5,5,5,5,5,5,5,255,5,5,5,5,5,5,5,5,5,5,5,5,5,5,5,5,10,5,5,5,5,5,255,255,10,5,5,5,5,5,255,5,255,255,10,5,255,255,255,5,255,255,5,255,255,5,255,255,255,255,255,5,255,255,255
1781192180.880692,662,138523728,2442,2457,2428,2410,2397,2395,2382,2448,1484,2394,2394,2414,2414,2404,2392,1991,1493,2373,2401,2397,2390,2389,2363,2310,1501,2360,2396,2389,2395,2346,2365,2321,1498,2348,2366,2384,2371,2304,2369,2314,1498,2328,2362,2359,2385,2301,2311,2281,1435,836,2414,2345,2385,2396,2311,2321,569,622,1038,1036,1241,2305,2333,1733,255,5,5,5,5,5,5,5,255,5,5,5,5,5,5,5,255,5,5,5,5,5,5,5,9,5,5,5,5,5,5,255,255,5,5,5,5,5,5,255,5,255,10,5,5,10,255,255,5,255,10,5,255,10,5,255,255,255,255,255,5,10,10,255
1781192180.983834,663,138627007,2442,2426,2407,2403,2368,2395,2397,2411,1444,2383,2396,2392,2391,2371,2356,2020,1493,2337,2424,2416,2385,2369,2362,2347,1482,2360,2405,2383,2371,2357,2341,2321,1469,2389,2395,2413,2367,2406,2342,2314,1486,2328,2381,2409,2376,2349,2316,2285,1480,836,2414,2360,2385,2353,2316,2321,1386,622,1038,1036,1424,2305,2333,1733,255,5,5,5,5,5,5,5,10,5,5,5,5,5,5,5,255,5,5,5,5,5,5,5,5,255,5,5,5,5,5,255,10,255,5,5,5,5,5,255,5,255,5,5,5,5,10,10,5,255,255,5,255,5,5,255,10,255,255,255,9,255,255,255
1781192181.084746,664,138723728,2442,2445,2421,2390,2395,2397,2363,2449,1444,2383,2412,2378,2385,2368,2379,2354,1493,2362,2401,2395,2379,2384,2361,2348,1495,2417,2416,2383,2379,2379,2373,2321,1469,2341,2406,2387,2365,2354,2339,2314,1485,2328,2321,2390,2364,2328,2275,2211,1464,836,2414,2342,2385,2334,2347,2321,1395,622,1038,1036,1661,2305,2333,1733,255,5,5,5,5,5,5,5,255,5,5,5,5,5,5,5,255,5,5,5,5,5,5,5,5,10,5,5,5,5,5,255,255,5,5,5,5,5,5,255,5,255,5,5,5,5,5,5,5,255,255,5,255,5,5,255,5,255,255,255,4,255,255,255
1781192181.185261,665,138823728,2442,2459,2424,2415,2393,2398,2390,2412,1428,2438,2410,2391,2394,2384,2375,1963,1493,2373,2406,2378,2398,2371,2380,2332,1517,2417,2395,2403,2376,2386,2354,2304,1469,2360,2394,2361,2372,2360,2325,2314,1513,2328,2321,2406,2366,2343,2334,2288,1464,836,2414,2359,2385,2334,2315,2321,1395,622,1038,2157,1799,2305,2333,1733,255,5,5,5,5,5,5,5,10,5,5,5,5,5,5,5,255,5,5,5,5,5,5,5,5,255,5,5,5,5,5,10,255,255,5,5,5,5,5,255,5,255,255,5,5,5,5,5,255,255,255,5,255,255,5,255,255,255,255,10,4,255,255,255
1781192181.289917,666,138928530,2442,2447,2411,2422,2405,2427,2402,2445,1428,2436,2402,2404,2374,2366,2366,2007,1428,2370,2405,2379,2397,2391,2375,2340,1493,2458,2397,2391,2379,2372,2374,2304,1481,2301,2411,2383,2377,2339,2334,2314,1466,2328,2371,2368,2405,2344,2337,2238,1464,836,2414,2359,2404,2334,2304,2321,1395,622,1038,2157,2169,2227,2333,1733,255,5,5,5,5,5,5,5,255,5,5,5,5,5,5,5,10,5,5,5,5,5,5,5,5,10,5,5,5,5,5,255,10,5,5,5,5,5,5,255,5,255,10,5,5,5,5,5,255,255,255,255,10,255,5,255,255,255,255,255,4,10,255,255
1781192181.382873,667,139023728,2453,2438,2428,2399,2387,2412,2398,2387,1428,2427,2411,2383,2368,2365,2388,1986,1428,2400,2415,2398,2396,2387,2387,2346,1459,2458,2400,2393,2390,2391,2344,2304,1481,2301,2371,2414,2376,2372,2359,2314,1508,2328,2387,2368,2407,2356,2303,2238,1434,836,2414,2413,2321,2339,2301,2321,1395,2297,1038,2157,2136,2329,2333,1733,10,5,5,5,5,5,5,5,255,5,5,5,5,5,5,5,255,5,5,5,5,5,5,5,5,255,5,5,5,5,5,255,255,255,5,5,5,5,5,255,5,255,5,255,5,5,5,255,10,255,255,10,5,10,5,255,255,10,255,255,5,5,255,255
1781192181.483153,668,139123747,2512,2412,2445,2420,2384,2414,2388,2395,1393,2409,2407,2399,2389,2368,2375,2007,1428,2364,2405,2391,2395,2381,2364,2329,1490,2458,2402,2396,2371,2371,2366,2304,1481,2402,2413,2371,2393,2344,2327,2314,1481,2328,2387,2368,2406,2328,2304,2334,1409,836,2414,2379,2381,2339,2314,2233,1395,2297,1038,2157,2333,2315,2292,1733,5,5,5,5,5,5,5,5,10,5,5,5,5,5,5,5,255,5,5,5,5,5,5,5,5,255,5,5,5,5,5,255,255,255,5,5,5,5,5,255,9,255,255,255,5,5,5,10,5,255,255,5,5,255,5,10,255,255,255,255,5,5,10,255
1781192181.586617,669,139225042,2512,2448,2404,2381,2422,2405,2409,2427,1393,2421,2402,2378,2355,2362,2365,2201,1428,2410,2425,2400,2404,2388,2374,2281,1468,2390,2420,2383,2375,2376,2371,2304,1446,2422,2405,2373,2390,2345,2372,2314,1428,2328,2373,2373,2406,2310,2295,2334,1383,836,2414,2412,2345,2339,2343,2233,1395,2297,1038,2157,2332,2315,2292,1733,255,5,5,5,5,5,5,5,255,5,5,5,5,5,5,5,255,5,5,5,5,5,5,5,5,10,5,5,5,5,5,255,10,4,5,5,5,5,5,255,5,255,10,10,255,5,5,255,5,255,255,5,5,255,5,255,255,255,255,255,5,255,255,255
1781192181.686219,670,139323751,2540,2424,2414,2384,2394,2391,2398,2410,1393,2383,2408,2387,2386,2374,2382,1999,1447,2379,2391,2428,2390,2363,2382,2309,1480,2390,2393,2379,2390,2391,2366,2304,1511,2289,2382,2400,2393,2347,2339,2314,1451,2328,2386,2373,2376,2327,2324,2252,1383,836,2414,2385,2369,2399,2306,2233,1395,2297,2286,2402,2325,2292,2306,1733,10,5,5,5,5,5,5,5,255,5,5,5,5,5,5,5,10,5,5,5,5,5,5,5,5,255,5,5,5,5,5,255,5,4,5,5,5,5,5,255,5,255,5,255,10,5,5,10,255,255,255,5,5,10,5,255,255,255,10,10,5,10,10,255
1781192181.774723,671,139413728,2507,2455,2422,2405,2393,2394,2406,2432,1420,2382,2399,2389,2398,2367,2384,1970,1447,2436,2399,2401,2376,2388,2378,2329,1532,2390,2419,2411,2387,2361,2358,2304,1511,2377,2408,2389,2395,2340,2382,2314,1459,2328,2386,2411,2376,2324,2324,2316,1383,836,2414,2385,2369,2321,2312,2233,1395,2297,2286,2402,2325,2376,2306,1733,5,5,5,5,5,5,5,5,10,5,5,5,5,5,5,5,255,5,5,5,5,5,5,5,5,255,5,5,5,5,5,255,255,5,5,5,5,5,5,255,9,255,255,10,255,5,255,5,255,255,255,255,255,5,5,255,255,255,255,255,255,5,255,255
1781192181.875089,672,139513783,2507,2423,2421,2387,2401,2390,2376,2427,1420,2406,2397,2405,2405,2383,2385,2359,1447,2363,2392,2409,2375,2384,2365,2340,1477,2410,2392,2390,2393,2370,2373,2304,1640,2345,2387,2389,2378,2349,2337,2314,1465,2328,2371,2362,2372,2293,2320,2316,1426,836,2414,2348,2369,2377,2330,2233,1601,2297,2403,2402,2317,2310,2306,1733,255,5,5,5,5,5,5,5,255,5,5,5,5,5,5,5,255,5,5,5,5,5,5,5,5,10,5,5,5,5,5,255,10,5,5,5,5,5,5,255,5,255,10,5,10,5,10,255,10,255,255,10,255,5,5,255,10,255,10,255,10,5,255,255
1781192181.975426,673,139613978,2507,2433,2429,2434,2414,2411,2364,2407,1420,2417,2417,2379,2380,2381,2425,2006,1447,2392,2411,2385,2395,2370,2351,2369,1443,2410,2401,2393,2384,2371,2367,2304,1640,2348,2378,2402,2361,2330,2359,2314,1492,2328,2371,2362,2351,2315,2323,2269,1460,836,2414,2405,2368,2347,2299,2233,1401,2297,2403,2299,2319,2327,2306,1733,255,5,5,5,5,5,5,5,255,5,5,5,5,5,5,5,255,5,5,5,5,5,5,5,5,255,5,5,5,5,5,255,255,5,5,5,5,5,5,255,5,255,255,255,5,5,5,10,5,255,255,5,10,5,5,255,5,255,255,10,5,5,255,255
1781192182.075572,674,139713727,2507,2450,2436,2393,2399,2412,2406,2409,1440,2403,2404,2390,2395,2370,2369,2354,1447,2401,2411,2384,2384,2370,2360,2319,1525,2410,2396,2407,2382,2346,2348,2304,1512,2284,2401,2393,2404,2365,2341,2314,1435,2328,2318,2394,2336,2299,2317,2286,1395,836,2414,2433,2411,2295,2326,2233,1401,2297,2293,2299,2347,2327,2306,1733,255,5,5,5,5,5,5,5,10,5,5,5,5,5,5,5,255,5,5,5,5,5,5,5,5,255,5,5,5,5,5,255,10,5,5,5,5,5,5,255,5,255,10,10,5,5,5,5,5,255,255,5,5,5,5,255,255,255,10,255,5,5,255,255
1781192182.175455,675,139813727,2507,2457,2399,2394,2414,2412,2422,2456,1447,2415,2444,2392,2392,2383,2386,1966,1447,2373,2403,2397,2399,2376,2363,2311,1508,2388,2413,2401,2396,2371,2360,2304,1512,2312,2419,2384,2387,2367,2338,2314,1518,2328,2318,2455,2416,2334,2306,2286,1497,2224,2414,2394,2411,2349,2313,2233,1389,2297,2262,2299,2327,2352,2335,1733,255,5,5,5,5,5,5,5,5,5,5,5,5,5,5,5,255,5,5,5,5,5,5,5,5,10,5,5,5,5,5,255,255,4,5,5,5,5,5,255,5,255,255,5,5,5,5,255,5,10,255,5,255,5,5,255,10,255,5,255,5,5,10,255
1781192182.278396,676,139916091,2460,2465,2416,2401,2381,2358,2406,2428,1447,2433,2413,2381,2372,2381,2390,2282,1447,2412,2404,2400,2381,2371,2365,2325,1461,2427,2392,2377,2381,2370,2360,2304,1534,2406,2385,2395,2367,2351,2320,2314,1429,2328,2318,2455,2380,2321,2334,2278,1497,2224,2376,2394,2319,2375,2300,2233,1389,2297,2262,2299,2310,2339,2335,1733,10,5,5,5,5,5,5,5,255,5,5,5,5,5,5,5,255,5,5,5,5,5,5,5,5,5,5,5,5,5,5,255,10,5,5,5,5,5,5,255,5,255,255,255,5,9,5,10,255,255,10,255,10,5,5,255,255,255,255,255,5,5,255,255
1781192182.374019,677,140013727,2460,2439,2434,2382,2382,2398,2386,2437,1471,2414,2408,2380,2391,2375,2385,1998,1447,2378,2406,2401,2383,2393,2366,2346,1447,2427,2411,2384,2384,2363,2343,2296,1566,2293,2394,2384,2368,2365,2339,2314,1483,2328,2318,2358,2396,2364,2328,2265,1454,2224,2376,2350,2364,2348,2312,2233,1389,2297,2262,2299,2376,2339,2335,1733,255,5,5,5,5,5,5,5,10,5,5,5,5,5,5,5,255,5,5,5,5,5,5,5,9,255,5,5,5,5,5,10,5,9,5,5,5,5,5,255,5,255,255,10,5,5,5,5,10,255,255,10,5,5,5,255,255,255,255,255,5,255,255,255
1781192182.474748,678,140113757,2460,2453,2399,2409,2389,2403,2387,2425,1471,2433,2429,2398,2387,2392,2362,1969,1421,2405,2396,2391,2397,2376,2385,2346,1476,2395,2390,2392,2384,2382,2369,2296,1503,2367,2394,2377,2364,2385,2345,2314,1401,2328,2341,2400,2359,2337,2321,2265,1405,2224,2376,2386,2405,2297,2345,2233,1389,2297,2262,2346,2379,2347,2335,1733,255,5,5,5,5,5,5,5,255,5,5,5,5,5,5,5,10,5,5,5,5,5,5,5,5,10,5,5,5,5,5,255,5,5,5,5,5,5,5,255,9,255,10,5,5,5,5,5,9,255,255,5,5,5,5,255,255,255,255,10,5,10,255,255
1781192182.574466,679,140213814,2515,2455,2425,2411,2391,2401,2373,2402,1471,2409,2390,2380,2365,2363,2360,1985,1487,2363,2399,2436,2392,2364,2373,2367,1447,2434,2401,2405,2377,2370,2371,2373,1503,2289,2407,2380,2389,2314,2350,2314,1443,2328,2326,2400,2364,2373,2309,2150,1442,2224,2376,2355,2386,2297,2321,2233,1389,2297,2262,2346,2334,2304,2335,1733,10,5,5,5,5,5,5,5,255,5,5,5,5,5,5,5,5,5,5,5,5,5,5,5,5,5,5,5,5,5,5,10,255,5,5,5,5,5,5,255,5,255,5,255,5,5,5,9,5,255,255,5,5,255,5,255,255,255,255,255,5,5,255,255
1781192182.670511,680,140313727,2456,2430,2425,2399,2385,2379,2393,2430,1448,2420,2388,2382,2378,2394,2388,2291,1451,2388,2413,2395,2384,2391,2380,2330,1469,2434,2409,2388,2388,2364,2360,2373,1494,2367,2390,2385,2362,2348,2322,2314,1445,2328,2392,2398,2397,2373,2312,2150,1442,2224,2376,2368,2386,2297,2296,2233,1418,2297,2320,2374,2363,2322,2335,1733,5,5,5,5,5,5,5,5,10,5,5,5,5,5,5,5,5,5,5,5,5,5,5,5,5,255,5,5,5,5,5,255,10,5,5,5,5,5,5,255,5,255,5,10,5,255,5,255,255,255,255,5,255,255,5,255,10,255,10,10,5,5,255,255
1781192182.775346,681,140413727,2453,2459,2415,2403,2383,2398,2404,2414,1473,2409,2403,2378,2371,2383,2369,1989,1459,2397,2402,2388,2383,2357,2348,2363,1418,2345,2397,2382,2380,2371,2366,2373,1494,2427,2374,2400,2395,2348,2345,2314,1498,2328,2392,2363,2322,2373,2305,2270,1442,2224,2376,2354,2386,2360,2319,2233,1418,2297,2302,2417,2352,2331,2248,1733,5,5,5,5,5,5,5,5,5,5,5,5,5,5,5,5,5,5,5,5,5,5,5,5,5,10,5,5,5,5,5,255,255,255,5,5,5,5,5,255,5,255,255,5,5,255,5,10,255,255,255,5,255,10,5,255,255,255,5,5,5,5,10,255
1781192182.875047,682,140513811,2453,2446,2424,2384,2373,2389,2393,2399,1473,2404,2403,2369,2399,2369,2374,1977,1459,2369,2395,2391,2415,2368,2358,2338,1510,2359,2428,2406,2372,2376,2361,2373,1494,2332,2377,2425,2391,2356,2344,2314,1465,2328,2392,2346,2385,2325,2315,2287,1442,2224,2376,2354,2371,2370,2327,2233,1448,2297,2302,2316,2377,2331,2302,1733,255,5,5,5,5,5,5,5,255,5,5,5,5,5,5,5,255,5,5,5,5,5,5,5,5,5,5,5,5,5,5,255,255,5,5,5,5,5,5,255,5,255,255,5,5,10,5,5,255,255,255,255,10,5,5,255,10,255,255,5,5,255,5,255
1781192182.975285,683,140613845,2520,2436,2407,2411,2373,2398,2366,2461,1473,2392,2413,2378,2368,2378,2385,1990,1551,2409,2421,2409,2389,2380,2366,2313,1498,2363,2412,2409,2400,2377,2367,2373,1494,2332,2382,2389,2368,2403,2383,2314,1467,2328,2441,2385,2364,2325,2315,2265,1442,2224,2405,2379,2371,2381,2349,2233,1448,2297,2302,2316,2353,2377,2302,1733,10,5,5,5,5,5,5,5,255,5,5,5,5,5,5,5,10,5,5,5,5,5,5,5,5,5,5,5,5,5,5,255,255,255,5,5,5,5,5,255,5,255,10,5,5,255,255,5,255,255,10,10,255,5,5,255,255,255,255,255,5,10,255,255
1781192183.075749,684,140713727,2492,2411,2413,2388,2382,2373,2401,2383,1473,2409,2395,2395,2397,2392,2388,2023,1495,2380,2413,2402,2390,2390,2361,2344,1471,2363,2426,2401,2371,2396,2352,2373,1494,2370,2412,2416,2364,2361,2350,2314,1420,2328,2441,2385,2389,2369,2308,2277,1462,2224,2405,2379,2371,2327,2316,2233,1448,2297,2391,2345,2340,2367,2412,1733,5,5,5,5,5,5,5,5,255,5,5,5,5,5,5,5,5,5,5,5,5,5,5,5,5,255,5,5,5,5,5,255,255,10,5,5,5,5,5,255,9,255,255,255,5,10,10,5,10,255,255,255,255,5,5,255,255,255,10,10,5,5,10,255
1781192183.164767,685,140803969,2492,2455,2414,2419,2398,2405,2409,2406,1473,2398,2419,2391,2386,2364,2370,2337,1495,2393,2391,2390,2374,2376,2373,2345,1496,2403,2399,2396,2385,2386,2376,2373,1494,2370,2369,2397,2378,2383,2343,2314,1498,2328,2377,2360,2369,2332,2334,2332,1411,2224,2405,2379,2319,2323,2353,2233,1448,2297,2391,2345,2368,2360,2412,1733,255,5,5,5,5,5,5,5,255,5,5,5,5,5,5,5,255,5,5,5,5,5,5,5,5,10,5,5,5,5,5,255,255,255,5,5,5,5,5,255,5,255,10,10,5,5,5,5,5,255,255,255,10,5,5,255,255,255,255,255,5,5,255,255
1781192183.264637,686,140903728,2492,2429,2402,2399,2398,2405,2395,2434,1473,2422,2402,2402,2404,2359,2341,1994,1495,2383,2410,2397,2377,2383,2366,2318,1490,2315,2403,2395,2383,2374,2378,2373,1494,2378,2373,2403,2369,2388,2318,2314,1478,2328,2407,2360,2387,2332,2274,2241,1433,2224,2405,2380,2309,2323,2307,2233,1448,2297,2360,2345,2361,2344,2331,1733,255,5,5,5,5,5,5,5,255,5,5,5,5,5,5,5,255,5,5,5,5,5,5,5,5,5,5,5,5,5,5,255,255,10,5,5,5,5,5,255,9,255,5,255,5,255,5,5,5,255,255,10,5,255,5,255,255,255,10,255,5,5,10,255
1781192183.360405,687,141003755,2492,2424,2408,2423,2382,2397,2415,2409,1473,2407,2400,2391,2379,2383,2381,2000,1495,2396,2413,2398,2374,2394,2368,2338,1437,2384,2401,2407,2371,2378,2351,2373,1494,2319,2372,2411,2381,2357,2331,2314,1471,2328,2360,2347,2379,2332,2313,2280,1455,2224,2405,2361,2309,2329,2320,2233,1448,2297,2360,2345,2354,2344,2360,1733,255,5,5,5,5,5,5,5,255,5,5,5,5,5,5,5,255,5,5,5,5,5,5,5,5,5,5,5,5,5,5,255,255,5,5,5,5,5,5,255,5,255,5,10,5,255,5,5,5,255,255,5,255,10,5,255,255,255,255,255,5,255,5,255
1781192183.463614,688,141106767,2492,2435,2415,2393,2385,2376,2398,2392,1442,2358,2408,2386,2382,2368,2367,1977,1495,2387,2399,2380,2376,2375,2371,2324,1471,2384,2394,2395,2395,2371,2377,2373,1494,2382,2377,2406,2395,2344,2343,2314,1507,2328,2360,2411,2353,2287,2328,2280,1455,2224,2405,2361,2370,2354,2284,2233,1423,2297,2360,2334,2354,2323,2368,1733,255,5,5,5,5,5,5,5,10,5,5,5,5,5,5,5,255,5,5,5,5,5,5,5,9,255,5,5,5,5,5,255,255,5,5,5,5,5,5,255,5,255,255,5,5,10,5,255,255,255,255,255,10,5,5,255,10,255,255,10,255,10,5,255
1781192183.561953,689,141203728,2492,2466,2430,2397,2404,2382,2381,2383,1404,2409,2413,2400,2374,2376,2368,1956,1520,2432,2415,2376,2402,2379,2363,2340,1494,2362,2384,2412,2376,2368,2357,2373,1494,2393,2381,2407,2356,2344,2336,2314,1490,2328,2397,2368,2362,2287,2289,2280,1455,2224,2405,2361,2370,2354,2309,2233,1423,2297,2360,2334,2310,2372,2368,1733,255,5,5,5,5,5,5,5,5,5,5,5,5,5,5,5,10,5,5,5,5,5,5,5,5,10,5,5,5,5,5,255,255,255,5,5,5,255,5,255,5,255,10,5,5,255,5,255,255,255,255,255,255,255,5,255,255,255,255,255,10,5,255,255
1781192183.662863,690,141303727,2492,2427,2421,2409,2395,2418,2412,2412,1453,2418,2402,2399,2386,2371,2383,2339,1520,2404,2394,2418,2404,2381,2369,2301,1496,2397,2381,2402,2388,2392,2358,2373,1539,2425,2373,2391,2386,2371,2335,2314,1451,2328,2397,2383,2362,2357,2312,2210,1404,2224,2341,2361,2406,2370,2289,1775,1362,2297,2360,2339,2307,2372,2368,1733,255,5,5,5,5,5,5,5,5,5,5,5,5,5,5,5,255,5,5,5,5,5,5,5,5,5,5,5,5,5,5,255,10,5,5,5,5,10,5,255,5,255,255,5,255,10,5,10,10,255,10,255,10,10,5,10,10,255,255,10,5,255,255,255
1781192183.766770,691,141406385,2538,2431,2425,2433,2387,2416,2405,2419,1453,2427,2426,2401,2391,2388,2353,2295,1503,2430,2414,2391,2386,2361,2365,2313,1441,2369,2427,2402,2375,2358,2374,2373,1539,2390,2410,2403,2378,2375,2316,2314,1525,2328,2385,2333,2387,2333,2351,2210,1391,2224,2341,2378,2345,2351,2253,1775,1362,2297,2360,2356,2349,2372,2368,1733,10,5,5,5,5,5,5,5,255,5,5,5,5,5,5,5,10,5,5,5,5,5,5,5,5,5,5,5,5,5,5,255,255,5,5,5,5,5,5,255,5,255,10,5,10,5,5,255,5,255,255,10,5,5,5,255,255,255,255,5,5,255,255,255
1781192183.862294,692,141503731,2538,2433,2422,2412,2405,2386,2402,2382,1453,2389,2404,2413,2395,2390,2379,1966,1503,2371,2392,2395,2385,2365,2361,2296,1489,2369,2394,2383,2379,2374,2375,2373,1539,2391,2408,2376,2369,2347,2343,2314,1492,2328,2403,2414,2381,2320,2329,2214,1391,2224,2341,2356,2345,2330,2319,1775,1362,2297,2360,2350,2330,2352,2350,1733,255,5,5,5,5,5,5,5,255,5,5,5,5,5,5,5,255,5,5,5,5,5,5,5,5,255,5,5,5,5,5,255,255,5,5,5,5,5,5,255,5,255,5,5,5,5,5,10,255,255,255,5,255,5,5,255,255,255,255,5,5,10,10,255
1781192183.965108,693,141603728,2538,2442,2412,2399,2416,2375,2415,2415,1453,2401,2382,2388,2398,2377,2376,2251,1477,2380,2393,2397,2369,2370,2364,2243,1457,2369,2420,2389,2388,2372,2368,2373,1539,2404,2426,2385,2375,2339,2364,2314,1435,2328,2403,2414,2374,2355,2319,2214,1391,2224,2341,2341,2345,2344,2271,1775,1362,2297,2360,2350,2305,2352,2285,1733,255,5,5,5,5,5,5,5,255,5,5,5,5,5,5,5,10,5,5,5,5,5,5,9,5,255,5,5,5,5,5,255,255,5,5,5,5,5,5,255,9,255,255,255,5,5,5,255,255,255,255,5,255,5,5,255,255,255,255,255,5,255,5,255
1781192184.067902,694,141705789,2538,2458,2440,2415,2384,2385,2400,2421,1382,2422,2398,2382,2389,2374,2378,1964,1477,2395,2398,2381,2383,2373,2372,2147,1493,2369,2405,2390,2399,2364,2378,2373,1571,2420,2407,2389,2372,2366,2345,2314,1460,2328,2381,2399,2375,2337,2315,2214,1415,2224,2330,2374,2345,2344,2306,1775,1362,2297,2360,2324,2305,2324,2285,1710,255,5,5,5,5,5,5,5,10,5,5,5,5,5,5,5,255,5,5,5,5,5,5,5,5,255,5,5,5,5,5,255,10,5,5,5,5,5,5,255,5,255,10,10,5,5,5,255,10,255,10,5,255,255,5,255,255,255,255,10,255,10,255,10
1781192184.160344,695,141803728,2520,2462,2405,2394,2404,2386,2382,2412,1382,2414,2395,2381,2417,2391,2347,2016,1470,2380,2395,2414,2398,2385,2369,2338,1506,2341,2417,2378,2378,2410,2368,2373,1571,2298,2389,2386,2384,2365,2323,2314,1429,2328,2432,2373,2380,2345,2288,2270,1494,2224,2330,2421,2345,2344,2325,1775,1362,2297,2360,2324,2207,2324,2271,1710,10,5,5,5,5,5,5,5,255,5,5,5,5,5,5,5,10,5,5,5,5,5,5,5,5,10,5,5,5,5,5,255,255,255,5,5,5,5,5,255,5,255,5,5,5,5,5,10,5,255,255,5,255,255,5,255,255,255,255,255,10,255,10,255
1781192184.264109,696,141903728,2411,2467,2437,2415,2389,2414,2415,2441,1382,2418,2394,2392,2350,2385,2356,1976,1477,2380,2405,2408,2385,2377,2354,2352,1507,2341,2389,2390,2391,2375,2356,2373,1571,2403,2399,2406,2380,2343,2331,2314,1449,2328,2432,2373,2347,2340,2289,2270,1447,2224,2356,2373,2345,2344,2296,2302,1382,2297,2360,2324,2191,2308,2271,1710,5,5,5,5,5,5,5,5,255,5,5,5,5,5,5,5,5,5,5,5,5,5,5,5,5,255,5,5,5,5,5,255,255,5,5,5,5,5,5,255,5,255,255,255,5,5,5,255,9,255,10,5,255,255,5,10,10,255,255,255,5,10,255,255
1781192184.368441,697,142007030,2411,2443,2422,2406,2382,2401,2397,2406,1382,2402,2414,2396,2376,2378,2368,1978,1519,2370,2412,2396,2384,2379,2376,2336,1531,2390,2377,2401,2380,2374,2369,2373,1571,2406,2360,2384,2381,2354,2344,2314,1442,2328,2432,2414,2392,2359,2323,2265,1429,2224,2356,2371,2342,2344,2338,2302,1350,2297,2360,2324,1984,2339,2271,1710,255,5,5,5,5,5,5,5,255,5,5,5,5,5,5,5,5,5,5,5,5,5,5,5,5,10,5,5,5,5,5,255,255,255,5,5,5,5,5,255,5,255,255,10,5,5,5,10,5,255,255,5,10,255,5,255,5,255,255,255,4,5,255,255
1781192185.763669,698,143403814,2497,2445,2406,2398,2385,2412,2376,2411,1429,2402,2400,2416,2355,2382,2398,1941,1707,2378,2396,2389,2395,2364,2366,2322,1491,2414,2406,2413,2392,2374,2367,2373,1364,2375,2413,2412,2381,2374,2339,2275,1486,2328,1359,1316,2345,1108,2263,2243,801,2224,1324,1267,1085,1048,2297,2302,1350,680,1229,692,967,915,908,1710,6,6,6,6,6,6,6,6,6,6,6,6,6,6,6,6,255,6,6,6,6,6,6,6,6,6,6,6,6,6,6,255,255,6,6,6,6,6,6,6,6,255,6,6,6,6,6,6,6,255,6,6,6,6,6,255,255,255,6,6,6,6,6,255
1781192185.864164,699,143503731,2497,2444,2411,2406,2396,2386,2423,2409,1470,2386,2402,2391,2374,2365,2369,1992,1707,2378,2415,2388,2391,2374,2367,2348,1496,2399,2413,2378,2379,2368,2361,2340,1473,2392,2367,2413,2358,2342,2336,1830,1444,2328,1359,1276,1248,985,2276,2216,801,2224,1326,1076,941,937,2297,2302,1350,680,666,660,896,864,908,2036,255,5,5,5,5,5,5,5,5,5,5,5,5,5,5,5,255,5,5,5,5,5,5,5,5,5,5,5,5,5,5,10,10,5,5,5,5,5,5,4,5,255,255,5,4,5,5,5,255,255,5,5,5,5,255,255,255,255,4,5,5,5,255,10
1781192185.964086,700,143603810,2497,2427,2380,2411,2396,2386,2403,2399,1470,2403,2435,2380,2383,2370,2347,1970,1707,2398,2410,2393,2389,2395,2374,2347,1502,2399,2397,2409,2393,2383,2365,2340,1465,2331,2392,2375,2383,2365,2345,1830,1397,2328,1321,1353,1025,936,2289,2219,954,2224,651,933,890,912,2325,2302,1350,680,624,616,853,2328,2331,2036,255,5,5,5,5,5,5,5,255,5,5,5,5,5,5,5,255,5,5,5,5,5,5,5,5,255,5,5,5,5,5,255,5,5,5,5,5,5,5,255,5,255,10,5,4,5,5,5,255,255,4,5,5,5,10,255,255,255,5,5,5,4,10,255
1781192186.064848,701,143703727,2497,2449,2427,2410,2403,2389,2401,2382,1423,2421,2402,2392,2391,2370,2367,1961,1707,2401,2415,2415,2375,2386,2377,2341,1516,2403,2406,2400,2379,2389,2376,2164,1460,2408,2392,2399,2424,984,2339,1830,1399,2328,1321,910,934,894,2336,2219,954,656,624,792,870,869,2358,2302,1350,608,605,606,831,2337,2331,2036,255,5,5,5,5,5,5,5,10,5,5,5,5,5,5,5,255,5,5,5,5,5,5,5,5,10,5,5,5,5,5,10,5,255,255,5,5,5,5,255,5,255,255,5,5,5,5,255,255,10,5,5,5,5,5,255,255,255,5,5,5,5,255,255
1781192186.165286,702,143803727,2481,2446,2411,2399,2388,2398,2385,2430,1423,2415,2397,2405,2405,2392,2391,2308,1707,2363,2401,2409,2393,2373,2382,2313,1513,2422,2416,2401,2374,2372,2364,2164,1460,2351,2402,1259,921,922,2328,1830,1481,676,667,801,893,888,2270,2233,954,614,593,643,834,850,2320,2302,1350,701,603,599,638,2330,2331,2036,10,5,5,5,5,5,5,5,255,5,5,5,5,5,5,5,255,5,5,5,5,5,5,5,5,5,5,5,5,5,5,255,255,5,10,5,5,5,5,255,5,255,10,9,5,5,5,10,255,5,5,5,5,255,5,255,255,255,5,5,255,5,255,255
1781192186.264867,703,143903810,2481,2469,2429,2435,2409,2412,2415,2395,1477,2410,2383,2381,2375,2374,2409,1995,1707,2381,2399,2375,2400,2368,2383,2351,1470,2398,2411,2427,2411,921,2353,2164,1460,2305,668,896,895,916,2330,1830,1433,626,620,618,869,2355,2342,2233,954,608,596,607,762,2371,2320,2302,1350,701,603,901,2406,2363,2283,2074,255,5,5,5,5,5,5,5,10,5,5,5,5,5,5,5,255,5,5,5,5,5,5,5,5,5,5,5,5,5,5,255,255,5,4,4,5,5,5,255,5,5,5,5,5,5,5,255,255,5,5,5,5,4,255,255,255,255,5,4,4,5,10,10
1781192186.364581,704,144003759,2481,2425,2407,2408,2406,2431,2429,2444,1398,2403,2416,2383,2391,2370,2334,1980,1485,2408,2408,2359,2424,2398,2359,2306,1537,2340,2386,880,924,909,2365,2164,1460,609,615,689,867,877,2331,1830,1438,619,606,607,832,892,2331,2278,870,608,597,636,867,2330,2294,2302,1350,701,603,901,2316,2360,2301,2074,255,5,5,5,5,5,5,5,5,5,5,5,5,5,5,5,10,5,5,5,5,5,5,5,5,5,5,5,5,5,5,255,255,255,5,4,5,5,5,255,5,5,5,5,5,5,5,10,10,255,5,5,5,5,10,255,255,255,255,255,5,5,5,255
1781192186.460084,705,144103727,2481,2440,2406,2438,2415,2379,2380,2454,1494,2413,2398,2398,2408,2378,2403,2152,1485,2415,2426,2429,920,2365,2363,2349,1510,2340,2398,672,900,897,2366,2312,1453,616,601,616,841,874,2339,1830,1429,655,606,708,832,890,2294,2216,775,608,597,871,882,2330,2294,2302,1350,701,603,2386,2321,2353,2301,2074,255,5,5,5,5,5,5,5,5,5,5,5,5,5,5,9,255,5,5,5,5,5,5,5,5,255,5,4,5,5,5,10,10,5,5,5,9,5,5,255,5,5,5,5,5,5,5,5,5,255,255,5,5,255,255,255,255,255,255,10,5,5,255,255
1781192186.551606,706,144193818,2521,2425,2420,2425,2403,2384,2385,2407,1494,2441,2407,2410,2409,2382,2372,2334,1521,2392,2428,908,913,2388,2361,2316,1477,2340,599,644,880,882,2363,2312,1500,625,605,617,843,857,2313,1830,1524,655,631,776,859,884,2297,2295,775,850,597,861,878,890,2340,2319,667,623,603,2386,2337,2350,2354,2074,10,5,5,5,5,5,5,5,255,5,5,5,5,5,5,5,10,5,5,5,5,5,5,5,5,255,5,5,5,5,5,255,5,5,5,5,5,5,5,255,5,255,5,9,5,5,5,5,255,10,255,5,5,10,10,10,10,255,255,255,5,5,10,255
1781192186.655119,707,144293727,2521,2421,2416,2389,2385,2381,2387,2413,1440,2416,2429,917,2426,2385,2350,1970,1471,2392,2418,896,890,2392,2385,2292,1475,2340,594,610,849,874,2380,2312,1500,626,605,620,827,860,2321,1830,1534,655,621,674,857,880,2286,2317,1401,850,597,1253,889,943,2309,2319,564,620,603,2386,2337,2366,2354,2074,255,5,5,5,5,5,5,5,10,5,5,5,5,5,5,5,5,255,5,5,5,5,5,5,5,255,5,5,5,5,5,255,255,5,5,5,5,5,5,255,5,255,5,5,5,5,5,5,10,255,255,4,5,5,5,255,5,5,255,255,255,5,255,255
1781192186.752639,708,144394157,2383,2435,2426,2404,2384,2394,2395,2417,1440,2392,2407,2404,2400,2376,2360,1985,1422,2374,778,892,885,2385,2374,2371,1444,2340,605,611,848,870,2369,2312,1502,627,606,627,834,851,2359,1830,1520,655,601,629,863,883,2300,2165,1401,850,1041,1305,972,940,2326,2319,1438,620,603,914,2322,2366,2354,2074,10,5,5,5,5,5,5,5,255,5,5,5,5,5,5,5,5,10,9,5,5,5,5,5,5,255,5,5,5,5,5,255,10,255,5,5,5,5,5,255,5,255,5,5,5,5,9,5,255,255,10,5,9,5,5,255,4,255,255,255,10,255,255,255
1781192186.855040,709,144493977,2383,2452,2439,2408,2390,2389,2416,2427,1440,2400,2397,2404,2363,2378,2367,1999,1525,2394,2417,891,889,2374,2357,2369,1531,2340,597,657,842,849,2357,2312,1502,631,598,614,804,853,2357,1830,1460,655,637,634,862,867,2328,2256,1401,850,1041,1305,874,917,2309,2319,1438,620,603,914,2367,2354,2354,2074,255,5,5,5,5,5,5,5,255,5,5,5,5,5,5,9,5,5,5,5,5,5,5,5,5,255,5,5,5,5,5,255,255,255,5,5,9,5,5,255,5,255,5,5,5,5,5,5,255,255,255,255,5,255,5,255,255,255,255,255,5,10,255,255
1781192186.953973,710,144593727,2540,2448,2419,2403,2401,2427,2381,2467,1456,2417,2411,2388,2389,2390,2366,1983,1516,2399,916,902,879,2389,2367,2359,1496,2340,621,708,843,858,2363,2304,1502,630,610,614,799,857,2311,1830,1400,655,606,622,828,867,969,2263,1531,850,1041,1305,874,917,2298,2319,1438,620,603,1069,2367,2354,2354,2067,10,5,5,5,5,5,5,5,10,5,5,5,5,5,5,5,5,5,5,5,5,5,5,5,5,255,5,5,5,5,5,10,255,255,5,5,5,5,5,255,5,255,5,5,5,5,4,5,10,255,255,255,255,255,5,255,10,255,255,10,255,255,255,10
1781192187.055101,711,144693728,2540,2458,2404,2408,2383,2381,2393,2444,1456,2411,2388,2393,2369,2369,2363,2298,1474,2351,912,884,873,2378,2371,2340,1522,2418,640,789,851,862,2385,2304,1502,629,614,622,767,851,2354,1830,1504,655,613,609,803,874,951,2263,1531,850,1041,624,874,2332,2305,2319,1438,620,603,1069,1175,2277,2354,2067,255,5,5,5,5,5,5,5,255,5,5,5,5,5,5,5,5,5,5,5,5,5,5,5,5,10,5,9,5,5,5,255,255,255,5,5,9,5,5,255,5,255,5,5,5,5,255,255,255,255,255,255,255,10,5,255,255,255,255,255,10,10,255,255
1781192187.151549,712,144794064,2509,2455,2425,2404,2406,2384,2390,2418,1456,2425,2442,2398,2386,2383,2403,1951,1474,2395,920,884,893,2373,2354,2320,1457,2363,753,872,859,888,2360,2304,1471,629,613,609,776,867,2362,1830,1477,655,601,614,777,874,913,2263,1448,850,608,599,671,904,2321,2319,1438,620,603,1069,1262,2297,2354,2159,10,5,5,5,5,5,5,5,255,5,5,5,5,5,5,5,255,5,5,5,5,5,5,5,5,5,5,5,5,5,5,255,10,255,5,5,9,5,5,255,5,255,5,5,5,5,5,255,10,255,255,5,10,9,5,255,255,255,255,255,5,5,255,10
1781192187.250539,713,144894114,2509,2452,2429,2391,2405,2384,2386,2426,1456,2426,2413,2401,2392,2370,2382,1978,1489,2363,2388,893,906,2363,2347,2346,1528,2401,902,889,863,879,2375,2403,1471,2381,652,637,773,856,2372,1830,1422,655,600,610,695,878,871,2263,1427,850,608,604,671,862,2316,2319,1438,620,603,1069,1349,1300,2354,2159,255,5,5,5,5,5,5,5,255,5,5,5,5,5,5,5,10,5,5,5,5,5,5,5,5,5,5,5,5,5,5,10,255,10,5,5,5,5,5,255,9,255,5,5,5,5,5,255,5,255,255,5,5,5,5,255,255,255,255,255,5,4,255,255
1781192187.352925,714,144996223,2509,2455,2426,2402,2398,2385,2377,2417,1456,2413,2403,2394,2402,2385,2394,2011,1489,2404,2421,914,2390,2388,2352,2354,1574,2271,916,912,885,2414,2354,2331,1471,2382,944,794,850,873,2329,1830,1511,655,624,610,660,875,880,2211,1427,850,621,612,609,884,2361,1834,1376,620,603,637,1347,1248,2354,2159,255,5,5,5,5,5,5,5,255,5,5,5,5,5,5,5,255,5,5,5,5,5,5,5,5,5,5,5,5,5,5,5,255,5,4,9,5,5,5,255,5,255,5,5,5,5,5,10,255,255,10,5,5,5,5,10,10,255,255,10,5,5,255,255
1781192187.455457,715,145097496,2509,2453,2412,2408,2407,2391,2369,2389,1456,2428,2394,2383,2392,2364,2377,1979,1489,2396,2414,2373,2406,2384,2371,2330,1542,2271,924,922,898,2382,2368,2331,1471,2382,896,879,858,889,2357,1830,1458,655,644,806,694,857,2316,2211,1427,850,658,604,607,854,2334,1834,1420,620,603,627,628,1245,2354,2159,255,5,5,5,5,5,5,5,255,5,5,5,5,5,5,5,255,5,5,5,5,5,5,5,9,255,5,5,5,5,5,255,255,255,5,5,5,5,5,255,5,255,255,5,5,5,5,255,255,255,5,5,5,5,5,255,5,255,255,5,4,5,255,255
1781192187.550722,716,145193727,2509,2471,2427,2428,2395,2396,2399,2371,1464,2422,2415,2381,2384,2382,2351,2027,1552,2374,2413,2429,2388,2369,2362,2360,1545,2271,919,925,909,2368,2368,2339,1471,2382,906,895,874,887,2363,1830,1493,655,2321,862,834,873,2336,2211,1427,850,658,624,633,837,908,1834,1420,620,604,600,610,709,2354,2159,255,5,5,5,5,5,5,5,10,5,5,5,5,5,5,5,10,5,5,5,5,5,5,5,5,255,5,5,5,5,5,10,255,10,5,5,5,5,5,255,5,255,4,5,5,5,5,255,10,255,255,5,5,9,5,255,255,255,255,5,5,5,255,255
1781192187.650355,717,145293727,2509,2457,2438,2398,2405,2436,2380,2425,1415,2430,2412,2381,2402,2388,2352,2168,1552,2374,2406,2377,2380,2378,2366,2337,1506,2271,2407,2398,2393,2374,2341,2339,1445,2360,909,907,885,2363,2321,1830,1451,655,863,867,846,865,2360,2211,1424,850,658,754,775,853,872,1834,1428,620,604,617,610,719,2354,2159,255,5,5,5,5,5,5,5,5,5,5,5,5,5,5,5,255,5,5,5,5,5,5,5,5,255,5,5,5,5,5,255,10,5,5,5,5,4,5,255,5,255,4,5,5,5,5,255,5,255,255,5,5,5,5,255,10,255,255,5,5,5,255,255
1781192187.752785,718,145396189,2509,2445,2396,2413,2415,2413,2375,2403,1444,2407,2404,2406,2391,2384,2400,2351,1552,2372,2414,2392,2390,2388,2371,2323,1506,2271,2426,2395,2398,2370,2374,2302,1445,2377,935,929,909,2408,2324,1830,1438,655,896,883,868,883,2360,2280,1488,850,2397,854,825,865,2293,1834,1419,1869,604,662,625,806,2354,2159,255,5,5,5,5,5,5,5,5,5,5,5,5,5,5,5,255,5,5,5,5,5,5,5,5,255,5,5,5,5,5,10,255,5,5,5,5,5,5,255,5,255,5,5,5,5,5,10,5,255,10,5,5,5,5,255,5,10,255,5,5,9,255,255
1781192187.850652,719,145493731,2509,2438,2411,2411,2392,2400,2391,2405,1444,2435,2418,2380,2390,2364,2371,1949,1552,2411,2387,2371,2389,2385,2360,2320,1578,2271,2411,2391,2396,2387,2352,2374,1504,2416,2402,937,939,2363,2329,1830,1449,655,879,887,865,894,2288,2261,1422,850,2397,861,840,872,911,1834,1360,1869,2392,732,676,827,883,2084,255,5,5,5,5,5,5,5,255,5,5,5,5,5,5,5,255,5,5,5,5,5,5,5,5,255,5,5,5,5,5,5,10,5,5,5,5,5,5,255,5,255,5,5,5,5,5,5,5,255,255,5,5,5,5,255,5,255,10,255,5,5,255,10
1781192187.941365,720,145583727,2509,2455,2420,2396,2403,2387,2396,2432,1473,2444,2415,2405,2386,2373,2369,1955,1505,2322,2422,2406,2375,2388,2372,2344,1497,2271,2382,2377,2396,2376,2370,2374,1504,2385,2444,944,987,2373,2331,1830,1446,655,915,893,873,914,2332,2282,1459,850,2397,864,845,869,2320,1834,1439,1869,2392,732,743,846,2257,2084,255,5,5,5,5,5,5,5,10,5,5,5,5,5,5,5,10,5,5,5,5,5,5,5,5,255,5,5,5,5,5,255,255,5,5,5,5,5,5,255,5,255,5,5,5,5,5,5,5,255,255,5,5,5,5,255,5,255,255,255,5,5,4,255
1781192188.043739,721,145685726,2447,2450,2430,2438,2408,2400,2407,2409,1473,2444,2377,2416,2381,2387,2383,2379,1505,2381,2396,2392,2408,2378,2368,2337,1504,2387,2403,2394,2384,2353,2368,2374,1504,2109,2351,951,964,2365,2342,1830,1481,655,897,899,890,924,2283,2211,1467,850,2397,866,849,873,909,1834,1439,1869,2392,825,786,844,903,2084,10,5,5,5,5,5,5,5,255,5,5,5,5,5,5,5,255,5,5,5,5,5,5,5,5,10,5,5,5,5,5,255,255,4,5,5,5,5,5,255,5,255,255,5,5,5,5,5,5,255,255,5,5,5,255,255,255,255,255,255,5,5,5,255
1781192188.145258,722,145783727,2447,2462,2381,2409,2398,2411,2389,2427,1473,2421,2414,2398,2378,2383,2374,2015,1544,2397,2408,2419,2383,2384,2375,2327,1519,2416,2373,2406,2391,2371,2364,2374,1504,2400,2370,975,988,2350,2364,1830,1462,655,901,912,908,916,2331,2211,1416,850,2397,863,854,871,2336,1834,1439,1869,2392,851,796,847,908,2084,255,5,5,5,5,5,5,5,255,5,5,5,5,5,5,9,10,5,5,5,5,5,5,5,5,5,5,5,5,5,5,255,255,4,5,5,5,5,5,255,5,255,255,5,5,5,5,255,5,255,255,5,5,5,10,255,255,255,255,255,5,5,5,255
1781192188.245958,723,145883755,2447,2444,2428,2381,2414,2386,2396,2440,1473,2407,2416,2395,2385,2360,2390,2227,1544,2362,2403,2432,2395,2378,2364,2313,1524,2395,2381,2394,2401,2370,2371,2374,1504,2354,2387,972,1020,2346,2327,2290,1490,655,867,898,902,923,2305,2211,1324,850,2397,866,843,868,2283,1834,1439,1869,2302,851,810,849,872,2259,255,5,5,5,5,5,5,5,255,5,5,5,5,5,5,4,255,5,5,5,5,5,5,5,5,5,5,5,5,5,5,255,255,5,5,5,5,5,5,10,5,255,255,5,5,5,5,255,5,255,255,5,5,5,5,255,255,255,10,255,5,5,255,10
1781192188.354100,724,145992952,2447,2441,2419,2412,2390,2383,2404,2440,1438,2449,2407,2402,2380,2375,2360,2376,1544,2410,2412,2411,2396,2368,2358,2344,1464,2411,2411,2396,2383,2387,2376,2374,1579,2365,2391,978,951,2362,2355,2290,1519,655,889,899,905,910,2341,2220,1324,850,2397,867,846,879,2273,1777,1414,1869,2302,851,805,844,904,2259,255,5,5,5,5,5,5,5,10,5,5,5,5,5,5,5,255,5,5,5,5,5,5,5,9,5,5,5,5,5,5,255,10,5,5,5,5,5,5,255,5,255,255,5,5,5,5,10,255,255,255,5,5,5,5,10,10,255,255,255,5,5,255,255
1781192188.446492,725,146083771,2455,2463,2425,2405,2431,2398,2384,2395,1554,2412,2370,2390,2370,2384,2379,2004,1544,2389,2402,2386,2390,2375,2362,2316,1464,2411,2403,2394,2407,2380,2352,2374,1579,2348,2453,937,924,2323,2333,2290,1448,655,897,889,893,878,2310,2283,1461,850,2397,873,845,865,2312,1777,1422,1869,2302,654,773,816,857,2259,10,5,5,5,5,5,5,5,5,5,5,5,5,5,5,5,255,5,5,5,5,5,5,5,5,255,5,5,5,5,5,255,255,5,5,5,5,5,5,255,5,255,255,5,5,5,5,5,10,255,255,5,5,5,5,255,5,255,255,10,5,5,255,255
1781192188.540090,726,146183727,2530,2452,2424,2414,2399,2404,2405,2417,1554,2419,2407,2413,2382,2381,2380,2068,1477,2404,2408,2388,2379,2374,2366,2380,1428,2405,2415,941,2392,2388,2361,2248,1511,2331,2382,916,903,2391,2325,2290,1475,655,897,870,867,865,2352,2283,1388,850,2397,826,802,866,2237,1777,1325,1869,2302,605,628,806,2355,2259,5,5,5,5,5,5,5,5,255,5,5,5,5,5,5,5,10,5,5,5,5,5,5,5,5,10,5,5,5,5,5,10,10,5,5,5,5,5,5,255,5,255,255,5,5,5,5,255,5,255,255,5,5,5,5,255,5,255,255,5,5,9,4,255
1781192188.644463,727,146283727,2530,2458,2417,2392,2411,2394,2405,2419,1554,2443,2386,2392,2399,2362,2385,2057,1477,2374,2400,2405,2399,2379,2370,2370,1458,2405,2419,912,931,891,2379,2248,1511,2391,2409,904,873,888,2337,2290,1473,655,2411,625,863,847,2324,2283,1397,850,619,609,614,857,2336,1777,1325,1869,632,616,597,944,895,2259,255,5,5,5,5,5,5,5,255,5,5,5,5,5,5,5,255,5,5,5,5,5,5,5,5,255,5,5,5,5,5,255,255,255,5,5,5,5,5,255,5,255,10,4,5,5,5,255,5,255,10,4,5,5,5,255,255,255,10,5,5,5,255,255
1781192188.748497,728,146387207,2530,2443,2415,2399,2410,2420,2377,2427,1463,2401,2393,2395,2378,2375,2368,2020,1430,2401,2406,2395,920,2384,2388,2366,1509,2405,2401,632,902,904,2363,2248,1511,2391,617,642,700,887,2350,2290,1532,655,623,629,659,864,2288,2283,1456,850,619,628,885,890,2295,1777,1412,1869,632,616,921,2314,895,2259,255,5,5,5,5,5,5,5,10,5,5,5,5,5,5,5,10,5,5,5,5,5,5,5,5,255,5,4,5,5,5,255,255,255,4,4,5,5,5,255,5,255,4,5,4,5,5,255,5,255,255,5,4,5,5,255,10,255,255,255,4,4,255,255
1781192188.843204,729,146483771,2530,2468,2415,2395,2380,2389,2378,2397,1463,2412,2393,646,2413,2402,2394,1986,1430,2403,2440,634,778,910,2367,2291,1468,2405,626,635,852,867,2372,2248,1511,2367,640,638,854,862,2357,2290,1516,655,623,906,875,875,2339,2283,1421,850,619,902,892,904,2326,1777,1412,1869,2408,2312,2335,2357,895,2259,255,5,5,5,5,5,5,5,255,5,5,5,5,5,5,5,255,5,5,4,9,5,5,5,5,255,4,5,5,5,5,255,255,10,255,5,5,5,5,255,5,255,255,4,4,5,5,255,5,255,255,4,5,255,5,255,255,255,10,10,5,5,255,255
1781192188.945871,730,146583728,2530,2453,2428,2396,2391,2415,2366,2430,1463,2419,598,621,655,899,2392,2264,1430,2361,639,625,716,886,2371,2238,1510,2316,680,855,792,867,2369,2248,1511,2371,2394,886,868,875,2333,2290,1501,655,623,909,896,2400,2309,2186,1421,850,619,2384,892,904,2301,2108,1412,1869,2367,2312,2335,2333,895,2259,255,5,5,5,5,5,5,5,255,5,4,5,4,5,5,5,255,5,5,5,5,5,5,5,5,10,255,4,5,5,5,255,255,3,4,4,5,5,5,255,5,255,255,5,5,4,5,10,255,255,255,5,255,255,5,10,255,255,5,255,255,5,255,255
1781192189.045465,731,146683819,2530,2417,2455,618,620,2421,2385,2406,1528,2431,627,657,635,888,2372,1996,1430,2373,2418,711,825,872,2368,2336,1506,2316,2405,869,854,869,2367,2248,1511,2373,2431,883,900,944,2345,2290,1484,655,623,1020,927,2323,2331,2219,1424,850,619,2328,2336,2359,2295,2108,1412,1869,2367,2312,2378,2353,2331,2259,255,5,5,4,5,5,5,5,10,5,5,5,5,5,5,5,255,5,5,5,5,5,5,5,5,255,4,5,5,5,5,255,255,5,5,5,5,5,5,255,5,255,255,5,5,5,5,5,10,255,255,5,10,10,5,255,255,255,255,255,10,5,10,255
1781192189.145190,732,146783728,2530,2454,2457,638,632,2367,2401,2432,1528,2417,2425,810,735,885,2379,1980,1442,2344,2416,858,863,886,2363,2335,1473,2316,2410,924,876,2371,2366,2248,1511,2373,959,947,2383,2386,2348,2290,1489,2215,2413,2349,2330,2323,2347,2219,1455,850,619,2328,2336,2345,2333,2108,1379,1869,2367,2312,2333,2385,2328,2259,255,5,5,5,5,5,5,5,255,5,4,5,5,5,5,5,10,5,5,5,5,5,5,5,5,255,5,5,5,5,5,255,255,255,5,5,4,4,5,255,5,10,10,5,9,255,5,255,5,255,255,255,255,5,5,255,10,255,255,255,5,5,5,255
1781192189.243030,733,146883771,2530,2421,2411,688,716,810,2393,2440,1528,2439,2424,865,829,896,949,1984,1442,2372,923,892,911,921,2377,2335,1438,2316,962,1025,959,2368,2394,2290,1576,2373,2390,2395,2366,2382,2355,2290,1506,2215,2413,2390,2354,2344,2328,2219,1560,850,619,2338,2385,2345,2318,2108,1379,1869,2367,2312,2354,2289,2328,2259,255,5,5,5,5,9,5,5,255,5,5,5,5,5,5,5,255,5,5,5,5,5,5,5,5,255,5,5,5,5,5,10,10,255,5,4,5,5,5,255,5,255,255,5,5,10,5,255,5,255,255,10,10,255,5,255,255,255,255,255,5,5,255,255
1781192189.335191,734,146973810,2462,2447,2435,814,851,914,2374,2440,1422,2448,2442,922,882,944,969,2357,1503,2372,1003,973,1051,2386,2360,2310,1440,2381,2412,2406,2377,2388,2355,2290,1576,2360,2377,2387,2350,2339,2323,2290,1461,2215,2385,2382,2348,2326,2292,2294,1523,850,619,2338,2357,2353,2341,2108,1379,1869,2367,2384,2359,2325,2328,2259,10,5,5,5,5,5,5,5,10,5,5,5,5,5,5,5,10,255,5,5,5,5,5,5,5,10,4,5,5,5,5,255,255,10,5,5,5,5,5,255,9,255,10,5,5,5,5,10,5,255,255,255,5,10,5,255,255,255,255,10,5,5,255,255
1781192189.433561,735,147073727,2496,2430,950,881,903,933,2399,2409,1422,2427,963,1055,952,1050,2352,1986,1503,2409,2402,2380,2382,2377,2381,2367,1514,2394,2393,2392,2384,2367,2359,2290,1511,2348,2382,2377,2398,2389,2334,2290,1508,2215,2378,2382,2381,2284,2315,2294,1411,850,619,2395,2357,2382,2330,2108,1354,1869,2367,2384,2402,2350,2328,2259,5,5,5,5,5,5,5,5,255,5,5,5,5,5,5,5,255,10,5,4,5,5,5,5,5,5,5,5,5,5,5,255,10,5,5,5,5,5,5,255,5,255,5,255,5,5,5,255,5,255,255,10,255,5,5,255,10,255,255,255,5,5,255,255
1781192189.530406,736,147173727,2496,2421,1020,955,974,976,1025,2434,1422,2425,1072,2380,1106,2328,2374,2204,1503,2345,2408,2393,2370,2378,2373,2321,1517,2347,2401,2394,2380,2364,2350,2301,1511,2425,2390,2386,2399,2387,2320,2290,1497,2215,2378,2391,2368,2326,2307,2294,1411,850,2390,2396,2357,2381,2255,2108,1354,1869,2360,2359,2319,2302,2328,2259,255,5,5,5,5,5,5,5,255,5,5,4,5,5,5,5,255,5,5,5,5,5,5,5,5,5,5,5,5,5,5,10,255,5,5,5,5,5,5,255,5,255,255,10,5,5,5,255,255,255,10,5,255,5,5,255,255,255,10,10,5,5,255,255
1781192189.636533,737,147273815,2496,2459,1134,1045,1102,1027,2411,2412,1422,2409,2418,2375,1106,2378,2389,2321,1503,2373,2424,2432,2387,2363,2382,2301,1469,2347,2428,2393,2388,2376,2360,2301,1511,2368,2391,2390,2366,2375,2345,2290,1495,2215,2378,2391,2368,2323,2334,2294,1411,850,2390,2375,2357,2378,2317,2108,1442,1869,2360,2359,2355,2373,2328,2259,255,5,5,5,5,5,5,5,255,5,5,5,255,5,5,5,255,5,5,5,5,5,5,5,5,255,5,5,5,5,5,255,255,5,5,5,5,5,5,255,5,255,255,255,255,5,5,255,255,255,255,5,255,5,5,255,10,255,255,255,5,5,255,255
1781192189.736689,738,147373788,2496,2452,2411,1286,1249,1124,2408,2433,1422,2391,2418,2363,2350,2359,2375,1990,1503,2395,2407,2420,2381,2380,2357,2320,1509,2347,2412,2413,2388,2368,2349,2301,1511,2390,2427,2393,2383,2371,2335,2290,1462,2215,2378,2379,2397,2369,2291,2256,1442,850,2412,2355,2324,2358,2328,2108,1389,1869,2360,2320,2310,2323,2328,2165,255,5,5,4,5,5,5,5,255,5,5,5,10,5,5,5,255,5,5,5,5,5,5,5,5,255,5,5,5,5,5,255,255,5,5,5,5,5,5,255,5,255,255,10,10,5,5,10,10,255,10,5,10,5,5,255,5,255,255,10,5,5,255,10
1781192189.835742,739,147473735,2434,2435,2401,2391,1406,1242,2395,2399,1422,2439,2422,2366,2404,2380,2331,1990,1509,2357,2423,2391,2382,2367,2374,2255,1514,2396,2399,2383,2400,2376,2374,2301,1511,2357,2384,2431,2404,2335,2339,2290,1547,2215,2334,2366,2328,2359,2289,2284,1435,850,2412,2428,2317,2315,2326,2108,1414,1869,2285,2320,2345,2323,2328,2165,10,5,5,5,5,5,5,5,255,5,5,5,5,5,5,5,10,5,5,5,5,5,5,9,5,10,5,5,5,5,5,255,255,5,5,5,5,5,5,255,5,255,10,5,5,5,5,5,5,255,255,5,5,5,5,255,5,255,10,255,5,255,255,255
1781192189.933540,740,147573886,2459,2454,2441,2391,1526,1433,2411,2419,1514,2438,2403,2380,2367,2365,2372,2339,1509,2387,2401,2395,2405,2370,2372,2309,1471,2372,2441,2394,2372,2386,2357,2301,1511,2371,2365,2390,2354,2361,2307,2290,1503,2215,2334,2386,2349,2279,2308,2284,1435,850,2412,2326,2317,2360,2323,2108,1414,1869,2285,2357,2337,2326,2328,2165,5,5,5,5,5,5,5,5,10,5,5,5,5,5,5,5,255,5,5,5,5,5,5,5,9,5,5,5,5,5,5,255,255,5,5,5,5,5,5,255,5,255,255,5,5,5,5,255,255,255,255,5,255,5,5,255,255,255,255,10,5,10,255,255
1781192190.031011,741,147673727,2459,2459,2416,2426,2393,2393,2389,2407,1471,2412,2392,2399,2391,2376,2372,1967,1509,2397,2409,2415,2397,2387,2356,2281,1530,2416,2426,2405,2394,2377,2366,2301,1578,2367,2389,2393,2388,2356,2335,2290,1483,2215,2356,2386,2396,2342,2349,2284,1517,1850,2390,2381,2317,2367,2308,2108,1414,1869,2285,2334,2352,2293,2355,2165,255,5,5,5,5,4,5,5,5,5,5,5,5,5,5,5,255,5,5,5,5,5,5,5,5,5,5,5,5,5,5,255,10,255,5,5,5,5,5,255,5,255,10,255,5,5,5,255,10,10,10,5,255,5,5,255,255,255,255,5,5,5,10,255
1781192190.135262,742,147773763,2480,2418,2413,2416,2373,2399,2365,2435,1471,2405,2387,2403,2392,2365,2387,1994,1509,2369,2427,2400,2401,2359,2362,2343,1418,2383,2413,2404,2390,2375,2372,2301,1578,2377,2400,2412,2375,2334,2324,2290,1496,2215,2376,2394,2379,2376,2257,2284,1517,1850,2390,2339,2378,2355,2315,2108,1499,1869,2285,2338,2338,2337,2308,2165,10,5,5,5,5,5,5,5,255,9,5,5,5,5,5,5,255,5,5,5,5,5,5,5,5,5,5,5,5,5,5,255,255,5,5,5,5,5,5,255,5,255,5,10,5,5,5,255,255,255,255,5,10,5,5,255,10,255,255,5,5,5,5,255
1781192190.235668,743,147874029,2480,2450,2405,2417,2395,2377,2391,2404,1471,2387,2397,2397,2368,2380,2383,1956,1509,2394,2405,2403,2376,2380,2369,2315,1465,2429,2428,2386,2385,2361,2379,2301,1578,2394,2396,2386,2369,2334,2334,2290,1485,2215,2391,2394,2398,2323,2328,2271,1484,1850,2390,2417,2342,2355,2315,2108,1500,1869,2285,2362,2266,2366,2303,2165,255,5,5,5,5,5,5,5,255,5,5,5,5,5,5,5,255,5,5,5,5,5,5,5,5,5,5,5,5,5,5,255,255,5,5,5,5,5,5,255,5,255,5,255,5,5,5,10,10,255,255,5,5,5,255,255,5,255,255,5,5,5,5,255
1781192190.336067,744,147973728,2481,2429,2435,2417,2394,2368,2388,2392,1471,2422,2411,2399,2388,2361,2379,1989,1436,2309,2402,2405,2390,2365,2378,2348,1503,2384,2388,2388,2391,2374,2364,2301,1480,2357,2359,2391,2378,2352,2360,2290,1507,2215,2391,2393,2360,2323,2309,2269,1461,1850,2390,2403,2342,2355,2304,2108,1500,1869,2285,2426,2266,2305,2303,2165,10,5,5,5,5,5,5,5,255,5,5,5,5,5,5,5,10,5,5,5,5,5,5,5,5,5,5,5,5,5,5,255,10,5,5,5,5,5,5,255,5,255,255,10,5,255,5,5,5,255,255,5,255,255,10,255,255,255,255,5,255,5,255,255
1781192190.436188,745,148073728,2495,2449,2445,2426,2389,2377,2385,2421,1471,2381,2389,2378,2414,2356,2372,2412,1431,2368,2414,2385,2387,2371,2368,2339,1515,2393,2392,2370,2398,2374,2360,1940,1480,2339,2422,2369,2390,2344,2347,2290,1477,2215,2391,2367,2330,2319,2322,2269,1434,1850,2390,2403,2342,2335,2328,2108,1500,1869,2285,2426,2319,2305,2303,2047,5,5,5,5,5,5,5,5,255,5,5,5,5,5,5,5,5,5,5,5,5,5,5,5,5,5,5,5,5,5,5,10,255,255,5,5,5,5,5,255,5,255,255,5,5,10,5,255,5,255,255,255,255,10,5,255,255,255,255,255,10,255,255,10
1781192190.531069,746,148174340,2545,2448,2402,2432,2396,2391,2384,2394,1471,2415,2413,2411,2384,2361,2418,2006,1522,2375,2398,2402,2389,2377,2367,2335,1506,2393,2403,2369,2373,2370,2388,1940,1437,2377,2379,2373,2380,2350,2349,2290,1490,2215,2391,2402,2368,2319,2324,2253,1434,1850,2390,2403,2342,2335,2296,2108,1394,1869,2285,2356,2345,2292,2309,1818,5,5,5,5,5,5,5,5,255,5,5,5,5,5,5,5,9,5,5,5,5,5,5,5,5,255,5,5,5,5,5,255,10,5,5,5,5,5,5,255,5,255,255,5,5,255,5,10,255,255,255,255,255,255,5,255,10,255,255,10,5,10,10,4
1781192190.635684,747,148273727,2545,2450,2438,2389,2420,2385,2387,2450,1471,2421,2404,2416,2391,2381,2360,2007,1522,2344,2417,2391,2403,2381,2373,2330,1503,2432,2415,2397,2380,2386,2353,1940,1459,2437,2345,2396,2388,2396,2343,2203,1459,2215,2391,2424,2379,2379,2279,2254,1447,1850,2390,2301,2374,2335,2311,2108,1394,1869,2285,2279,2383,2292,2367,1818,255,5,5,5,5,5,5,5,255,5,5,5,5,5,5,5,255,5,5,5,5,5,5,5,5,10,5,5,5,5,5,255,5,255,5,5,5,5,5,10,9,255,255,5,5,10,5,5,10,255,255,10,10,255,5,255,255,255,255,5,5,255,5,255
1781192190.726275,748,148363923,2485,2456,2419,2401,2395,2412,2403,2408,1471,2403,2407,2387,2375,2358,2382,2000,1495,2412,2396,2392,2374,2351,2360,2338,1503,2432,2387,2398,2383,2379,2351,1940,1459,2369,2411,2368,2381,2386,2340,2203,1490,2215,2462,2365,2378,2379,2282,2276,1447,1850,2388,2301,2362,2298,2370,2108,1399,1869,2285,2279,2334,2390,2367,1818,10,5,5,5,5,5,5,5,255,5,5,5,5,5,5,5,10,5,5,5,5,5,5,5,5,255,5,5,5,5,5,255,255,5,5,5,5,5,5,255,5,255,10,5,5,255,5,5,255,255,10,255,5,10,5,255,10,255,255,255,5,10,255,255
1781192190.830319,749,148467425,2485,2458,2411,2399,2396,2395,2369,2421,1379,2417,2405,2388,2388,2395,2363,2310,1587,2381,2401,2375,2382,2370,2371,2344,1494,2370,2393,2425,2387,2393,2365,2375,1459,2272,2408,2383,2393,2350,2363,2203,1465,2215,2462,2335,2381,2391,2292,2383,1447,1850,2388,2374,2441,2298,2289,2108,1399,1869,2285,2389,2329,2362,2367,1818,255,5,5,5,5,5,5,5,10,5,5,5,5,5,5,5,5,5,5,5,5,5,5,5,5,10,5,5,5,5,5,10,255,5,5,5,5,5,5,255,9,255,255,5,5,10,5,5,255,255,255,10,5,255,5,255,255,255,255,10,5,5,255,255
1781192190.925637,750,148563727,2482,2432,2418,2415,2401,2376,2391,2423,1379,2444,2405,2406,2356,2366,2377,2004,1431,2426,2388,2387,2378,2380,2377,2371,1506,2413,2401,2389,2392,2372,2371,2375,1546,2377,2367,2389,2371,2364,2323,2203,1499,2215,2386,2411,2332,2350,2330,2229,1455,1850,2388,2397,2441,2382,2291,2108,1399,1869,2285,2348,2369,2275,2262,1818,10,5,5,5,5,5,5,5,255,5,5,5,5,5,5,5,5,5,5,5,5,5,5,5,5,5,5,5,5,5,5,255,10,5,5,5,5,5,5,255,5,255,10,5,5,5,5,5,10,255,255,5,255,10,5,255,255,255,255,5,5,5,10,255
1781192191.024066,751,148663728,2482,2437,2407,2401,2399,2398,2388,2437,1441,2436,2404,2389,2386,2374,2372,2325,1431,2467,2396,2407,2370,2370,2366,2325,1481,2399,2397,2374,2387,2359,2371,2375,1546,2362,2380,2384,2370,2386,2327,2203,1511,2215,2386,2356,2373,2350,2330,2229,1455,1850,2388,2380,2441,2382,2278,2108,1399,1869,2285,2348,2410,2391,2262,1818,255,5,5,5,5,5,5,5,10,5,5,5,5,5,5,5,255,5,5,5,5,5,5,5,5,5,5,5,5,5,5,255,255,5,5,5,5,5,5,255,5,255,255,5,5,255,255,255,255,255,255,5,255,255,5,255,255,255,255,255,5,5,255,255
1781192191.128734,752,148766106,2505,2421,2414,2392,2396,2410,2400,2384,1441,2409,2413,2395,2406,2390,2356,2301,1431,2390,2404,2382,2397,2366,2367,2355,1481,2395,2396,2389,2376,2367,2387,2375,1530,2370,2400,2389,2384,2360,2330,2203,1488,2215,2386,2373,2335,2291,2319,2259,1455,1850,2388,2360,2329,2344,2316,2108,1399,1869,2381,2419,2378,2377,2262,1818,10,5,5,5,5,5,5,5,255,5,5,5,5,5,5,5,255,5,5,5,5,5,5,5,5,5,5,5,5,5,5,255,10,5,5,5,5,5,5,255,5,255,255,5,5,10,10,10,255,255,255,5,10,10,5,255,255,255,10,10,5,5,255,255
1781192191.226248,753,148863941,2505,2450,2430,2414,2384,2405,2416,2445,1441,2395,2388,2406,2349,2371,2375,1955,1431,2398,2413,2391,2399,2380,2368,2321,1498,2331,2402,2407,2375,2358,2374,2375,1530,2367,2403,2386,2377,2349,2327,2203,1517,2215,2386,2362,2332,2331,2304,2259,1455,1850,2388,2360,2329,2344,2375,2108,1369,1869,2381,2419,2327,2377,2262,1806,255,5,5,5,5,5,5,5,255,5,5,5,5,5,5,5,255,5,5,5,5,5,5,5,5,5,5,5,5,5,5,255,255,5,5,5,5,5,5,255,5,255,255,5,5,5,5,255,255,255,255,255,255,255,5,255,10,255,255,255,5,255,255,10
1781192191.325159,754,148963727,2505,2459,2410,2385,2399,2390,2395,2425,1441,2425,2409,2397,2367,2382,2360,2003,1437,2408,2417,2392,2390,2376,2355,2368,1511,2331,2417,2391,2384,2372,2366,2375,1530,2341,2454,2415,2371,2389,2343,2203,1509,2215,2423,2393,2411,2322,2325,2236,1383,1850,2388,2402,2324,2414,2279,2108,1455,1869,2322,2419,2358,2337,2369,1806,255,5,5,5,5,5,5,5,255,5,5,5,5,5,5,5,10,5,5,5,5,5,5,5,5,255,5,5,5,5,5,255,255,5,5,5,5,5,5,255,5,255,10,5,5,5,5,10,10,255,255,10,10,10,5,255,5,255,10,255,5,10,10,255
1781192191.429156,755,149066717,2505,2437,2416,2421,2397,2400,2384,2390,1441,2425,2397,2395,2411,2381,2390,1998,1437,2400,2410,2409,2389,2388,2377,2302,1527,2331,2401,2397,2373,2371,2362,2375,1512,2338,2393,2380,2380,2368,2333,2203,1443,2215,2423,2344,2354,2383,2376,2236,1430,1850,2307,2373,2324,2315,2341,2108,1455,1869,2322,2419,2354,2334,2354,1950,255,5,5,5,5,5,5,5,255,5,5,5,5,5,5,5,255,5,5,5,5,5,5,5,9,255,5,5,5,5,5,255,10,5,5,5,5,5,5,255,5,255,255,5,5,5,5,255,5,255,10,5,255,5,5,255,255,255,255,255,5,5,5,10
1781192191.520573,756,149163727,2530,2434,2411,2426,2390,2405,2399,2430,1392,2423,2392,2393,2394,2363,2316,2000,1473,2400,2410,2377,2396,2387,2371,2361,1549,2357,2389,2385,2397,2376,2362,2375,1512,2395,2410,2388,2397,2348,2307,2203,1465,2215,2397,2382,2342,2383,2311,2269,1493,1850,2307,2445,2324,2381,2343,2108,1455,1869,2322,2419,2390,2396,2393,1950,10,5,5,5,5,5,5,5,10,5,5,5,5,5,5,5,10,5,5,5,5,5,5,5,5,10,5,5,5,5,5,255,255,5,5,5,5,5,5,255,9,255,10,5,5,255,5,10,5,255,255,5,255,5,5,255,255,255,255,255,5,5,5,255
1781192191.626641,757,149263727,2493,2451,2416,2414,2394,2397,2384,2423,1392,2405,2401,2404,2388,2392,2375,1937,1473,2391,2401,2406,2382,2377,2361,2321,1469,2347,2396,2377,2405,2367,2363,2375,1512,2423,2363,2371,2383,2347,2324,2203,1468,2215,2364,2382,2380,2341,2308,2280,1422,1850,2307,2373,2415,2381,2314,1759,1455,1869,2322,2298,2374,2321,2393,1950,5,5,5,5,5,5,5,5,255,5,5,5,5,5,5,5,255,5,5,5,5,5,5,5,5,5,5,5,5,5,5,255,255,5,5,5,5,5,5,255,9,255,5,255,5,10,5,5,5,255,255,5,10,255,5,10,255,255,255,10,5,5,255,255
1781192191.730428,758,149368848,2493,2438,2420,2416,2398,2391,2418,2419,1417,2447,2412,2377,2386,2372,2348,1974,1508,2379,2402,2399,2387,2376,2366,2338,1469,2357,2397,2398,2390,2371,2370,2375,1512,2310,2401,2378,2387,2317,2349,2203,1447,2215,2364,2394,2389,2287,2313,2264,1449,1850,2307,2328,2415,2381,2304,1759,1455,1869,2322,2347,2376,2337,2325,2005,255,5,5,5,5,5,5,5,10,5,5,5,5,5,5,5,10,5,5,5,5,5,5,5,5,5,5,5,5,5,5,255,255,5,5,5,5,5,5,255,5,255,255,10,5,5,5,5,5,255,255,5,255,255,5,255,255,255,255,5,5,5,10,10
1781192191.825476,759,149463736,2493,2456,2403,2410,2416,2391,2408,2402,1417,2403,2407,2400,2385,2387,2357,2305,1508,2362,2404,2398,2385,2383,2368,2304,1541,2381,2425,2390,2385,2384,2362,2375,1512,2346,2411,2411,2371,2334,2311,2203,1485,2215,2347,2358,2373,2302,2341,2264,1453,1850,2307,2328,2415,2381,2354,1759,1455,1869,2322,2347,2386,2329,2290,2078,255,5,5,5,5,5,5,5,255,5,5,5,5,5,5,5,255,5,5,5,5,5,5,5,5,5,5,5,5,5,5,255,255,5,5,5,5,5,5,255,5,255,10,5,5,5,5,255,5,255,255,255,255,255,5,255,255,255,255,255,5,5,5,5
1781192191.925654,760,149563727,2492,2451,2413,2408,2405,2397,2402,2433,1439,2419,2367,2391,2432,2381,2387,1983,1508,2357,2395,2414,2390,2386,2369,2261,1500,2381,2394,2402,2394,2383,2360,2375,1512,2357,2411,2360,2365,2356,2336,2203,1481,2215,2347,2388,2388,2350,2262,2300,1402,1850,2307,2407,2415,2273,2326,1759,1455,1869,2322,2386,2320,2339,2290,2078,10,5,5,5,5,5,5,5,10,5,5,5,5,5,5,5,255,5,5,5,5,5,5,5,5,255,5,5,5,5,5,255,255,5,5,5,5,5,5,255,5,255,255,5,5,5,5,10,5,255,255,10,255,10,5,255,255,255,255,10,5,5,255,255
1781192192.024955,761,149663727,2480,2431,2412,2403,2373,2375,2375,2401,1512,2438,2403,2386,2394,2369,2361,1976,1507,2384,2410,2390,2394,2369,2372,2323,1570,2395,2407,2401,2402,2357,2359,2375,1512,2328,2380,2367,2381,2370,2369,2203,1487,2215,2347,2388,2422,2427,2288,2300,1432,1850,2307,2375,2415,2353,2320,1759,1455,1869,2322,2386,2337,2350,2290,2348,5,5,5,5,5,5,5,5,5,5,5,5,5,5,5,5,10,5,5,5,5,5,5,5,5,10,5,5,5,5,5,255,255,5,5,5,5,5,5,255,9,255,255,255,5,5,5,255,5,255,255,5,255,5,5,255,255,255,255,255,5,5,255,10
1781192192.112588,762,149753810,2469,2419,2444,2388,2374,2382,2400,2391,1413,2401,2429,2394,2391,2382,2398,1972,1507,2355,2404,2407,2403,2389,2362,2320,1507,2374,2412,2379,2398,2375,2357,2375,1512,2406,2415,2358,2373,2359,2338,2203,1479,2215,2347,2388,2375,2289,2296,2300,1414,1850,2307,2353,2415,2338,2326,1759,1455,1869,2322,2388,2328,2340,2290,2348,5,5,5,5,5,5,5,5,5,5,5,5,5,5,5,5,255,5,5,5,5,5,5,5,5,5,5,5,5,5,5,255,255,5,5,5,5,5,5,255,5,255,255,255,5,5,5,255,5,255,255,5,255,5,5,255,255,255,255,10,5,5,255,255
1781192192.214383,763,149853727,2497,2426,2413,2432,2368,2416,2387,2416,1456,2427,2389,2387,2376,2361,2373,1996,1441,2374,2422,2383,2381,2385,2376,2325,1458,2376,2387,2415,2396,2379,2369,2375,1512,2260,2377,2390,2379,2397,2315,2203,1477,2215,2332,2413,2398,2298,2330,2300,1531,1850,2307,2353,2415,2360,2385,1759,1464,1869,2322,2308,2442,2340,2290,2348,5,5,5,5,5,5,5,5,5,5,5,5,5,5,5,5,10,5,5,5,5,5,5,5,5,5,5,5,5,5,5,255,255,5,5,5,5,5,5,255,5,255,10,10,5,5,5,255,5,255,255,255,255,5,5,255,10,255,255,5,5,255,255,255
1781192192.314864,764,149953727,2497,2418,2432,2431,2425,2417,2401,2416,1458,2411,2397,2394,2368,2374,2380,1963,1441,2410,2417,2412,2377,2369,2365,2379,1515,2340,2407,2397,2399,2392,2382,2314,1512,2326,2399,2387,2378,2397,2345,2203,1467,2215,2352,2363,2452,2333,2326,2300,1451,1850,2307,2321,2415,2342,2344,1759,1408,1869,2322,2331,2382,2270,2339,2348,255,5,5,5,5,5,5,5,5,5,5,5,5,5,5,5,255,5,5,5,5,5,5,5,5,5,5,5,5,5,5,10,255,5,5,5,5,5,5,255,5,255,5,5,5,5,5,255,9,255,255,10,255,5,5,255,5,255,255,5,5,10,10,255
1781192192.414453,765,150053811,2451,2432,2419,2396,2406,2373,2396,2444,1414,2451,2410,2375,2399,2371,2392,1992,1476,2357,2402,2434,2385,2372,2385,2296,1506,2361,2410,2394,2397,2379,2374,2314,1512,2279,2384,2394,2391,2344,2333,2203,1500,2215,2402,2363,2370,2346,2332,2304,1389,1850,2307,2321,2415,2346,2328,1759,1408,1869,2322,2331,2382,2314,2339,2348,10,5,5,5,5,5,5,5,5,5,5,5,5,5,5,5,10,5,5,5,5,5,5,5,5,5,5,5,5,5,5,255,255,5,5,5,5,5,5,255,5,255,5,255,5,5,5,10,5,255,255,255,255,5,5,255,255,255,255,255,5,5,255,255
1781192192.510298,766,150153727,2403,2448,2435,2422,2391,2385,2393,2377,1414,2409,2381,2395,2371,2372,2381,2007,1476,2404,2391,2394,2386,2381,2374,2347,1479,2361,2396,2406,2394,2376,2372,2314,1511,2388,2429,2372,2381,2357,2357,2203,1442,2215,2398,2363,2386,2360,2311,2304,1455,1850,2307,2349,2415,2407,2348,1697,1408,1869,2321,2331,2384,2333,2339,2348,5,5,5,5,5,5,5,5,255,5,5,5,5,5,5,5,255,5,5,5,5,5,5,5,5,255,5,5,5,5,5,255,10,5,5,5,5,5,5,255,5,255,5,255,5,5,5,255,5,255,255,10,255,5,5,10,255,255,10,255,5,5,255,255
1781192192.615204,767,150253728,2403,2425,2421,2436,2389,2401,2423,2396,1414,2399,2408,2388,2417,2391,2307,1978,1476,2355,2396,2375,2376,2377,2368,2314,1476,2416,2394,2389,2405,2385,2358,2314,1440,2383,2362,2402,2362,2344,2311,2203,1475,2215,2398,2372,2423,2347,2313,2304,1455,1850,2307,2359,2415,2359,2348,1697,1408,1869,2321,2331,2344,2317,2339,2348,255,5,5,5,5,5,5,5,255,5,5,5,5,5,5,5,255,5,5,5,5,5,5,5,5,10,5,5,5,5,5,255,5,5,5,5,5,5,5,255,5,255,255,10,5,5,5,255,255,255,255,5,255,5,255,255,255,255,255,255,5,5,255,255
