host_ts,seq,esp_t_us,d00,d01,d02,d03,d04,d05,d06,d07,d08,d09,d10,d11,d12,d13,d14,d15,d16,d17,d18,d19,d20,d21,d22,d23,d24,d25,d26,d27,d28,d29,d30,d31,d32,d33,d34,d35,d36,d37,d38,d39,d40,d41,d42,d43,d44,d45,d46,d47,d48,d49,d50,d51,d52,d53,d54,d55,d56,d57,d58,d59,d60,d61,d62,d63,s00,s01,s02,s03,s04,s05,s06,s07,s08,s09,s10,s11,s12,s13,s14,s15,s16,s17,s18,s19,s20,s21,s22,s23,s24,s25,s26,s27,s28,s29,s30,s31,s32,s33,s34,s35,s36,s37,s38,s39,s40,s41,s42,s43,s44,s45,s46,s47,s48,s49,s50,s51,s52,s53,s54,s55,s56,s57,s58,s59,s60,s61,s62,s63
1781188463.920891,1,8036339,939,2097,2040,2063,2051,1375,1103,905,1151,1357,2072,2084,2095,2024,1299,1030,1327,2018,2101,2074,2112,2106,2019,1594,1338,2068,2085,2094,2099,2112,2087,1915,1327,2019,2113,2113,2129,2118,2009,1944,1347,2020,2088,2100,2095,2049,1923,1950,1361,2063,2109,2098,2063,1970,1959,1980,1317,1881,2034,2038,1972,1975,0,0,6,6,6,6,6,6,6,6,6,6,6,6,6,6,6,6,6,6,6,6,6,6,6,6,6,6,6,6,6,6,6,255,6,6,6,6,6,6,6,6,6,6,6,6,6,6,6,6,6,6,6,6,6,6,6,6,6,6,6,6,6,6,255,255
1781188464.016338,2,8133701,933,2096,2078,2078,2007,1365,1118,888,1175,1397,2049,2086,2087,1959,1283,1023,1310,2058,2062,2099,2086,2122,2101,1655,1347,2067,2098,2085,2103,2108,2064,1915,1380,2067,2090,2101,2109,2085,2037,1895,1363,2021,2120,2099,2100,2059,1945,1946,1335,2049,2111,2110,2081,1957,1957,1960,1313,1836,2035,2052,1956,1974,1938,0,5,5,5,5,5,9,5,5,5,5,5,5,5,5,5,5,9,5,5,5,5,5,5,5,5,5,5,5,5,5,5,255,5,5,5,5,5,5,5,5,5,5,5,5,5,5,5,5,5,5,5,5,5,5,5,5,5,5,9,5,5,5,10,255
1781188464.120147,3,8235744,933,2062,2067,2052,2014,1369,1114,909,1184,1349,2096,2067,2082,1978,1295,1028,1329,2008,2090,2093,2101,2069,2072,1697,1379,2026,2100,2095,2085,2127,2021,1890,1355,2061,2092,2103,2106,2073,2022,1935,1350,2077,2105,2131,2108,2081,1970,1930,1336,2086,2114,2118,2085,1967,1965,1975,1299,1952,2030,2073,1935,1943,1913,2005,5,5,5,5,5,5,5,5,5,9,5,5,5,5,9,5,9,5,5,5,5,5,5,5,5,5,5,5,5,5,9,10,5,5,5,5,5,5,5,5,5,5,5,5,5,5,5,5,5,5,5,5,5,5,5,5,5,5,5,5,5,5,5,10
1781188464.220094,4,8336316,918,2088,2099,2098,2077,1353,1106,902,1161,1414,2074,2076,2071,2033,1328,1019,1340,2045,2108,2075,2097,2090,2031,1655,1332,2058,2077,2090,2107,2081,2081,1838,1328,2054,2065,2120,2115,2120,2003,1923,1393,2148,2117,2138,2122,2071,1945,1951,1328,2046,2115,2115,2087,1985,1950,1967,1297,1787,2020,2016,1949,1962,1913,2005,5,5,5,5,5,5,5,5,5,9,5,5,5,5,5,5,5,5,5,5,5,5,5,9,5,5,5,5,5,5,5,5,5,5,5,5,5,5,5,5,9,5,5,5,5,5,5,5,5,5,5,5,5,5,5,5,5,5,5,5,5,5,255,255
1781188464.316969,5,8433741,939,2064,2070,2092,2046,1373,1108,918,1166,1405,2074,2082,2093,1875,1300,1033,1321,2027,2092,2095,2103,2085,2045,1641,1361,2069,2100,2088,2094,2103,2090,1803,1368,2051,2105,2106,2107,2074,2035,1923,1384,2081,2100,2094,2099,2062,1956,1927,1347,2031,2123,2120,2088,1968,1957,1983,1305,1832,1999,2059,1951,1962,1964,2005,5,5,5,5,5,5,5,5,9,9,5,5,5,9,5,5,5,5,5,5,5,5,5,5,5,5,5,5,5,5,5,5,5,5,5,5,5,5,5,255,5,5,5,5,5,5,5,5,9,5,5,5,5,5,5,5,5,9,5,5,255,5,10,255
1781188464.418002,6,8533705,909,2080,2055,2075,2035,1348,1123,897,1156,1429,2105,2093,2092,2007,1335,1048,1275,2061,2087,2087,2119,2059,2071,1646,1318,2054,2096,2094,2090,2123,2027,1925,1334,2052,2075,2110,2114,2119,2051,1945,1359,2084,2101,2085,2140,2082,1930,1961,1336,2062,2096,2111,2093,1985,1981,1957,1312,1872,2047,2013,1981,1988,1941,2005,5,5,5,5,5,5,5,5,5,9,5,5,5,5,9,5,5,5,5,5,5,255,5,5,5,5,5,5,5,5,9,5,9,5,5,5,5,5,5,10,5,5,5,5,5,5,5,255,9,5,5,5,5,5,5,5,9,9,9,5,5,5,5,255
1781188464.509904,7,8626400,928,2079,2099,2084,2047,1360,1126,907,1195,1417,2075,2097,2081,2024,1273,1022,1333,2000,2094,2089,2095,2084,2015,1718,1345,2053,2093,2090,2096,2082,2082,1854,1360,2018,2107,2100,2125,2111,2022,1881,1382,2066,2107,2111,2110,2059,1949,1936,1361,2063,2096,2122,2039,1934,1949,1961,1290,1832,2005,2051,1973,1952,1950,2005,5,5,5,5,5,5,5,5,5,255,5,5,5,5,9,5,9,5,5,5,5,5,5,5,5,5,5,5,5,5,5,5,5,5,5,5,5,5,5,5,5,5,5,5,5,5,5,5,5,5,5,5,5,5,5,5,5,5,5,5,5,5,5,255
1781188464.605570,8,8723701,913,2068,2085,2061,2036,1366,1122,909,1199,1395,2059,2076,2111,2012,1313,1045,1332,2041,2090,2100,2124,2084,2031,1660,1360,2056,2096,2100,2085,2119,2091,1893,1335,2049,2045,2113,2088,2122,2022,1881,1347,2011,2101,2107,2111,2073,1901,1947,1321,2078,2119,2112,2102,1990,1962,1956,1331,1963,2056,2021,2020,1966,1950,2005,5,5,5,5,5,5,5,5,5,9,5,5,5,5,9,5,5,5,5,5,5,5,5,5,9,5,5,5,5,5,5,5,5,5,5,5,5,5,5,255,9,5,5,5,5,5,5,5,5,5,5,5,5,5,5,5,5,5,5,5,5,5,255,255
1781188464.707333,9,8823701,932,2050,2077,2057,2095,1372,1104,904,1172,1471,2066,2077,2113,2047,1318,1046,1337,2039,2076,2094,2122,2121,1972,1641,1343,2021,2090,2102,2104,2108,2024,1872,1402,2060,2094,2106,2090,2123,2019,1905,1389,2029,2098,2103,2154,2050,1983,1938,1321,2052,2101,2100,2071,1985,1979,1953,1309,1823,1996,2043,1986,1962,1925,2005,5,5,5,5,5,5,5,5,9,9,5,5,5,5,9,5,5,5,5,5,5,5,5,9,5,5,5,5,5,5,5,5,5,5,5,5,5,5,5,10,5,5,5,5,5,5,5,5,5,5,5,5,5,5,5,5,5,5,5,5,5,5,10,255
1781188464.808390,10,8925310,937,2057,2061,2079,1672,1353,1106,902,1161,1448,2074,2087,2079,2057,1309,1030,1326,2050,2100,2085,2113,2124,2015,1619,1321,2045,2084,2100,2104,2116,2057,1862,1370,2061,2112,2101,2110,2090,2044,1905,1345,2037,2084,2127,2120,2081,1948,1945,1357,2062,2089,2112,2075,1982,1962,1945,1344,1866,2026,2059,2013,1996,1925,2005,5,5,5,5,5,5,5,5,5,9,5,5,5,5,5,5,9,5,5,5,5,5,5,5,5,5,5,5,5,5,9,5,5,5,5,5,5,5,5,255,9,5,5,5,5,5,5,255,5,5,5,5,5,255,5,5,5,5,5,5,5,5,255,255
1781188464.905686,11,9023729,930,2087,2067,2073,2035,1360,1123,911,1187,2057,2042,2086,2078,2012,1339,1039,1305,1993,2084,2086,2097,2111,2017,1619,1343,2073,2091,2099,2097,2119,2088,1888,1357,2052,2094,2118,2115,2087,2032,1953,1342,2048,2105,2127,2114,2086,1955,1948,1365,2081,2103,2116,2068,1961,1956,1984,1334,1823,2036,2016,1958,1949,1994,2005,5,5,5,5,5,9,5,5,5,5,5,5,5,5,9,5,5,9,5,5,5,5,5,255,5,5,5,5,5,5,5,5,5,5,5,5,5,5,5,10,5,5,5,5,5,5,5,5,5,5,5,5,5,5,5,5,5,5,5,5,5,5,10,255
1781188465.006638,12,9123701,928,2096,2091,2074,1772,1362,1121,913,1193,1419,2059,2070,2072,2008,1333,1028,1345,2015,2099,2102,2089,2095,2065,1643,1357,2061,2098,2096,2086,2082,2063,1821,1389,2053,2094,2101,2137,2113,2021,1930,1379,2084,2088,2091,2098,2062,1966,1969,1372,2071,2141,2122,2080,1968,1977,1972,1313,1919,2029,2064,1990,1999,1981,2005,5,5,5,5,5,5,5,5,5,4,5,5,5,5,9,5,5,5,5,5,5,5,5,10,5,5,5,5,5,5,5,5,9,5,5,5,5,5,5,5,5,5,5,5,5,5,5,5,5,5,5,5,5,5,5,5,5,5,5,5,5,255,5,255
1781188465.108900,13,9225964,943,2067,2069,2072,1653,1330,1118,920,1172,2029,2109,2070,2085,2038,1314,1040,1285,2047,2102,2086,2102,2101,2064,1662,1336,2042,2112,2093,2098,2110,2035,1907,1362,2058,2099,2090,2086,2084,2028,1919,1385,2089,2106,2101,2124,2067,1959,1977,1358,2058,2096,2136,2083,1943,1956,1968,1291,1827,1998,2028,1990,1960,1961,2057,5,5,5,5,9,5,5,5,5,5,5,5,5,5,5,5,5,5,5,5,5,5,5,5,5,9,5,5,5,5,5,5,5,5,5,5,5,5,5,5,5,5,5,5,5,5,255,5,5,5,5,5,5,5,5,5,5,5,5,5,5,5,5,10
1781188465.208292,14,9323788,930,2085,2075,2068,2077,1354,1128,902,1186,1407,2058,2101,2100,2002,1340,1027,1326,2016,2093,2095,2117,2088,2047,1773,1348,2071,2106,2097,2101,2097,2085,1863,1374,2056,2113,2099,2088,2106,2008,1972,1389,2051,2083,2136,2116,2042,1925,1923,1338,2026,2109,2099,2076,1978,1970,1930,1324,1866,2013,2043,2004,1965,2011,1937,5,5,5,5,5,5,5,5,5,9,5,5,5,5,5,5,9,5,5,5,5,5,5,5,5,5,5,5,5,5,5,5,9,5,5,5,5,5,5,5,5,5,5,5,5,5,5,255,5,5,5,5,5,5,5,5,5,5,5,5,9,5,5,5
1781188465.308014,15,9423768,929,2089,2085,2082,1979,1371,1111,923,1168,1327,2097,2092,2090,1993,1320,1028,1355,1988,2082,2094,2086,2091,2031,1680,1353,2083,2103,2099,2090,2108,2066,1869,1370,2067,2118,2109,2131,2117,2003,1972,1324,2018,2102,2166,2106,2036,1928,1967,1353,2013,2125,2124,2084,1985,1948,1960,1321,1929,1986,2016,2003,1992,2011,1937,5,5,5,5,5,5,5,5,5,9,5,5,5,9,5,5,5,5,5,5,5,5,5,5,5,5,5,5,5,5,5,5,9,5,5,5,5,5,5,255,5,5,5,5,5,5,5,5,5,5,5,5,5,5,5,5,9,5,5,5,5,5,255,255
1781188465.406744,16,9523705,911,2065,2111,2075,2020,1359,1108,908,1150,1411,2114,2084,2103,2061,1331,1021,1342,2027,2056,2094,2089,2079,2060,1680,1354,2023,2088,2098,2091,2081,2049,1810,1352,2062,2112,2089,2124,2144,2027,1941,1350,2061,2098,2096,2096,2056,1958,1950,1335,2043,2130,2118,2065,1975,1955,1968,1296,1863,2080,2043,2033,1965,2011,1937,5,5,5,5,5,5,5,5,5,5,5,5,5,5,5,5,9,5,5,5,5,5,5,255,9,5,5,5,5,5,5,9,5,5,5,5,5,5,5,10,5,5,5,5,5,255,5,5,5,5,5,5,5,5,5,255,5,5,5,5,5,255,255,255
1781188465.508810,17,9623780,928,2084,2088,2081,1746,1358,1095,909,1184,1444,2072,2105,2098,2086,1321,1018,1299,2029,2102,2090,2119,2131,2047,1697,1349,2058,2089,2087,2093,2104,2050,1880,1365,2034,2117,2098,2117,2151,2009,1941,1386,2068,2115,2123,2121,2057,1929,1938,1330,2080,2121,2115,2073,1989,1977,1997,1315,1864,2064,2038,1993,1962,1970,1937,5,5,5,5,5,5,5,5,5,9,5,5,5,5,9,5,5,5,5,5,5,5,5,10,5,5,5,5,5,5,5,5,5,5,5,5,5,5,5,255,5,5,5,5,5,5,5,5,5,5,5,5,5,5,5,5,5,9,5,5,5,5,10,255
1781188465.607084,18,9723701,922,2066,2063,2084,2108,1330,1113,918,1173,1442,2064,2073,2076,2056,1305,1024,1332,2057,2082,2082,2115,2095,2050,1612,1354,2070,2095,2089,2099,2132,2039,1843,1417,2041,2079,2096,2098,2090,2034,1908,1332,2051,2108,2114,2102,2063,1983,1981,1335,2077,2108,2142,2075,1936,1954,1983,1304,1921,1999,2026,1974,1969,1970,1937,5,5,5,5,5,5,5,5,5,5,5,5,5,5,9,5,5,5,5,5,5,5,5,5,5,5,5,5,5,5,5,5,5,5,5,5,5,5,5,10,5,5,5,5,5,5,5,5,9,5,5,5,5,5,5,5,5,5,5,5,5,5,255,255
1781188465.707517,19,9823701,932,2092,2084,2076,2020,1322,1108,919,1157,2011,2057,2101,2101,2036,1277,1044,1300,2011,2078,2092,2116,2109,2080,1653,1309,2055,2075,2093,2090,2125,2060,1952,1360,2072,2148,2087,2127,2118,2071,1890,1390,2060,2093,2130,2146,2062,1944,1946,1334,2028,2090,2105,2081,1963,1953,1959,1310,1857,2022,2064,1997,1975,1989,1937,5,5,5,5,5,5,5,5,5,4,5,5,5,5,9,5,5,5,5,5,5,5,5,5,9,5,5,5,5,5,5,5,5,5,5,5,5,5,5,5,9,5,5,5,5,5,5,5,5,5,5,5,5,5,5,5,5,5,5,5,5,255,10,255
1781188465.808939,20,9923818,932,2088,2066,2075,1949,1371,1095,904,1170,1464,2065,2101,2105,2051,1278,1028,1323,2041,2107,2111,2091,2068,2031,1653,1326,2052,2082,2098,2095,2091,2075,1952,1377,2068,2107,2101,2106,2115,2039,1890,1394,2078,2103,2086,2133,2064,1944,1936,1367,2041,2102,2116,2093,1960,1959,1998,1352,1857,2043,2022,1970,1965,1937,1937,5,5,5,5,5,9,5,5,5,5,5,5,5,5,5,5,5,5,5,5,5,5,5,255,5,5,5,5,5,5,5,255,5,5,5,5,5,5,5,255,5,5,5,5,5,5,255,5,5,5,5,5,5,5,255,5,5,255,5,5,5,255,5,255
1781188465.905562,21,10023701,928,2067,2076,2067,1976,1373,1120,900,1190,1449,2086,2083,2058,2002,1285,1024,1325,1998,2082,2085,2126,2110,2027,1633,1396,2066,2106,2087,2109,2103,2031,1868,1370,2081,2125,2098,2125,2113,2016,1938,1328,2045,2124,2131,2112,2078,1981,1965,1374,2067,2090,2106,2066,1977,1954,1958,1296,1947,2046,2049,1997,1956,1937,1937,5,5,5,5,5,5,5,5,5,5,5,5,5,5,5,5,5,5,5,5,5,5,5,10,5,5,5,5,5,5,5,10,5,5,5,5,5,5,5,10,5,5,5,5,5,5,10,5,9,5,5,5,5,5,5,5,5,10,5,5,5,5,255,255
1781188466.005494,22,10123701,922,2070,2046,2078,1834,1365,1106,905,1183,1436,2054,2086,2091,2005,1303,1043,1331,2058,2111,2102,2134,2094,2049,1609,1416,2036,2093,2097,2102,2116,2052,1873,1340,2039,2117,2083,2101,2166,2063,1898,1398,2045,2101,2114,2123,2068,1941,1959,1361,2077,2126,2098,2084,1983,1960,1984,1351,1947,2042,2050,1990,1996,1937,1937,5,5,5,5,5,5,5,5,9,9,5,5,5,5,5,5,5,5,5,5,5,5,5,5,5,5,5,5,5,5,5,5,5,5,5,5,5,5,5,5,9,255,5,5,5,5,5,5,5,5,5,5,5,5,5,5,5,255,9,5,255,5,255,255
1781188466.095767,23,10213784,930,2082,2071,2073,1998,1388,1128,908,1173,2103,2087,2082,2065,1986,1315,1042,1333,2005,2097,2102,2092,2094,2032,1686,1338,2080,2103,2092,2090,2107,2039,1858,1344,2052,2056,2114,2100,2095,2005,1924,1402,2101,2126,2100,2099,2090,1955,1944,1346,2068,2099,2108,2061,1967,1933,1982,1292,1888,2017,2029,1979,1949,1961,1937,5,5,5,5,5,9,5,5,5,5,5,5,5,5,9,5,5,5,5,5,5,5,5,5,5,5,5,5,5,5,5,5,5,5,5,5,5,5,5,255,5,10,5,5,5,5,5,5,9,5,5,5,5,5,5,5,5,10,5,9,5,5,10,255
1781188466.197186,24,10313721,928,2041,2073,2079,2048,1405,1129,896,1161,1380,2063,2094,2073,1992,1299,1022,1304,1964,2071,2083,2109,2106,2044,1690,1351,2070,2105,2095,2088,2113,2075,1841,1348,2054,2085,2100,2114,2106,2008,1924,1479,2101,2095,2140,2111,2064,1999,1952,1326,2092,2099,2114,2091,1955,1927,1972,1318,1888,2025,2067,1984,1944,1961,2050,5,5,5,5,5,9,5,5,9,5,5,5,5,5,9,5,5,5,5,5,5,5,5,5,5,5,5,5,5,5,5,5,5,5,5,5,5,5,5,5,5,255,5,5,5,5,5,5,5,5,5,5,5,5,5,5,5,255,9,5,5,5,255,10
1781188466.295633,25,10413841,919,2073,2094,2077,2044,1374,1101,909,1166,1367,2071,2086,2066,1953,1309,1053,1319,1952,2078,2076,2088,2078,2035,1690,1339,2065,2092,2094,2103,2114,2072,1919,1343,2061,2107,2096,2105,2136,2010,1921,1372,2055,2110,2108,2083,2076,1926,1952,1357,2071,2093,2119,2066,1986,1935,1929,1325,1857,1933,2038,1997,1968,1961,2050,5,5,5,5,5,5,5,5,9,9,5,5,5,9,5,5,9,5,5,5,5,5,5,5,5,5,5,5,5,5,5,5,5,5,5,5,5,5,5,5,5,10,5,5,5,5,5,5,5,5,5,5,5,5,5,5,5,10,5,5,5,5,255,255
1781188466.395806,26,10513836,933,2072,2033,2071,1676,1341,1112,916,1172,1443,2061,2077,2087,1995,1338,1034,1328,1975,2078,2109,2122,2111,2003,1657,1343,2065,2102,2092,2097,2120,2063,1919,1353,2075,2112,2101,2115,2140,2032,1959,1376,2034,2140,2131,2061,2054,1933,1937,1328,2058,2100,2132,2083,1958,1930,1981,1310,1846,2045,2030,1996,1933,1961,2050,5,255,5,5,5,9,5,5,5,5,5,5,5,5,5,5,9,5,5,5,5,5,5,5,5,5,5,5,5,5,5,255,5,5,5,5,5,5,5,5,5,5,5,5,5,5,5,5,5,5,5,5,5,5,5,5,5,5,5,5,5,5,255,255
1781188466.496770,27,10613701,931,2065,2086,2070,1941,1362,1104,915,1167,2020,2071,2080,2113,2079,1323,1031,1293,2002,2097,2091,2102,2081,2058,1655,1366,2046,2112,2093,2106,2106,2059,1915,1313,2050,2103,2089,2122,2141,2004,1942,1352,2067,2094,2107,2112,2015,1900,1944,1333,2032,2131,2114,2109,1974,1948,1981,1314,1889,2070,2076,1979,1985,1973,2050,5,5,5,5,5,5,5,5,5,5,5,5,5,5,5,5,5,5,5,5,5,5,5,5,9,5,5,5,5,5,5,10,5,5,5,5,5,5,5,255,9,5,5,5,5,5,255,5,5,5,5,5,5,5,5,5,5,9,5,5,5,5,10,255
1781188466.597064,28,10713701,930,2057,2094,2085,2008,1361,1118,914,1195,1392,2050,2087,2081,1983,1298,1024,1328,2005,2082,2093,2099,2093,2020,1661,1366,2055,2084,2086,2116,2094,2032,1912,1358,2047,2098,2103,2126,2112,2035,1942,1338,2092,2108,2090,2126,2080,1963,1935,1373,2074,2099,2099,2069,1976,1942,1943,1298,1732,2034,2061,2000,1993,1973,2050,5,255,5,5,5,5,5,5,5,5,5,5,5,5,5,5,9,5,5,5,5,5,9,5,5,5,5,5,5,5,5,5,5,5,5,5,5,5,5,255,5,5,5,5,5,5,5,5,9,5,5,5,5,5,5,5,5,5,5,5,5,5,255,255
1781188466.695765,29,10813939,931,2035,2083,2070,1997,1340,1113,919,1185,1376,2072,2092,2082,2021,1326,1027,1318,1974,2097,2102,2093,2105,2071,1680,1356,2049,2098,2095,2096,2132,2083,1875,1322,2075,2219,2108,2109,2130,2014,1991,1341,2076,2103,2064,2139,2040,1963,1965,1355,2042,2108,2121,2077,1978,1948,1962,1339,1896,2042,2044,1938,1963,1973,2050,5,5,5,5,5,5,5,5,5,9,5,5,5,9,5,5,5,5,5,5,5,5,5,5,5,5,5,5,5,5,9,5,9,5,5,5,5,5,5,10,5,5,5,5,5,5,255,5,5,5,5,5,5,5,5,5,5,5,9,5,5,5,255,255
1781188466.795587,30,10913878,939,2067,2060,2070,1773,1312,1113,920,1166,1322,2093,2101,2089,1974,1282,1009,1343,2055,2091,2082,2114,2094,2021,1667,1336,2079,2101,2092,2108,2102,2117,1853,1361,2069,2095,2096,2096,2104,2023,1856,1312,2056,2096,2088,2118,2094,1951,1938,1341,2044,2124,2119,2073,1955,1938,1960,1333,1841,1976,2051,1987,1931,1978,2050,5,5,5,5,5,5,5,5,5,255,5,5,5,9,9,5,9,5,5,5,5,5,5,5,5,5,5,5,5,5,9,5,9,5,5,5,5,5,5,5,5,5,5,5,5,5,10,5,5,5,5,5,5,5,5,5,5,5,5,5,5,255,10,255
1781188466.895404,31,11013701,918,2072,2065,2051,1672,1334,1122,914,1177,2022,2062,2090,2114,2056,1262,1027,1336,2026,2089,2080,2087,2080,1993,1618,1354,2061,2086,2092,2093,2111,2063,1853,1421,2081,2090,2108,2091,2116,2000,1953,1354,2072,2113,2094,2113,2060,1929,1934,1333,2074,2108,2112,2067,2002,1948,1992,1323,1953,2063,2034,1987,1946,1978,2050,5,5,5,5,5,5,5,5,5,5,5,5,5,5,9,5,9,5,5,5,5,5,9,5,5,5,5,5,5,5,5,9,5,5,5,5,5,5,5,5,9,5,5,5,5,5,5,5,5,5,5,5,5,5,5,5,5,5,5,5,5,5,255,255
1781188466.998328,32,11115191,943,2069,2095,2073,2022,1372,1127,893,1153,1411,2027,2083,2056,2043,1288,1011,1307,2034,2083,2072,2120,2103,2010,1621,1358,2036,2103,2093,2096,2114,2067,1916,1397,2051,2106,2077,2097,2096,2016,1794,1403,2023,2089,2126,2127,2036,1949,1977,1357,2053,2097,2110,2063,2000,1952,1974,1271,1953,2048,2038,1991,1963,1978,2050,5,5,5,5,5,5,5,5,5,4,5,5,5,5,5,5,5,5,5,5,5,5,5,5,5,5,5,5,5,5,5,5,9,5,5,5,5,5,5,5,5,5,5,5,5,5,5,5,5,5,5,5,5,5,5,5,5,255,5,5,5,5,255,255
1781188467.096991,33,11213701,923,2090,2066,2097,2005,1327,1113,907,1161,1420,2017,2113,2062,1990,1279,1028,1329,2000,2088,2094,2102,2069,2100,1642,1349,2065,2106,2092,2104,2098,2044,1849,1361,2079,2107,2096,2107,2070,2018,1945,1361,2074,2132,2100,2089,2078,1960,1976,1347,2055,2091,2107,2118,1979,1952,1982,1292,1905,2031,2026,1973,1997,1992,2050,5,5,5,5,5,5,5,5,5,255,5,5,5,9,5,5,5,5,5,5,5,9,5,5,9,5,5,5,5,5,5,5,5,5,5,5,5,5,5,255,4,5,5,5,5,5,5,5,5,5,5,5,5,5,5,5,5,10,9,5,5,5,10,255
1781188467.198118,34,11313725,920,2082,2070,2074,1969,1325,1114,904,1191,1466,2056,2085,2061,2018,1283,1029,1339,2087,2079,2081,2053,2084,2064,1656,1364,2039,2118,2095,2108,2125,2096,1868,1332,2069,2098,2093,2112,2103,2038,1958,1381,2043,2136,2070,2091,2061,1942,1977,1325,2103,2118,2104,2076,1951,1987,1994,1290,1876,2005,2060,1987,1997,1992,2050,5,255,5,5,5,9,5,5,9,5,5,5,5,5,5,5,9,5,5,5,5,5,5,5,5,5,5,5,5,5,5,5,5,5,5,5,5,5,5,5,5,5,5,5,5,5,5,5,5,5,5,5,5,5,5,5,5,5,5,5,5,255,255,255
1781188467.299212,35,11416416,927,2091,2076,2080,2028,1323,1119,913,1146,1363,2083,2080,2093,2057,1307,1025,1350,2061,2066,2103,2085,2089,2099,1671,1357,2066,2102,2093,2099,2115,2061,1873,1382,2082,2116,2110,2134,2084,2017,1958,1349,2051,2103,2084,2105,2097,1943,1943,1343,2069,2101,2127,2097,1961,1962,1954,1337,1849,2047,2045,2030,1962,1992,2050,5,5,5,5,5,5,5,5,5,4,5,5,5,5,5,5,5,5,5,5,5,5,5,5,5,5,5,5,5,5,5,5,5,5,5,5,5,5,5,255,5,5,5,5,5,5,5,5,5,5,5,5,5,5,5,5,5,5,9,5,5,10,255,255
1781188467.395519,36,11513717,937,2068,2107,2081,1979,1365,1107,908,1219,1996,2080,2088,2080,1984,1299,1042,1297,2080,2081,2100,2125,2137,1987,1591,1377,2027,2087,2101,2098,2088,2097,1873,1347,2061,2112,2094,2108,2088,2017,1956,1359,2034,2103,2104,2134,2065,1961,1943,1338,2015,2101,2088,2076,1975,1970,1989,1335,1897,2020,2043,1976,1972,1992,2050,5,5,5,5,5,5,5,5,5,5,5,5,5,5,5,5,5,5,5,5,5,5,9,5,5,5,5,5,5,5,5,255,5,5,5,5,5,5,5,10,5,5,5,5,5,5,5,5,5,9,5,5,5,5,5,5,5,5,5,5,5,5,255,255
1781188467.497288,37,11613701,937,2048,2054,2088,1704,1354,1106,911,1184,1394,2091,2088,2061,2039,1310,1032,1337,2041,2080,2093,2114,2124,2041,1627,1331,2074,2100,2086,2108,2117,2032,1887,1356,2041,2108,2088,2116,2136,2048,1937,1386,2068,2120,2112,2116,2042,1976,1960,1320,2041,2153,2122,2067,1974,1966,1958,1339,1924,1989,2030,1969,1952,1992,2050,5,5,5,5,9,5,5,5,5,5,5,5,5,5,5,5,5,9,5,5,5,5,5,5,5,5,5,5,5,5,9,10,5,5,5,5,5,5,5,5,5,5,5,5,5,5,5,5,9,5,5,5,5,5,5,5,5,9,9,5,9,5,255,255
1781188467.588387,38,11706186,940,2084,2077,2062,1986,1362,1126,911,1182,1399,2066,2087,2099,2039,1279,1037,1373,2061,2085,2090,2113,2102,2056,1625,1350,2029,2104,2095,2111,2120,2073,1854,1379,2065,2077,2081,2118,2108,2013,1928,1353,2026,2089,2075,2125,2080,1929,1955,1347,2080,2121,2095,2082,1958,1925,1922,1320,1902,1981,2043,2004,1974,1968,1981,5,5,5,5,5,5,5,5,5,5,5,5,5,5,9,5,5,5,5,5,5,5,5,5,5,5,5,5,5,5,5,5,5,5,5,5,5,5,5,5,5,5,5,5,5,5,5,5,5,5,5,5,5,5,5,5,5,5,5,5,5,5,10,10
1781188467.685433,39,11803701,930,2057,2043,2073,2019,1347,1102,909,1174,1419,2047,2105,2121,1976,1304,1029,1301,2078,2087,2095,2101,2111,2041,1603,1350,2069,2093,2102,2111,2104,2066,1873,1376,2033,2118,2107,2118,2116,2047,1922,1376,2057,2089,2114,2117,2106,1925,1941,1375,2047,2123,2092,2074,2007,1961,1960,1269,1818,2004,2053,2020,1971,1968,1981,5,5,5,5,5,9,5,5,5,255,5,5,5,5,5,5,5,5,5,5,5,5,5,9,9,5,5,5,5,5,5,5,5,5,5,5,5,5,5,5,9,5,5,5,5,5,255,5,5,5,5,5,5,5,5,5,5,5,5,5,5,5,255,5
1781188467.787659,40,11903701,931,2065,2051,2097,1786,1335,1110,913,1169,1365,2084,2104,2129,1971,1306,1047,1342,2028,2107,2080,2083,2116,2072,1661,1372,2036,2105,2094,2111,2112,2057,1873,1363,2052,2117,2113,2119,2136,2039,1936,1379,2048,2105,2124,2118,2017,2015,1947,1311,2020,2097,2119,2078,1993,1938,1988,1310,1852,2023,2078,1990,1969,1968,1981,9,5,5,5,4,9,5,5,5,9,5,5,5,5,9,5,5,5,5,5,5,5,5,5,5,5,5,5,5,5,5,255,9,5,5,5,5,5,5,5,5,5,5,5,5,5,5,5,5,5,5,5,5,5,5,5,5,5,9,5,5,5,255,255
1781188467.890932,41,12006332,930,2080,2075,2064,2025,1358,1110,921,1156,1882,2099,2073,2060,2023,1291,1024,1332,1980,2107,2081,2118,2071,2070,1703,1381,2061,2111,2090,2106,2105,2054,1890,1342,2075,2114,2097,2113,2116,2025,1932,1328,2037,2111,2094,2099,2067,1947,1934,1320,2069,2111,2100,2073,1934,1972,2000,1331,1852,2038,2038,1988,1951,1945,1981,5,5,5,5,5,5,5,5,5,5,5,5,5,5,5,5,9,5,5,5,5,5,5,5,5,5,5,5,5,5,5,10,5,5,5,5,5,5,5,5,5,5,5,5,5,5,5,5,5,5,5,5,5,5,5,5,5,255,5,5,5,5,10,255
1781188467.986618,42,12103701,937,2080,2078,2076,1878,1367,1112,910,1153,1391,2092,2086,2088,1997,1303,1044,1365,2047,2118,2101,2097,2109,2041,1653,1332,2041,2078,2099,2093,2131,2083,1809,1350,2048,2108,2105,2103,2104,1988,1881,1370,2034,2125,2107,2128,2089,1927,1937,1347,2088,2116,2106,2079,1982,1937,1943,1297,1875,2073,2074,2000,1947,1945,1981,5,5,5,5,9,5,5,5,5,5,5,5,5,5,5,5,9,5,5,5,5,5,5,5,9,5,5,5,5,5,5,5,5,5,5,5,5,5,5,5,5,5,5,5,5,5,5,5,5,5,5,5,5,5,5,5,5,10,5,9,5,5,255,255
1781188468.088526,43,12203701,934,2083,2060,2083,2049,1365,1113,908,1186,1360,2094,2086,2067,1791,1340,1030,1315,1963,2060,2101,2108,2084,2061,1646,1330,2094,2100,2085,2084,2105,2083,1913,1333,2075,2119,2091,2105,2121,2024,1876,1328,2068,2102,2139,2086,2057,1903,1979,1345,2066,2075,2108,2071,1987,1942,1983,1303,1852,2043,2033,2021,1949,1940,2030,5,5,5,5,5,5,5,5,5,9,5,5,5,4,5,5,5,9,5,5,5,5,5,5,5,5,5,5,5,5,5,5,5,5,255,5,5,5,5,255,5,5,5,5,5,5,5,5,5,5,5,5,5,5,5,5,5,5,5,5,5,5,10,10
1781188468.189337,44,12305044,931,2084,2090,2068,1959,1362,1107,908,1161,1379,2052,2089,2104,2032,1306,1030,1321,2054,2107,2081,2096,2082,2073,1683,1369,2071,2102,2089,2098,2083,2056,1860,1374,2068,2082,2132,2115,2092,2045,1907,1385,2098,2111,2093,2103,2099,1933,1948,1373,2069,2114,2114,2054,1987,1972,1968,1333,1922,2035,2020,1994,1974,1940,2030,5,5,5,5,5,9,5,5,5,5,5,5,5,4,5,5,9,5,255,5,5,5,5,5,9,5,5,5,5,5,5,5,5,5,5,5,5,5,5,5,9,5,5,5,5,5,5,5,5,5,5,5,5,5,5,5,9,5,5,5,5,5,255,255
1781188468.287341,45,12403721,924,2069,2080,2081,1707,1350,1111,917,1200,1399,2067,2078,2077,2028,1302,1036,1303,2042,2080,2079,2057,2097,2048,1622,1364,2056,2102,2088,2098,2113,2062,1916,1370,2074,2105,2103,2129,2117,2035,1866,1375,2013,2097,2119,2130,2049,1942,1966,1336,2084,2109,2131,2105,2035,1928,1965,1307,2002,1988,2019,1973,1954,1971,2030,5,5,5,5,9,5,5,5,5,9,5,5,5,5,5,5,5,5,5,5,5,5,5,5,5,5,5,5,5,5,5,5,5,9,5,5,5,5,9,5,9,5,5,5,5,5,5,5,5,5,5,5,5,5,5,5,5,5,9,5,5,5,10,255
1781188468.385332,46,12503705,936,2067,2085,2072,1772,1336,1118,915,1173,1369,2066,2101,2066,2099,1314,1045,1328,2021,2097,2084,2065,2107,2046,1583,1340,2043,2089,2094,2080,2093,2079,1926,1392,2052,2093,2091,2106,2123,2001,1908,1373,2069,2104,2081,2128,2040,1962,1946,1339,2067,2098,2128,2089,1968,1960,1942,1334,1808,2016,2037,1990,1964,1971,2030,5,5,5,5,9,9,5,5,5,9,5,5,5,5,5,5,9,5,5,5,5,5,5,5,5,5,5,5,5,5,5,5,5,5,5,5,5,5,5,5,9,5,5,5,5,5,5,5,5,5,5,5,5,5,5,5,5,5,5,5,5,5,255,255
1781188468.486660,47,12603701,935,2057,2077,2076,2015,1346,1113,908,1178,1408,2076,2080,2053,2073,1328,1041,1311,2022,2098,2095,2126,2075,2039,1655,1388,2049,2106,2090,2092,2110,2075,1880,1356,2063,2136,2095,2107,2115,2027,1950,1321,2061,2117,2123,2106,2078,1975,1946,1377,2048,2101,2112,2079,1972,1946,2008,1323,1854,1956,2027,1986,1937,1995,2083,5,5,5,5,5,5,5,5,5,9,5,5,5,5,5,5,5,5,5,5,5,5,5,5,9,5,5,5,5,5,5,5,9,5,5,5,5,5,5,5,5,5,5,5,5,5,5,5,5,5,5,5,5,5,5,5,5,9,5,5,5,5,10,10
1781188468.589928,48,12703784,926,2070,2078,2065,1856,1366,1111,908,1166,1492,2073,2094,2089,2047,1275,1057,1320,2025,2089,2081,2076,2090,1958,1697,1325,2106,2094,2099,2105,2120,2042,1843,1340,2052,2112,2109,2095,2086,2047,1950,1344,2057,2112,2124,2097,2027,1979,1948,1313,2031,2107,2112,2084,1967,1930,1971,1347,1854,1992,2051,1989,1978,1995,2083,5,5,5,5,9,5,5,5,5,4,5,5,5,5,5,5,5,5,5,5,5,5,5,5,5,5,5,5,5,5,5,5,5,5,5,5,5,5,5,5,5,5,5,5,5,5,5,5,5,5,5,5,5,5,5,255,5,255,9,5,5,5,255,255
1781188468.687032,49,12803701,927,2074,2059,2084,2035,1334,1109,918,1177,2040,2068,2090,2079,2061,1320,1037,1321,2000,2074,2109,2085,2079,2023,1700,1364,2063,2101,2091,2096,2116,2062,1883,1285,2054,2098,2103,2126,2124,2050,1928,1356,2078,2099,2066,2131,2076,1940,1923,1301,2059,2122,2126,2119,1976,1949,1973,1331,1910,2030,2027,1991,1965,1995,2083,5,5,5,5,5,5,5,5,5,4,5,5,5,5,5,5,5,9,5,5,5,5,9,5,5,5,5,5,5,5,5,5,9,9,5,5,5,5,5,5,5,5,5,9,5,5,5,5,5,9,5,5,5,5,5,5,5,10,5,5,5,255,255,255
1781188468.787841,50,12903701,928,2083,2094,2066,1991,1322,1115,901,1170,1432,2074,2106,2142,2055,1293,1038,1304,2047,2080,2088,2096,2086,2066,1639,1312,2083,2085,2092,2089,2103,2057,1863,1317,2072,2108,2113,2116,2120,2013,1961,1375,2076,2098,2173,2120,2004,1955,1960,1335,2005,2090,2105,2072,1952,1957,1974,1315,1932,1965,2028,1983,1946,1995,2083,5,5,5,5,5,5,5,5,5,5,5,5,5,5,5,9,5,5,5,5,5,5,5,5,5,5,5,5,5,5,5,5,9,5,5,5,5,5,5,5,5,5,5,5,5,5,5,5,9,9,5,5,5,5,5,5,5,5,5,5,5,5,255,255
1781188468.889693,51,13004063,928,2067,2090,2081,2034,1364,1109,920,1185,2004,2082,2076,2080,2059,1323,1028,1316,2041,2065,2100,2120,2098,2076,1729,1374,2076,2086,2094,2099,2101,2082,1914,1383,2053,2084,2099,2111,2105,2019,1987,1382,2077,2111,2062,2101,2051,1934,1944,1360,2072,2108,2127,2088,1972,1953,1987,1290,1868,2031,2092,1971,1950,1995,1998,5,5,5,5,5,9,5,5,5,5,5,5,5,5,9,5,5,5,5,5,5,5,5,5,5,5,5,5,5,5,5,5,5,5,5,5,5,5,5,5,5,5,5,5,5,5,255,5,5,5,5,5,5,5,5,5,5,5,5,5,5,5,255,10
1781188468.987916,52,13103701,937,2083,2078,2089,2029,1360,1104,914,1200,1380,2102,2070,2111,2047,1308,1032,1369,1992,2091,2083,2108,2118,2124,1679,1353,2071,2093,2100,2102,2130,2088,1923,1403,2081,2087,2121,2118,2146,2023,1935,1331,2051,2106,2111,2126,2053,1937,1903,1336,2077,2102,2083,2104,1957,1982,1972,1331,1841,2081,2022,1980,1986,2022,1998,5,5,5,5,5,5,5,5,5,5,5,5,5,5,9,5,9,5,5,5,5,5,5,5,5,5,5,5,5,5,5,5,5,5,5,5,5,5,5,5,5,5,5,5,5,5,5,5,5,5,5,5,5,255,5,5,5,5,5,5,5,5,10,255
1781188469.078934,53,13194014,935,2082,2061,2080,2055,1355,1103,917,1193,1389,2088,2092,2082,2091,1332,1032,1321,2007,2100,2073,2118,2136,2072,1647,1354,2090,2092,2099,2089,2128,2012,1931,1369,2014,2092,2108,2098,2125,2026,1935,1385,2080,2095,2149,2115,2047,1953,1992,1341,2109,2097,2119,2069,1994,1960,1997,1340,1937,2027,2044,1941,1950,2022,1998,5,5,5,5,5,9,5,5,5,9,5,5,5,5,5,5,5,5,5,5,5,5,5,5,9,5,5,5,5,5,5,5,5,5,5,5,5,5,5,255,5,5,5,5,5,5,5,5,9,5,5,5,5,5,5,5,5,5,5,5,5,5,255,255
1781188469.182892,54,13296372,930,2089,2094,2081,1994,1337,1105,912,1171,1415,2082,2106,2123,1875,1318,1036,1319,1977,2086,2099,2088,2082,2020,1647,1346,2071,2084,2094,2104,2124,2062,1803,1367,2052,2086,2093,2115,2119,2029,2000,1395,2044,2099,2079,2095,2057,1963,1933,1334,2093,2096,2131,2105,1978,1959,1976,1313,1991,2033,2033,1999,1949,2022,1998,5,5,5,5,5,5,5,5,9,9,5,5,5,4,5,5,5,5,5,5,5,5,5,255,5,5,5,5,5,5,5,5,5,5,5,5,5,5,5,10,5,5,5,5,5,5,5,5,5,5,5,5,5,5,5,5,5,5,5,5,5,5,255,255
1781188469.277374,55,13393701,936,2078,2091,2074,2015,1369,1098,904,1199,1465,2094,2105,2078,2071,1358,1013,1328,2022,2077,2099,2119,2104,2038,1649,1358,2059,2088,2098,2098,2108,2067,1917,1370,2074,2092,2097,2104,2123,2032,2000,1367,2037,2124,2112,2087,2065,1943,1975,1328,2045,2101,2127,2073,1969,1948,1942,1287,1962,2063,2025,1982,1957,1938,1998,5,5,5,5,5,5,5,5,5,5,5,5,5,5,5,5,5,5,5,5,5,5,5,10,5,5,5,5,5,5,5,5,5,5,5,5,5,5,5,255,5,5,5,5,5,9,5,5,5,5,5,5,5,5,9,5,5,5,5,5,5,255,10,255
1781188469.375600,56,13493706,945,2070,2064,2081,1985,1394,1108,911,1173,1422,2087,2094,2067,2071,1273,1034,1296,2017,2094,2091,2127,2090,2022,1724,1362,2051,2084,2090,2102,2118,2085,1876,1391,2045,2119,2108,2124,2113,2032,2000,1368,2016,2103,2092,2119,2035,1997,1945,1340,2058,2108,2080,2095,1930,1944,1972,1315,1962,1988,2048,2005,1972,1938,1998,5,5,5,5,5,5,5,5,5,255,5,5,5,255,5,5,5,5,5,5,5,5,5,5,5,5,5,5,5,5,5,5,5,5,5,5,5,5,5,255,5,5,5,5,5,5,5,5,9,5,5,5,5,5,5,5,5,255,9,5,5,5,255,255
1781188469.478212,57,13593780,930,2076,2077,2068,2022,1331,1121,899,1157,1394,2055,2080,2106,1788,1259,1026,1333,1983,2083,2092,2102,2071,2039,1715,1394,2054,2097,2106,2115,2138,2046,1963,1363,2046,2134,2095,2090,2094,2032,1909,1363,2049,2116,2139,2089,2098,1966,1986,1368,2052,2131,2106,2067,1980,1976,1991,1370,1861,2019,2047,1984,1927,1960,1998,5,5,5,5,5,5,5,5,5,5,5,5,5,10,9,5,5,5,5,5,5,5,5,5,5,5,5,5,5,5,9,255,5,5,5,5,5,5,5,10,5,5,5,5,9,5,5,5,5,5,5,5,5,5,5,5,5,10,9,5,5,5,10,255
1781188469.578689,58,13693994,940,2049,2085,2082,2010,1362,1108,915,1151,1432,2142,2111,2085,1682,1314,1007,1326,2045,2086,2074,2124,2095,2050,1715,1367,2056,2081,2099,2087,2095,2052,1937,1359,2049,2139,2097,2089,2110,1999,1918,1366,2035,2099,2099,2141,2068,1935,1982,1328,2037,2120,2079,2062,1968,1940,1979,1311,1879,2034,2022,1897,1966,1960,1998,5,5,5,5,5,5,5,5,5,5,5,5,5,5,5,5,5,5,5,5,5,5,5,255,5,5,5,5,5,5,5,5,5,5,5,5,5,5,5,5,9,5,5,5,5,5,5,5,5,5,5,5,5,5,5,5,5,5,5,5,255,5,255,255
1781188469.677296,59,13793701,941,2102,2067,2047,1971,1357,1111,917,1192,1400,2111,2093,2124,1963,1290,1019,1335,2046,2070,2098,2070,2097,2059,1620,1327,2060,2117,2094,2102,2097,2091,1825,1380,2094,2111,2105,2120,2098,2045,1951,1365,2023,2116,2129,2095,2087,1950,1944,1323,2067,2144,2113,2072,1950,1961,1961,1312,1879,1990,2043,1976,1958,1960,1998,5,5,5,5,5,5,5,5,5,255,5,5,5,5,5,5,9,5,5,5,5,5,5,10,5,5,5,5,5,5,5,9,5,5,5,5,5,5,5,5,5,5,5,5,5,5,5,5,9,5,5,5,5,5,5,5,5,255,9,5,5,5,255,255
1781188469.775761,60,13893788,918,2073,2087,2052,2012,1379,1108,904,1166,1374,2063,2097,2087,2004,1323,1017,1316,2009,2112,2091,2106,2110,1991,1703,1364,2072,2101,2101,2076,2103,2073,1890,1357,2010,2083,2107,2123,2146,1994,1918,1380,2075,2096,2121,2105,2104,1953,2010,1389,2067,2119,2134,2056,1982,1955,2000,1320,1926,2026,2025,1977,1952,1939,1998,5,5,5,5,5,5,5,5,5,9,255,5,5,9,5,5,5,5,5,5,5,5,5,5,5,5,5,5,5,5,5,5,9,9,5,5,5,5,5,5,5,5,5,5,5,5,5,5,9,5,5,5,5,5,5,5,5,10,9,9,255,5,10,255
1781188469.877269,61,13993701,931,2047,2092,2085,1665,1367,1107,903,1176,1445,2071,2088,2100,2029,1300,1030,1347,2046,2109,2097,2114,2072,2026,1679,1376,2061,2104,2109,2091,2112,2089,1917,1351,2066,2114,2093,2104,2106,2021,1918,1351,2077,2111,2081,2111,2075,1981,1975,1334,2035,2102,2093,2092,1967,1979,2002,1304,1873,1991,1994,1960,1978,1962,1998,5,5,5,5,9,5,5,5,5,5,5,5,5,5,5,5,9,5,5,5,5,5,5,5,5,5,5,5,5,5,5,5,5,9,5,5,5,5,5,255,5,5,5,5,5,5,5,5,9,9,5,5,5,5,5,5,5,5,5,5,5,5,5,255
1781188469.977834,62,14093701,937,2037,2079,2074,2038,1364,1129,919,1177,1359,2054,2069,2060,2077,1316,1027,1358,1989,2084,2093,2093,2091,1838,1659,1353,2061,2103,2094,2103,2111,2037,1880,1389,2043,2092,2104,2083,2113,2009,1930,1363,2040,2112,2098,2108,2037,1941,1948,1362,2090,2077,2101,2055,1943,1942,1960,1337,1814,2024,2079,1969,1945,1993,1998,5,5,5,5,5,5,5,5,5,9,5,5,5,5,9,5,5,5,5,5,5,5,9,5,5,5,5,5,5,5,5,5,9,5,5,5,5,5,5,10,5,5,5,5,5,5,5,5,5,5,5,5,5,5,5,5,5,5,5,5,5,5,5,255
1781188470.078974,63,14194189,919,2060,2068,2059,2026,1365,1122,900,1179,1408,2074,2086,2097,2052,1311,1030,1328,2011,2089,2077,2115,2110,2053,1676,1359,2058,2106,2090,2108,2103,2066,1884,1379,2037,2113,2098,2116,2111,2063,1930,1374,2071,2103,2138,2098,2070,1911,1951,1345,2077,2119,2127,2078,1972,1970,1960,1311,1953,2031,2041,1966,1935,1993,1998,5,5,5,5,5,5,5,5,9,9,5,5,5,5,9,5,5,5,5,5,5,5,5,5,5,5,5,5,5,5,5,5,9,5,5,5,5,5,5,255,5,5,5,5,5,5,5,255,5,5,5,5,5,255,5,5,5,5,9,5,5,5,255,255
1781188470.179939,64,14295703,920,2078,2070,2077,2035,1348,1110,901,1166,1381,2092,2099,2093,2052,1308,1039,1336,2062,2075,2112,2094,2111,2007,1630,1334,2077,2109,2098,2098,2100,2062,1884,1356,2066,2101,2078,2134,2124,2002,1926,1392,2062,2117,2073,2127,2073,1925,1929,1347,2064,2091,2084,2072,1948,1967,1952,1301,1953,2043,2024,1964,1986,1993,1998,5,5,5,5,5,5,5,5,5,9,5,5,5,255,9,5,5,5,5,5,5,5,5,5,5,5,5,5,5,5,9,255,5,5,5,5,5,5,5,10,5,5,5,5,5,5,5,5,5,5,5,5,5,5,5,5,5,255,5,5,5,5,255,255
1781188470.276664,65,14393701,941,2037,2067,2064,1984,1345,1106,913,1177,1422,2107,2081,2095,1946,1299,1027,1339,2049,2070,2073,2102,2113,2013,1628,1333,2047,2079,2101,2094,2108,2086,1924,1398,2044,2079,2091,2126,2084,2009,1980,1403,2094,2113,2135,2102,2066,1963,1951,1312,2057,2123,2111,2070,1986,1955,1959,1326,1963,2017,2061,1946,1966,1993,1998,5,5,5,5,5,5,5,5,5,9,5,5,5,10,9,5,9,5,5,5,5,5,5,5,5,5,5,5,5,5,5,10,5,5,5,5,5,5,5,5,5,5,5,5,5,5,255,5,5,5,5,5,5,5,5,5,5,10,9,5,5,5,255,255
1781188470.380658,66,14496469,923,2093,2082,2068,1940,1366,1101,899,1180,1383,2054,2105,2078,1946,1281,1041,1341,2044,2090,2083,2120,2107,2019,1595,1345,2077,2100,2097,2109,2099,2034,1924,1354,2052,2099,2091,2123,2111,2048,1974,1370,2030,2105,2110,2095,2073,1933,1931,1326,2047,2114,2102,2111,1997,1953,1977,1317,1915,2016,2007,1955,1966,2038,1998,5,5,5,5,5,5,5,5,5,9,5,5,5,255,5,5,5,5,5,5,5,5,5,5,5,5,5,5,5,5,5,255,5,5,5,5,5,5,5,5,9,5,5,5,5,5,5,5,5,5,5,5,5,5,5,5,5,5,9,5,5,5,10,255
1781188470.477061,67,14593701,947,2065,2078,2069,2012,1361,1105,917,1176,1351,2064,2079,2122,1795,1317,1066,1367,1999,2081,2092,2146,2118,2039,1647,1339,2066,2094,2098,2113,2113,2060,1960,1370,2064,2127,2089,2106,2118,2017,1941,1426,2047,2093,2112,2092,2082,1968,1963,1373,2070,2076,2110,2071,1985,1970,1988,1310,1921,2052,2075,1984,1968,1939,1998,5,5,5,5,5,5,5,5,5,9,5,5,5,10,9,9,9,5,5,5,5,5,5,5,5,5,5,5,5,5,9,10,5,5,5,5,5,5,5,5,5,5,5,5,5,5,5,5,5,5,5,5,5,5,5,5,5,5,5,5,5,5,5,255
1781188470.578815,68,14693980,936,2089,2123,2088,1813,1343,1118,905,1182,2044,2063,2102,2116,1938,1315,1046,1324,2004,2110,2093,2115,2098,1989,1640,1346,2026,2098,2092,2107,2092,2058,1935,1393,2055,2099,2098,2103,2135,2027,2012,1454,2068,2098,2112,2116,2037,1892,1934,1387,2059,2113,2124,2085,1973,1940,1947,1297,1876,2001,2037,1957,1945,1939,1998,5,5,5,5,5,9,5,5,5,5,5,5,5,5,5,5,9,9,5,5,5,5,5,9,5,5,5,5,5,5,5,5,5,5,5,5,5,5,5,5,5,5,5,5,5,5,5,5,5,5,5,5,5,5,5,5,5,9,5,5,5,5,255,255
1781188470.672199,69,14786374,937,2088,2078,2075,2017,1311,1126,911,1187,1369,2101,2065,2114,2070,1305,1032,1315,2071,2109,2108,2102,2106,2029,1640,1359,2013,2108,2088,2112,2118,2055,1935,1325,2030,2099,2096,2114,2122,2018,1841,1350,2039,2109,2091,2103,2066,1982,1950,1366,2071,2129,2106,2099,1960,1936,1962,1339,1917,2022,2045,1987,1954,1939,1998,5,5,5,5,5,5,5,5,5,9,5,5,5,5,5,5,5,5,5,5,5,5,5,255,9,5,5,5,5,5,5,255,4,5,5,5,5,5,5,5,9,5,5,5,5,5,5,5,5,5,5,5,5,5,5,5,5,5,9,5,5,5,255,255
1781188470.765407,70,14883701,937,2083,2091,2076,2017,1349,1127,904,1144,1425,2108,2106,2081,2083,1330,1034,1326,1971,2100,2107,2097,2129,2046,1560,1339,2049,2096,2092,2099,2111,2085,1860,1359,2088,2085,2073,2084,2074,2040,1841,1388,2045,2087,2115,2115,2069,1910,1976,1363,2073,2142,2091,2098,1958,1971,1982,1328,1917,2010,2061,1976,1990,1939,1998,5,5,5,5,5,5,5,5,5,9,5,5,5,5,9,5,5,5,5,5,5,5,5,10,5,5,5,5,5,5,5,10,5,5,5,5,5,5,5,255,9,5,5,5,5,5,5,5,5,5,5,5,5,5,5,5,5,255,5,5,5,5,255,255
1781188470.865638,71,14983701,920,2079,2090,2070,2003,1362,1127,914,1179,1325,2074,2106,2098,2051,1297,1021,1336,2086,2073,2073,2106,2083,2044,1657,1377,2096,2081,2093,2100,2096,2067,1872,1337,2070,2073,2094,2121,2120,2013,1932,1424,2045,2117,2120,2089,2105,1952,1962,1379,2049,2133,2113,2103,1976,1962,1951,1286,1896,2012,2036,2015,1982,1971,1998,5,5,5,5,5,5,5,5,5,4,5,5,5,5,5,5,5,5,5,5,5,5,5,5,5,5,5,5,5,5,5,5,5,5,5,5,5,5,5,10,5,255,5,5,5,5,5,5,5,5,5,5,5,5,5,5,5,10,9,5,5,5,10,255
1781188470.970331,72,15085935,938,2080,2088,2083,2007,1382,1109,896,1188,1472,2089,2086,2088,2041,1269,1046,1319,1990,2078,2093,2092,2050,2046,1713,1332,2075,2095,2098,2089,2094,2056,1937,1377,2047,2118,2083,2116,2129,2011,1932,1344,2043,2117,2120,2115,2079,1931,1906,1332,2072,2118,2099,2095,2012,1925,1992,1295,1927,2039,2020,1981,1959,1971,1998,5,5,5,5,5,5,5,5,5,4,5,5,5,5,5,5,5,5,5,5,5,5,5,5,5,5,5,5,5,5,5,5,5,5,5,5,5,5,5,255,5,10,5,255,5,5,5,5,5,5,5,5,5,5,5,5,5,5,5,9,5,5,255,255
1781188471.069500,73,15183733,924,2064,2054,2084,2042,1353,1113,919,1160,1402,2068,2080,2107,2091,1298,1037,1338,2017,2097,2081,2086,2108,2066,1659,1339,2043,2091,2090,2097,2093,2061,1837,1358,2071,2095,2090,2124,2147,2046,1992,1342,2036,2111,2098,2133,2053,1955,1948,1314,2052,2111,2105,2076,1971,1944,1966,1311,1933,2018,2046,1997,1982,1971,1998,5,5,5,5,5,5,5,5,9,4,5,5,5,5,5,5,5,5,5,5,5,5,5,5,5,5,5,5,5,5,5,5,5,5,5,5,5,5,5,10,5,5,5,10,5,5,5,5,5,5,5,5,5,5,5,5,5,9,9,5,5,5,255,255
1781188471.169290,74,15285944,945,2089,2057,2083,1989,1336,1111,911,1174,1430,2086,2092,2087,1943,1334,1033,1342,2021,2093,2089,2106,2090,2057,1667,1335,2030,2084,2096,2096,2096,2033,1837,1373,2052,2076,2086,2113,2123,2030,1941,1369,2096,2121,2080,2107,2111,1903,1947,1334,2044,2094,2104,2100,1955,1964,1981,1315,1850,2026,2032,1957,1962,1930,1998,5,5,5,5,5,5,5,5,5,9,5,5,5,5,9,5,5,5,5,5,5,5,5,5,5,5,5,5,5,5,5,255,5,5,5,5,5,5,5,5,5,5,5,5,5,5,5,5,5,5,5,5,5,5,5,5,5,5,5,5,5,5,10,255
1781188471.272574,75,15386803,947,2082,2071,2064,1969,1326,1106,916,1175,1387,2065,2109,2102,2033,1278,1020,1318,2041,2076,2078,2131,2113,2103,1667,1347,2050,2090,2094,2084,2107,2048,1952,1363,2035,2093,2098,2110,2112,2017,1904,1358,2041,2089,2104,2109,2078,1974,1971,1350,2042,2096,2116,2061,1969,1939,1972,1334,1947,2025,2025,1958,1977,1930,2006,5,5,5,5,5,9,5,5,5,9,5,5,5,5,5,5,5,5,5,5,5,5,5,255,9,5,5,5,5,5,5,10,5,5,5,5,5,5,5,5,9,5,5,5,5,5,5,5,5,5,5,5,5,5,5,5,5,5,5,5,5,5,255,10
1781188471.367713,76,15484088,935,2075,2086,2091,2010,1356,1112,902,1171,1423,2064,2095,2064,2066,1314,1026,1273,2031,2097,2088,2128,2075,2072,1587,1331,2066,2089,2097,2094,2104,2093,1796,1407,2057,2124,2091,2100,2058,2028,1966,1407,2070,2127,2153,2123,2100,1938,1953,1365,2044,2123,2129,2085,1960,1931,1955,1336,1863,2036,2006,1994,1929,1930,2006,5,5,5,5,5,5,5,5,5,9,5,5,5,5,5,5,5,5,5,5,5,5,5,10,4,5,5,5,5,5,5,9,9,5,5,5,5,5,5,5,5,5,5,5,5,5,5,5,5,5,5,5,5,5,5,5,5,5,5,5,5,5,255,255
1781188471.467285,77,15583701,941,2103,2097,2102,1999,1366,1116,906,1167,1388,2078,2106,2091,2018,1298,1029,1325,2059,2085,2103,2118,2093,2061,1686,1332,2068,2084,2095,2100,2127,2040,1842,1367,2068,2079,2093,2112,2079,2000,1917,1374,2083,2104,2087,2087,2057,1972,1968,1296,2041,2113,2130,2111,1946,1922,1973,1327,1863,2010,2031,1994,1927,1966,1995,5,5,5,5,5,5,5,5,5,5,5,5,5,5,5,5,9,5,5,5,5,5,5,5,5,5,5,5,5,5,5,5,5,5,5,5,5,5,5,255,9,5,5,5,5,5,5,5,5,5,5,5,5,5,5,5,5,255,5,5,5,5,10,10
1781188471.568937,78,15684906,934,2108,2109,2054,2041,1363,1115,919,1165,2053,2069,2070,2077,1998,1305,1025,1263,2023,2081,2116,2083,2080,2004,1686,1385,2066,2102,2100,2105,2121,2060,1925,1334,2067,2112,2107,2128,2115,2028,1918,1395,2052,2085,2087,2114,2051,1977,1960,1332,2064,2133,2108,2063,1967,1945,1982,1293,1863,2020,2053,1996,1927,1966,1995,5,5,5,5,5,9,5,5,9,5,5,5,5,5,5,5,5,5,5,5,5,5,5,255,4,5,5,5,5,5,5,5,9,5,5,5,5,5,5,5,5,5,5,255,5,5,5,5,5,5,5,5,5,5,5,5,5,255,5,5,5,255,255,255
1781188471.668199,79,15783729,930,2065,2058,2085,2018,1368,1118,919,1180,1395,2062,2100,2114,2045,1318,1036,1332,2040,2088,2108,2075,2091,1904,1644,1348,2037,2100,2092,2102,2111,2075,1836,1388,2056,2090,2107,2113,2113,2040,1567,1397,2084,2134,2118,2101,2062,1958,1991,1338,2067,2121,2098,2069,2006,1944,1980,1317,1993,2047,2035,1990,1974,1966,1995,5,5,5,5,5,5,9,5,5,5,5,5,5,5,5,5,9,5,5,5,5,5,5,10,5,5,5,5,5,5,5,5,5,5,5,5,5,5,5,4,5,5,5,10,5,5,255,255,9,5,5,5,5,5,5,5,5,10,9,5,5,10,255,255
1781188471.767938,80,15883701,929,2091,2101,2091,1988,1372,1114,914,1162,1426,1999,2093,2077,1753,1342,1056,1338,2058,2103,2112,2085,2092,2083,1644,1364,2028,2091,2101,2094,2114,2061,1891,1331,2057,2074,2088,2113,2105,2015,1931,1370,2044,2113,2121,2144,2106,1922,1968,1329,2063,2102,2124,2084,1976,1942,1996,1335,1852,2024,2022,1945,1963,1938,1995,5,5,5,5,5,5,5,5,9,5,5,5,5,5,5,5,9,5,5,5,5,5,5,255,5,5,5,5,5,5,5,5,5,5,5,5,5,5,5,255,5,5,5,5,5,5,5,5,5,5,5,5,5,5,5,5,5,5,5,5,255,5,10,255
1781188471.867984,81,15983701,944,2066,2077,2081,1743,1367,1117,916,1162,1457,2053,2078,2121,2017,1304,1034,1347,2003,2108,2091,2119,2098,2048,1635,1346,2058,2093,2099,2097,2111,2040,1825,1357,2060,2102,2103,2131,2138,2025,1927,1360,2038,2128,2118,2127,2052,1959,1934,1335,2050,2105,2134,2079,1957,1952,1942,1317,1877,2051,1980,1973,1985,1938,1995,5,5,5,5,9,5,5,5,5,255,5,5,5,5,5,5,9,5,5,5,5,5,5,10,5,5,5,5,5,5,5,5,5,5,5,5,5,5,5,10,5,5,5,5,5,5,5,5,5,5,5,5,5,5,5,5,5,9,5,9,5,5,255,255
1781188471.967945,82,16083780,938,2067,2081,2065,1961,1335,1111,900,1161,1409,2081,2083,2071,2036,1295,1032,1297,1999,2077,2100,2157,2098,2018,1670,1338,2060,2103,2094,2107,2116,2074,1878,1365,2071,2092,2096,2094,2116,2008,1931,1365,2060,2130,2115,2111,2048,1951,1946,1373,2056,2123,2098,2078,1972,1943,1974,1332,1883,2044,2041,1997,1972,1938,1995,5,5,5,5,5,5,5,5,5,9,5,5,5,5,5,5,5,5,5,5,5,5,5,5,5,9,5,5,5,5,5,5,5,5,5,5,5,5,5,5,5,5,5,5,5,5,5,5,5,5,5,5,5,5,5,5,5,5,5,5,255,5,255,255
1781188472.067551,83,16183721,941,2075,2057,2098,2030,1338,1125,900,1174,1430,2078,2110,2076,2014,1323,1037,1326,2042,2102,2090,2109,2069,1988,1641,1338,2031,2085,2095,2099,2109,2118,1909,1379,2075,2104,2089,2109,2123,2064,1985,1373,2060,2115,2117,2113,2075,1921,1942,1348,2047,2116,2139,2066,1987,1968,1980,1326,1809,2016,2039,2029,1970,1956,1972,5,5,5,5,5,5,5,5,5,5,5,5,5,5,9,5,5,5,5,5,5,5,9,5,5,5,5,5,5,5,9,5,5,5,5,5,5,5,5,5,5,255,5,5,5,5,5,5,5,5,5,5,5,5,5,5,5,5,9,5,5,5,10,10
1781188472.159389,84,16273701,931,2088,2120,2077,2004,1346,1116,903,1191,1378,2074,2073,2099,1952,1346,1025,1304,2008,2079,2098,2126,2112,1955,1669,1341,2049,2088,2088,2089,2110,2028,1799,1349,2039,2122,2094,2108,2118,2004,1902,1353,2013,2117,2023,2119,2073,1909,1919,1330,2052,2105,2132,2074,1979,1960,1954,1333,1809,2077,2037,1963,1945,1929,1972,5,5,5,5,5,5,5,5,5,9,5,5,5,9,9,5,5,5,5,5,5,5,5,5,5,5,5,5,5,5,9,5,5,5,5,5,5,5,5,5,5,10,5,5,5,5,5,5,5,5,5,5,5,5,5,5,5,255,5,5,5,5,5,255
1781188472.258043,85,16373792,953,2079,2073,2078,2060,1346,1123,913,1166,1408,2084,2096,2098,1948,1309,1024,1335,2016,2095,2104,2101,2077,2045,1647,1330,2045,2083,2097,2110,2104,2040,1870,1374,2056,2106,2107,2110,2105,2044,1902,1365,2034,2095,2128,2120,2111,1953,1970,1349,2067,2108,2140,2092,1986,1956,1949,1330,1809,2006,2023,1957,1960,1963,1972,5,5,5,5,5,5,5,5,5,9,5,5,5,9,5,5,9,5,5,5,5,5,5,5,5,5,5,5,5,5,5,5,9,5,5,5,5,5,5,255,5,5,5,5,5,5,5,5,5,5,5,5,5,5,5,5,5,255,9,5,5,5,5,255
1781188472.355416,86,16473741,958,2089,2083,2066,1978,1355,1119,900,1154,1430,2088,2096,2095,2093,1343,1035,1348,2028,2069,2101,2133,2098,2056,1652,1331,2060,2081,2094,2111,2112,2038,1914,1346,2069,2111,2095,2099,2096,2007,1909,1408,2000,2102,2105,2114,2061,1979,1959,1339,2070,2101,2108,2086,1983,1934,1971,1313,1846,2020,2004,1987,1937,1963,1972,5,5,5,5,5,5,5,5,9,5,5,5,5,5,5,5,9,5,5,5,5,5,5,5,5,5,5,5,5,5,5,5,5,5,5,5,5,5,5,10,5,5,5,5,5,5,5,5,5,9,5,5,5,5,5,5,5,10,5,5,255,5,255,255
1781188472.455311,87,16573701,934,2051,2061,2075,1969,1369,1113,910,1173,1359,2124,2098,2076,1986,1326,1030,1321,1979,2072,2107,2099,2111,2035,1685,1355,2030,2093,2084,2102,2112,2055,1924,1350,2067,2105,2107,2102,2073,2020,1909,1387,2069,2103,2123,2131,2081,1955,1968,1329,2074,2134,2122,2098,1972,1945,1974,1339,1908,2023,2035,1951,1945,1975,1972,5,5,5,5,5,9,5,5,5,4,5,5,5,5,5,5,5,9,5,5,5,5,5,5,5,5,5,5,5,5,5,5,5,5,5,5,5,5,5,255,5,5,5,5,5,5,5,5,5,5,5,5,5,5,5,5,5,5,5,5,5,5,10,255
1781188472.558360,88,16673796,925,2084,2075,2062,2023,1375,1111,923,1153,1438,2051,2098,2128,1971,1314,1040,1317,2065,2102,2090,2098,2090,2015,1674,1337,2049,2093,2098,2106,2105,2082,1899,1370,2045,2089,2111,2137,2088,2025,1909,1278,2020,2138,2117,2109,2069,1938,1943,1363,2078,2081,2110,2070,1992,1939,1952,1333,1842,2038,2060,2018,2003,2064,1972,5,5,5,5,5,5,5,5,5,4,5,5,5,5,5,5,5,5,5,5,5,5,5,5,5,5,5,5,5,5,5,5,5,5,5,5,5,5,5,255,5,5,5,5,5,5,5,5,5,5,5,5,5,5,5,5,5,5,5,5,5,5,5,255
1781188472.659502,89,16773701,918,2066,2071,2055,2036,1346,1097,904,1171,2029,2080,2086,2094,2129,1281,1029,1323,1999,2086,2101,2126,2097,2038,1714,1328,2067,2106,2098,2099,2102,2084,1925,1363,2050,2089,2105,2130,2156,2033,1909,1322,2038,2121,2121,2129,2080,1941,1944,1367,2037,2110,2104,2088,1979,1970,1939,1331,1868,2030,2037,1950,1978,2064,1972,5,5,5,5,5,5,5,5,5,5,5,5,5,5,9,5,5,5,5,5,5,5,5,5,5,5,5,5,5,5,5,5,5,5,5,5,5,5,5,255,5,5,5,5,5,5,5,5,5,5,5,5,5,5,5,5,5,5,5,5,5,5,255,255
1781188472.757017,90,16873701,941,2082,2064,2085,2028,1350,1105,912,1178,1462,2098,2081,2052,1883,1334,1044,1331,2023,2089,2101,2108,2123,2033,1616,1356,2075,2084,2098,2100,2098,2084,1880,1367,2039,2108,2087,2116,2118,2023,1953,1389,2070,2111,2100,2118,2029,1965,1960,1352,2082,2103,2106,2090,1942,1965,1952,1310,1868,1998,2008,1964,1960,2003,1972,5,5,5,5,5,5,5,5,5,4,5,5,5,4,5,5,5,5,5,5,5,5,5,5,5,5,5,5,5,5,5,5,5,5,5,5,5,5,5,10,5,5,5,5,5,5,5,5,5,5,5,5,5,5,5,5,5,255,5,5,5,5,10,255
1781188472.855679,91,16973781,914,2079,2077,2083,2000,1369,1105,908,1201,1358,2053,2090,2116,1883,1287,1018,1327,2026,2114,2083,2106,2127,2029,1650,1361,2043,2104,2093,2090,2119,2052,1879,1338,2025,2100,2098,2108,2151,2040,1922,1374,2029,2112,2096,2119,2035,1950,1929,1333,2070,2112,2137,2101,1987,1937,1950,1310,1934,2004,2043,2006,1966,2003,1972,5,5,5,5,5,5,5,5,5,4,5,5,5,255,9,5,9,5,5,5,5,5,5,5,9,5,5,5,5,5,5,5,5,5,5,5,5,5,5,5,5,5,5,5,5,5,5,5,5,5,5,5,5,255,5,5,5,10,5,5,5,5,255,255
1781188472.957396,92,17073701,914,2061,2059,2070,2053,1326,1114,906,1170,1399,2064,2100,2104,1961,1328,1056,1359,2067,2082,2096,2090,2123,2072,1669,1364,2012,2109,2089,2112,2129,2062,1879,1336,2049,2090,2097,2099,2099,2040,1889,1353,2080,2100,2145,2110,2137,1981,1922,1347,2052,2112,2142,2051,1963,1937,1948,1338,1844,2017,2029,1943,1963,2003,1972,5,5,5,5,5,5,5,5,5,9,5,5,5,10,9,5,5,5,5,5,5,5,5,5,5,5,5,5,5,5,5,255,5,5,5,5,5,5,5,5,5,5,5,5,5,5,5,5,5,9,5,5,5,5,5,5,5,5,5,5,5,5,255,255
1781188473.058520,93,17173733,935,2091,2089,2080,2064,1335,1126,902,1179,1360,2040,2097,2086,2073,1348,1037,1345,2005,2097,2088,2102,2084,2044,1647,1324,2083,2085,2094,2103,2132,2108,1938,1352,2068,2107,2090,2111,2092,2015,1946,1404,2026,2126,2108,2083,2050,1987,1971,1310,2044,2112,2106,2073,1974,1931,1958,1329,1867,2050,2071,1939,1950,2003,1972,5,5,5,5,5,5,5,5,5,5,5,5,5,5,5,5,9,9,5,5,5,5,5,5,5,5,5,5,5,5,5,10,9,5,5,5,5,5,5,5,5,5,5,5,5,5,5,5,5,9,5,5,5,5,5,5,5,5,5,5,5,255,255,255
1781188473.158449,94,17273780,932,2059,2075,2078,1620,1341,1108,911,1170,1477,2093,2084,2085,1670,1263,1036,1341,2021,2114,2099,2074,2133,1996,1709,1328,2051,2112,2085,2100,2098,2050,1807,1323,2075,2101,2099,2088,2112,2057,1946,1355,2053,2108,2119,2119,2041,1917,1951,1353,2085,2099,2101,2078,1953,1961,1965,1315,1951,2045,2058,1974,1985,2003,1972,5,5,5,5,9,5,5,5,5,4,5,5,5,5,5,5,5,5,5,5,5,5,5,5,5,5,5,5,5,5,5,5,5,5,5,5,5,5,5,255,5,5,5,5,5,5,5,5,5,5,5,5,5,5,5,5,5,5,9,5,5,5,255,255
1781188473.257934,95,17373729,937,2075,2069,2073,1984,1322,1103,907,1203,1427,2062,2113,2097,2087,1324,1019,1310,2039,2092,2085,2099,2102,2012,1652,1355,2079,2094,2093,2110,2127,2069,1807,1364,2118,2089,2103,2115,2122,2018,1922,1407,2048,2092,2135,2109,2002,1960,1911,1360,2070,2134,2112,2092,2005,1979,1966,1307,1939,2049,2008,1992,1924,2020,1972,5,255,5,5,5,5,5,5,5,4,5,5,5,5,5,5,5,5,5,5,5,5,5,5,9,5,5,5,5,5,5,255,5,5,5,5,5,5,5,10,5,5,5,5,5,5,5,5,5,5,5,5,5,5,5,5,5,5,5,5,5,5,10,255
1781188473.357918,96,17473753,932,2068,2077,2058,2075,1348,1108,915,1190,1371,2080,2077,2090,2071,1324,1027,1345,2041,2077,2113,2080,2088,2068,1643,1373,2039,2116,2101,2110,2124,2053,1828,1327,2054,2123,2109,2125,2132,2013,1875,1411,2076,2139,2103,2131,2028,1969,1940,1350,2059,2081,2081,2074,2005,1955,1947,1301,1954,1982,2038,1983,1973,2020,1972,5,5,5,5,5,5,5,5,5,255,5,5,5,5,5,5,5,5,5,5,5,5,5,5,5,5,5,5,5,5,5,10,5,5,5,5,5,5,5,5,5,5,5,5,5,5,5,5,9,5,5,5,5,5,5,5,5,9,9,5,5,5,255,255
1781188473.456145,97,17574299,928,2071,2092,2083,1989,1347,1111,911,1176,1452,2079,2113,2091,1983,1334,1001,1338,2037,2085,2090,2090,2116,2053,1602,1344,2072,2090,2097,2109,2124,2082,1768,1359,2054,2113,2116,2121,2095,2027,1924,1337,2069,2111,2125,2152,2071,1963,1957,1348,2079,2093,2107,2114,1964,1962,1949,1338,1925,2043,2034,1964,1977,2020,1972,5,5,5,5,5,5,5,5,5,9,5,5,5,5,9,5,5,5,5,5,5,5,5,5,5,5,5,5,5,5,5,5,5,5,5,5,5,5,5,5,5,5,5,5,5,5,5,5,5,5,5,5,5,5,5,5,5,5,5,5,5,255,255,255
1781188473.555359,98,17673733,918,2062,2091,2059,1933,1371,1097,908,1174,1363,2061,2071,2113,1983,1275,1064,1336,2018,2113,2092,2115,2116,2052,1698,1337,2034,2105,2100,2099,2101,2040,1837,1384,2074,2136,2109,2107,2115,2040,1868,1338,2080,2099,2118,2127,2056,1955,1929,1356,2057,2093,2129,2078,1961,1961,1976,1283,1925,2059,2045,1988,1938,1945,1972,5,5,5,5,5,5,5,5,9,9,5,5,5,255,5,5,9,5,5,5,5,5,5,5,9,5,5,5,5,5,9,5,9,5,5,5,5,5,5,5,5,5,5,5,5,5,255,5,5,5,5,5,5,5,5,5,5,255,5,5,5,5,10,255
1781188473.655435,99,17773701,940,2077,2066,2095,2044,1338,1126,906,1158,1394,2103,2100,2062,1898,1268,1018,1347,2022,2080,2089,2105,2081,2030,1668,1358,2042,2104,2098,2086,2123,2071,1883,1343,1980,2103,2108,2138,2150,2020,1868,1393,2051,2101,2136,2123,2051,1930,1981,1362,2056,2124,2111,2075,1994,1944,1960,1313,1864,2033,2030,1943,1978,1956,1972,5,5,5,5,5,5,5,5,9,5,5,5,5,10,5,5,5,5,5,5,5,5,5,5,9,5,5,5,5,5,5,5,9,5,5,5,5,5,5,255,5,5,5,5,5,5,5,5,5,5,5,5,5,5,5,5,5,10,5,9,5,5,5,255
1781188473.747778,100,17865990,924,2097,2083,2057,2003,1396,1136,925,1170,2056,2057,2077,2105,1743,1297,1034,1315,2025,2063,2088,2098,2089,2059,1722,1402,2036,2082,2086,2094,2096,2073,1859,1354,2085,2090,2098,2103,2110,2029,1912,1366,2122,2102,2161,2117,2019,1930,1943,1339,2040,2117,2108,2060,1985,1962,1993,1332,1915,2015,2084,1988,1910,1959,2007,5,5,5,5,5,5,5,5,5,5,5,5,5,5,5,5,5,5,5,5,5,5,5,5,5,5,5,5,5,5,5,5,9,5,5,5,5,5,5,10,5,5,5,9,5,5,255,5,5,5,5,5,5,5,5,5,5,5,5,5,5,5,5,10
1781188473.845449,101,17963701,923,2065,2066,2084,2070,1341,1113,904,1158,1422,2072,2083,2099,2054,1319,1026,1315,2034,2093,2123,2117,2082,2044,1692,1334,2084,2096,2101,2101,2099,2037,1795,1365,2017,2100,2096,2102,2140,2037,1917,1401,2085,2112,2115,2090,2053,1921,1945,1350,2081,2080,2122,2088,1968,1950,1973,1341,1915,2020,2034,2001,1948,1959,2007,5,5,5,5,5,5,5,5,5,5,5,5,5,5,5,5,5,5,5,5,5,5,5,9,9,5,5,5,5,5,9,9,5,5,5,5,5,5,9,5,5,5,5,5,5,5,10,5,9,5,5,5,5,5,5,5,5,255,9,5,5,255,255,255
1781188473.945338,102,18063701,936,2075,2093,2074,2051,1334,1118,912,1150,1401,2096,2084,2090,2054,1259,1051,1312,1984,2088,2113,2096,2110,2068,1690,1333,2109,2091,2086,2095,2125,2038,1937,1342,2084,2084,2095,2119,2131,2052,1917,1408,2052,2098,2127,2114,2066,1938,1943,1333,2048,2107,2111,2069,1986,1960,1945,1307,1865,1989,2062,2016,2002,1959,1958,5,5,5,5,5,5,5,5,5,5,5,5,5,255,9,5,5,5,5,5,5,5,5,5,5,5,5,5,5,5,5,5,5,5,5,5,5,5,5,255,5,5,5,5,5,5,5,5,9,5,5,5,5,5,5,5,5,10,5,5,5,5,10,10
1781188474.048215,103,18166311,916,2087,2058,2076,2036,1379,1113,911,1207,1438,2095,2109,2100,1989,1284,1033,1327,2011,2083,2103,2100,2088,2119,1655,1294,2038,2109,2100,2101,2110,2073,1889,1363,2070,2096,2082,2137,2143,2031,1951,1340,2027,2109,2099,2110,2080,1922,1993,1347,2069,2120,2111,2080,1977,1968,1917,1300,2066,2030,2039,1991,1945,1959,1958,5,5,5,5,5,5,5,5,5,255,5,5,5,10,5,5,9,5,5,5,5,5,5,9,5,9,5,5,5,5,9,5,9,5,5,5,5,5,5,10,5,5,5,5,5,5,5,5,5,5,5,5,5,5,5,5,5,4,5,5,5,5,255,255
1781188474.145257,104,18263701,941,2073,2068,2074,2011,1357,1113,911,1177,1437,2100,2085,2102,2036,1347,1027,1338,2028,2106,2119,2113,2075,2061,1655,1346,2061,2106,2097,2110,2125,2036,1830,1355,2060,2113,2096,2117,2124,1992,1898,1333,2047,2104,2124,2115,2061,1938,1975,1335,2058,2121,2110,2110,1991,1958,1967,1329,1891,2016,2020,1983,1997,2005,1958,5,5,5,5,5,5,5,5,5,5,5,5,5,5,5,5,5,5,5,5,5,5,4,255,5,5,5,5,5,5,5,5,5,5,5,5,5,5,5,255,5,5,5,5,5,5,5,5,9,5,5,5,5,5,5,5,5,5,5,5,5,5,10,255
1781188474.245311,105,18363729,934,2065,2080,2064,2014,1345,1117,904,1166,1367,2074,2073,2085,2008,1292,1027,1322,2045,2093,2096,2101,2092,2033,1630,1362,2029,2115,2093,2100,2111,2060,1860,1338,2054,2112,2111,2136,2136,2057,1922,1341,2104,2109,2128,2119,2023,1902,1979,1339,2080,2110,2115,2083,1967,1969,1989,1292,1850,2016,2041,1983,1940,2005,1958,5,5,5,5,5,5,5,5,5,9,5,5,5,5,5,5,5,5,5,5,5,5,9,10,5,5,5,5,5,5,5,5,9,5,5,5,5,5,5,5,5,5,5,5,5,5,5,5,9,5,5,5,5,5,5,5,5,5,5,5,5,5,255,255
1781188474.349612,106,18467081,933,2077,2075,2061,2053,1363,1106,912,1181,1392,2093,2087,2079,1985,1317,1042,1342,2035,2094,2094,2103,2074,2062,1646,1390,2045,2084,2088,2108,2112,2087,1828,1359,2057,2091,2112,2113,2123,2025,1905,1318,2083,2116,2083,2097,2062,1990,1911,1323,2063,2079,2112,2056,1961,1952,1979,1315,1858,1990,2055,2013,1973,2005,1958,5,5,5,5,5,9,5,5,5,5,5,5,5,5,5,5,5,5,5,5,5,5,5,5,5,5,5,5,5,5,5,9,5,5,5,5,5,5,5,5,5,5,5,5,5,9,5,5,5,5,5,5,5,5,5,255,5,5,9,5,5,5,255,255
1781188474.446096,107,18563701,927,2059,2071,2043,1705,1363,1109,919,1187,1386,2087,2095,2072,1999,1307,1037,1332,2003,2064,2095,2095,2080,2058,1741,1396,2055,2093,2092,2095,2131,2005,1979,1318,2070,2127,2102,2115,2099,2039,1957,1333,2017,2111,2110,2135,2097,1935,1965,1325,2054,2105,2105,2062,1983,1927,1971,1308,1887,2017,2066,2000,1959,2005,1958,5,5,5,5,9,5,5,5,5,9,5,5,5,5,5,5,5,5,5,5,5,5,5,5,5,5,5,5,5,5,9,5,5,5,5,5,5,5,5,255,9,5,5,5,5,5,5,5,9,5,5,5,5,5,5,5,5,5,9,5,5,255,255,255
1781188474.547322,108,18663764,929,2065,2093,2088,2020,1317,1128,909,1174,2011,2079,2116,2069,1999,1303,1032,1332,2027,2084,2104,2125,2084,1997,1621,1341,2031,2110,2093,2099,2107,2045,1885,1336,2078,2101,2096,2116,2106,1978,1960,1369,2053,2110,2066,2117,2059,1947,1965,1291,2053,2091,2098,2091,1977,1944,1990,1306,1887,2033,2020,1978,1985,1957,1958,5,5,5,5,5,5,5,5,5,5,5,5,5,255,5,5,5,5,5,5,5,5,9,5,5,5,5,5,5,5,5,5,5,5,5,5,5,5,5,5,5,5,5,5,5,5,5,5,5,5,5,5,5,5,5,5,5,255,9,5,5,5,10,255
1781188474.650126,109,18766055,911,2054,2052,2064,2047,1341,1099,906,1175,1433,2073,2085,2092,1729,1301,1018,1333,1976,2103,2078,2118,2102,2046,1621,1337,2047,2099,2094,2115,2117,2079,1885,1346,2076,2136,2095,2105,2150,2022,1929,1373,2065,2119,2116,2099,2053,1950,1954,1354,2052,2127,2117,2054,2010,1968,1939,1325,1798,2044,2049,2004,1935,1957,1958,5,5,5,5,5,9,5,5,9,9,5,5,5,10,9,5,5,5,5,5,5,5,5,255,5,5,5,5,5,5,5,255,5,5,5,5,5,5,5,5,5,5,5,5,5,5,5,5,5,5,5,5,5,5,5,5,5,10,9,5,5,255,255,255
1781188474.746728,110,18863714,928,2026,2054,2081,1716,1340,1107,900,1201,1341,2049,2098,2089,1744,1305,1033,1303,2041,2087,2069,2134,2102,2059,1653,1346,2060,2105,2096,2093,2113,2042,1901,1405,2017,2091,2100,2140,2098,2033,1914,1349,2075,2104,2136,2090,2015,1976,1942,1342,2049,2113,2112,2086,2006,1944,1961,1325,1798,2026,2052,2004,1992,1957,1958,5,255,5,5,9,5,5,5,5,9,5,5,5,5,9,5,5,5,5,5,5,5,5,10,5,5,5,5,5,5,5,10,5,5,5,5,5,5,5,5,5,5,5,5,5,5,5,5,5,9,5,5,5,5,255,5,5,255,5,5,255,255,255,255
1781188474.845346,111,18963701,923,2075,2085,2089,2059,1344,1120,906,1167,1399,2063,2096,2086,1975,1290,1046,1301,1992,2090,2085,2110,2088,2028,1587,1361,2026,2109,2098,2093,2110,2045,1919,1384,2052,2105,2095,2130,2147,2024,1893,1383,2044,2108,2112,2100,2121,1939,1935,1343,2028,2095,2109,2079,1972,1949,1986,1341,1939,2028,2043,1959,1970,1957,1958,5,5,5,5,5,5,5,5,5,9,5,5,5,5,5,5,9,5,5,5,5,5,5,5,5,5,5,5,5,5,5,5,5,5,5,5,5,5,5,255,5,5,5,5,5,5,5,5,5,5,5,5,5,5,5,5,9,10,5,5,5,5,255,255
1781188474.947467,112,19064751,939,2080,2038,2085,1836,1402,1106,913,1161,1390,2060,2093,2097,2023,1349,1036,1359,2024,2123,2108,2096,2064,2076,1645,1377,2045,2104,2087,2099,2092,2058,1872,1374,2009,2099,2104,2117,2115,2017,1974,1381,2092,2094,2089,2104,2068,1931,1944,1348,2048,2122,2102,2090,1963,1934,1964,1329,1833,1988,2036,2000,1976,1957,1958,5,5,5,5,5,9,5,5,5,5,5,5,5,5,9,5,5,5,5,5,5,5,5,5,9,5,5,5,5,5,5,5,5,9,5,5,5,5,5,5,9,5,5,5,5,5,5,5,9,5,5,5,5,5,5,5,5,5,9,5,5,5,255,255
1781188475.045334,113,19163805,917,2074,2085,2065,1980,1355,1116,902,1190,1389,2105,2082,2098,2025,1256,1032,1358,2007,2053,2091,2128,2086,2146,1673,1363,2021,2094,2098,2106,2127,2076,1852,1343,2070,2107,2097,2094,2086,2023,1974,1382,2077,2098,2098,2133,2076,1959,1968,1362,2079,2065,2117,2093,1988,1953,1950,1339,1839,1992,2028,1945,1964,1979,1958,5,5,5,5,5,9,5,5,5,9,5,5,5,5,9,5,5,9,5,5,5,5,5,5,5,5,5,5,5,5,5,5,5,5,5,5,5,5,5,255,5,5,5,5,5,5,5,5,5,5,5,5,5,5,5,5,5,5,5,5,255,5,10,255
1781188475.145304,114,19263701,951,2088,2098,2091,2038,1376,1097,911,1180,1339,2058,2096,2051,2076,1318,1024,1306,2008,2098,2084,2088,2134,2076,1684,1331,2065,2083,2087,2093,2127,2058,1866,1349,2064,2087,2097,2098,2059,2013,1940,1372,2076,2110,2137,2141,2099,1964,1965,1348,2056,2113,2096,2075,1984,1963,2000,1371,1931,2065,2045,1945,1943,1979,1958,5,5,5,5,5,5,5,5,5,9,5,5,5,5,9,5,9,5,5,5,5,5,5,5,5,5,5,5,5,5,5,5,9,5,5,5,5,5,5,10,9,5,5,5,5,5,5,5,5,5,5,5,5,5,5,5,5,5,5,5,5,5,255,255
1781188475.243818,115,19362001,939,2079,2088,2047,2042,1357,1124,908,1163,1397,2062,2082,2062,1797,1317,1029,1336,2003,2091,2100,2112,2099,2088,1685,1383,2061,2087,2094,2108,2116,2049,1922,1337,2060,2102,2099,2106,2114,2021,1951,1318,2076,2121,2112,2113,2075,1973,1927,1337,2064,2117,2106,2086,1977,1949,1956,1340,1923,2027,2031,1993,1960,1967,1958,5,5,5,5,5,5,5,5,5,5,5,5,5,4,5,5,5,5,5,5,5,5,5,5,9,5,5,5,5,5,5,5,5,5,5,5,5,5,5,5,5,255,5,5,5,5,5,5,5,5,5,5,5,5,5,5,9,5,5,5,5,5,10,255
1781188475.335808,116,19453946,935,2059,2056,2093,1684,1360,1116,906,1177,1464,2074,2073,2050,1980,1314,1027,1308,2014,2110,2082,2111,2098,2048,1685,1318,2046,2099,2091,2101,2139,2043,1962,1330,2086,2108,2091,2105,2104,2005,1908,1361,2053,2105,2092,2125,2075,1972,1927,1313,2046,2111,2099,2055,1976,1943,1960,1316,1836,2008,2032,1936,1977,1967,1955,5,5,5,5,9,9,5,5,5,4,5,5,5,5,5,5,5,5,5,5,5,5,5,255,5,5,5,5,5,5,5,5,5,5,5,5,5,5,5,5,5,10,5,5,5,5,5,255,5,5,5,5,5,5,5,5,5,5,5,5,5,5,255,10
1781188475.435407,117,19553741,919,2050,2066,2069,1966,1372,1109,912,1166,1408,2035,2094,2120,2068,1307,1042,1348,2062,2105,2090,2100,2119,2085,1685,1316,2040,2090,2086,2104,2105,2026,1873,1393,2077,2110,2115,2093,2093,2054,1933,1323,2073,2100,2109,2102,2047,1984,1922,1330,2052,2110,2113,2075,1980,1994,1974,1315,1870,2020,2041,1939,1931,1961,1955,5,5,5,5,5,5,5,5,5,4,5,5,5,5,9,5,9,5,5,5,5,5,5,255,9,5,5,5,5,5,5,4,5,5,5,5,5,5,5,5,5,5,5,5,5,5,5,10,5,5,5,5,5,5,5,5,5,5,5,5,5,5,10,255
1781188475.535240,118,19653701,935,2069,2036,2078,1714,1365,1133,911,1169,2073,2075,2087,2096,2064,1284,999,1319,1974,2097,2082,2104,2131,2079,1632,1346,2077,2107,2099,2104,2115,2063,1897,1381,2047,2113,2118,2104,2117,2025,1970,1341,2105,2083,2116,2072,2049,2009,1922,1307,2051,2119,2111,2060,1997,1931,1976,1346,1938,2005,2045,2000,1949,1961,1955,5,5,5,5,9,5,5,5,5,5,5,5,5,5,5,5,5,5,5,5,5,5,5,10,5,5,5,5,5,5,5,5,5,5,5,5,5,5,5,5,5,5,5,5,5,5,5,5,5,5,5,5,5,5,5,5,5,5,9,5,5,5,255,255
1781188475.635572,119,19753788,931,2059,2067,2077,1951,1392,1106,908,1176,1434,2086,2101,2066,1580,1296,1023,1360,2017,2092,2088,2091,2095,2042,1609,1363,2058,2105,2100,2091,2129,2064,1897,1343,2020,2101,2099,2108,2136,2007,1968,1325,2029,2130,2078,2115,2061,1965,1966,1338,2084,2091,2094,2074,1952,1956,1913,1317,1938,2017,2043,1981,1948,1961,1955,5,5,5,5,5,9,5,5,5,5,5,5,5,5,5,5,5,5,5,5,5,5,5,5,5,5,5,5,5,5,5,5,9,5,5,5,5,5,5,5,5,5,5,5,5,5,5,5,5,5,5,5,5,5,5,5,5,255,5,5,5,5,255,255
1781188475.735296,120,19853701,935,2046,2085,2080,2050,1356,1105,911,1180,1365,2051,2073,2088,2026,1307,1044,1314,1981,2116,2105,2098,2076,2056,1666,1360,2078,2099,2094,2100,2098,2019,1832,1351,2047,2119,2102,2102,2148,2027,1952,1391,2044,2117,2094,2101,2075,1937,1946,1314,2059,2153,2117,2089,1944,1964,1948,1340,1904,2041,2048,1972,1949,1961,1955,5,5,5,5,5,5,5,5,5,5,5,5,5,5,9,5,5,5,5,5,5,5,5,5,5,5,5,5,5,5,5,5,5,5,5,5,5,5,5,5,5,5,5,5,5,5,5,5,5,5,5,5,5,5,5,5,5,10,5,5,5,5,255,255
1781188475.835353,121,19953701,937,2099,2101,2075,1999,1349,1122,907,1201,1343,2058,2115,2106,2095,1326,1017,1336,2050,2067,2096,2094,2106,2015,1637,1314,2051,2099,2094,2090,2126,2072,1920,1401,2060,2138,2093,2116,2111,2008,1930,1344,2067,2110,2094,2116,2030,1968,1967,1348,2071,2101,2117,2064,1980,1958,1990,1305,1904,2019,2019,1977,1942,1961,1955,5,5,5,5,5,5,5,5,5,5,5,5,5,5,9,5,5,5,5,5,5,5,5,5,9,5,5,5,5,5,5,5,5,5,5,5,5,5,5,5,5,5,5,5,5,5,5,5,5,5,5,5,5,5,5,5,5,5,9,5,5,5,255,255
1781188475.935584,122,20053784,937,2066,2066,2070,1719,1373,1096,908,1152,1340,2055,2081,2069,2095,1296,1022,1368,2043,2085,2086,2117,2098,2101,1679,1368,2063,2090,2097,2102,2118,2063,1848,1361,2044,2105,2110,2103,2110,2069,1934,1339,2057,2121,2111,2099,2103,1980,1960,1321,2050,2086,2121,2078,1959,1943,1948,1321,1858,2028,2050,2013,1961,1940,1955,5,5,5,5,9,5,5,5,5,5,5,5,5,255,9,5,9,5,5,5,5,5,4,5,5,5,5,5,5,5,5,5,5,5,5,5,5,5,5,5,5,5,5,5,5,5,5,5,5,5,5,5,5,5,5,5,5,5,5,5,5,5,10,255
1781188476.035287,123,20153701,931,2068,2085,2078,2017,1381,1105,915,1171,1420,2084,2074,2117,1669,1310,1035,1318,2040,2076,2094,2115,2104,2077,1658,1349,2025,2103,2098,2119,2114,2103,1849,1378,2061,2071,2084,2136,2088,2026,1894,1359,2079,2099,2055,2113,2109,1935,1959,1340,2071,2107,2101,2042,1958,1969,1941,1323,1848,2036,2024,1998,1968,1996,1955,5,5,5,5,5,5,5,5,5,4,5,5,5,10,5,5,9,5,5,5,5,5,5,5,5,5,5,5,5,5,5,5,5,5,5,5,5,5,5,5,5,5,5,5,5,5,5,5,5,5,5,5,5,5,5,5,9,5,9,5,5,5,5,255
1781188476.135399,124,20253701,933,2077,2059,2060,2022,1341,1112,908,1191,1402,2080,2091,2086,1669,1343,1033,1323,1991,2093,2089,2104,2133,2064,1658,1356,2060,2090,2098,2105,2098,2074,1798,1370,2044,2117,2089,2100,2108,2010,1868,1333,2025,2098,2083,2118,2056,1903,1929,1395,2056,2096,2094,2070,1976,1947,1969,1317,1924,2083,2036,1965,1941,1996,1955,5,5,5,5,5,5,5,5,5,9,5,5,5,255,5,5,5,5,5,5,5,5,5,5,9,5,5,5,5,5,5,5,5,5,5,5,5,5,5,5,9,5,5,5,5,5,5,5,5,5,5,5,5,5,5,5,5,5,5,5,5,5,255,255
1781188476.239036,125,20353785,933,2084,2059,2074,2019,1409,1121,906,1173,1395,2059,2076,2088,1669,1305,1032,1344,2031,2091,2084,2133,2086,2028,1682,1353,2039,2113,2094,2114,2125,2067,1798,1364,2093,2095,2087,2094,2098,2028,1953,1343,2052,2109,2083,2115,2054,1949,1945,1358,2049,2125,2113,2063,1984,1956,1972,1295,1970,2037,2024,1980,1919,1958,1955,5,5,5,5,5,5,5,5,5,9,5,5,5,255,9,5,5,5,5,5,5,5,5,5,5,5,5,5,5,5,5,255,5,5,5,5,5,5,5,5,5,5,5,255,5,5,5,5,9,5,5,5,5,5,5,5,9,5,5,5,5,5,10,255
1781188476.342172,126,20456373,922,2086,2077,2076,1974,1342,1125,917,1177,2086,2068,2081,2064,2028,1311,1034,1320,2010,2085,2093,2109,2109,2017,1683,1321,2059,2111,2098,2099,2103,2057,1870,1323,2065,2103,2106,2113,2105,2016,1922,1340,2068,2119,2119,2146,2039,1949,1970,1327,2069,2112,2100,2069,1981,1960,1975,1338,1911,1986,2062,1969,1967,1958,2062,5,5,5,5,5,5,5,5,5,5,5,5,5,10,5,5,5,5,5,5,5,5,5,5,5,5,5,5,5,5,9,10,5,5,5,5,5,5,5,5,5,5,5,10,5,5,255,5,5,5,5,5,5,5,5,5,5,5,9,9,5,5,255,10
1781188476.435326,127,20553701,933,2034,2081,2069,1744,1343,1102,905,1171,1430,2043,2109,2055,2028,1285,1026,1310,2017,2075,2089,2112,2136,2047,1606,1355,2066,2092,2085,2086,2125,2040,1870,1341,2047,2121,2095,2101,2090,2043,1929,1376,2063,2104,2118,2087,2056,1987,1969,1328,2047,2116,2099,2089,1953,1937,1995,1307,1911,2031,2051,1981,1949,1931,2062,5,5,5,5,5,5,5,5,5,9,5,5,5,5,5,9,5,5,5,5,5,5,5,5,5,5,5,5,5,5,5,255,5,5,5,5,5,5,5,5,5,5,5,5,5,5,10,5,5,5,5,5,5,5,5,5,5,255,5,5,5,5,10,255
1781188476.536920,128,20653789,944,2076,2074,2064,2023,1389,1117,908,1175,1452,2088,2072,2060,2028,1296,1032,1333,2057,2087,2091,2097,2086,2044,1663,1325,2098,2103,2093,2097,2115,2053,1870,1382,2043,2124,2090,2122,2090,2026,1929,1393,2063,2086,2113,2127,2065,1938,1982,1322,2057,2116,2103,2099,1975,1964,1980,1322,1873,2027,2029,1991,1944,1995,2062,5,5,5,5,5,5,5,5,5,4,5,5,5,255,9,5,5,5,5,5,5,5,5,5,5,5,5,5,5,5,5,255,5,5,5,5,5,255,5,255,5,255,5,5,5,5,5,5,5,5,5,5,5,5,255,5,5,10,5,5,5,5,5,255
1781188476.636506,129,20753701,934,2063,2078,2062,1946,1364,1099,915,1162,1398,2107,2096,2098,1780,1295,1043,1339,1994,2086,2076,2115,2101,2037,1673,1368,2062,2105,2098,2090,2123,2059,1943,1379,2056,2119,2110,2111,2118,1993,1908,1388,2058,2129,2084,2099,2093,1998,1940,1346,2071,2115,2112,2075,1985,1948,1938,1327,1902,2090,2029,1966,1992,2002,2062,5,5,5,5,5,5,5,5,5,5,5,5,5,10,9,5,5,5,5,5,5,5,5,5,5,5,5,5,5,5,5,10,5,5,5,5,5,10,5,10,5,10,5,5,5,5,5,5,5,5,5,5,5,5,5,5,5,5,5,5,5,255,5,255
1781188476.726150,130,20843701,930,2091,2071,2081,1742,1391,1122,912,1194,1432,2096,2067,2103,2094,1307,1006,1311,2046,2104,2088,2117,2086,2058,1670,1368,2095,2098,2095,2101,2113,2078,1818,1363,2063,2103,2131,2113,2140,2041,1908,1366,2104,2097,2104,2111,2063,1983,1918,1370,2092,2089,2126,2051,1993,1942,1942,1328,1886,2032,2005,1944,1989,1967,2062,5,5,5,5,9,5,5,5,5,5,5,5,5,4,5,5,9,5,5,5,5,5,5,5,5,5,5,5,5,5,5,9,9,5,5,5,5,5,5,255,9,5,5,5,5,5,5,5,9,5,5,5,5,5,5,5,5,5,5,5,5,5,5,255
1781188476.828459,131,20945408,924,2073,2080,2074,1740,1369,1120,921,1185,1394,2065,2108,2090,2064,1288,1051,1355,2010,2089,2078,2088,2067,2080,1672,1369,2057,2091,2090,2102,2115,2065,1846,1363,2064,2098,2096,2112,2102,2037,1949,1339,2084,2117,2127,2130,2032,1994,1973,1377,2053,2121,2116,2089,2004,1945,1959,1304,1876,2080,2024,1952,1989,1967,2062,5,5,5,5,9,9,5,5,5,9,5,5,5,5,5,5,5,5,5,5,5,5,5,5,5,5,5,5,5,5,5,5,5,5,5,5,5,5,5,10,5,5,5,5,5,5,5,5,5,5,5,5,5,5,5,5,5,5,5,5,5,5,255,255
1781188476.926619,132,21043701,935,2089,2068,2070,2042,1330,1102,922,1174,1992,2080,2068,2108,2037,1276,1041,1327,1956,2090,2084,2133,2111,2038,1659,1392,2050,2081,2084,2100,2125,2061,1846,1365,2083,2061,2107,2097,2108,2061,1906,1356,2045,2103,2102,2120,2061,1950,1921,1371,2059,2094,2108,2082,2008,1957,1962,1343,1893,2011,2077,1998,1949,1967,2062,5,5,5,5,5,5,5,5,5,5,5,5,5,5,5,5,9,5,5,5,5,5,5,5,5,5,5,5,5,5,5,255,5,5,5,5,5,5,5,5,5,5,5,5,5,5,5,5,9,5,5,5,5,5,5,5,5,5,9,5,5,5,255,255
1781188477.025280,133,21143701,936,2066,2107,2075,2018,1355,1112,912,1188,1352,2074,2103,2060,2037,1312,1027,1356,2053,2086,2129,2104,2086,2045,1679,1314,2036,2107,2101,2108,2138,2059,1890,1319,2097,2097,2109,2117,2096,2051,1952,1344,2056,2090,2114,2104,2072,1941,1975,1336,2042,2110,2114,2102,1993,1959,1995,1302,1827,2025,2058,1996,1953,1967,2062,5,5,5,5,5,5,5,5,5,9,5,5,5,5,5,5,5,5,5,5,5,5,5,5,4,5,5,5,5,5,5,10,5,5,5,5,5,5,5,5,5,5,5,5,5,5,5,5,5,5,5,5,5,5,5,5,5,5,5,5,5,5,255,255
1781188477.127646,134,21245933,934,2072,2072,2084,1678,1392,1109,905,1187,1337,2085,2073,2081,1987,1359,1055,1339,2056,2105,2104,2093,2093,2098,1666,1374,2028,2091,2094,2112,2137,2064,1846,1337,2018,2119,2092,2120,2104,2043,1928,1355,2031,2100,2112,2106,2018,1945,1975,1343,2050,2112,2140,2079,1960,1944,1960,1295,1822,2035,2076,1970,1935,1999,2062,5,5,5,5,5,5,5,5,5,5,5,5,5,5,5,5,5,5,5,5,5,5,5,5,4,5,5,5,5,5,5,5,5,5,5,5,5,5,5,5,9,5,5,5,5,5,5,255,9,5,5,5,5,5,5,5,5,5,5,5,5,5,10,255
1781188477.225423,135,21343709,944,2099,2121,2058,1984,1330,1108,910,1186,2023,2071,2095,2099,1951,1310,1036,1325,2022,2086,2101,2094,2123,2037,1714,1346,2043,2091,2096,2084,2126,2033,1952,1321,2054,2113,2102,2098,2093,2026,1943,1322,2056,2107,2081,2126,2063,1942,1923,1330,2042,2096,2111,2043,1961,1938,1955,1287,1965,1992,2082,1988,1961,1999,2062,5,5,5,5,5,5,5,5,9,5,5,5,5,5,5,5,5,5,5,5,5,5,5,5,5,5,5,5,5,5,9,5,5,5,5,5,5,5,5,255,5,5,5,5,5,5,5,10,5,5,5,5,5,5,5,5,5,5,5,5,5,5,255,255
1781188477.327599,136,21445815,935,2061,2080,2082,2030,1369,1100,898,1156,1420,2086,2085,2103,1949,1326,1031,1344,1994,2106,2103,2109,2100,2008,1655,1323,2037,2101,2091,2115,2135,2075,1841,1387,2043,2074,2099,2112,2170,2033,1925,1351,2056,2132,2095,2143,2055,1961,1965,1332,2039,2092,2098,2077,1973,1937,1983,1311,1857,2042,2054,1948,1957,1999,2062,5,5,5,5,5,5,5,5,5,5,5,5,5,5,5,5,9,5,5,5,5,5,5,5,9,5,5,5,5,5,5,5,5,5,5,5,5,5,5,255,5,5,5,5,5,5,5,5,5,5,5,5,5,5,5,5,5,5,9,5,5,5,255,255
1781188477.429388,137,21547496,934,2071,2088,2085,1882,1353,1117,915,1155,1389,2071,2094,2100,1949,1327,1035,1338,2012,2101,2063,2118,2080,2061,1692,1352,2078,2088,2098,2110,2125,2074,1892,1421,2033,2117,2110,2105,2111,2050,1964,1395,2056,2079,2095,2120,2059,1967,1969,1340,2050,2129,2099,2067,1967,1940,1978,1295,1942,2020,2015,1962,1964,1999,2062,5,5,5,5,9,5,5,5,5,9,5,5,5,255,5,5,5,5,5,5,5,5,5,5,5,5,5,5,5,5,5,5,5,5,5,5,5,5,5,5,9,255,5,255,5,5,5,5,5,5,5,5,5,255,5,5,5,5,9,5,5,5,255,255
1781188477.525671,138,21643713,921,2080,2105,2069,2009,1315,1095,902,1184,1332,2095,2076,2040,1989,1318,1009,1319,2042,2098,2098,2093,2083,2064,1692,1365,2049,2099,2093,2100,2120,2088,1902,1353,2054,2113,2093,2100,2139,2023,1964,1343,2055,2108,2126,2095,2050,1987,1959,1353,2060,2114,2101,2077,1993,1973,1963,1333,1879,2009,2043,1923,1993,1982,2062,5,5,5,5,5,5,5,5,5,9,5,5,5,10,5,5,5,5,5,5,5,5,5,255,5,5,5,5,5,5,5,5,9,5,5,5,5,5,5,255,9,10,5,10,5,5,5,5,5,5,5,5,5,5,5,5,5,5,5,5,5,5,10,255
1781188477.625367,139,21743702,929,2076,2110,2072,2033,1355,1108,903,1176,2046,2057,2086,2062,1989,1309,1027,1314,2063,2110,2120,2109,2117,2052,1614,1369,2083,2101,2105,2107,2089,2045,1973,1381,2055,2079,2096,2127,2085,2068,1964,1347,2059,2115,2108,2125,2057,1987,1957,1245,2049,2126,2109,2090,1974,1956,1962,1295,1865,2034,2012,1978,1949,1982,2062,5,5,5,5,5,5,5,5,5,5,5,5,5,255,5,5,5,5,5,5,5,5,5,10,5,5,5,5,5,5,5,5,5,5,5,5,5,5,5,255,5,9,5,5,5,5,255,5,5,5,5,5,5,255,5,5,5,5,5,5,5,5,255,255
1781188477.727821,140,21845884,929,2058,2108,2082,1987,1345,1109,911,1172,1379,2070,2103,2047,2070,1290,1041,1350,2028,2093,2095,2100,2101,2019,1634,1356,2051,2101,2098,2092,2115,2082,1973,1400,2063,2051,2092,2105,2113,1992,1879,1359,2083,2086,2078,2140,2045,1955,1953,1335,2098,2087,2104,2099,2008,1962,1940,1331,1919,2052,2060,1971,1959,1982,2062,5,5,5,5,5,5,5,5,5,5,5,5,5,10,5,5,9,5,5,5,5,5,5,5,9,5,5,5,5,5,5,255,5,5,5,5,5,5,5,10,5,5,5,5,5,5,10,5,5,5,5,5,5,255,5,5,5,5,5,5,5,5,255,255
1781188477.826058,141,21944081,929,2065,2046,2082,1943,1352,1107,899,1173,1359,2087,2097,2097,1994,1291,1040,1335,2014,2076,2100,2101,2104,2041,1720,1339,2081,2088,2100,2106,2088,2054,1873,1328,2049,2058,2111,2148,2116,2018,1932,1360,2066,2101,2095,2097,2023,1936,1926,1345,2056,2115,2111,2068,1973,1938,1951,1313,1972,2004,2071,2008,1963,2005,2062,5,5,5,5,9,5,5,5,5,9,5,5,5,5,9,5,5,5,5,5,5,5,5,5,5,5,5,5,5,5,5,10,5,5,5,5,5,5,5,5,9,5,5,5,5,5,5,5,9,5,5,5,5,5,5,5,5,5,5,5,255,5,10,255
1781188477.925256,142,22043701,932,2089,2042,2078,2047,1378,1101,925,1178,1344,2069,2082,2084,2082,1316,1046,1337,2022,2097,2095,2104,2113,2032,1671,1374,2044,2092,2101,2104,2082,2079,1934,1319,2070,2093,2105,2085,2134,2027,1965,1354,2071,2120,2083,2103,2078,1934,1984,1321,2072,2134,2110,2049,1994,1959,1981,1306,1819,2021,1992,2021,1959,2005,2062,5,5,5,5,5,5,5,5,5,5,5,5,5,5,5,5,5,5,5,5,5,5,5,9,5,5,5,5,5,5,5,5,5,5,5,5,5,5,5,5,5,5,5,5,5,5,5,5,5,5,5,5,5,5,5,5,5,5,5,5,5,5,255,255
1781188478.027910,143,22146223,929,2068,2083,2069,2069,1356,1105,900,1162,2048,2085,2097,2090,2049,1284,1030,1319,2025,2072,2094,2098,2095,2044,1665,1349,2047,2100,2094,2101,2085,2097,1945,1349,2039,2112,2117,2111,2108,2019,1936,1335,1985,2117,2114,2117,2060,1968,1918,1331,2038,2130,2106,2067,1977,1963,1954,1328,1864,2054,2062,1987,2011,2005,2062,5,255,5,5,5,5,5,5,5,5,5,5,5,5,5,9,5,5,5,5,5,5,5,5,5,5,5,5,5,5,5,5,5,5,5,5,5,5,5,5,9,5,5,5,5,5,5,5,5,5,5,5,5,5,5,5,9,5,5,5,5,5,255,255
1781188478.125282,144,22243701,932,2062,2092,2068,2065,1337,1120,908,1178,2047,2116,2112,2094,2037,1303,1025,1333,2010,2072,2096,2083,2074,2082,1693,1385,2101,2089,2106,2098,2132,2027,1764,1370,2021,2132,2126,2102,2099,2042,1926,1387,2137,2101,2127,2127,2075,1981,1920,1343,2058,2092,2116,2081,1953,1949,1966,1304,1991,1993,2044,1976,1956,2005,2062,5,5,5,5,5,5,5,5,9,5,5,5,5,5,5,5,5,5,5,5,5,5,5,5,9,5,5,5,5,5,5,5,9,5,5,5,5,5,5,5,5,5,5,5,5,5,5,255,5,5,5,5,5,5,5,5,5,5,5,5,5,5,255,255
1781188478.225315,145,22343701,937,2087,2081,2065,1723,1396,1101,913,1188,1401,2076,2089,2092,2031,1294,1026,1341,2020,2126,2100,2134,2099,2061,1663,1334,2026,2096,2107,2103,2117,2092,1861,1418,2032,2091,2112,2116,2089,2016,1965,1362,2137,2111,2129,2105,2052,1929,1963,1320,2048,2100,2119,2069,1983,1945,1978,1308,1788,2009,2063,1976,1976,2005,2030,5,255,5,5,9,9,5,5,5,9,5,5,5,5,9,5,9,5,5,5,5,5,5,5,9,5,5,5,5,5,5,5,5,5,5,5,5,5,5,5,5,255,5,5,5,5,5,5,5,5,5,5,5,5,5,5,5,4,5,5,255,5,255,10
1781188478.315442,146,22433713,939,2039,2074,2087,1975,1374,1102,908,1194,1406,2099,2099,2080,2063,1280,1043,1339,2005,2119,2095,2143,2106,2014,1663,1353,2086,2096,2087,2090,2121,2063,1917,1395,2037,2093,2097,2121,2089,2031,1965,1393,2057,2100,2093,2119,2052,1902,1958,1350,2038,2103,2096,2097,1981,1934,1950,1316,1912,2028,2070,2004,1948,1950,1921,5,255,5,5,5,9,5,5,5,9,5,5,5,5,5,5,9,9,5,5,5,5,5,255,5,5,5,5,5,5,5,5,5,5,5,5,5,5,5,255,5,10,5,5,5,5,5,5,5,5,5,5,5,5,5,5,5,5,5,5,10,5,10,5
1781188478.415764,147,22533792,939,2079,2078,2065,1888,1354,1110,903,1144,1436,2098,2090,2085,2018,1315,1033,1299,2020,2086,2107,2112,2081,2031,1693,1358,2075,2109,2098,2111,2117,2081,1842,1333,2097,2110,2103,2112,2120,2010,1965,1357,2105,2107,2128,2125,2057,1954,1963,1317,2051,2089,2124,2083,1962,1944,1961,1285,1912,2023,2038,2011,1954,1950,1921,5,5,5,5,9,5,5,5,5,5,5,5,5,5,5,5,5,5,5,5,5,5,5,10,5,5,5,5,5,5,5,5,5,5,5,5,5,5,5,10,5,5,5,5,5,5,5,5,5,5,5,5,5,5,5,5,5,255,9,5,5,5,255,255
1781188478.515204,148,22633701,929,2077,2072,2084,1747,1364,1129,911,1175,1439,2066,2108,2102,2181,1322,1032,1312,2048,2083,2097,2130,2113,2066,1671,1404,2063,2106,2091,2100,2131,2034,1841,1379,2053,2137,2110,2120,2136,2030,1966,1369,2094,2108,2134,2096,2087,1989,1986,1359,2054,2098,2115,2072,1960,1982,1950,1352,1794,2000,2051,1989,1981,1950,1921,5,5,5,5,5,9,5,5,5,5,5,5,5,5,5,5,5,5,5,5,5,5,5,5,9,5,5,5,5,5,5,5,9,5,5,5,5,5,5,5,5,5,5,5,5,5,5,255,5,5,5,5,5,5,5,5,5,10,9,5,5,5,255,255
1781188478.615264,149,22733701,936,2091,2090,2062,1996,1353,1125,919,1165,1418,2073,2092,2104,1994,1287,1016,1356,2030,2079,2101,2127,2083,2054,1657,1324,2033,2082,2092,2100,2097,2063,1882,1360,2065,2143,2105,2074,2112,2001,1966,1395,2022,2121,2101,2133,2073,1989,1948,1344,2058,2116,2117,2080,1977,1960,1994,1325,1880,2011,2034,2005,1945,1980,1921,5,5,5,5,5,5,5,5,5,255,5,5,5,9,5,5,5,5,5,5,5,5,5,9,5,5,5,5,5,5,5,5,9,5,5,5,5,5,5,255,5,5,5,5,5,5,255,5,5,5,5,5,5,5,255,5,5,5,5,5,5,5,10,255
1781188478.715523,150,22833780,937,2076,2063,2066,2012,1350,1114,909,1164,1372,2068,2097,2102,2028,1305,1026,1340,2013,2056,2098,2091,2101,2043,1657,1344,2035,2086,2085,2090,2107,2044,1909,1361,2080,2103,2093,2113,2082,2045,1921,1413,2059,2112,2154,2117,2088,1962,1948,1335,2052,2111,2097,2082,1966,1944,1961,1326,1926,2012,2074,2004,1970,1980,1921,5,5,5,5,5,5,5,5,5,5,5,5,5,5,5,5,5,5,5,5,5,5,5,255,5,5,5,5,5,5,5,5,9,5,5,5,5,5,5,10,5,9,5,5,5,5,10,5,5,5,5,5,5,5,5,5,5,5,5,5,5,5,255,255
1781188496.896480,151,41013796,924,2061,2066,381,382,378,639,917,1172,2048,691,601,403,391,412,741,1319,720,682,435,384,392,381,1648,1320,718,2085,412,2113,374,2025,405,1317,2043,2088,2115,2104,2110,1980,1943,1402,2068,2118,2079,2106,2009,1950,1920,1328,2055,2106,2111,2062,1972,1950,1980,1315,1881,2058,2014,1996,1945,1981,1940,6,6,6,6,6,6,6,6,6,6,6,6,6,6,6,6,6,6,6,6,6,6,6,6,6,6,6,6,6,6,6,255,6,6,6,6,6,6,6,6,6,6,6,6,6,6,6,6,6,6,6,6,6,6,6,6,6,6,6,6,6,6,6,255
1781188496.996832,152,41113701,915,2081,2079,2069,2103,1550,1171,908,1160,2033,679,2088,620,633,633,1049,1331,2017,674,643,611,445,612,638,1341,2080,2147,630,376,518,367,615,1365,2033,2167,442,390,377,375,410,1381,2037,2109,593,409,363,402,376,1296,2076,2126,2124,2072,1946,384,1974,1291,1882,1997,2044,1979,395,1981,1940,5,5,5,4,4,4,5,5,5,5,5,5,4,4,4,5,5,5,5,4,4,5,4,4,5,5,5,5,4,5,4,4,5,5,5,4,5,4,5,4,5,5,5,255,4,5,4,4,9,5,5,5,5,5,4,5,5,5,5,5,5,4,255,255
1781188497.099125,153,41216328,925,2061,2085,2071,2098,1590,1181,914,1182,1381,2068,2104,2084,633,658,1037,1331,1978,2073,2109,685,626,623,638,1360,2056,669,669,604,625,574,616,1376,2030,668,629,600,542,541,490,1349,2089,2131,642,428,566,363,412,1365,2043,2129,2108,2111,377,370,360,1336,1830,2071,2037,1984,401,390,365,5,5,5,5,5,4,5,5,5,5,5,5,4,255,5,5,5,5,5,4,9,5,5,5,5,5,5,5,4,5,4,5,5,5,5,5,4,5,5,5,5,5,5,5,5,4,5,5,9,5,5,5,5,5,5,5,5,5,5,5,5,5,10,10
1781188497.196152,154,41313701,935,2094,2083,2087,2075,1583,1147,904,1159,1972,2102,2103,2130,2101,1250,1035,1354,2064,2096,2116,2112,2045,2052,677,1341,2065,2077,2097,680,732,608,660,1370,2078,2115,697,674,618,606,594,1362,2031,2098,709,611,616,520,580,1321,2041,2122,664,626,575,521,409,1306,1843,2035,2022,1946,1995,376,416,5,5,5,5,5,5,5,5,5,5,5,5,5,10,5,5,5,5,5,5,4,4,4,255,9,5,5,5,5,5,5,5,9,5,5,5,5,5,5,5,5,5,5,5,5,5,5,5,9,5,5,5,5,5,5,5,5,5,5,5,5,4,5,5
1781188497.297887,155,41413882,922,2108,2050,2075,2072,2072,1189,914,1181,1389,2081,2082,2079,2102,1293,1021,1356,2040,2099,2078,2095,2110,2072,677,1360,2041,2101,2098,2091,1070,701,767,1386,2025,2083,2087,962,747,699,637,1363,2047,2110,2129,682,720,609,636,1319,2027,2134,2134,694,626,611,575,1315,1959,2023,2075,657,648,509,568,5,5,5,5,5,5,5,5,5,9,5,5,5,5,5,5,5,5,5,5,5,5,5,255,9,5,5,5,5,255,4,5,5,5,5,5,4,5,4,5,5,5,5,5,5,4,5,5,9,5,5,5,5,5,5,5,5,5,5,5,4,5,5,5
1781188497.399200,156,41515905,927,2064,2084,2084,2057,1630,1165,903,1168,1437,2087,2097,2057,2009,1301,1028,1295,2040,2068,2078,2070,2127,2101,1650,1378,2046,2102,2097,2113,2115,935,767,1369,2074,2100,2125,2075,973,1122,760,1375,2091,2089,2142,902,933,699,731,1325,2061,2100,2093,2094,715,691,638,1304,1847,2014,2068,738,736,627,637,5,5,5,5,5,4,5,5,9,5,5,5,5,5,5,5,5,5,5,5,5,5,5,10,5,5,5,5,5,4,4,255,5,5,5,5,5,4,5,5,5,5,5,5,4,4,5,5,5,5,5,5,4,4,5,5,5,5,5,5,5,5,5,5
1781188497.498694,157,41613701,944,2067,2087,2078,2081,1588,1180,921,1182,1373,2082,2099,2104,2115,1302,1045,1309,2029,2089,2088,2095,2087,2064,1611,1366,2045,2099,2090,2086,2135,2089,1855,1398,2044,2130,2087,2131,2138,1107,933,1353,2056,2106,2127,1098,1105,867,906,1348,2072,2099,2105,2068,907,846,727,1270,1847,2033,2045,2010,1960,685,707,5,5,5,5,5,5,5,5,5,9,5,5,5,5,5,5,5,5,5,5,5,5,5,5,5,5,5,5,5,5,4,10,5,5,5,5,5,4,5,255,5,5,5,5,5,5,5,5,5,5,5,5,5,5,5,5,5,255,5,5,4,4,5,5
1781188497.596342,158,41713701,929,2079,2044,2084,2083,1579,1172,908,1186,1358,2084,2089,2086,2065,1312,1014,1308,2030,2095,2108,2102,2106,2008,1628,1328,2062,2086,2107,2099,2107,2084,1952,1357,2061,2096,2100,2119,2133,2032,1872,1401,2047,2100,2120,2091,2020,1069,1030,1386,2068,2111,2130,2091,1046,998,850,1300,1880,2034,2062,2008,1034,828,807,5,5,5,5,5,5,5,5,5,5,5,5,5,5,9,5,9,5,5,5,5,5,9,5,5,5,5,5,5,5,5,5,9,5,5,5,5,5,5,4,5,5,5,5,4,4,4,5,5,5,5,5,5,5,5,5,5,10,9,5,5,255,5,5
1781188497.700787,159,41816343,926,2072,2087,2089,2083,1999,1161,914,1182,2040,2083,2090,2072,1994,1321,1041,1342,2046,2091,2089,2114,2082,2099,1572,1382,2050,2084,2097,2085,2106,2025,1800,1321,2071,2087,2093,2114,2119,2018,1936,2142,2026,2103,2096,2101,2059,1905,1930,1330,2051,2093,2092,2054,1957,1072,983,1311,1859,2087,2022,1954,1927,952,927,5,5,5,5,5,5,5,5,5,4,5,5,5,5,5,5,9,5,5,5,5,5,5,5,5,5,5,5,5,5,5,5,5,5,5,5,5,5,5,5,4,5,5,5,5,5,4,4,5,5,5,5,5,4,5,5,5,5,5,5,5,5,5,5
1781188497.789902,160,41903701,926,2038,2075,2087,2077,1806,1181,906,1198,2083,2073,2085,2087,2061,1335,1036,1350,2056,2128,2082,2114,2097,2065,1661,1353,2019,2095,2097,2107,2127,2057,1734,1339,2045,2096,2098,2085,2127,1990,1897,1359,2011,2101,2124,2121,2126,1905,1974,1325,2056,2136,2103,2116,1956,1636,1038,1321,1859,2071,2027,1954,1952,1046,1020,5,5,5,5,5,5,5,5,5,5,5,5,5,5,9,5,5,5,5,5,5,5,5,5,5,5,5,5,5,5,5,5,5,5,5,5,5,5,5,5,5,5,5,5,5,5,255,5,5,5,5,5,5,5,5,5,5,255,5,5,5,5,5,5
1781188497.886592,161,42003701,931,2084,2064,2058,2064,1801,1150,906,1185,1368,2057,2083,2087,2136,1319,1034,1329,2057,2065,2092,2126,2084,2110,1649,1383,2070,2105,2088,2096,2118,2074,1734,1366,2075,2124,2112,2105,2089,2034,1920,1377,2069,2109,2111,2119,2058,1987,1974,1367,2072,2092,2117,2085,1966,1982,1258,1315,1815,2025,2027,1984,1941,1998,1100,5,5,5,5,5,9,5,5,9,5,5,5,5,5,9,5,5,5,5,5,5,5,5,5,5,5,5,5,5,5,5,255,5,5,5,5,5,5,5,5,5,5,5,5,5,5,10,255,5,5,5,5,5,5,5,4,5,10,5,5,5,5,4,5
1781188497.988996,162,42104883,934,2097,2104,2067,2094,1763,1168,919,1187,1411,2095,2075,2075,2073,1323,1025,1355,2000,2080,2087,2129,2072,2021,1623,1320,2056,2098,2103,2094,2128,2071,1908,1366,2074,2131,2074,2107,2109,2035,1954,1361,2033,2091,2140,2117,2075,1929,1919,1361,2076,2087,2101,2055,1957,1931,1363,1285,1935,2004,2044,1979,1941,1983,1100,5,5,5,5,5,5,5,5,5,5,5,5,5,5,9,5,5,5,5,5,5,5,5,5,5,5,5,5,5,5,5,10,9,5,5,5,5,5,5,5,5,5,5,5,5,5,5,10,5,5,5,5,5,5,5,4,9,5,5,5,5,255,5,255
1781188498.085130,163,42203725,921,2068,2083,2064,2083,2004,1199,915,1165,1419,2081,2086,2103,2061,1337,1023,1338,2080,2077,2079,2068,2099,2058,1659,1345,2055,2097,2089,2105,2110,2065,1866,1362,2063,2086,2111,2099,2145,2010,1945,1369,2078,2128,2143,2114,2077,1941,1940,1334,2062,2128,2109,2090,1968,1908,1426,1278,1864,2010,2068,1996,1985,1931,1100,5,255,5,5,5,5,5,5,5,5,5,5,5,5,5,5,5,5,5,5,5,5,5,5,5,5,5,5,5,5,5,5,5,5,5,5,5,5,5,5,9,255,5,5,5,5,5,5,5,5,9,5,5,5,5,5,5,5,5,5,5,10,5,255
1781188498.188329,164,42303701,924,2056,2070,2066,2076,2072,1169,922,1172,1446,2094,2078,2111,2095,1323,1021,1320,2009,2073,2094,2085,2083,2052,1612,1344,2012,2089,2097,2103,2083,2085,1867,1309,2050,2105,2130,2108,2097,2036,1891,1356,2066,2098,2107,2101,2042,1963,1957,1344,2073,2109,2118,2093,1999,1946,2020,1353,1892,2056,2064,1984,1959,1931,1100,5,5,5,5,5,5,5,5,5,9,5,5,5,5,9,5,5,5,5,5,5,5,5,5,5,5,5,5,5,5,9,5,5,5,5,5,5,5,5,5,5,5,5,5,5,5,5,5,5,5,5,5,5,5,5,5,5,5,5,5,5,5,255,255
1781188498.289707,165,42403765,924,2066,2067,2070,2094,2062,1194,901,1181,1426,2067,2089,2117,2049,1289,1034,1327,2031,2096,2085,2112,2097,2048,1597,1324,2042,2097,2098,2091,2127,2081,1899,1357,2055,2125,2116,2107,2102,2053,1937,1348,2099,2108,2125,2113,2087,1980,1990,1343,2060,2120,2113,2066,1955,1930,1940,1355,1892,2034,2055,1982,1982,1931,1100,5,5,5,5,5,5,9,5,5,9,5,5,5,5,5,5,9,5,5,5,5,5,9,9,5,9,5,5,5,5,5,5,5,5,5,5,5,5,5,5,9,5,5,5,5,5,5,5,5,5,5,5,5,5,5,5,5,255,5,5,5,5,255,255
1781188498.388884,166,42503784,932,2089,2080,2086,2110,1649,1155,908,1165,1437,2042,2082,2126,2025,1315,1020,1280,2011,2096,2090,2120,2097,2071,1579,1318,2047,2090,2091,2096,2116,2079,1955,1357,2068,2119,2104,2095,2101,2008,1962,1353,2093,2113,2091,2094,2055,1993,1944,1350,2075,2119,2122,2068,1953,1944,1907,1305,2036,2036,2037,2037,1965,1931,1100,5,5,5,5,5,9,9,5,5,9,5,5,5,5,9,5,5,5,5,5,5,5,5,5,9,5,5,5,5,5,5,5,9,5,5,5,5,5,5,5,5,5,5,5,5,5,5,5,5,5,5,5,5,5,5,5,5,10,5,5,5,5,255,255
1781188498.489328,167,42603701,936,2051,2082,2073,2102,1987,1153,910,1172,1359,2089,2101,2075,2028,1288,1043,1316,2024,2078,2098,2073,2072,2055,1652,1342,2075,2085,2096,2088,2127,2043,1891,1355,2044,2092,2108,2115,2102,1995,1922,1328,2072,2120,2155,2104,2061,1974,1960,1340,2031,2110,2097,2081,1935,1967,1970,1326,1858,2052,2043,1983,1992,1988,1100,5,5,5,5,5,5,5,5,5,4,5,5,5,5,9,5,5,5,5,5,5,5,5,5,5,5,5,5,5,5,5,5,5,5,5,5,5,5,5,5,5,5,5,5,5,5,5,5,5,5,5,5,5,5,5,5,5,5,9,5,5,5,10,255
1781188498.585072,168,42703701,928,2099,2074,2084,2098,1977,1159,920,1192,1412,2102,2066,2113,2095,1297,1032,1343,1990,2053,2079,2092,2110,2040,1591,1369,2041,2097,2090,2109,2093,2104,1890,1409,2068,2105,2102,2103,2091,2055,1924,1391,2073,2096,2125,2086,2085,1953,1959,1320,2060,2077,2123,2076,1949,1942,1981,1304,1875,2020,2065,1971,1954,1988,1981,5,5,5,5,5,5,5,5,5,9,5,5,5,5,9,5,5,5,5,5,5,5,5,5,5,5,5,5,5,5,5,5,5,5,5,5,5,5,5,5,5,5,5,5,5,5,5,5,5,5,5,5,5,5,5,5,5,5,5,5,5,5,255,10
1781188498.687932,169,42803796,933,2092,2079,2081,2094,2037,1190,893,1180,1434,2088,2088,2090,2020,1292,1022,1302,2036,2087,2097,2078,2072,2046,1591,1337,2063,2096,2088,2100,2088,2062,1940,1347,2042,2112,2093,2115,2094,2048,1936,1349,2063,2107,2109,2145,2089,1916,1940,1344,2062,2119,2099,2095,1967,1946,1962,1320,1879,2060,2025,1974,1954,1970,1981,5,255,5,5,5,5,9,5,5,5,5,5,5,5,5,5,5,5,5,5,5,5,5,255,5,5,5,5,5,5,5,5,5,5,5,5,5,5,5,5,5,5,5,5,5,5,5,255,9,5,5,5,5,5,5,5,5,5,5,5,5,5,10,255
1781188498.787918,170,42903701,930,2065,2031,2081,2092,2073,1168,924,1150,1469,2049,2083,2096,2062,1308,1047,1331,2017,2068,2102,2114,2096,2042,1635,1369,2054,2095,2089,2099,2101,2072,1906,1342,2063,2099,2097,2117,2092,2037,1879,1344,2051,2108,2114,2101,2036,1973,1953,1330,2036,2108,2111,2071,1958,1956,1962,1349,1937,2005,2077,1967,1951,2001,1981,5,5,5,5,5,5,5,5,5,5,5,5,5,5,5,5,5,5,5,5,5,5,5,10,5,5,5,5,5,5,5,5,9,5,5,5,5,5,5,5,5,5,5,5,5,5,5,5,5,5,5,5,5,5,5,5,5,5,5,5,5,5,5,255
1781188498.890027,171,43003701,932,2079,2043,2095,2095,2063,1156,906,1173,1372,2081,2079,2090,2031,1285,1022,1335,1986,2070,2098,2089,2091,2043,1701,1346,2044,2095,2105,2101,2112,2047,1955,1355,2080,2104,2100,2113,2100,2065,1963,1411,2059,2118,2149,2101,2049,1925,1948,1342,2045,2102,2102,2058,1975,1939,1935,1322,1967,2043,2054,1966,1921,2001,1981,5,5,255,5,5,5,9,5,5,4,5,5,5,5,5,5,9,5,5,5,5,5,5,5,5,5,5,5,5,5,5,5,5,5,5,5,5,5,5,5,5,5,5,5,5,5,5,5,5,5,5,5,5,5,5,5,9,5,5,5,5,5,255,255
1781188498.987527,172,43103784,918,2093,2095,2078,2106,2014,1183,909,1156,1384,2035,2073,2094,2092,1300,1025,1313,1973,2103,2094,2088,2135,2093,1690,1351,2071,2100,2087,2099,2098,2073,1921,1367,2064,2109,2112,2099,2093,2018,1906,1360,2043,2105,2107,2123,2029,1952,1951,1357,2050,2099,2107,2079,1959,1978,1958,1317,1832,2048,2047,1984,1957,2001,1981,5,5,5,5,5,5,5,5,5,9,5,5,5,5,5,5,9,5,5,5,5,5,4,5,5,5,5,5,5,5,5,5,5,5,5,5,5,5,5,5,5,5,5,5,5,5,5,5,5,5,5,5,5,5,5,5,5,5,5,5,5,5,255,255
1781188499.086840,173,43203701,926,2051,2084,2079,2084,1975,1121,921,1184,1355,2088,2070,2119,2068,1301,1028,1311,2016,2104,2089,2114,2095,2071,1640,1335,2055,2099,2093,2082,2102,2068,1921,1374,2010,2070,2094,2077,2128,2019,1907,1350,2045,2112,2133,2085,2010,1944,1927,1363,2057,2112,2104,2086,1978,1968,1952,1286,1912,2036,2013,1981,1975,2001,1981,5,5,5,5,5,5,5,5,5,255,5,5,5,5,5,5,5,5,5,5,5,5,5,5,9,5,5,5,5,5,5,5,5,5,5,5,5,5,5,5,5,5,5,5,5,5,5,5,5,5,5,5,5,5,5,5,5,5,5,5,5,5,255,255
1781188499.188661,174,43303701,931,2054,2024,2063,2076,1877,1195,911,1168,1394,2106,2097,2116,2052,1280,1038,1330,1969,2085,2053,2099,2113,2054,1707,1356,2079,2092,2101,2111,2109,2063,1864,1364,2033,2102,2099,2112,2113,2034,1977,1362,2028,2123,2085,2120,2079,1931,1923,1344,2063,2088,2101,2086,1990,1958,1992,1332,1836,2021,2050,1959,1941,2001,1981,5,5,5,5,5,9,5,5,5,5,5,5,5,5,5,5,5,5,5,5,5,5,5,5,9,5,5,5,5,5,5,5,5,5,5,5,5,5,5,255,5,5,5,5,5,5,5,5,9,5,5,5,5,5,5,5,5,9,5,5,5,5,255,255
1781188499.276698,175,43393784,919,2060,2087,2088,2098,2079,1185,918,1169,1410,2096,2090,2094,2106,1327,1030,1355,2060,2086,2080,2093,2079,2040,1716,1345,2001,2083,2094,2109,2112,2054,1884,1385,2071,2119,2095,2100,2125,2034,1919,1358,2067,2095,2119,2123,2072,1936,1955,1310,2069,2103,2131,2062,1971,1944,1975,1330,1978,2065,2043,1916,1916,2001,1981,5,5,5,5,5,4,5,5,5,255,5,5,5,5,5,5,9,5,5,5,5,5,5,5,5,5,5,5,5,5,5,5,5,5,5,5,5,5,5,5,9,5,5,5,5,5,5,5,5,5,5,5,5,5,5,5,5,5,9,5,5,5,255,255
1781188499.377114,176,43493705,939,2058,2066,2075,2075,2046,1197,902,1173,1386,2081,2086,2088,2106,1311,1028,1300,1973,2073,2081,2080,2084,2015,1673,1354,2064,2113,2090,2110,2126,2059,1890,1387,2035,2084,2103,2118,2116,2051,1940,1362,2066,2109,2099,2115,2048,1971,1995,1348,2063,2110,2110,2074,1951,1964,2000,1323,1848,1995,2055,1979,1997,2001,1981,5,5,5,5,5,5,5,5,5,5,5,5,5,255,5,5,9,5,5,5,5,5,5,5,9,5,5,5,5,5,5,5,5,5,5,5,5,5,5,5,5,5,5,5,5,5,5,5,5,5,5,5,5,5,5,5,5,5,5,5,255,5,255,255
1781188499.476952,177,43593701,921,2060,2057,2071,2064,2017,1187,913,1193,1377,2060,2100,2133,2095,1329,1038,1347,2045,2106,2091,2082,2100,2041,1659,1353,2071,2090,2096,2095,2107,2081,1841,1366,2070,2123,2109,2120,2076,2051,1906,1399,2051,2124,2099,2100,2080,1974,1969,1376,2034,2103,2111,2084,1964,1948,1963,1303,1935,2023,2012,1994,1962,2001,1981,5,5,5,5,5,5,5,5,5,5,5,5,5,10,9,5,5,5,5,5,5,5,5,5,5,5,5,5,5,5,5,5,5,5,5,5,5,5,5,5,5,5,5,5,5,5,5,5,5,5,5,5,5,5,5,5,5,5,9,5,5,5,255,255
1781188499.578196,178,43694064,928,2054,2082,2085,2105,2054,1167,910,1192,1354,2075,2093,2080,1972,1311,1035,1335,2022,2095,2107,2072,2071,2016,1652,1337,2034,2096,2095,2108,2130,2069,1910,1315,2073,2087,2095,2106,2076,2020,1906,1382,2046,2105,2127,2131,2080,1983,1987,1317,2048,2094,2084,2104,1964,1958,1972,1311,1974,1975,2044,1988,1937,2001,1981,5,5,5,5,5,5,5,5,5,5,5,5,5,5,5,5,5,5,5,5,5,5,5,5,5,5,5,5,5,5,5,5,5,5,5,5,5,255,5,255,9,5,5,5,5,5,5,5,5,5,5,5,5,5,5,5,5,5,5,5,5,5,255,255
1781188499.676654,179,43793729,932,2083,2076,2086,2084,2097,1167,914,1183,1388,2110,2088,2082,2053,1303,1028,1331,2046,2087,2093,2129,2077,2072,1726,1335,2058,2087,2089,2097,2102,2045,1908,1344,2065,2148,2108,2120,2103,2005,1935,1372,2050,2095,2106,2097,2053,1936,1958,1329,2074,2103,2112,2071,1944,1950,1959,1332,1831,2000,2015,1997,2011,2001,1981,5,5,5,5,5,5,5,5,5,5,5,5,5,5,5,5,9,5,5,5,5,5,5,5,5,5,5,5,5,5,5,5,5,5,5,5,5,10,5,10,5,5,5,5,5,5,255,5,5,5,5,5,5,5,5,5,5,5,5,5,5,5,255,255
1781188499.777344,180,43893701,943,2107,2080,2073,2094,2019,1133,910,1189,1356,2068,2057,2118,1979,1317,1032,1355,2033,2095,2098,2091,2080,2070,1694,1363,2033,2092,2099,2109,2098,2064,1946,1396,2072,2087,2103,2097,2142,2026,1935,1330,2060,2107,2145,2117,2059,1957,1956,1340,2039,2112,2120,2084,1951,1957,1952,1302,1887,2011,2036,1964,1972,2001,1981,5,5,5,5,5,4,5,5,5,5,5,5,5,5,5,5,5,5,5,5,5,5,5,5,5,5,5,5,5,5,5,5,5,5,5,5,5,5,5,255,5,5,5,5,5,5,5,5,5,5,5,5,5,5,5,5,5,9,9,5,5,5,255,255
1781188504.278119,181,48393788,937,2041,2091,2072,2043,1492,1152,904,1194,1440,2037,2058,2039,2045,1306,1012,1349,2015,2084,2091,2075,2097,2101,1737,1361,2045,2090,2097,2102,2122,2041,1843,1342,2045,2117,2097,1248,1073,1035,1909,1356,2086,2097,2121,1197,530,888,667,1331,2059,2100,2080,742,725,432,553,1326,1801,2016,697,760,379,462,377,6,6,6,6,6,6,6,6,6,255,6,6,6,6,6,6,6,6,6,6,6,6,6,6,6,6,6,6,6,6,6,6,6,6,6,6,6,6,6,6,6,6,6,6,6,6,6,6,6,6,6,6,6,6,6,6,6,6,6,6,6,6,6,6
1781188504.377242,182,48493705,943,2075,2066,2088,2078,1507,1138,919,1154,1377,2085,2090,2099,2051,1287,1027,1335,1983,2081,2090,2085,2109,1988,1733,1358,2075,2106,2090,2094,1191,2090,1898,1335,2046,2000,2132,432,1095,453,667,1362,2070,2087,400,828,344,444,615,1381,2024,992,689,359,363,348,433,1296,1801,2068,383,433,342,365,370,5,5,5,5,5,5,5,5,9,9,5,5,5,5,5,5,5,5,5,5,5,5,5,5,5,5,5,5,5,5,5,5,5,5,5,5,4,5,4,4,5,5,5,4,4,4,4,5,9,5,5,4,4,4,5,5,5,255,5,4,4,5,5,5
1781188504.479892,183,48595172,922,2054,2086,2083,2083,1568,1142,906,1190,2028,2081,2085,2089,399,1274,1039,1362,1949,2102,2087,361,2091,1967,1733,1395,2035,2100,339,391,329,2069,607,1316,2070,403,377,330,335,339,608,1369,2010,2055,350,346,337,334,664,1354,2045,2146,352,342,333,336,341,1298,1860,2037,2031,343,1951,348,370,5,5,5,5,5,5,5,5,5,5,5,5,5,4,5,5,5,5,5,5,4,5,5,5,5,5,5,5,4,4,5,4,5,5,4,4,5,5,5,5,9,5,5,5,5,5,5,5,9,5,4,4,5,5,5,5,5,10,5,5,5,4,5,255
1781188504.577923,184,48694020,929,2089,2088,2093,359,377,1135,907,1198,2096,413,361,370,355,358,1029,1290,2019,403,350,353,336,367,608,1353,2007,413,539,335,389,343,670,1304,2047,649,360,394,358,640,667,1376,2093,652,2128,350,2081,345,1946,1318,2062,2095,2093,2115,1958,1960,1972,1313,1860,2010,2039,1946,1961,1989,370,5,5,5,5,4,4,5,5,5,5,4,5,4,5,4,5,5,5,5,5,5,5,5,4,5,5,4,9,5,5,5,5,5,5,4,5,5,5,4,5,5,5,5,4,5,4,5,4,5,5,5,4,4,4,4,5,5,255,5,5,4,5,4,255
1781188504.677353,185,48793701,936,2063,434,386,386,373,407,910,1154,1398,441,625,372,615,400,1010,1332,1921,662,627,643,547,659,657,1364,2050,666,726,608,756,660,806,1404,2059,2081,694,770,358,2027,791,1407,2064,2094,2112,2141,2063,1921,1935,1325,2063,2104,2109,2082,1993,1929,1953,1312,1951,1977,1996,2005,1996,1989,370,5,5,255,5,5,5,5,5,5,5,5,4,5,4,4,5,5,5,4,4,4,4,4,5,5,5,4,5,4,4,4,5,9,5,4,4,4,255,4,5,5,5,5,5,4,5,4,5,5,5,5,5,5,5,5,5,9,10,5,5,5,5,255,255
1781188504.779142,186,48896359,921,1239,630,612,611,607,647,912,1197,697,650,680,627,695,660,998,1341,2017,734,726,797,738,756,734,1373,2048,2102,2077,843,2086,2093,996,1361,2085,2102,2123,2106,2108,2015,1889,1425,2067,2104,2106,2116,2030,1935,1948,1348,2074,2132,2109,2096,1951,1953,1952,1326,1951,2037,2048,2003,1991,1958,370,9,5,5,4,4,4,4,5,5,5,4,5,4,5,4,5,5,5,5,5,5,5,5,255,9,5,4,4,4,5,4,5,5,5,5,5,5,10,5,4,5,5,5,5,5,5,5,5,5,5,5,5,5,5,5,5,5,255,9,5,5,5,10,255
1781188504.876870,187,48993701,921,1111,667,653,674,655,700,910,1192,1411,713,875,741,812,726,1010,1312,2023,2076,1005,1000,2098,2002,734,1346,2032,2077,2073,2078,2095,2052,996,1373,2043,2099,2099,2125,2086,2034,1897,1349,2087,2096,2099,2130,2039,1945,1934,1339,2035,2072,2124,2054,1963,1939,1931,1315,1920,2046,2031,1973,1968,1958,370,5,5,5,5,5,5,5,5,9,5,5,5,5,5,5,5,5,5,5,4,4,4,4,255,5,5,5,5,5,5,5,255,9,5,5,5,5,5,5,5,5,5,5,5,5,5,5,5,9,5,5,5,5,5,5,5,5,10,5,5,5,5,255,255
1781188504.976925,188,49093701,930,773,783,771,827,761,866,923,1179,1377,924,1079,907,972,813,1028,1352,2027,2101,2059,2124,2098,2014,1698,1376,2028,2098,2094,2102,2102,2041,1895,1363,2025,2065,2086,2099,2117,2010,1981,1380,2028,2110,2087,2129,2049,1954,1966,1331,2067,2112,2128,2078,1965,1979,1978,1321,1848,2044,2065,1978,1958,1958,370,5,5,5,5,5,5,5,5,5,9,4,4,5,255,5,5,5,5,5,5,5,5,5,10,5,5,5,5,5,5,9,10,5,5,5,5,5,5,5,5,5,5,5,5,5,5,5,255,5,5,5,5,5,5,5,5,5,5,5,5,5,5,255,255
1781188505.067462,189,49186000,941,970,1048,1000,1064,877,1153,897,1158,1373,1144,2094,907,1987,1326,1034,1311,1994,2076,2097,2091,2098,2062,1699,1361,2066,2090,2096,2098,2093,2061,1908,1348,2061,2094,2100,2095,2122,2010,1876,1373,2032,2103,2130,2125,2077,1955,1962,1358,2035,2098,2109,2086,1937,1969,1957,1297,1868,2024,2052,1952,1966,2028,370,5,4,4,4,4,4,5,5,5,5,4,5,255,4,4,5,9,5,5,5,5,5,5,5,5,5,5,5,5,5,5,5,9,5,5,5,5,5,5,5,5,5,5,5,5,5,5,5,9,5,5,5,5,5,5,5,5,5,5,5,255,5,10,255
1781188505.167168,190,49283701,937,2073,1182,1206,2058,1456,1126,915,1170,1383,2098,2102,907,2029,1319,1049,1378,1932,2094,2070,2086,2128,2085,1638,1367,2044,2095,2102,2112,2097,2059,1915,1364,2059,2077,2095,2101,2113,2009,1932,1347,2059,2095,2104,2097,2086,1975,1957,1349,2074,2123,2096,2044,1962,1935,1972,1298,1884,2022,2037,1937,1951,2028,2006,5,4,5,4,4,5,5,5,5,5,5,5,255,5,9,5,5,5,5,5,5,5,5,5,5,5,5,5,5,5,5,5,5,5,5,5,5,5,5,5,5,5,5,5,5,5,5,5,5,5,5,5,5,5,5,5,5,5,9,5,5,5,255,10
1781188505.266509,191,49383701,933,2061,2056,1475,2082,1543,1152,923,1184,1353,2084,2073,2068,2026,1322,1044,1350,2032,2085,2089,2104,2076,2038,1700,1356,2043,2091,2083,2094,2143,2037,1805,1380,2039,2093,2104,2095,2118,2026,1923,1321,2041,2112,2108,2117,2051,1948,1965,1345,2086,2122,2141,2075,1969,1933,1954,1328,1836,2018,2047,1959,1954,1984,2006,5,5,5,4,5,9,5,5,5,9,5,5,10,5,5,5,5,5,5,5,5,5,5,5,9,5,5,5,5,5,5,9,5,5,5,5,5,5,5,5,5,5,5,5,5,255,5,5,5,9,5,5,5,5,5,5,5,5,5,5,5,5,10,255
1781188505.371708,192,49486321,926,2068,2077,2024,2083,1436,1135,912,1188,1398,2084,2084,2092,2053,1310,1023,1315,2061,2084,2082,2088,2104,2035,1604,1362,2087,2097,2093,2107,2089,2035,1850,1358,2050,2107,2108,2111,2063,2030,1931,1359,2042,2116,2096,2121,2049,1932,1920,1340,2059,2123,2125,2086,1997,1935,1977,1330,1924,1986,2062,1988,1975,1984,2006,5,5,5,5,5,5,5,5,5,5,5,5,5,5,5,5,5,5,5,5,5,5,5,5,5,5,5,5,5,5,5,5,5,5,5,5,5,5,5,5,5,5,5,5,5,5,5,255,5,5,5,5,5,5,5,5,5,5,5,5,5,5,255,255
1781188505.467020,193,49583745,919,2105,2054,2049,2048,1489,1153,912,1177,1397,2059,2095,2087,2057,1286,1031,1322,2014,2082,2089,2119,2086,2055,1638,1358,2042,2098,2084,2086,2107,2060,1836,1344,2074,2094,2106,2122,2093,2014,1931,1343,2066,2096,2101,2096,2059,1949,1945,1370,2073,2099,2118,2081,1940,1952,1962,1329,1867,2041,2013,1929,1959,1980,2006,5,5,5,5,5,5,5,5,5,9,5,5,5,5,5,5,5,5,5,5,5,5,5,5,5,5,5,5,5,5,5,5,5,5,5,5,5,5,5,255,5,5,5,5,5,5,5,5,9,5,5,5,5,5,5,5,5,9,5,5,5,5,10,255
1781188505.567090,194,49683729,925,2060,2102,2081,2080,1513,1138,919,1175,1397,2090,2102,2120,2040,1332,1035,1306,1985,2084,2091,2077,2084,2047,1609,1342,2008,2084,2091,2090,2096,2034,1917,1321,2058,2109,2109,2121,2103,2047,1981,1366,2056,2118,2090,2108,2076,1958,1962,1398,2033,2109,2120,2051,1958,1948,1984,1317,1972,2033,2046,1968,1978,1980,2006,5,5,5,5,5,5,5,5,5,9,5,5,5,5,5,5,5,9,5,5,5,5,5,9,9,5,5,5,5,5,5,5,5,5,5,5,5,5,5,10,5,5,5,5,5,5,5,5,5,5,5,5,5,5,5,5,5,5,5,5,5,5,255,255
1781188505.667398,195,49785053,935,2091,2090,2097,2056,1467,1153,912,1182,1388,2086,2096,2083,2048,1297,1029,1343,2057,2086,2097,2065,2105,2037,1637,1301,2008,2082,2096,2100,2109,2075,1880,1366,2051,2072,2105,2103,2111,2030,1909,1357,2071,2118,2100,2128,2058,1961,1978,1320,2073,2121,2099,2082,1958,1957,1963,1308,1854,2090,2062,2008,1980,1980,2006,5,5,5,5,5,9,5,5,5,9,5,5,5,5,9,5,5,5,5,5,5,5,5,5,5,5,5,5,5,5,5,5,5,5,5,5,5,5,5,5,5,5,5,5,5,5,5,5,9,5,5,5,5,5,5,5,5,5,5,5,5,5,255,255
1781188505.765082,196,49883749,919,2074,2073,2103,2058,1513,1154,896,1176,1452,2093,2094,2106,1995,1334,1035,1313,2025,2081,2101,2097,2100,2081,1544,1322,2052,2079,2085,2092,2121,2081,1876,1345,2038,2095,2100,2110,2103,1984,1897,1342,2053,2100,2122,2097,2071,1928,1917,1268,2054,2112,2118,2065,1998,1934,1995,1308,1861,2001,2052,1953,1985,1980,2027,5,5,5,5,5,5,5,5,9,4,5,5,5,5,5,5,5,5,5,5,5,5,5,5,5,5,5,5,5,5,5,5,5,5,5,5,5,5,5,5,5,5,5,5,5,5,5,5,5,5,5,5,5,5,5,5,5,5,5,5,5,5,255,10
1781188505.868850,197,49983701,937,2083,2065,2082,2107,1461,1152,904,1159,1463,2045,2079,2060,1957,1353,1025,1318,2026,2072,2095,2085,2102,2007,1638,1361,2030,2093,2094,2107,2098,2068,1931,1338,2068,2089,2097,2108,2097,2029,1893,1377,2091,2113,2110,2143,2056,1971,1956,1338,2058,2104,2106,2071,1975,1973,1970,1294,1838,2018,2065,1969,1908,1986,2027,5,5,5,5,5,9,5,5,5,5,5,5,5,5,5,5,5,5,5,5,5,5,9,5,5,5,5,5,5,5,5,5,5,5,5,5,5,5,5,5,5,5,5,5,5,5,5,5,9,5,5,5,5,5,5,5,5,5,5,5,5,5,10,255
1781188505.966699,198,50083701,942,2072,2094,2054,2019,1450,1140,925,1180,1356,2063,2096,2091,1912,1313,1027,1344,2031,2088,2082,2119,2113,1967,1674,1380,2083,2093,2091,2103,2113,2032,1912,1300,2059,2092,2106,2105,2110,2018,1948,1363,2083,2106,2115,2094,2078,1976,1930,1296,2039,2106,2103,2060,1956,1964,1948,1311,1979,2050,2033,1946,1978,1986,2027,5,5,5,5,5,5,5,5,5,9,5,5,5,5,5,5,5,5,5,5,5,5,5,5,5,5,5,5,5,5,5,5,5,5,5,5,5,5,5,5,5,5,5,5,5,5,5,5,5,5,5,5,5,5,5,5,5,5,9,5,5,5,255,255
1781188506.066985,199,50183816,941,2069,2093,2070,2027,1470,1148,914,1170,1365,2083,2081,2080,1965,1308,1030,1339,2052,2087,2087,2088,2103,2028,1671,1327,2067,2098,2094,2096,2113,2047,1927,1374,2022,2061,2091,2111,2120,1986,1899,1359,2048,2115,2093,2093,2035,1971,1919,1344,2092,2120,2108,2068,1970,1949,1956,1298,1906,2029,2038,1969,1960,1957,2001,5,5,5,5,5,5,5,5,5,255,5,5,5,5,9,5,5,5,5,5,5,5,5,5,5,5,5,5,5,5,5,5,9,5,5,5,5,5,5,5,5,5,5,5,5,5,5,5,5,5,5,5,5,5,5,5,5,5,5,5,5,5,10,10
1781188506.166674,200,50283701,934,2082,2085,2093,1998,1460,1142,910,1169,1406,2018,2084,2087,1990,1285,1029,1346,2023,2073,2089,2075,2092,2032,1644,1379,2082,2105,2091,2093,2118,2047,1927,1372,2054,2088,2082,2113,2100,2004,1899,1354,2067,2094,2083,2101,2036,1980,1945,1301,2086,2104,2128,2088,1960,1958,1990,1304,1829,2022,2004,1954,1973,1957,2001,5,5,5,5,5,5,5,5,5,5,5,5,5,5,5,5,5,5,5,5,5,5,5,5,5,5,5,5,5,5,5,255,5,5,5,5,5,5,5,255,5,5,5,5,5,5,5,5,5,5,5,5,5,5,5,5,5,9,5,5,5,5,255,255
1781188506.266644,201,50383701,917,2070,2085,2063,2053,1415,1126,906,1174,1412,2065,2090,2125,2060,1291,1031,1335,2031,2066,2084,2107,2073,2041,1658,1331,2034,2096,2106,2087,2139,2071,1875,1342,2026,2094,2074,2103,2096,2038,1904,1392,2068,2094,2135,2127,2025,1968,1960,1349,2071,2084,2091,2072,2004,1961,1956,1319,1912,2006,2057,1976,1962,1944,2001,5,5,5,5,5,5,5,5,5,5,5,5,5,5,9,5,5,5,5,5,5,5,5,5,5,5,5,5,5,5,5,10,5,5,5,5,5,5,5,10,5,5,5,5,5,5,5,5,5,5,5,5,5,5,5,5,9,5,9,5,5,5,10,255
1781188506.369171,202,50484170,925,2077,2072,2063,2041,1411,1122,915,1183,1408,2071,2063,2060,1930,1319,1025,1322,2039,2095,2086,2116,2078,2036,1631,1354,2053,2088,2079,2091,2123,2058,1869,1379,2040,2088,2101,2115,2109,2028,1892,1357,2044,2113,2112,2099,2048,1949,1968,1331,2093,2089,2107,2069,1955,1954,1944,1309,1912,2018,2048,1972,1930,1990,2001,5,5,5,5,5,9,5,5,5,5,5,5,5,5,5,5,5,5,5,5,5,5,5,5,5,5,5,5,5,5,5,5,9,5,5,5,5,5,5,5,9,5,5,5,5,5,5,255,5,5,5,5,5,5,5,5,5,255,9,5,5,5,5,255
1781188506.467091,203,50583701,931,2103,2085,2089,2069,1415,1140,917,1153,1362,2050,2087,2099,1930,1294,1034,1303,2033,2082,2095,2109,2089,1981,1692,1350,2054,2093,2095,2114,2095,2023,1773,1330,2034,2076,2107,2089,2123,2049,1901,1356,2051,2096,2143,2142,2047,1926,1962,1342,2076,2117,2107,2075,1972,1936,1943,1282,1829,2033,2010,1964,1954,1976,2023,5,5,5,5,5,9,5,5,5,4,5,5,5,255,9,5,5,5,5,5,5,5,9,5,5,5,5,5,5,5,5,5,5,5,5,5,5,5,5,5,5,5,5,5,5,5,5,5,5,5,5,5,5,5,5,5,5,10,9,5,5,5,5,10
1781188506.566643,204,50683721,931,2079,2097,2081,2030,1446,1133,926,1162,2058,2053,2093,2123,1999,1316,1027,1343,2042,2076,2067,2112,2094,2043,1619,1324,2053,2097,2091,2102,2106,2042,1906,1356,2048,2088,2095,2101,2112,1995,1903,1370,2027,2111,2094,2121,2025,1928,1953,1347,2078,2128,2099,2089,1944,1935,1944,1338,1793,2060,2006,1983,1965,1976,2023,5,5,5,5,5,9,5,5,5,4,5,5,5,255,5,5,5,5,5,5,5,5,5,5,9,5,5,5,5,5,5,5,5,5,5,5,5,5,5,255,5,5,5,5,5,5,5,5,5,5,5,5,5,5,5,5,5,9,5,9,5,5,255,255
1781188506.660144,205,50773784,932,2059,2110,2097,2037,1435,1134,907,1166,1387,2057,2103,2108,1999,1282,1012,1312,2019,2102,2090,2089,2120,2040,1679,1353,2058,2093,2094,2083,2108,2060,1916,1360,2051,2110,2095,2119,2092,2040,1865,1349,2061,2101,2099,2111,2051,1929,1930,1322,2046,2064,2120,2099,1972,1941,1968,1316,1923,2039,2064,1980,1976,2018,1995,5,5,5,5,5,5,5,5,5,255,5,5,5,255,5,5,5,5,5,5,5,5,5,5,9,5,5,5,5,5,5,5,5,5,5,5,5,5,5,5,5,5,5,5,5,5,5,5,5,5,5,5,5,5,5,5,9,5,5,5,5,5,10,10
1781188506.766346,206,50881530,919,2078,2099,2099,2045,1390,1133,909,1148,1420,2064,2087,2109,2010,1309,1033,1335,2029,2103,2128,2090,2090,1997,1685,1324,2082,2089,2095,2101,2133,2065,1867,1358,2066,2098,2098,2100,2089,2002,1865,1354,2026,2097,2133,2094,2079,1954,1931,1371,2058,2101,2097,2097,1972,1938,1971,1256,1904,1990,2027,2023,1943,2036,1995,5,5,5,5,5,5,9,5,5,9,5,5,5,10,5,5,9,5,5,5,5,5,5,5,5,5,5,5,5,5,5,5,5,5,5,5,5,5,5,255,5,5,5,5,5,5,5,5,9,5,5,5,5,5,5,5,5,5,9,5,5,5,5,255
1781188506.855100,207,50973741,926,2086,2056,2073,2045,1402,1140,912,1184,1384,2069,2083,2104,2030,1266,1018,1314,2049,2088,2089,2107,2106,2052,1630,1377,2045,2098,2106,2114,2125,2067,1931,1350,2074,2093,2087,2117,2087,2003,1865,1401,2047,2124,2125,2094,2020,1948,1938,1348,2060,2111,2104,2106,1960,1932,1947,1300,1813,2039,2043,1985,1923,2036,1995,5,5,5,5,5,5,5,5,9,255,5,5,5,5,5,5,5,5,5,5,5,5,5,5,5,5,5,5,5,5,5,255,5,5,5,5,5,5,5,255,5,5,5,5,5,5,5,5,5,5,5,5,5,5,5,5,5,5,5,5,5,255,255,255
1781188506.956241,208,51073788,918,2091,2093,2062,2034,1406,1153,916,1181,1329,2094,2068,2097,2112,1343,1042,1300,2018,2094,2092,2103,2080,2010,1638,1330,2054,2099,2106,2100,2121,2074,2015,1364,2059,2095,2096,2110,2087,1996,1865,1350,2058,2103,2116,2101,2031,1935,1948,1305,2060,2117,2098,2084,1950,1935,1990,1334,1893,2002,2075,1980,1973,2036,1995,5,5,5,5,5,5,5,5,5,9,5,5,5,5,5,5,9,5,5,5,5,5,5,5,9,5,5,5,5,5,5,5,9,5,5,5,5,5,5,255,5,5,5,5,5,5,5,5,5,5,5,5,5,5,5,5,5,5,5,5,5,5,255,255
1781188512.449880,209,56566507,935,2068,2083,620,614,625,668,911,1158,1346,656,613,393,597,414,997,1354,707,655,458,426,401,401,1610,1325,686,2092,630,443,404,1876,413,1368,2053,2117,2115,416,442,411,1931,1377,2073,2095,2128,2125,411,1971,1943,1347,2077,2082,2116,2106,1959,1944,1972,1300,1924,2017,2031,1958,1947,1959,1966,6,6,6,6,6,6,6,6,6,255,6,6,6,6,6,6,6,6,6,6,6,6,6,6,6,6,6,6,6,6,6,6,6,6,6,6,6,6,6,6,6,6,6,6,6,6,6,6,6,6,6,6,6,6,6,6,6,6,6,6,6,6,6,255
1781188512.548845,210,56663818,927,2078,2109,2094,2023,635,1104,904,1188,1328,659,683,597,613,627,654,1316,1837,675,612,596,568,595,634,1339,2082,662,617,546,563,413,514,1353,2001,2068,639,592,424,415,395,1378,2073,2096,2121,457,449,389,400,1368,2054,2124,2097,2097,427,397,415,1290,1825,2008,2037,2040,447,1959,438,5,5,5,4,4,5,5,5,5,5,5,4,4,5,4,5,5,5,5,5,5,5,5,5,5,5,5,5,5,5,5,5,5,5,5,5,5,5,5,4,5,255,5,5,5,5,4,5,5,5,5,5,5,4,4,4,5,5,5,5,5,4,255,10
1781188512.648442,211,56763701,934,2063,2064,2069,2076,1382,1132,914,1167,1469,2076,2086,700,1609,653,1037,1309,1989,2116,656,682,616,617,632,1326,2051,685,681,603,613,571,615,1304,2056,690,637,606,571,551,470,1340,2062,2095,655,2143,581,431,476,1330,2044,2116,2126,2087,2001,449,405,1302,1876,2010,2020,2007,1950,414,423,5,5,5,5,5,5,5,5,5,5,5,4,5,4,5,5,5,5,4,5,5,5,5,5,5,5,5,5,5,5,5,5,5,5,5,5,5,5,5,5,9,10,5,5,4,5,5,5,9,5,5,5,5,4,5,5,5,5,5,5,5,4,10,5
1781188512.749192,212,56866003,941,2052,2084,2058,2049,1385,1110,899,1193,1468,2066,2102,2126,2021,1267,1016,1302,2032,2084,889,1074,743,738,698,1407,2065,2106,1019,668,751,611,657,1388,2069,2090,716,664,612,613,599,1418,2028,2137,720,623,625,560,585,1338,2061,2101,2111,643,1944,564,480,1343,1862,2047,2025,2000,1954,491,491,5,5,5,5,5,5,5,5,5,5,5,5,4,4,4,5,5,5,5,4,5,5,5,5,5,5,5,5,5,5,5,5,5,5,5,5,5,5,5,5,5,5,5,5,5,5,5,5,5,5,5,5,5,5,5,5,5,5,5,5,5,5,5,5
1781188512.847604,213,56963701,947,2089,2070,2081,2027,1345,1125,892,1169,1396,2055,2078,2081,2006,1280,1031,1325,2003,2064,2081,2085,896,2056,1676,1370,2038,2089,2085,966,1532,707,793,1369,2036,2110,2097,916,718,710,647,1354,2039,2102,2102,693,708,616,645,1346,2074,2104,2098,697,639,628,589,1282,1837,2113,1988,1966,665,589,611,5,5,5,5,5,5,5,5,9,9,5,5,5,5,5,5,9,5,5,4,4,4,4,4,5,5,5,4,4,5,4,5,9,5,5,4,4,4,4,5,5,5,5,4,5,5,5,5,5,5,5,5,5,5,5,5,5,5,5,5,5,4,255,5
1781188512.947144,214,57063701,918,2060,2068,2083,2023,1386,1113,921,1189,1434,2094,2100,2055,2007,1315,1031,1336,2040,2101,2087,2090,2105,2084,1660,1341,2047,2100,2092,2064,2100,936,1797,1393,2055,2068,2105,1079,1013,912,760,1317,2030,2102,2091,863,1428,698,739,1351,2058,2119,2084,2069,721,687,637,1326,1837,2036,2074,716,730,636,623,5,5,5,5,5,9,5,5,9,5,5,5,5,5,5,5,9,5,5,5,5,4,5,5,5,5,5,5,5,4,4,4,5,5,5,5,5,4,4,5,9,5,5,5,5,5,5,5,9,5,5,5,4,5,5,5,5,255,5,5,255,5,5,5
1781188513.050359,215,57166388,928,2091,2064,2077,2012,1348,1116,924,1182,1368,2093,2090,2094,2001,1292,1030,1319,2036,2069,2084,2103,2108,2044,1710,1367,2049,2093,2084,2078,2126,2089,1833,1355,2025,2097,2075,2132,1145,1065,956,1402,2066,2086,2091,2107,1072,885,881,1384,2033,2090,2103,2112,892,851,710,1301,1837,2008,2052,1999,817,681,675,5,5,5,5,5,4,5,5,5,9,255,5,5,5,5,5,9,5,5,5,5,5,5,5,9,5,5,5,5,5,5,5,5,5,5,5,4,5,4,5,5,5,5,5,4,5,5,5,9,5,5,5,5,5,5,5,5,10,5,5,5,5,5,5
1781188513.148421,216,57263701,921,2082,2084,2059,2010,1384,1118,920,1205,1368,2057,2082,2114,1974,1329,1040,1336,2073,2099,2101,2101,2090,2027,1659,1357,2017,2085,2088,2085,2101,2043,1895,1369,2058,2099,2094,2092,2145,2045,1030,1389,2031,2104,2111,2104,2037,1031,972,1347,2020,2118,2099,2071,2054,983,838,1284,1832,2022,2058,1953,1948,792,789,5,5,5,5,5,4,5,5,5,9,5,5,5,5,5,5,9,5,5,5,5,5,9,5,5,5,5,5,5,5,9,5,5,5,5,5,5,5,4,5,9,5,5,5,5,4,5,5,5,5,5,5,5,4,5,5,5,5,5,5,5,4,5,5
1781188513.246298,217,57363701,930,2117,2081,2070,2009,1377,1127,910,1175,1436,2119,2087,2081,2049,1276,1027,1315,1985,2076,2091,2111,2098,2059,1670,1365,2071,2100,2096,2101,2110,2072,1895,1382,2042,2100,2095,2099,2096,2036,1955,1390,2044,2112,2086,2066,2074,1076,1023,1355,2056,2124,2098,2081,1986,1527,1359,1319,1901,2012,2062,1977,1969,867,904,5,5,5,5,5,5,5,5,5,9,5,5,5,5,9,5,9,5,5,5,5,5,5,5,5,5,5,5,5,5,5,255,5,5,5,5,5,5,5,5,5,5,5,5,5,5,5,5,5,5,5,5,5,5,5,5,5,5,9,5,5,255,5,5
1781188513.337500,218,57453879,938,2075,2072,2078,2036,1347,1129,914,1188,1369,2077,2079,2092,2061,1334,1021,1303,2028,2068,2093,2131,2092,2067,1674,1330,2055,2094,2097,2109,2117,2044,1815,1350,2054,2120,2090,2141,2136,2010,1959,1375,2070,2117,2139,2094,2072,2018,1284,1332,2066,2121,2123,2064,1936,1944,1014,1311,1861,2034,2034,1942,1977,961,997,5,5,5,5,5,5,5,5,5,9,5,5,5,5,9,5,5,5,5,5,5,5,5,5,9,5,5,5,5,5,5,10,5,5,5,5,5,5,5,5,5,5,5,5,5,5,5,5,5,5,5,5,5,5,4,5,5,5,5,5,5,5,255,5
1781188513.436450,219,57553784,933,2083,2092,2067,2035,1374,1124,903,1165,1362,2074,2078,2090,2026,1308,1027,1325,2022,2094,2094,2106,2060,2058,1615,1361,2076,2089,2098,2084,2122,2063,1832,1351,2084,2118,2097,2106,2128,2014,1950,1361,2020,2108,2119,2108,2060,2000,1925,1342,2057,2111,2125,2105,1984,1961,1138,1291,1902,2003,2076,1950,1999,961,1093,5,5,5,5,5,5,5,5,5,255,5,5,5,5,9,5,5,5,5,5,5,5,5,9,5,5,5,5,5,5,5,5,5,5,5,5,5,5,5,5,5,5,5,5,5,5,5,5,5,5,5,5,5,5,5,5,5,5,9,5,5,5,255,5
1781188513.538362,220,57653701,934,2080,2076,2077,2022,1396,1123,894,1164,1387,2032,2116,2089,1993,1272,1041,1376,2029,2081,2098,2100,2123,2049,1615,1363,2069,2074,2096,2101,2108,2048,1895,1378,2050,2125,2087,2079,2087,2048,1963,1375,2041,2096,2123,2103,2074,1947,1963,1323,2053,2114,2119,2078,1970,1941,1287,1323,1902,2021,2024,2012,1977,961,1093,5,5,5,5,5,5,5,5,5,9,5,5,5,5,5,5,9,5,5,5,5,5,5,255,5,5,5,5,5,5,5,5,5,5,5,5,5,5,5,5,5,5,5,5,5,5,5,5,5,5,5,5,5,5,5,5,5,255,5,5,5,5,255,255
1781188513.638765,221,57753701,928,2079,2087,2063,2078,1382,1139,908,1185,1397,2066,2073,2055,2034,1307,1005,1309,2048,2095,2098,2120,2075,1995,1661,1378,2032,2092,2085,2110,2086,2071,1834,1385,2044,2085,2110,2088,2116,2045,1907,1370,2068,2088,2128,2113,2062,1976,1946,1346,2068,2081,2111,2082,1955,1943,1473,1316,1856,2039,2042,2002,1965,1969,1093,5,5,5,5,5,9,5,5,5,9,5,5,5,5,9,5,5,5,5,5,5,5,9,10,5,5,5,5,5,5,5,5,5,5,5,5,5,5,5,5,5,5,5,5,5,5,5,255,5,5,5,5,5,5,5,4,5,10,5,5,5,5,10,255
1781188513.738860,222,57853796,923,2087,2047,2081,2049,1358,1108,904,1196,1416,2088,2100,2066,1994,1312,1039,1319,2040,2099,2090,2113,2101,2083,1703,1296,2050,2110,2087,2105,2122,2088,1934,1377,2059,2079,2089,2099,2119,2031,1940,1377,2035,2107,2113,2115,2067,1965,1944,1339,2101,2136,2094,2105,1996,1915,1960,1314,1880,2010,2021,1960,1942,1928,1952,5,5,5,5,5,5,5,5,5,9,5,5,5,5,5,5,9,5,5,5,5,5,5,5,5,5,5,5,5,5,5,5,5,5,5,5,5,5,5,255,5,5,5,5,5,5,5,5,9,5,5,5,5,5,5,5,5,5,9,5,5,5,5,10
1781188513.837930,223,57953741,937,2086,2078,2093,2008,1377,1126,909,1179,1428,2089,2086,2099,1913,1327,1040,1302,2027,2094,2100,2090,2094,1987,1718,1341,2058,2092,2094,2101,2092,2108,1776,1381,2046,2104,2100,2091,2101,2023,1918,1341,1999,2104,2126,2092,2060,1983,1959,1332,2048,2131,2092,2073,1990,1957,1867,1318,1912,2010,2022,1954,1968,1928,1952,5,5,5,5,5,5,5,5,5,9,5,5,5,9,5,5,5,5,5,5,5,5,5,5,5,5,5,5,5,5,5,5,5,5,5,5,5,5,5,5,5,5,5,5,5,5,5,5,5,5,5,5,5,5,5,5,9,9,5,5,5,5,255,255
1781188513.936359,224,58053701,931,2094,2053,2073,2015,1386,1103,911,1175,1386,2064,2102,2071,2096,1276,1018,1335,2019,2095,2098,2098,2103,2037,1670,1367,2030,2098,2093,2082,2089,2062,1835,1377,2056,2109,2098,2130,2096,1998,1941,1373,2020,2104,2115,2128,2028,1964,1948,1319,2056,2106,2118,2077,2009,1935,1940,1327,1888,2034,2016,1939,1968,1928,1980,5,5,5,5,5,9,5,5,5,9,5,5,5,5,5,5,5,5,5,5,5,5,5,5,5,5,5,5,5,5,5,5,5,5,5,5,5,5,5,5,9,5,5,5,5,5,5,5,5,5,5,5,5,5,5,5,5,5,9,5,5,255,255,10
1781188514.035195,225,58153796,929,2067,2072,2061,2044,1349,1120,911,1155,1440,2086,2090,2100,2043,1318,1020,1312,2022,2111,2090,2101,2095,2033,1592,1358,2054,2092,2086,2107,2076,2079,1835,1349,2074,2112,2105,2125,2104,2003,1867,1344,2102,2111,2095,2122,2055,1965,1977,1294,2025,2106,2109,2074,2043,1954,1976,1270,1934,2037,2046,1939,1920,1954,1980,5,5,5,5,5,5,5,5,5,9,5,5,9,5,9,5,5,5,5,5,5,5,5,4,5,5,5,5,5,5,5,255,5,5,5,5,5,5,5,5,5,5,5,5,5,5,5,5,5,5,5,5,5,5,5,5,5,5,5,5,255,10,10,255
1781188514.138014,226,58253701,938,2088,2083,2097,1993,1332,1112,903,1191,1441,2074,2081,2089,1940,1285,1042,1327,2005,2097,2083,2093,2102,2046,1738,1367,2023,2071,2086,2103,2100,2044,1934,1330,1981,2107,2111,2142,2131,2008,1921,1348,2065,2106,2124,2125,2070,1974,1973,1352,2074,2068,2099,2077,1970,1969,1957,1333,1906,2026,2070,1965,1929,1951,1980,5,5,5,5,5,5,5,5,5,5,5,5,5,5,9,5,5,5,5,5,5,5,9,5,9,5,5,5,5,5,5,10,5,5,5,5,5,5,5,5,5,5,5,5,5,5,5,5,5,5,5,5,5,5,5,5,5,5,9,5,10,5,5,255
1781188514.236374,227,58353701,930,2068,2098,2075,2027,1356,1128,905,1187,1360,2040,2095,2089,2002,1318,1022,1334,2007,2093,2084,2097,2105,2060,1665,1335,2037,2083,2096,2106,2119,2047,1864,1349,2040,2063,2090,2119,2101,2023,1959,1367,2097,2104,2136,2121,2058,1988,1961,1352,2052,2078,2104,2078,1956,1965,1999,1326,1825,2046,2038,2005,1954,1945,1980,5,5,5,5,5,5,5,5,5,5,5,5,5,5,5,5,5,5,5,5,5,5,5,5,5,5,5,5,5,5,5,5,5,5,5,5,5,5,5,5,9,5,5,5,5,5,5,5,5,5,5,5,5,5,5,5,5,5,5,5,5,5,5,255
1781188514.339328,228,58453955,929,2085,2080,2075,2056,1374,1099,906,1151,1354,2086,2089,2054,2002,1332,1012,1303,2011,2109,2090,2130,2078,2060,1635,1334,2099,2097,2094,2111,2140,2064,1864,1355,2036,2113,2123,2104,2101,2015,1938,1384,2086,2113,2104,2123,2008,1912,1941,1371,2034,2140,2101,2081,1992,1953,1961,1315,1930,2028,2053,1987,1926,1956,1980,5,5,5,5,5,5,5,5,5,5,5,5,5,255,9,5,5,5,5,5,5,5,5,5,5,5,5,5,5,5,5,255,5,5,5,5,5,255,5,5,5,5,5,5,5,5,5,255,5,5,5,5,5,5,5,5,5,5,9,5,5,5,5,255
1781188514.437833,229,58553725,936,2060,2076,2078,1976,1355,1119,908,1193,1423,2097,2081,2101,1894,1277,1024,1328,2015,2108,2096,2094,2096,2049,1599,1359,2060,2089,2087,2086,2117,2036,1796,1357,2047,2097,2116,2103,2098,2033,1938,1355,2075,2097,2127,2112,2072,1962,2000,1313,2049,2080,2081,2066,1985,1961,1969,1269,1964,2049,2046,1991,1963,1961,1980,5,5,5,5,5,5,5,5,5,9,5,5,5,10,5,5,5,5,5,5,5,5,5,5,5,5,5,5,5,5,9,10,5,5,5,5,5,10,5,255,5,5,5,5,5,5,5,5,5,5,5,5,5,5,5,5,5,5,5,5,5,5,5,255
1781188514.538476,230,58653701,935,2055,2058,2089,2023,1349,1118,911,1167,1439,2064,2100,2089,2123,1322,1016,1316,2058,2079,2085,2152,2070,2052,1665,1339,2034,2075,2095,2108,2100,2065,1825,1324,2027,2096,2091,2117,2105,2037,1938,1364,2100,2099,2082,2094,2057,1998,1946,1333,2070,2098,2113,2044,1956,1929,1991,1320,1964,2009,2007,1941,1956,1961,1980,5,5,5,5,5,9,5,5,5,9,5,5,5,4,5,5,5,5,5,5,5,5,5,5,5,5,5,5,5,5,5,5,5,5,5,5,5,5,5,255,9,5,5,5,5,5,5,255,5,5,5,5,5,5,5,5,5,255,9,5,5,5,255,255
1781188514.639105,231,58753788,935,2072,2084,2077,2034,1321,1111,902,1189,1370,2039,2080,2075,2057,1344,1019,1333,2008,2088,2103,2119,2088,2019,1695,1324,2041,2097,2090,2097,2123,2081,1816,1336,2060,2092,2101,2131,2100,2023,1921,1354,2073,2114,2079,2112,2113,1937,1965,1293,2048,2089,2106,2056,1972,1947,1949,1344,1958,2024,2040,1933,1971,1961,1980,5,5,5,5,5,5,5,5,5,9,5,5,5,5,5,5,5,5,5,5,5,5,5,5,5,5,5,5,5,5,5,5,9,5,5,5,5,5,5,255,5,5,5,5,5,5,5,5,5,5,5,5,5,5,5,5,5,10,5,5,5,5,255,255
1781188514.734776,232,58853701,924,2085,2081,2075,2031,1364,1116,900,1195,1386,2083,2074,2094,1747,1298,1018,1354,1954,2084,2086,2102,2111,2062,1641,1343,2066,2088,2089,2096,2092,2101,1837,1344,2072,2096,2110,2083,2076,2071,1925,1391,2095,2106,2099,2119,2029,1931,1941,1315,2042,2091,2107,2071,2000,1936,1986,1302,1880,2042,2030,1946,1970,1966,1980,5,5,5,5,5,5,5,5,9,5,5,5,5,5,9,5,9,9,5,5,5,5,5,5,5,5,5,5,5,5,9,5,5,5,5,5,5,5,5,5,5,5,5,5,255,5,5,5,5,5,5,5,5,5,5,5,5,5,5,5,255,5,10,255
1781188514.828552,233,58944087,932,2086,2119,2053,1800,1338,1119,908,1182,1391,2048,2072,2092,2054,1320,1029,1324,1893,2103,2076,2089,2128,2022,1667,1355,2055,2094,2089,2099,2116,2050,1878,1367,1958,2092,2112,2090,2108,2035,1980,1390,2020,2102,2119,2079,2010,1949,1941,1328,2048,2101,2110,2060,1981,1957,1990,1313,1799,2013,2031,2004,1975,1960,1980,5,5,5,5,9,5,5,5,9,9,5,5,5,5,9,5,9,5,5,5,5,5,5,5,5,5,5,5,5,5,5,9,9,5,5,5,5,5,5,5,5,5,5,5,5,5,5,5,5,5,5,5,5,9,5,5,5,4,9,5,5,255,5,255
1781188514.928828,234,59043978,911,2079,2077,2065,1998,1361,1109,905,1164,1461,2081,2073,2108,2059,1289,1004,1293,1880,2087,2088,2101,2107,2027,1616,1349,2050,2088,2091,2088,2108,2052,1871,1373,2071,2129,2103,2088,2119,2004,1921,1329,2020,2079,2121,2085,2052,1967,1935,1343,2039,2121,2133,2076,1983,1958,1987,1295,1799,2036,2039,1976,1971,1938,1980,5,5,5,5,4,5,5,5,5,5,5,5,5,5,5,5,9,9,5,5,5,5,5,5,5,5,5,5,5,5,5,5,5,5,5,5,5,5,5,5,5,5,5,5,5,5,5,5,5,5,5,5,5,5,5,5,5,255,5,5,5,5,5,255
1781188515.027999,235,59143701,940,2055,2098,2077,2043,1401,1123,908,1183,1525,2063,2088,2083,1978,1292,1037,1342,2030,2088,2088,2094,2122,2062,1662,1331,2058,2102,2092,2095,2099,2032,1904,1333,2054,2105,2086,2110,2127,2055,1950,1385,2067,2103,2130,2118,2091,1977,1936,1338,2027,2098,2096,2071,1963,1966,1947,1311,1799,2044,2050,1960,1946,1979,1980,5,255,5,5,5,5,5,5,9,5,5,5,5,5,5,5,5,5,5,5,5,5,5,5,4,5,5,5,5,5,9,5,5,5,5,5,5,5,9,5,5,5,5,5,5,5,5,5,5,5,5,5,5,5,5,5,5,255,9,5,5,255,5,255
1781188515.127497,236,59243701,930,2098,2073,2064,2035,1382,1110,906,1157,1482,2050,2094,2134,2018,1312,1034,1334,2056,2097,2099,2107,2094,2057,1595,1327,2047,2104,2104,2107,2092,2065,1891,1332,2068,2090,2122,2114,2112,2008,1895,1400,2048,2099,2081,2132,2093,1966,1930,1333,2050,2104,2107,2066,1960,1945,1940,1325,1876,1984,2055,1971,1958,1963,1980,5,5,5,5,5,9,5,5,5,5,5,5,5,5,5,5,5,5,5,5,5,5,5,5,5,5,5,5,5,5,5,5,5,5,5,5,5,5,5,5,5,5,5,5,5,5,5,5,5,5,5,5,5,5,5,5,5,10,9,5,5,5,5,255
1781188515.228471,237,59346039,934,2076,2097,2087,2057,1345,1127,919,1175,1583,2071,2088,2075,2016,1302,1028,1321,2039,2107,2101,2102,2076,2028,1613,1324,2038,2087,2096,2108,2101,2067,1866,1353,2020,2104,2077,2097,2128,1992,1963,1379,2068,2110,2115,2120,2061,1972,1946,1347,2078,2093,2115,2076,1957,1944,1970,1262,1915,2017,2051,1952,1929,1963,1980,5,5,5,5,5,5,5,5,5,4,5,5,5,255,5,5,9,5,5,5,5,5,5,5,5,5,5,5,5,5,5,5,5,5,5,5,5,5,5,5,5,5,5,5,5,5,5,5,9,5,5,5,5,5,5,5,5,5,9,5,5,5,255,255
1781188515.328003,238,59444086,937,2078,2054,2078,2032,1374,1123,908,1158,1484,2102,2098,2088,2079,1269,1017,1330,2036,2104,2097,2117,2082,2073,1629,1357,2067,2101,2097,2095,2092,2065,1878,1353,2061,2097,2084,2084,2134,2025,1890,1342,2045,2104,2127,2112,2072,1927,1962,1335,2043,2105,2100,2096,1966,1970,1968,1317,1869,1991,2034,1992,1948,1969,1980,5,5,5,5,5,5,5,5,5,5,5,5,5,5,5,5,9,5,5,5,5,5,5,5,5,5,5,5,5,5,5,9,9,5,5,5,5,5,5,5,5,5,5,5,5,9,5,5,9,5,5,5,5,5,5,5,5,5,9,5,5,5,10,255
1781188518.016679,239,62133796,943,2068,2035,2088,2020,1367,1108,913,1166,1424,2065,2086,2111,2030,1313,1020,1331,2030,2088,2081,2100,2103,2015,1634,1354,2046,2086,2096,2093,2102,2071,1879,1329,2062,2095,2111,2128,2088,2039,1933,1353,2070,2079,2100,2104,2086,1935,1954,1321,2068,2155,2121,2108,1981,1999,1948,1285,1830,2000,2029,1967,1950,1972,2008,6,6,6,6,6,6,6,6,6,6,6,6,6,6,6,6,6,6,6,6,6,6,6,6,6,6,6,6,6,6,6,6,6,6,6,6,6,6,6,6,6,6,6,6,6,6,6,6,6,6,6,6,6,6,6,6,6,6,6,6,6,255,255,6
1781188518.117533,240,62233701,921,2078,2081,2055,1941,1352,1120,908,1168,1409,2060,2086,2102,2012,1325,1049,1336,2016,2089,2097,2103,2105,2032,1635,1335,2054,2077,2087,2089,2142,2036,1985,1369,2007,2110,2084,2097,2137,2040,1941,1374,2062,2107,2099,2134,2061,1971,1970,1350,2031,2121,2107,2095,1937,1973,1941,1306,1919,2038,2066,1979,1960,2029,2008,5,5,5,5,9,5,5,5,5,5,5,5,5,5,9,5,5,5,5,5,5,5,5,5,5,5,5,5,5,5,9,5,5,5,5,5,5,5,5,5,5,5,5,5,5,5,5,5,5,5,5,5,5,5,5,5,9,5,5,5,5,5,10,255
1781188518.218378,241,62333701,926,2068,2097,2079,2040,1402,1125,909,1180,1380,2085,2077,2052,2058,1295,1024,1323,1986,2102,2098,2127,2098,2060,1665,1324,2054,2095,2090,2101,2105,2051,1864,1338,2086,2109,2100,2119,2138,2003,1941,1372,2057,2099,2091,2116,2068,1955,1956,1328,2076,2103,2121,2090,1940,1945,1960,1317,1893,2022,2039,1972,1971,2029,1348,5,5,5,5,5,5,5,5,5,9,5,5,5,5,5,5,9,5,5,5,5,5,5,5,5,5,5,5,5,5,5,5,5,9,5,5,5,5,5,255,9,9,5,5,5,5,5,5,9,5,5,5,5,5,5,5,5,5,5,5,5,5,255,10
1781188518.317441,242,62433812,939,2078,2093,2095,2040,1372,1112,911,1172,1439,2052,2086,2085,2049,1315,1043,1305,2047,2086,2105,2135,2077,2000,1617,1366,2046,2102,2097,2092,2107,2120,1889,1369,2042,2103,2078,2117,2124,2046,1949,1360,2035,2093,2127,2134,2083,1951,1976,1380,2039,2107,2110,2095,1921,1924,1940,1291,1883,2102,2018,2004,1939,2029,1250,5,5,5,5,5,5,5,5,5,9,5,5,5,5,5,5,5,5,5,5,5,5,5,5,5,5,5,5,5,5,5,5,5,5,5,5,5,5,5,10,5,5,5,5,5,5,5,5,5,5,5,5,5,5,5,5,5,5,5,5,5,5,255,5
1781188518.416487,243,62533705,932,2078,2076,2060,2030,1349,1114,911,1174,2047,2092,2079,2095,2024,1314,1054,1338,2041,2076,2077,2105,2107,2061,1613,1348,2047,2099,2093,2117,2109,2052,1860,1374,2065,2096,2097,2128,2107,2024,1982,1353,2046,2112,2127,2099,2065,1913,1951,1341,2067,2109,2116,2061,1950,1963,1925,1314,1866,2038,2080,1978,1969,2029,1094,5,5,5,5,5,9,5,5,5,5,5,5,5,5,5,5,5,5,5,5,5,5,5,5,5,5,5,5,5,5,5,9,5,5,5,5,5,5,5,5,9,5,5,5,5,5,5,5,5,5,5,5,5,5,5,5,5,5,9,5,5,5,255,5
1781188518.517607,244,62634499,929,2079,2108,2068,2051,1363,1138,914,1182,1396,2051,2111,2075,1909,1291,1049,1337,2034,2085,2121,2094,2087,2028,1679,1334,2011,2096,2093,2083,2121,2082,1860,1325,2017,2055,2100,2116,2087,2045,1921,1392,2065,2102,2109,2097,2073,1957,1173,1349,2056,2131,2100,2092,1962,1320,1157,1312,1912,2026,2071,1990,1991,1292,1012,5,5,5,5,5,5,5,5,5,5,5,5,5,5,9,5,5,5,5,5,5,5,5,5,5,5,5,5,5,5,5,255,5,5,5,5,5,5,5,5,5,5,5,5,5,5,5,4,9,5,5,5,5,5,5,5,5,5,5,5,5,5,10,5
1781188518.616193,245,62734317,940,2061,2037,2089,2025,1351,1122,903,1160,1398,2098,2080,2069,2008,1311,1035,1315,1986,2082,2085,2129,2084,2064,1651,1348,2072,2091,2088,2095,2089,2051,1913,1369,2048,2074,2116,2116,2111,2029,1952,1333,2069,2113,2086,2086,2077,1921,1131,1389,2033,2096,2112,2079,2001,1184,1072,1314,1832,1982,2080,1938,1973,1187,899,5,5,5,5,5,5,5,5,5,9,5,5,5,5,9,5,5,5,5,5,5,5,5,5,9,5,5,5,5,5,5,10,5,5,5,5,5,5,5,5,5,9,5,5,5,5,5,5,9,5,5,5,5,5,4,5,5,5,9,5,255,255,5,5
1781188518.717455,246,62833701,923,2084,2121,2065,2066,1373,1118,919,1187,1378,2061,2136,2069,1970,1340,1013,1348,2007,2113,2094,2090,2107,1998,1688,1370,2095,2078,2094,2093,2094,2094,1823,1357,2056,2082,2103,2104,2098,1989,1897,1322,2102,2105,2111,2145,2032,1211,1047,1365,2077,2125,2099,2080,1949,1104,976,1330,1953,2035,2039,1997,1972,1058,776,5,5,5,5,5,5,5,5,5,9,5,5,5,9,5,5,5,5,5,5,5,5,5,5,5,5,5,5,5,5,5,5,5,5,5,5,5,5,5,5,5,5,5,5,5,5,5,5,5,5,5,5,5,5,5,4,5,5,9,5,5,5,5,5
1781188518.809798,247,62923795,933,2062,2088,2080,2021,1343,1125,906,1190,1399,2065,2092,2106,1841,1289,1030,1294,2043,2080,2079,2113,2093,1989,1590,1344,2084,2085,2099,2106,2096,2072,1823,1433,2089,2086,2103,2112,2101,2027,1959,1351,2071,2109,2118,2080,1994,1170,892,1378,2052,2090,2126,2072,1957,963,813,1306,1946,2029,2025,1987,997,909,665,5,5,5,5,5,5,5,5,5,5,5,5,5,5,5,5,5,5,5,5,5,5,9,5,5,5,5,5,5,5,5,255,9,5,5,5,5,5,5,5,5,5,5,5,5,5,5,5,5,5,5,5,5,5,5,5,5,5,9,5,5,5,5,5
1781188518.909058,248,63026117,939,2087,2109,2072,1987,1366,1106,918,1175,1394,2083,2088,2088,2123,1307,1018,1338,2021,2089,2090,2082,2073,2061,1632,1381,2080,2106,2097,2086,2129,2089,1910,1346,2040,2107,2097,2111,2141,1055,1941,1418,2137,2096,2118,2114,1302,1024,685,1382,2076,2093,2135,2081,1016,769,684,1319,1873,2057,2040,1969,774,734,416,5,5,5,5,5,5,5,5,5,9,5,5,5,5,9,5,9,5,5,5,5,5,5,5,5,5,5,5,5,5,9,10,5,5,5,5,5,5,5,5,4,5,5,5,5,5,5,4,9,5,5,5,5,5,5,4,5,5,5,5,5,4,5,4
1781188519.009779,249,63123701,939,2086,2112,2069,2059,1363,1111,906,1194,1413,2054,2091,2099,2050,1316,1033,1315,2041,2070,2084,2087,2117,1998,1632,1368,2025,2086,2101,2094,2101,2063,443,1365,2071,2073,2088,2077,1054,803,655,1424,2038,2108,2119,2117,755,766,380,1356,2048,2121,2102,2049,791,630,389,1310,1939,2006,2034,1961,660,631,434,5,5,5,5,5,5,5,5,9,9,5,5,5,5,5,5,5,5,5,5,5,5,9,5,5,5,5,5,5,5,5,4,5,5,5,5,5,4,4,4,9,5,5,5,5,4,4,4,9,5,5,5,5,4,5,4,5,5,9,5,255,5,5,5
1781188519.107652,250,63223701,931,2072,2056,2071,2080,1367,1128,904,1181,1411,2087,2067,2068,1941,1263,1015,1308,1999,2130,2102,2113,2073,433,420,1325,2048,2100,2089,2112,444,2049,352,1335,2057,2119,2107,1192,758,450,370,1368,2038,2083,2088,1029,634,612,404,1351,2072,2120,2110,2122,650,617,1978,1338,1879,1941,2060,1967,1925,625,1915,5,5,5,5,5,5,5,5,5,9,5,5,5,5,5,5,9,5,5,5,5,5,4,4,5,5,5,5,5,4,5,5,5,5,5,5,255,4,4,4,9,255,5,5,9,5,5,5,5,5,5,5,5,5,5,4,5,5,5,5,5,5,5,4
1781188519.208952,251,63326357,939,2078,2078,2081,2007,1401,355,916,1201,1426,2092,2093,2097,371,375,335,1344,2016,2081,2080,2054,404,349,340,1368,2019,2096,2075,2100,2095,375,353,1371,2073,2092,2082,1091,626,566,361,1404,2067,2086,2142,659,611,592,1955,1352,2055,2116,2133,645,628,1949,1988,1329,1777,2052,2035,2009,1972,625,1915,5,5,5,5,5,5,4,5,5,5,5,5,5,4,4,5,5,5,5,5,5,4,4,5,9,5,5,5,5,5,5,5,5,5,5,5,5,5,5,5,5,10,5,5,4,5,5,4,5,5,5,5,5,5,5,5,5,5,5,5,5,5,255,255
1781188519.307519,252,63423802,920,2080,2076,2093,374,348,349,347,1160,1383,2089,2050,408,373,336,977,1370,2048,2078,2107,566,393,404,361,1390,2080,2093,648,1118,618,452,353,1335,2079,2160,655,643,606,2010,1892,1326,2079,2122,2123,646,2069,612,1898,1316,2063,2096,2100,2031,1961,1970,1937,1333,1912,2072,2063,1999,1972,625,1915,5,5,5,5,5,4,5,4,5,4,5,5,4,5,5,4,5,5,5,5,5,5,5,5,9,5,5,5,5,5,5,255,5,9,5,5,5,5,4,4,5,5,5,5,5,4,255,5,9,5,5,5,5,5,5,5,5,5,5,5,5,255,255,255
1781188519.407573,253,63523705,914,2079,2024,405,396,382,687,895,1169,1355,2095,619,414,643,443,1016,1315,2027,670,645,635,630,692,1654,1344,2059,679,733,634,2061,674,1953,1406,2032,2132,715,2088,2112,2032,1919,1356,2064,2105,2120,2098,2067,612,1931,1358,2051,2107,2119,2093,1934,1959,1984,1351,1881,2026,2024,1993,1983,1942,1915,5,5,5,5,5,5,4,4,5,5,5,5,5,4,5,5,5,5,5,5,5,4,4,4,5,5,5,5,5,4,4,10,9,5,5,5,4,4,5,5,5,5,5,5,4,5,255,5,5,5,5,5,5,5,5,5,9,9,9,5,5,10,10,255
1781188519.511124,254,63625967,934,2103,579,549,621,656,727,909,1167,1288,663,659,635,769,730,1024,1311,2004,713,680,719,2113,2080,1682,1399,2066,733,2092,2086,2113,2037,1887,1365,2032,2113,2095,2137,2095,2032,1963,1335,2036,2122,2152,2100,2060,1960,1943,1369,2058,2122,2095,2068,2015,1993,1954,1341,1881,2027,2047,1925,1970,1942,1915,5,5,5,5,4,4,5,5,5,5,5,5,4,5,4,5,5,5,5,5,5,4,5,5,5,5,5,5,4,5,5,5,5,5,5,4,5,5,5,5,5,5,5,5,5,5,10,5,5,5,5,5,5,5,5,5,5,255,5,5,5,5,255,255
1781188519.608424,255,63723701,927,1092,630,640,735,749,1106,913,1185,694,670,741,754,1955,1311,1040,1317,731,2017,2087,2056,2099,2032,1663,1402,2038,2075,2087,2102,2083,2082,1825,1349,2061,2088,2099,2119,2111,1984,1942,1358,2071,2077,2128,2120,2048,1969,1965,1338,2044,2122,2099,2064,1981,1947,1961,1350,1881,1986,2033,2015,1973,1958,1915,5,255,5,5,5,5,5,5,5,4,5,5,5,4,4,5,5,5,4,5,4,5,5,5,5,5,5,5,5,5,5,5,5,5,5,5,5,5,5,5,5,5,5,5,5,5,5,5,5,5,5,5,5,5,5,5,5,255,5,5,5,5,10,255
1781188519.708186,256,63823701,852,646,689,755,1021,1366,1115,914,1185,770,752,1131,2070,1930,1328,1047,1323,2030,2082,2065,2086,2094,2056,1650,1374,2080,2103,2096,2088,2102,2081,1825,1367,2067,2100,2108,2116,2118,2010,1935,1398,2028,2098,2095,2104,2043,1954,1981,1335,2069,2117,2111,2065,1983,1927,1961,1298,1856,2046,2057,1975,1945,1956,1983,5,4,5,5,4,4,5,5,5,5,5,4,4,5,5,5,5,5,5,5,5,5,5,5,5,5,5,5,5,5,5,255,5,5,5,5,5,5,5,5,5,5,5,5,5,5,5,5,5,5,5,5,5,5,255,5,5,10,5,5,5,5,5,10
1781188519.812179,257,63927107,790,713,818,1108,1878,1354,1121,903,1147,1345,923,2103,2075,2072,1312,1049,1328,2031,2075,2089,2087,2061,2057,1673,1344,2047,2089,2089,2095,2108,2063,1916,1384,2043,2094,2093,2105,2098,2031,1970,1389,2080,2096,2135,2119,2040,1947,1941,1325,2054,2095,2110,2074,2001,1961,1981,1316,1856,1996,2019,1974,1964,1925,1983,5,4,5,4,5,5,5,5,5,4,5,5,5,5,9,5,5,5,5,5,5,5,5,5,5,5,5,5,5,5,5,10,5,5,5,5,5,5,5,5,5,5,5,5,5,5,5,5,9,5,5,5,5,5,5,5,5,255,5,5,5,5,5,255
1781188519.906709,258,64023701,905,850,1049,2082,2025,1384,1104,907,1180,1431,1455,2098,2093,1950,1310,1035,1325,2043,2093,2081,2109,2099,2034,1642,1356,2058,2090,2085,2109,2112,2052,1916,1372,2075,2110,2112,2120,2084,1999,1955,1399,2088,2093,2133,2125,2110,1930,1970,1283,2041,2078,2100,2052,1960,1965,1984,1297,1872,1970,2030,1986,1929,1925,1983,5,5,4,4,5,9,5,5,9,5,4,5,5,9,5,5,9,5,5,5,5,5,5,9,5,5,5,5,5,5,9,255,5,5,5,5,5,5,5,5,5,5,5,5,5,5,5,5,5,5,5,5,5,5,5,5,5,10,5,5,5,5,255,255
1781188520.007049,259,64123701,927,1234,1413,2058,1982,1352,1123,908,1155,1396,2066,2085,2128,1959,1278,1034,1331,2042,2099,2080,2083,2103,2049,1642,1422,2077,2101,2094,2098,2104,2049,1862,1389,2069,2111,2108,2113,2113,2020,1949,1409,2042,2112,2086,2114,2050,1890,1962,1354,2043,2091,2112,2082,1965,1952,1966,1308,1864,2042,2047,1996,1943,1992,1983,5,4,4,5,5,5,5,5,5,5,4,5,5,9,9,5,9,5,5,5,5,5,5,255,5,5,5,5,5,5,5,10,5,5,5,5,5,5,5,5,5,5,5,5,5,5,5,5,9,5,5,5,5,5,5,5,5,5,5,5,5,5,10,255
1781188520.110864,260,64224777,933,1303,2175,2061,2025,1388,1107,913,1174,1367,2061,2088,2091,1981,1315,1032,1291,2007,2085,2085,2136,2103,2068,1638,1340,2049,2092,2102,2100,2105,2063,1938,1324,2043,2110,2090,2106,2132,2046,1952,1399,2071,2122,2120,2098,2059,1947,1933,1366,2062,2090,2130,2067,1968,1952,1969,1300,1863,2064,2031,2010,1942,1992,1983,5,5,5,5,5,5,5,5,5,5,5,5,5,5,5,5,5,5,5,5,5,5,5,10,5,5,5,5,5,5,5,5,5,5,5,5,5,5,5,5,5,5,5,5,5,5,5,5,5,5,5,5,5,5,5,5,5,5,5,5,5,5,255,255
1781188520.200634,261,64317353,932,2099,2062,2081,1707,1382,1119,914,1167,1356,2053,2105,2079,1759,1294,1024,1357,2011,2089,2104,2082,2087,2063,1621,1324,2057,2101,2094,2091,2111,2058,1906,1377,2045,2116,2079,2098,2136,2010,1892,1347,2073,2107,2087,2134,2082,1964,1937,1355,2081,2110,2119,2085,1960,1938,1949,1319,1878,2009,2034,1952,1988,1979,1983,5,255,5,5,9,9,5,5,5,255,5,5,5,4,5,5,5,5,5,5,5,5,5,5,5,5,5,5,5,5,5,5,5,5,5,5,5,5,5,5,5,5,5,5,5,5,5,5,5,5,5,5,5,5,5,5,5,9,5,5,5,5,10,255
1781188520.307332,262,64423885,933,2084,2102,2072,2035,1341,1109,912,1158,1470,2087,2065,2072,2070,1319,1029,1340,2055,2093,2092,2120,2112,2097,1679,1337,2078,2094,2094,2122,2102,2077,1939,1409,2055,2085,2119,2111,2071,1998,1923,1347,2036,2112,2092,2118,2054,1972,1964,1366,2048,2121,2116,2096,1928,1931,1969,1335,1907,2048,2060,1963,1968,1979,1983,5,5,5,5,5,4,5,5,5,4,5,5,5,4,5,5,5,5,5,5,5,5,5,5,5,5,5,5,5,5,5,5,5,5,5,5,5,5,5,5,5,5,5,5,5,5,5,5,5,5,5,5,5,5,5,5,5,5,5,5,255,5,255,255
1781188520.398662,263,64513705,933,2083,2069,2090,2015,1358,1118,912,1166,1354,2071,2103,2085,2027,1292,1038,1304,2031,2081,2093,2099,2093,2030,1723,1330,2032,2103,2095,2104,2120,2048,1967,1329,2046,2112,2119,2104,2090,2004,1960,1348,2036,2105,2063,2118,2048,1999,1974,1348,2062,2081,2122,2054,1957,1964,1973,1297,1895,2027,2038,1964,1972,1988,1983,5,5,5,5,5,9,5,5,5,4,5,5,5,5,5,5,9,5,5,5,5,5,4,5,5,5,5,5,5,5,5,5,5,5,5,5,5,5,5,5,5,5,5,5,5,5,5,5,5,5,5,5,5,5,5,5,5,5,9,5,5,5,10,255
1781188520.499286,264,64613788,924,2083,2104,2056,2020,1365,1124,906,1195,1367,2033,2110,2056,2025,1301,1047,1339,2045,2087,2096,2090,2116,2097,1574,1342,2088,2099,2101,2078,2100,2074,1874,1331,2078,2099,2097,2112,2092,2023,1876,1337,2041,2111,2089,2077,2029,1942,1942,1342,2056,2117,2106,2080,1927,1924,1987,1314,1816,2069,2042,1989,1972,1988,1983,5,5,5,5,5,5,5,5,5,9,5,5,5,5,5,5,9,5,5,5,5,5,9,5,5,5,5,5,5,5,5,5,5,5,5,5,5,5,5,5,5,5,5,5,5,5,5,5,5,5,5,5,5,5,5,5,5,5,5,5,5,5,255,255
1781188520.597064,265,64713701,940,2079,2081,2060,1939,1358,1132,901,1174,1380,2086,2094,2090,2015,1309,1030,1323,2037,2104,2089,2105,2099,2076,1578,1295,2080,2102,2098,2097,2122,2049,1927,1345,2059,2110,2106,2132,2095,2033,1897,1365,2083,2122,2089,2063,2111,1949,1974,1325,2055,2097,2119,2084,1963,1952,1968,1314,1884,2007,2050,2013,1976,1987,1983,5,5,5,5,5,9,5,5,5,5,5,5,5,5,5,5,5,5,5,5,5,5,5,9,5,5,5,5,5,5,5,5,5,5,5,5,5,5,5,5,9,5,5,5,5,5,5,5,5,5,5,5,5,5,5,5,5,5,5,5,5,5,10,255
1781188520.694802,266,64813701,935,2069,2053,2071,1970,1308,1112,911,1185,1351,2095,2094,2042,2056,1312,1030,1322,1984,2086,2076,2066,2065,2046,1681,1352,2065,2105,2088,2088,2102,1999,1927,1358,2055,2105,2112,2120,2058,2024,1977,1335,2097,2118,2120,2128,2057,1944,1966,1308,2093,2122,2100,2072,1925,1952,1966,1357,1814,2063,2071,1967,1973,1987,1983,5,5,5,5,5,9,5,5,5,9,5,5,5,5,5,5,5,5,5,5,5,5,9,5,9,5,5,5,5,5,5,255,5,5,5,5,5,5,5,5,5,5,5,5,5,5,5,5,5,5,5,5,5,255,5,5,5,5,5,5,5,5,255,255
1781188520.795227,267,64913936,931,2079,2073,2094,1924,1349,1103,898,1177,1449,2068,2087,2090,2031,1298,1039,1318,2019,2101,2092,2113,2116,2044,1698,1365,2061,2086,2095,2100,2099,2070,1927,1349,2073,2109,2108,2120,2110,2028,1926,1372,2058,2101,2085,2152,2075,1984,1983,1314,2017,2105,2121,2072,1958,1958,1955,1333,1914,2000,2000,1971,1977,1987,1983,5,5,5,5,5,5,5,5,5,9,5,5,5,5,5,5,5,5,5,5,5,5,5,5,9,5,5,5,5,5,5,255,5,5,5,5,5,5,5,5,5,5,5,5,9,5,5,5,5,9,5,5,5,5,5,5,5,5,9,5,5,5,255,255
1781188520.898359,268,65013701,921,2055,2063,2095,1971,1394,1104,909,1157,1380,2089,2089,2085,1971,1298,1028,1330,2060,2105,2088,2077,2106,2027,1616,1330,2047,2107,2087,2100,2100,2070,1949,1361,2045,2126,2117,2124,2088,2028,1964,1347,1969,2112,2133,2118,2060,1965,1937,1343,2042,2105,2127,2120,1993,1958,1959,1320,1924,2013,2045,1977,1971,1953,1983,5,5,5,5,5,5,5,5,5,9,5,5,5,5,5,5,9,5,5,5,5,5,5,5,5,5,5,5,5,5,5,10,5,5,5,5,5,5,5,5,5,9,5,5,5,5,5,5,5,5,5,5,5,5,5,5,5,5,5,5,255,5,10,255
1781188520.998439,269,65113701,939,2095,2066,2066,1983,1354,1113,915,1197,2090,2080,2089,2095,1785,1321,1031,1307,1975,2086,2083,2140,2124,2047,1673,1323,2050,2087,2091,2099,2091,2075,1949,1379,2072,2143,2100,2117,2105,2033,1936,1373,2098,2122,2124,2135,2073,1954,1929,1342,2055,2114,2082,2070,1977,1933,1990,1348,1950,1994,2034,1925,1961,1953,1983,5,5,5,5,5,5,5,5,5,5,5,5,5,5,5,5,5,9,5,5,5,5,5,9,9,5,5,5,5,5,5,255,5,5,5,5,5,5,5,5,5,5,5,5,5,5,5,5,5,5,5,5,5,5,5,5,5,5,9,5,255,5,255,255
1781188521.099989,270,65213784,933,2093,2072,2069,2027,1341,1107,906,1194,1349,2086,2076,2123,1975,1322,1045,1338,2005,2107,2118,2102,2093,2049,1650,1360,2033,2087,2092,2091,2117,2083,1853,1349,2044,2108,2090,2095,2107,2034,1838,1371,2089,2100,2093,2133,2043,2013,1979,1301,2084,2119,2118,2067,1948,1952,1941,1294,1946,2024,2054,1990,1965,1934,1983,5,5,5,5,5,5,5,5,5,255,5,5,5,5,5,5,5,5,5,5,5,5,5,5,5,5,5,5,5,5,5,10,5,5,5,5,5,5,5,5,9,5,5,5,5,9,5,5,5,5,5,5,5,5,5,255,9,5,5,5,5,5,10,255
1781188521.198664,271,65313701,914,2097,2084,2059,1994,1330,1088,890,1184,1321,2077,2097,2109,1918,1304,1032,1332,2002,2084,2089,2106,2091,2036,1635,1363,2053,2104,2093,2105,2107,2090,1913,1348,2031,2105,2099,2105,2117,2046,1921,1356,2040,2103,2095,2125,2093,1951,1948,1361,2053,2123,2097,2070,2014,1956,1999,1329,1946,2028,2051,1976,1925,1934,1983,5,5,5,5,5,5,5,5,5,5,5,5,5,5,5,5,5,5,5,5,5,5,5,5,5,5,5,5,5,5,5,5,5,5,5,5,5,5,5,5,5,5,5,9,5,5,5,5,5,5,5,5,5,5,5,5,5,255,5,5,5,5,255,255
1781188521.298480,272,65413807,929,2045,2086,2085,1712,1367,1103,907,1174,1326,2071,2090,2054,2086,1274,1044,1329,2018,2111,2085,2117,2093,1999,1685,1376,2069,2086,2096,2098,2133,2048,1934,1345,2036,2093,2110,2115,2142,2052,1921,1371,2044,2113,2138,2085,2094,1993,1979,1318,2062,2106,2129,2091,1952,1967,1989,1319,1958,2007,2017,2007,1942,1934,1983,5,5,5,5,5,5,5,5,5,9,5,5,5,5,5,5,5,5,5,5,5,5,9,5,5,5,5,5,5,5,5,5,5,5,5,5,5,5,5,255,5,5,5,5,5,5,5,5,5,5,5,5,5,5,5,5,5,10,9,5,5,5,255,255
1781188521.400091,273,65513780,932,2065,2101,2063,2062,1364,1098,906,1181,1386,2063,2082,2094,2021,1224,1040,1332,2042,2091,2103,2132,2122,2029,1625,1347,2036,2092,2095,2089,2093,2029,1831,1374,2078,2092,2105,2105,2076,2040,1911,1367,2041,2100,2101,2125,2085,1950,1926,1352,2015,2078,2116,2080,1946,1935,1957,1329,1828,2046,1989,1991,1970,1992,1983,5,5,5,5,5,5,5,5,5,9,5,5,5,5,5,5,5,5,5,5,5,5,9,5,5,5,5,5,5,5,5,5,5,5,5,5,5,5,5,10,5,5,5,5,5,5,5,5,9,5,5,5,5,5,5,5,5,5,5,5,5,5,10,255
1781188521.496692,274,65613701,925,2066,2085,2064,1796,1334,1110,925,1181,1420,2061,2077,2116,1898,1302,993,1335,2027,2086,2089,2150,2137,2025,1648,1300,2037,2095,2085,2110,2099,2056,1905,1336,2083,2090,2104,2106,2130,2038,1941,1369,2011,2090,2097,2117,2069,1966,1970,1370,2058,2102,2106,2095,1945,1964,1997,1324,1828,2031,2006,1977,1988,1992,1983,5,5,5,5,5,5,5,5,5,255,5,5,5,5,5,5,5,5,5,5,5,5,5,5,5,5,5,5,5,5,5,5,5,5,5,5,5,5,5,5,9,5,5,5,5,5,5,5,5,5,5,5,5,5,5,5,5,255,5,5,5,5,255,255
1781188521.598337,275,65713701,934,2080,2090,2073,1970,1362,1111,906,1153,1422,2060,2092,2131,1875,1307,1018,1306,2085,2078,2096,2095,2089,2011,1598,1341,2042,2099,2095,2095,2127,2044,1867,1358,2032,2129,2084,2087,2095,2013,1941,1357,2073,2106,2092,2136,2091,1948,1960,1314,2049,2091,2105,2084,1973,1965,1973,1298,1877,2043,2043,2018,1984,1992,1983,5,5,5,5,5,5,5,5,5,9,5,5,5,5,5,5,5,5,5,5,5,5,9,5,5,5,5,5,5,5,5,5,5,5,5,5,5,5,5,255,5,5,5,5,5,5,5,5,4,5,5,5,5,5,5,5,5,10,5,5,5,5,255,255
1781188521.698139,276,65813824,920,2068,2091,2091,2035,1343,1120,920,1160,2044,2085,2086,2077,2089,1295,1041,1322,1961,2096,2096,2122,2079,2093,1646,1369,2055,2093,2093,2100,2123,2085,1867,1388,2050,2118,2094,2130,2089,2061,1929,1371,2035,2089,2115,2133,2037,1971,1938,1357,2071,2088,2090,2088,1960,1954,1959,1311,1923,2057,2037,1990,1956,1941,1980,5,5,5,5,5,5,5,5,5,4,5,5,9,4,9,5,5,9,5,5,5,5,5,5,5,5,5,5,5,5,5,255,5,5,5,5,5,5,5,10,5,5,5,5,5,5,5,5,4,5,5,5,5,5,5,5,5,5,5,5,5,5,10,10
1781188525.986730,277,70103971,939,370,363,365,356,647,1081,909,1148,377,436,354,678,389,1163,1008,1306,694,396,422,380,2076,2077,1795,1322,657,2094,375,2078,382,2070,1115,1381,2024,2091,2100,2106,2090,2008,1949,1364,2068,2108,2119,2093,2069,1940,1948,1350,2022,2113,2102,2082,1968,1963,1958,1300,1844,1975,2047,1979,1975,1938,2042,6,6,6,6,6,6,6,6,6,6,6,6,6,6,6,6,6,6,6,255,6,6,6,6,6,6,6,6,6,255,6,255,6,6,6,6,6,6,6,6,6,6,6,6,6,6,6,6,6,6,6,6,6,6,6,6,6,6,6,6,6,6,6,255
1781188526.087933,278,70203701,926,2063,2064,2067,585,576,1097,918,1170,1418,360,537,344,536,640,1032,1339,680,459,350,346,347,398,776,1320,672,395,349,352,341,1931,389,1356,2044,482,375,346,356,352,1918,1412,2026,2088,395,2113,349,1905,1985,1352,2058,2119,2099,2094,1974,1953,1972,1275,1812,2067,2027,1958,1951,1936,2042,5,4,4,4,4,5,5,5,5,4,5,5,5,9,4,5,5,5,5,5,5,5,4,4,5,5,4,5,4,5,5,4,5,5,4,4,5,4,4,5,5,5,5,4,5,4,5,5,5,5,5,5,5,5,5,5,5,5,5,5,5,5,5,255
1781188526.189044,279,70303717,940,2096,2089,2075,2069,1368,1126,911,1176,1390,2091,2076,639,608,624,1022,1307,1811,2080,617,618,591,593,630,1339,2051,631,629,350,583,337,604,1339,685,641,592,464,347,347,356,1360,2026,2101,624,360,359,342,344,1365,2094,2115,2107,373,344,344,353,1306,1841,2069,2032,1998,366,1936,359,5,5,5,5,5,9,5,5,5,5,4,4,4,5,5,5,5,5,4,4,4,4,5,5,5,4,5,4,5,4,5,4,5,9,5,4,5,5,5,4,5,255,5,4,5,5,4,5,5,5,5,5,5,4,5,4,9,5,5,5,5,4,255,10
1781188526.289130,280,70405903,936,2067,2074,2059,2053,1353,1102,890,1184,1367,2065,2104,2073,2027,1316,1023,1306,2045,2064,2126,2121,659,650,642,1353,2065,2111,667,625,670,586,636,1345,2068,2121,641,626,580,578,566,1415,2063,675,673,597,596,360,476,1336,2070,719,2116,2088,417,388,357,1303,1866,2069,2070,1975,1945,359,376,5,5,5,5,5,9,5,5,5,9,5,5,4,4,5,5,5,5,5,5,5,5,5,5,5,5,4,255,4,5,4,5,5,4,4,5,5,4,4,4,5,10,5,5,4,4,5,5,5,5,5,5,5,5,5,5,5,5,5,5,5,4,10,5
1781188526.384517,281,70503705,941,2074,2048,2071,2019,1369,1106,912,1172,1402,2083,2096,2104,1976,1295,1035,1332,2018,2081,2087,2096,2096,2049,1593,1362,2103,2087,2089,1063,1162,655,753,1366,2050,2104,2074,811,674,660,614,1380,2026,2104,881,645,678,584,613,1338,2036,2108,720,661,609,598,467,1294,1885,2054,2020,1979,631,433,519,5,5,5,5,5,5,5,5,5,5,5,5,5,5,5,5,5,5,5,5,5,4,4,4,5,5,5,4,4,4,5,5,5,5,5,4,4,5,5,5,5,5,5,4,5,5,4,5,5,5,5,5,5,5,4,5,5,5,5,5,5,5,5,5
1781188526.486284,282,70603701,919,2088,2080,2064,1987,1350,1122,911,1198,1366,2059,2089,2086,2020,1312,1040,1362,1986,2092,2106,2091,2082,2001,1703,1336,2069,2089,2089,1174,2118,2082,1802,1339,2080,2102,2116,1041,969,1362,707,1334,2041,2096,2087,1389,924,669,688,1365,2056,2110,2090,1306,683,661,613,1298,1926,1996,2051,693,696,606,599,255,5,5,5,5,5,5,5,5,5,5,5,5,5,5,5,5,5,5,5,5,5,5,5,5,5,5,5,255,4,4,4,5,5,5,5,5,4,5,5,5,5,5,5,4,4,5,5,5,5,5,4,5,5,5,5,5,5,5,5,5,5,5,5
1781188526.588966,283,70706026,928,2084,2076,2077,2000,1361,1103,907,1166,1396,2099,2115,2113,1974,1302,1040,1324,2028,2067,2098,2106,2098,2059,1645,1318,2053,2095,2085,2109,2116,2029,1905,1350,2099,2076,2079,2131,1098,1057,1951,1333,2087,2123,2110,1028,1058,849,863,1346,2074,2147,2112,1096,882,805,680,1319,1880,1998,2013,830,881,649,661,5,5,5,5,5,5,5,5,5,9,5,5,5,5,5,5,5,5,5,5,5,5,5,5,9,5,5,5,4,5,5,5,5,5,5,5,4,5,4,4,5,5,5,5,4,5,5,5,5,9,5,5,4,5,5,5,5,5,9,5,5,5,5,5
1781188526.687021,284,70803701,929,2049,2051,2077,2004,1339,1107,921,1174,1386,2055,2089,2083,2075,1269,1035,1341,2075,2076,2088,2075,2102,1938,1724,1336,2051,2086,2098,2107,2141,2069,1905,1393,2060,2101,2100,2104,2162,2045,880,1341,2030,2107,2121,2103,2076,1012,988,1345,2058,2110,2118,2059,1028,980,786,1277,2041,1999,2025,1123,1016,772,741,5,5,5,5,5,9,5,5,5,9,5,5,5,5,5,5,9,5,5,5,5,5,5,5,5,9,5,5,5,5,5,255,9,5,5,5,5,5,5,255,9,5,5,5,5,5,4,5,5,5,5,5,5,5,5,5,5,5,5,5,4,5,5,5
1781188526.788287,285,70903701,933,2111,2066,2051,2016,1377,1104,896,1174,1386,2055,2081,2087,1848,1314,1020,1309,1984,2079,2084,2131,2105,2034,1693,1360,2044,2085,2086,2104,2100,2073,1765,1387,2091,2109,2096,2115,2104,2030,1894,1392,2049,2102,2109,2109,2065,1063,1075,1349,2088,2086,2109,2068,2044,1023,919,1325,1847,2066,2049,1971,1982,943,905,5,5,5,5,5,5,5,5,9,255,5,5,5,4,5,5,5,5,5,5,5,5,5,5,5,5,5,5,5,5,5,10,5,5,5,5,5,5,5,10,9,5,5,5,5,5,5,5,5,5,5,5,5,5,5,5,5,5,5,5,5,5,5,5
1781188526.880171,286,70996471,947,2072,2067,2063,1969,1378,1099,903,1166,2047,2068,2085,2107,1748,1292,1036,1347,2074,2070,2096,2093,2086,1967,1664,1327,2082,2103,2094,2125,2115,2073,1872,1329,2070,2111,2096,2114,2133,2020,1940,1385,2060,2101,2147,2100,2080,1915,1296,1349,2056,2105,2125,2081,1965,1796,1009,1310,1875,2030,2055,1984,1960,1009,993,5,5,5,5,5,5,5,5,5,5,5,5,5,5,5,5,9,5,5,5,5,5,5,5,9,5,5,5,5,5,5,5,9,5,5,5,5,5,5,255,9,5,5,5,5,5,5,4,5,5,5,5,5,5,5,5,5,5,5,5,5,5,5,5
1781188526.978023,287,71093701,926,2065,2106,2067,2037,1366,1098,913,1166,2028,2086,2072,2083,2022,1291,1038,1325,2013,2075,2089,2118,2129,2055,1685,1349,2041,2095,2088,2101,2099,2027,1897,1355,2046,2091,2099,2080,2107,2021,1965,1370,2055,2115,2112,2113,2065,1915,1945,1349,2080,2107,2098,2064,1979,1969,1119,1351,1846,2007,2053,2058,1910,1009,1061,5,5,5,5,5,9,5,5,5,5,5,5,5,5,9,5,9,9,5,5,5,5,5,5,5,5,5,5,5,5,5,5,5,5,5,5,5,5,5,5,5,5,5,5,5,5,255,4,5,5,5,5,5,5,4,5,9,5,9,5,255,5,255,5
1781188527.078162,288,71193998,935,2106,2089,2080,1952,1369,1110,920,1176,2068,2062,2105,2080,2039,1327,1044,1334,2053,2100,2096,2116,2106,2043,1608,1365,2066,2090,2088,2120,2105,2075,1917,1325,2053,2100,2100,2118,2132,2010,1979,1353,2056,2086,2092,2110,2053,1962,1952,1340,2048,2101,2091,2065,1986,1983,1251,1308,1799,1949,2012,1988,1910,1977,1061,5,5,5,5,5,5,5,5,5,5,5,5,5,5,5,5,5,5,5,5,5,5,5,5,9,5,5,5,5,5,5,5,5,5,5,5,5,5,5,255,5,5,5,5,5,5,10,5,5,5,5,5,5,5,255,5,5,5,5,5,5,255,10,255
1781188527.182653,289,71296838,943,2055,2072,2062,1692,1346,1113,901,1165,1413,2082,2093,2049,2064,1322,1039,1342,2016,2085,2065,2101,2076,2013,1660,1326,2047,2099,2094,2090,2127,2061,1856,1339,2090,2079,2088,2133,2060,2006,1965,1378,2063,2095,2111,2118,2046,1920,1925,1380,2057,2106,2095,2081,1930,1939,1366,1328,1867,2009,2044,1968,1960,1945,1061,5,5,5,5,9,9,5,5,5,9,5,5,5,5,5,5,5,5,5,5,5,5,5,5,9,5,5,5,5,5,9,5,5,5,5,5,5,5,5,5,9,5,5,5,5,5,5,5,9,5,5,5,5,5,5,5,5,5,5,5,5,10,5,255
1781188527.277560,290,71393702,931,2068,2054,2058,1660,1333,1113,919,1176,1453,2070,2103,2089,1998,1314,1018,1320,2030,2073,2076,2097,2127,2029,1654,1323,2060,2089,2093,2090,2104,2066,1871,1374,2036,2097,2123,2102,2061,1995,1868,1379,2086,2095,2094,2090,2058,1920,1904,1330,2035,2082,2107,2053,1955,1899,1546,1304,1869,2017,2053,1962,1951,1945,1061,5,255,5,5,5,5,5,5,5,255,5,5,5,5,9,5,9,5,5,5,5,5,5,5,5,5,5,5,5,5,5,5,5,5,5,5,5,5,5,5,5,5,5,5,5,5,255,5,5,5,5,5,5,5,5,255,5,5,5,5,5,5,255,255
1781188527.378291,291,71493745,933,2072,2057,2077,1667,1366,1101,900,1159,1408,2057,2087,2113,2030,1318,1033,1331,2025,2082,2090,2087,2111,2089,1668,1332,2032,2088,2089,2089,2096,2062,1916,1327,2038,2081,2099,2107,2091,2019,1924,1353,2039,2089,2109,2103,2046,1920,1918,1325,2073,2092,2084,2058,1955,1944,1944,1295,1746,2016,2081,1988,1950,1945,2027,5,5,5,5,9,5,5,5,5,5,5,5,5,5,5,9,9,5,5,5,5,5,5,5,5,5,5,5,5,5,5,5,9,5,5,5,5,5,5,5,5,5,5,5,5,5,255,5,5,5,5,5,5,5,5,5,5,5,9,5,5,5,255,10
1781188527.478829,292,71595527,915,2070,2084,2053,2008,1355,1089,903,1186,1391,2089,2087,2087,2025,1306,1017,1332,1998,2073,2090,2110,2093,2035,1662,1343,2032,2100,2099,2109,2103,2069,1783,1355,2048,2107,2102,2110,2110,2000,1944,1375,2080,2089,2113,2110,2069,1935,1942,1309,2043,2103,2113,2055,1979,1978,1954,1305,1871,2045,2052,1973,1966,1945,2027,5,5,5,5,5,9,5,5,5,9,5,5,5,5,5,5,5,9,5,5,5,5,5,5,5,5,5,5,5,5,5,5,5,5,5,5,5,5,5,5,5,5,5,5,5,5,10,5,5,9,5,5,5,5,5,5,5,5,9,5,255,5,255,255
1781188527.578493,293,71694014,921,2077,2085,2070,1982,1318,1108,905,1185,1404,2070,2087,2083,2004,1291,1028,1324,1935,2065,2072,2128,2103,2006,1631,1336,2069,2092,2088,2082,2085,2058,1868,1371,2069,2119,2098,2116,2088,2065,1961,1386,2037,2112,2086,2119,2059,1963,1927,1347,2048,2101,2109,2098,1985,1967,1956,1308,1882,2017,2046,1975,1972,1945,2027,5,5,5,5,5,5,5,5,5,9,5,5,5,5,9,5,9,5,5,5,5,5,9,5,9,5,5,5,5,5,5,5,5,5,5,5,5,5,5,5,5,5,5,5,5,5,5,5,5,5,5,5,5,5,5,5,5,5,9,5,5,5,255,255
1781188527.677939,294,71793701,931,2070,2075,2068,1967,1333,1104,909,1175,1438,2087,2097,2104,2010,1316,1032,1330,2004,2086,2091,2131,2101,1996,1600,1341,2055,2105,2098,2094,2090,2088,1875,1346,2067,2082,2111,2117,2123,2012,1934,1347,2046,2084,2094,2104,2032,1961,1948,1319,2053,2113,2112,2105,1956,1933,1954,1332,1953,2015,2048,1990,1973,1945,2027,5,5,5,5,5,5,5,5,5,5,5,5,5,5,9,5,5,5,5,5,5,5,5,5,9,5,5,5,5,5,5,5,5,5,5,5,5,5,5,5,5,5,5,5,5,5,5,5,5,5,5,5,5,5,5,5,9,5,5,5,5,5,255,255
1781188527.777929,295,71893701,925,2062,2063,2065,2069,1308,1109,912,1157,2024,2053,2091,2079,2026,1285,1029,1361,2046,2087,2061,2104,2093,2033,1652,1318,2080,2101,2092,2109,2105,2062,1902,1390,2050,2131,2094,2100,2101,2030,1918,1390,2048,2097,2111,2099,2094,1957,1931,1338,2056,2091,2092,2085,1959,1949,1988,1309,1958,1985,2037,1974,1978,1948,2027,5,5,5,5,5,5,5,5,5,5,5,5,5,5,5,5,5,5,5,5,5,5,5,5,5,5,5,5,5,5,5,5,5,5,5,5,5,5,5,5,5,5,5,5,5,5,5,5,5,5,5,5,5,5,5,5,5,9,5,5,5,5,10,255
1781188527.878320,296,71993784,930,2085,2081,2069,1626,1303,1106,911,1159,1393,2089,2088,2064,2023,1303,1043,1306,1979,2100,2084,2137,2104,2119,1638,1325,2085,2090,2090,2099,2096,2071,1915,1346,2039,2072,2086,2110,2139,2027,1943,1394,2040,2103,2072,2118,2073,1926,1941,1326,2050,2130,2111,2077,1950,1948,1956,1304,1899,2018,2052,1951,1970,1953,2027,5,5,5,5,5,5,5,5,5,9,5,5,5,9,9,5,5,5,5,5,5,5,5,5,5,5,5,5,5,5,5,5,5,5,5,5,5,5,5,5,5,5,5,5,5,5,5,5,5,5,5,5,5,5,5,5,5,9,9,5,5,5,5,255
1781188527.976604,297,72093701,941,2092,2111,2078,1654,1332,1111,903,1191,1395,2067,2073,2079,2067,1296,1036,1327,1981,2075,2084,2126,2112,2026,1637,1328,2094,2101,2102,2091,2117,2052,1951,1376,2079,2084,2105,2124,2122,2019,1903,1336,2085,2122,2119,2103,2067,1999,1927,1345,2059,2076,2082,2078,2023,1958,1995,1348,1898,2004,2034,1985,1940,1953,2027,5,5,5,5,5,5,5,5,5,9,5,5,5,5,9,5,5,9,5,5,5,5,5,5,5,5,5,5,5,5,5,5,5,5,5,5,5,5,5,5,5,5,5,5,5,5,5,5,5,5,5,5,5,5,5,5,5,5,9,5,5,255,255,255
1781188528.076169,298,72193913,931,2081,2061,2061,1971,1355,1097,910,1178,1422,2027,2094,2104,2002,1283,1035,1343,1970,2066,2092,2117,2073,2045,1644,1368,2059,2092,2100,2074,2093,2088,1866,1375,2039,2092,2075,2107,2087,2028,1923,1383,2071,2110,2140,2124,2041,1912,1959,1335,2026,2096,2091,2093,1981,1960,1966,1332,1858,2027,2048,1953,1992,1953,2027,5,5,5,5,5,5,5,5,9,5,5,5,5,5,5,5,9,5,5,5,5,5,5,5,5,5,5,5,5,5,5,5,9,5,5,5,5,5,5,5,9,5,5,5,5,5,5,255,5,5,5,5,5,5,5,5,5,5,5,5,5,5,255,255
1781188528.178022,299,72293788,931,2061,2072,2080,1992,1362,1108,908,1177,2099,2091,2086,2083,2039,1308,1024,1310,2000,2075,2087,2129,2087,2059,1647,1355,2043,2103,2094,2097,2130,2060,1945,1323,2025,2107,2090,2116,2110,2068,1935,1365,2044,2109,2129,2073,2051,1893,1934,1335,2081,2124,2111,2072,1997,1933,1964,1277,1858,2074,2048,1981,1952,1995,2027,5,5,5,5,5,5,5,5,9,5,5,5,5,5,5,5,5,5,5,5,5,5,5,5,5,5,5,5,5,5,5,5,5,5,5,5,5,5,5,5,5,5,5,5,5,5,5,5,5,5,5,5,5,5,5,5,5,255,5,5,5,5,10,255
1781188528.276661,300,72393701,938,2057,2076,2066,1637,1378,1103,906,1141,1396,2094,2081,2054,2025,1296,1021,1310,2074,2086,2090,2109,2099,2021,1627,1316,2039,2094,2097,2097,2094,2047,1847,1377,2113,2092,2095,2112,2105,2025,1935,1360,2038,2118,2144,2118,2065,1981,1967,1341,2064,2104,2090,2057,1957,1969,1942,1298,1981,2039,2027,1960,1911,2001,1959,5,5,5,5,9,9,5,5,5,5,5,5,5,5,9,5,5,5,5,5,5,5,5,5,5,5,5,5,5,5,5,5,5,5,5,5,5,5,5,255,5,5,5,5,5,5,5,5,5,5,5,5,5,5,5,5,5,10,5,5,5,5,5,10
1781188528.365186,301,72484076,921,2046,2072,2077,1650,1342,1097,905,1147,2027,2066,2091,2091,2073,1254,1017,1287,1949,2090,2090,2065,2099,2040,1713,1374,2087,2101,2097,2093,2124,2015,1845,1342,2107,2071,2101,2097,2111,2016,1953,1368,2075,2112,2098,2115,2060,1952,1926,1350,2046,2114,2113,2095,1957,1965,1960,1316,1867,1993,2047,1966,1945,2001,1959,5,5,5,5,9,5,9,5,5,5,5,5,5,5,5,5,5,9,5,5,5,5,5,5,9,5,5,5,5,5,5,9,9,5,5,5,5,5,5,10,5,5,5,5,5,5,5,5,9,5,5,5,5,5,5,5,5,5,9,5,5,5,255,255
1781188528.464944,302,72583792,929,2101,2114,2068,1637,1337,1111,904,1171,1383,2022,2077,2105,1966,1275,1049,1319,1937,2109,2085,2083,2077,2029,1669,1362,2072,2084,2088,2092,2115,2067,1873,1393,2061,2077,2109,2093,2089,2027,1953,1353,2034,2104,2115,2113,2061,1972,1944,1379,2044,2111,2139,2058,1966,1944,1955,1284,1813,2081,2027,1966,1988,2001,1980,5,5,5,5,5,5,5,5,5,9,5,5,5,5,5,5,5,5,5,5,5,5,9,5,9,5,5,5,5,5,5,5,5,5,5,5,5,5,5,255,5,5,5,5,5,5,5,5,5,5,5,5,5,5,5,5,5,5,5,5,5,5,255,10
1781188528.568790,303,72683725,918,2078,2078,2064,1936,1333,1107,921,1174,2080,2059,2091,2079,1679,1306,1035,1324,1999,2097,2090,2104,2105,2039,1714,1364,2056,2102,2085,2103,2099,2080,1910,1367,2016,2068,2086,2127,2104,2042,1928,1401,2054,2100,2078,2108,2055,1953,1951,1382,2090,2096,2115,2048,1988,1963,1963,1301,1981,2061,2047,1987,1944,2001,1980,5,5,5,5,5,5,5,5,5,5,5,5,5,4,9,5,5,5,5,5,5,5,5,5,5,5,5,5,5,5,5,5,5,5,5,5,5,5,5,10,5,5,5,5,5,5,5,5,5,5,5,5,5,5,5,5,5,5,5,5,5,5,255,255
1781188528.666569,304,72783701,927,2086,2035,2054,1719,1354,1095,907,1170,1402,2078,2097,2084,1752,1308,1020,1331,2049,2093,2119,2092,2116,2031,1672,1339,2063,2103,2096,2096,2121,2014,1873,1317,2056,2111,2106,2106,2104,2041,1908,1352,2047,2107,2088,2103,2085,1985,1955,1358,2075,2091,2094,2073,1992,1938,1974,1301,1890,2012,2014,1983,1972,2001,1980,5,5,5,5,5,5,5,5,5,9,5,5,5,5,5,5,9,5,5,5,5,5,5,5,5,5,5,5,5,5,5,5,5,5,5,5,5,255,5,5,5,5,5,5,5,5,5,5,5,5,5,5,5,5,5,5,5,5,5,5,5,5,255,255
1781188528.768911,305,72884338,925,2055,2090,2054,2065,1346,1098,906,1166,1399,2080,2069,2118,1883,1298,1019,1312,2045,2076,2098,2102,2097,2028,1636,1341,2066,2086,2101,2086,2114,2051,1863,1342,2060,2078,2083,2078,2115,2034,1950,1377,2005,2095,2089,2118,2087,1955,1952,1347,2064,2084,2102,2071,1955,1959,1929,1310,1854,2046,2037,1962,1955,2001,1980,5,5,5,5,5,5,5,5,5,9,5,5,5,5,5,5,5,5,5,5,5,5,5,5,5,5,5,5,5,5,5,5,5,5,5,5,5,10,5,5,5,5,5,5,5,5,5,5,9,5,5,5,5,5,5,5,5,5,5,5,5,5,255,255
1781188528.866736,306,72983709,942,2059,2077,2070,1784,1324,1095,909,1190,1446,2083,2079,2086,1883,1323,1041,1354,2049,2069,2087,2108,2110,1996,1706,1415,2077,2103,2091,2092,2092,2038,1923,1348,2069,2093,2082,2092,2129,2036,1909,1375,2057,2118,2089,2103,2064,1952,1947,1338,2049,2113,2097,2093,1961,1938,1981,1293,1866,2068,2046,1994,1975,2001,1980,5,5,5,5,9,5,5,5,5,5,5,5,5,255,9,5,5,5,5,5,5,5,5,5,4,5,5,5,5,5,5,5,5,5,5,5,5,5,5,5,5,5,5,255,5,5,5,5,5,5,5,5,5,5,5,5,5,5,5,5,5,5,255,255
1781188532.057187,307,76173784,939,2058,2074,2066,2081,1328,1116,905,1170,2011,2088,2086,2054,1981,1312,1038,1338,2036,2097,2087,2102,2102,2058,1612,1341,2073,2082,2094,2080,2128,2064,1885,1354,2076,2102,2090,908,969,1074,1044,1340,2072,2125,2114,956,948,1093,734,1336,2052,2113,2112,2069,945,773,721,1298,1835,2006,2047,1980,666,767,587,6,6,6,6,6,6,6,6,6,6,6,6,6,6,6,6,6,6,6,6,6,6,6,6,6,6,6,6,6,6,6,6,6,6,6,6,6,6,6,6,6,6,6,6,6,6,6,6,6,6,6,6,6,6,6,6,6,6,6,6,6,6,6,6
1781188532.156183,308,76273784,930,2085,2071,2073,2067,1372,1108,918,1220,1431,2081,2082,2112,896,1293,991,1345,2054,2111,2083,2106,2131,2050,1638,1373,2023,2081,2090,2095,2110,2053,812,1345,2074,2113,2104,821,950,841,757,1337,2078,2095,2111,810,679,771,461,1360,2037,2102,2100,700,668,624,586,1323,1835,2001,2082,714,631,611,412,5,5,5,5,5,5,5,5,5,255,5,5,5,4,5,5,5,5,5,5,5,5,5,5,5,5,5,5,5,5,5,4,5,5,5,5,5,9,4,4,5,5,5,5,5,4,4,4,5,5,5,5,5,4,5,4,5,255,5,5,255,5,5,5
1781188532.260794,309,76373701,940,2065,2070,2069,2059,1282,1110,916,1165,2034,2089,2080,2088,1632,1337,1035,1334,2027,2088,2105,818,2087,1871,1642,1333,2032,2094,2094,822,718,1044,423,1329,2037,2142,2102,695,703,620,439,1362,2042,2071,2119,699,633,646,380,1352,2035,2120,2121,654,640,595,386,1311,1970,2019,2039,1958,1964,588,412,5,5,5,5,5,5,5,5,5,5,5,5,5,4,5,5,5,5,5,5,5,5,5,5,5,5,5,5,5,5,5,4,5,5,5,5,5,4,4,4,5,5,5,5,5,5,5,5,5,5,5,5,5,5,5,4,5,10,5,5,5,5,5,255
1781188532.354560,310,76473768,942,2057,2069,2069,2074,1347,1099,918,1148,1378,2068,814,878,423,1315,360,1341,2029,2068,749,716,1132,403,403,1383,2078,2088,2109,698,598,437,339,1343,2072,2109,650,621,618,413,357,1346,2080,2101,2065,635,603,545,355,1313,2035,2126,2130,2105,1948,1930,1983,1294,1820,2016,2090,1972,2005,588,412,5,5,5,5,5,5,5,5,5,5,5,5,5,4,5,4,5,5,5,5,5,4,4,4,5,5,5,5,5,5,4,5,5,5,5,5,5,5,4,5,5,5,5,5,5,5,5,5,5,5,5,5,5,4,4,4,5,5,5,5,5,5,255,255
1781188532.456827,311,76573792,921,2078,2106,2070,1560,1333,346,872,1156,1375,2079,667,946,355,370,336,1328,1983,659,641,592,417,338,329,1309,2033,2103,2150,611,469,357,352,1394,2061,2102,625,625,588,363,349,1353,2077,2114,2067,632,2001,1997,1954,1351,2071,2125,2118,2065,1992,1927,1950,1298,1827,2063,2041,1964,1965,1986,412,5,5,5,5,5,5,4,5,5,9,5,5,5,5,4,5,5,5,5,5,5,4,5,5,5,5,5,5,5,5,5,5,5,5,5,5,5,5,255,5,5,5,5,5,5,5,4,4,9,5,5,5,5,5,5,5,5,5,5,5,5,5,10,255
1781188532.556718,312,76673733,930,2067,2059,908,373,348,351,360,1177,1328,2054,625,453,384,342,984,1319,1987,669,637,631,378,450,364,1359,2088,2094,2087,626,678,385,1859,1356,2037,2054,2127,2132,2112,2067,349,1356,2079,2097,2099,2099,2055,1942,1963,1314,2072,2114,2096,2079,2003,1945,1951,1316,1963,2019,2053,1992,1967,2002,412,5,5,5,5,4,5,5,5,5,5,5,5,4,5,5,4,5,5,5,5,5,5,5,5,9,5,5,5,5,5,5,4,5,5,5,5,5,4,4,255,5,5,5,5,5,5,5,5,5,5,5,5,5,5,5,5,5,5,9,5,5,5,5,255
1781188532.657148,313,76773701,924,2092,653,430,407,386,1102,908,1180,1334,664,644,472,649,659,1025,1329,2039,708,686,682,660,706,746,1351,2055,2093,2089,2090,2116,699,1841,1358,2037,2143,2094,2103,2156,2028,1965,1352,2051,2104,2088,2086,2047,1904,1934,1362,2058,2105,2108,2062,1957,1938,1960,1299,1874,1995,2058,1987,1962,2002,412,5,5,5,4,5,5,4,4,5,5,5,5,5,4,4,5,5,5,255,5,5,4,4,4,9,5,5,5,4,5,4,5,5,5,5,5,5,5,5,10,9,5,5,5,5,5,5,5,9,5,5,5,5,5,5,5,5,5,9,5,5,5,255,255
1781188532.756987,314,76873780,918,667,633,614,628,645,699,911,1189,1315,675,725,652,726,716,1023,1306,2010,2102,2082,2068,2108,2025,1647,1347,2050,2098,2077,2074,2108,2066,1905,1339,2051,2093,2076,2101,2150,2041,1930,1393,2000,2126,2113,2092,2030,1952,1934,1351,2044,2121,2117,2072,1993,1931,1956,1310,1902,2028,2012,1934,1964,2002,2044,9,4,5,5,4,4,5,9,5,5,5,5,5,5,5,5,5,5,5,5,4,5,5,4,5,5,5,5,5,5,5,5,5,5,5,5,5,5,5,5,5,5,5,5,5,5,5,5,5,5,5,5,5,5,5,5,5,5,9,5,5,5,255,10
1781188532.846920,315,76963701,942,700,717,695,710,706,1121,913,1164,1311,1076,1078,758,1983,1291,1026,1331,1959,2086,2066,2081,2093,2011,1652,1332,2054,2088,2090,2080,2125,2073,1896,1322,2037,2109,2073,2111,2078,2033,1935,1354,2041,2105,2123,2105,2038,1955,1936,1362,2046,2116,2093,2087,1986,1983,1940,1316,1830,2091,2054,2004,1997,1960,2044,5,5,5,5,5,5,5,5,5,5,4,5,5,4,4,5,9,5,5,5,5,5,5,5,5,5,5,5,5,5,5,255,5,5,5,5,5,5,5,5,5,5,5,5,5,5,5,5,9,5,5,5,5,5,5,255,5,5,5,5,5,5,10,255
1781188532.946688,316,77063701,943,825,1001,907,984,1394,1132,918,1188,1367,1138,2088,2101,2008,1309,1034,1344,1985,2079,2105,2128,2105,2029,1629,1353,2008,2079,2092,2098,2103,2075,1831,1376,2023,2101,2105,2106,2122,2004,1936,1378,2073,2114,2119,2126,2078,1911,1930,1323,2074,2095,2120,2086,1965,1936,1989,1327,1828,2048,2060,1977,1941,1934,2044,5,5,4,4,4,4,5,5,5,5,5,5,5,5,5,5,5,5,9,5,5,5,5,5,5,5,5,5,5,5,5,5,5,5,5,5,5,5,5,5,5,5,5,5,5,5,5,5,5,5,5,5,5,5,5,5,5,9,9,5,5,5,5,255
1781188533.048119,317,77164752,937,1120,1165,1096,1914,1419,1116,918,1180,1372,2080,2081,2110,2048,1298,1028,1320,1984,2083,2106,2077,2075,2090,1694,1335,2048,2097,2094,2090,2093,2041,1812,1369,1992,2093,2073,2106,2105,2012,1817,1381,2057,2098,2099,2139,2110,1986,1947,1328,2062,2105,2103,2063,1967,1955,1961,1332,1913,2020,2059,1989,1943,1952,1998,5,5,5,5,5,5,5,5,9,9,4,5,5,5,9,5,5,5,5,5,5,5,5,5,9,5,5,5,5,5,9,5,5,5,5,5,5,5,5,9,9,5,5,5,5,5,5,5,5,5,5,5,5,5,5,5,5,5,9,5,5,5,5,10
1781188533.146855,318,77263701,939,1273,1385,2067,2010,1500,1132,906,1189,1382,2080,2088,2082,1922,1304,1015,1327,1994,2078,2111,2103,2099,2066,1673,1363,2066,2093,2097,2097,2113,2068,1910,1331,2055,2086,2114,2092,2119,2007,1879,1382,2051,2102,2121,2116,2098,1959,1965,1320,2049,2120,2106,2101,1968,1949,1974,1317,1915,2016,2079,1991,1968,1974,2066,5,9,4,5,9,5,5,5,9,255,255,5,5,5,5,5,5,5,5,5,5,5,5,5,9,5,5,5,5,5,5,5,5,5,5,5,5,5,5,5,5,5,5,5,5,5,5,5,5,5,5,5,5,5,5,5,5,5,9,5,5,5,5,9
1781188533.247577,319,77363701,933,2089,1578,2081,2023,1456,1142,905,1146,1364,2035,2085,2095,1875,1295,1037,1316,2017,2087,2100,2120,2108,1982,1694,1347,2055,2090,2086,2088,2126,2044,1838,1391,2044,2114,2090,2094,2108,2038,1950,1382,2032,2103,2094,2122,2067,1929,1954,1362,2045,2083,2111,2064,1965,1930,1964,1309,1902,2019,2049,1937,1959,2030,2066,5,5,4,5,5,5,5,5,5,255,10,5,5,5,5,5,9,5,5,5,5,5,5,5,5,5,5,5,5,5,5,5,5,5,5,5,5,5,5,5,5,5,5,5,5,5,5,5,5,5,5,5,5,5,5,5,5,5,5,5,5,5,5,255
1781188533.352730,320,77468684,915,2066,2038,2088,2046,1448,1137,910,1177,1451,2035,2096,2083,1961,1297,1001,1337,1995,2085,2079,2135,2101,1984,1647,1377,2068,2075,2092,2092,2097,2055,1837,1355,2023,2102,2096,2118,2142,2061,1962,1321,2093,2097,2116,2114,2091,1951,1989,1364,2056,2122,2108,2097,1958,1938,1961,1308,1811,2053,2059,1999,1949,1934,2066,5,5,5,5,5,5,5,5,5,4,5,5,5,5,5,5,5,9,5,5,5,5,5,5,5,5,5,5,5,5,9,5,5,5,5,5,5,5,5,5,5,5,5,5,5,5,5,5,5,5,5,5,5,5,5,5,5,5,5,5,5,5,5,255
1781188533.447685,321,77563701,923,2081,2045,2077,2076,1434,1146,911,1178,1433,2067,2089,2049,2069,1309,1023,1324,2028,2102,2090,2097,2109,1948,1648,1314,2024,2110,2090,2108,2129,2057,1918,1390,2058,2106,2085,2108,2083,2038,1931,1379,2065,2098,2109,2113,2037,1966,1942,1323,2043,2121,2109,2087,1929,1951,2001,1330,1781,2026,2061,1989,1977,1934,2066,5,5,5,5,5,5,5,5,5,9,5,5,5,5,9,5,5,5,5,5,5,5,5,5,5,5,5,5,5,5,5,5,5,5,5,5,5,5,5,5,5,5,5,5,5,5,5,5,9,5,5,5,5,5,5,5,5,5,5,5,5,5,255,255
1781188533.547851,322,77663752,928,2108,2086,2080,2072,1448,1131,918,1179,1462,2105,2094,2104,2077,1334,1023,1323,2043,2074,2111,2070,2109,2060,1667,1324,2016,2079,2091,2122,2117,2058,1914,1331,2056,2099,2101,2133,2138,2027,1927,1383,2065,2090,2192,2142,2039,1944,1977,1322,2081,2103,2100,2096,1980,1957,1944,1285,1933,2023,2052,1989,1970,1934,2066,5,5,5,5,5,5,5,5,5,5,5,5,5,5,5,5,5,5,5,5,5,5,5,5,5,5,5,5,5,5,5,5,9,5,5,5,5,5,5,5,5,255,5,5,5,5,5,5,5,5,5,5,5,5,5,5,5,5,9,5,5,255,255,255
1781188533.647464,323,77766257,937,2073,2088,2083,2085,1454,1130,911,1130,1468,2080,2101,2083,2062,1323,1033,1319,2061,2075,2092,2090,2099,2030,1625,1373,2076,2111,2089,2101,2113,2044,1906,1388,2046,2102,2102,2080,2126,2011,1915,1352,2094,2097,2123,2093,2012,1929,1951,1358,2052,2086,2098,2075,1946,1937,1962,1303,1890,2025,2030,1960,1943,1934,1996,5,5,5,5,5,5,5,5,5,4,5,5,5,5,9,5,9,5,5,5,5,5,5,5,9,5,5,5,5,5,5,5,9,5,5,5,5,5,5,5,5,10,5,5,5,5,5,5,5,5,5,5,5,5,5,5,5,5,5,5,5,5,255,10
1781188533.747402,324,77863701,920,2058,2090,2087,2080,1531,1145,921,1193,1409,2087,2079,2087,2074,1302,1028,1317,2023,2067,2102,2104,2100,2024,1632,1318,2062,2092,2095,2100,2127,2062,1618,1367,2069,2077,2099,2094,2126,2052,1954,1341,2042,2093,2107,2092,2059,1929,1968,1338,2095,2131,2112,2104,1989,1946,1955,1323,1897,2027,2032,2007,1969,1934,1996,5,5,5,5,5,5,5,5,9,5,5,5,5,5,5,5,9,5,5,5,5,5,5,5,5,5,5,5,5,5,5,5,5,5,5,5,5,5,5,5,5,5,5,5,5,5,255,5,5,5,5,5,5,5,5,5,5,5,5,5,5,5,255,255
1781188533.848170,325,77963701,927,2060,2049,2086,2077,1433,1163,910,1185,1362,2076,2060,2063,2074,1311,992,1329,1972,2079,2089,2132,2059,2045,1631,1349,2041,2091,2090,2102,2115,2074,1636,1379,2049,2128,2086,2136,2088,2035,1843,1388,2083,2099,2130,2095,2066,1967,1975,1356,2064,2106,2106,2051,2013,1952,1975,1308,1873,2130,2051,1990,1947,1934,1996,5,5,5,5,5,255,5,5,5,255,5,5,5,255,9,5,9,9,5,5,5,5,5,5,5,5,5,5,5,5,5,5,5,5,5,5,5,5,5,5,9,5,5,5,5,5,10,5,5,5,5,5,5,5,5,5,5,5,5,5,5,5,255,255
1781188533.948924,326,78065829,939,2069,2065,2077,2091,1536,1152,910,1179,1378,2051,2077,2087,2052,1339,1024,1332,2033,2080,2100,2125,2076,1988,1620,1375,2048,2095,2092,2117,2112,2061,1560,1351,2072,2101,2097,2133,2107,2050,1922,1372,2091,2103,2113,2116,2073,1986,1941,1340,2087,2114,2097,2097,1957,1971,1949,1316,1919,2016,2032,1959,1999,2043,1996,5,5,5,5,5,9,5,5,9,9,5,5,5,10,5,5,5,5,5,5,5,5,5,5,5,5,5,5,5,5,5,5,9,5,5,5,5,5,5,5,5,5,5,5,5,5,5,5,5,5,5,5,5,5,5,5,5,5,5,5,5,5,10,255
1781188534.048843,327,78163794,931,2074,2090,2079,2085,1544,1183,920,1192,1360,2058,2080,2100,2027,1306,1038,1360,2039,2096,2103,2088,2103,1967,1560,1367,2050,2089,2085,2098,2112,2087,1507,1352,2072,2090,2101,2125,2154,2017,1922,1430,2074,2093,2109,2102,2040,1960,1937,1337,2073,2128,2111,2073,1948,1965,1965,1315,1817,1983,2061,1980,1932,2043,1968,5,5,5,5,5,9,5,5,5,255,5,5,5,5,9,5,5,5,5,5,5,5,5,5,5,5,5,5,5,5,5,5,5,5,5,5,5,5,5,255,5,5,5,5,5,5,5,5,5,5,5,5,5,5,5,5,5,5,5,5,5,255,255,10
1781188534.146403,328,78263701,933,2083,2078,2075,2094,1495,1170,907,1184,1335,2076,2084,2098,2025,1322,1013,1319,2033,2070,2077,2090,2120,1997,1571,1415,2055,2100,2092,2102,2137,2066,1515,1341,2077,2094,2076,2118,2115,2017,1922,1396,2027,2099,2105,2125,2049,1935,1962,1308,2072,2087,2103,2077,1969,1948,1992,1285,1817,2055,2049,1990,1991,2043,1968,5,5,5,5,5,5,5,5,5,5,5,5,5,5,9,5,5,5,5,5,5,5,5,5,4,5,5,5,5,5,5,5,5,5,5,5,5,5,5,255,5,5,5,5,5,5,5,5,5,5,5,5,5,5,5,5,5,255,5,5,5,5,255,255
1781188534.250036,329,78367017,934,2075,2101,2077,2079,1958,1160,922,1192,1415,2101,2087,2084,2060,1311,1027,1312,2002,2068,2072,2084,2090,1986,1566,1380,2039,2090,2089,2116,2091,2098,1476,1346,2070,2111,2080,2112,2086,2027,1966,1368,2080,2136,2109,2122,2075,1944,1935,1313,2040,2097,2107,2066,2012,1925,1943,1265,1890,2025,2064,1965,1946,2043,1968,5,5,5,5,5,5,5,5,5,5,5,5,5,5,5,5,9,5,5,5,5,5,9,5,5,5,5,5,5,5,5,5,5,5,5,5,5,5,5,10,5,5,5,5,5,5,5,5,5,5,5,5,5,5,5,5,5,10,5,5,5,5,255,255
1781188534.349396,330,78466169,928,2075,2091,2094,2085,1513,1180,905,1173,1419,2084,2097,2111,2088,1306,1011,1335,1962,2101,2088,2112,2076,2050,1598,1348,2064,2088,2096,2110,2100,2078,1506,1335,2064,2106,2091,2127,2089,2042,1966,1402,2047,2112,2096,2109,2075,1946,1954,1337,2042,2132,2106,2077,1969,1944,1974,1334,1896,2066,2071,1999,1946,1958,1968,5,5,5,5,5,5,5,5,5,5,5,5,5,5,9,5,5,9,5,5,5,5,5,5,5,5,5,5,5,5,5,5,5,5,5,5,5,5,5,255,5,5,5,5,5,5,5,5,5,5,5,5,5,255,5,5,5,5,5,5,5,255,10,255
1781188534.436290,331,78553701,933,2051,2081,2088,2070,1987,1172,921,1186,1394,2066,2082,2086,2088,1320,1033,1348,2023,2088,2081,2086,2105,2025,1634,1351,2048,2084,2092,2097,2122,2037,1498,1353,2081,2074,2095,2107,2106,1990,1897,1367,2090,2099,2110,2114,2059,1976,1955,1355,2060,2089,2111,2060,1964,1961,1989,1309,1928,2029,2042,2005,1999,1958,1968,5,5,5,5,5,5,5,5,9,5,5,5,5,255,9,5,5,5,5,5,5,5,5,5,5,9,5,5,5,5,9,5,5,5,5,5,5,5,5,255,5,5,5,5,5,5,5,5,5,5,5,5,5,5,5,5,5,5,5,5,5,5,255,255
1781188534.536445,332,78653701,926,2054,2087,2090,2072,1944,1165,909,1195,1375,2068,2075,2081,1692,1286,1033,1324,2017,2084,2105,2071,2105,2025,1596,1322,2035,2104,2098,2108,2129,2034,1498,1328,2085,2113,2104,2098,2103,2019,1897,1367,2047,2119,2128,2119,2073,1943,1914,1350,2048,2121,2115,2099,1938,1949,1955,1347,1991,2006,2031,1964,1961,1958,1968,5,5,5,5,5,5,5,5,5,9,5,5,5,10,5,5,5,5,5,5,5,5,5,5,5,5,5,5,5,5,9,5,5,5,5,5,5,5,5,255,5,5,5,5,5,5,5,255,5,5,5,5,5,5,5,5,5,5,9,5,5,5,255,255
1781188534.634870,333,78753789,929,2101,2083,2073,2078,1944,1190,910,1161,1365,2076,2068,2128,1977,1308,1013,1311,2041,2083,2107,2091,2135,2077,1594,1330,2076,2103,2089,2117,2146,2071,1469,1356,2077,2063,2072,2097,2084,2009,1916,1367,2069,2099,2119,2111,2028,1958,1926,1377,2085,2084,2093,2087,1989,1944,1962,1287,1948,2046,2044,1972,1971,1958,1968,5,5,5,5,5,255,5,5,5,255,5,5,5,5,5,5,5,5,5,5,5,5,5,5,5,5,5,5,5,5,5,5,9,5,5,5,5,5,5,10,5,5,5,5,5,5,5,5,5,5,5,5,5,5,5,5,5,5,9,5,5,5,255,255
1781188534.738212,334,78853701,917,2097,2049,2054,2087,2030,1174,908,1151,1329,2076,2073,2134,2036,1285,1047,1318,2030,2105,2077,2083,2095,2070,1613,1352,2053,2086,2097,2110,2128,2036,1514,1346,2039,2098,2105,2090,2092,2031,1984,1433,2059,2102,2099,2107,2091,1952,1974,1344,2059,2101,2102,2075,1950,1927,1915,1318,1914,2020,2010,1979,1955,1990,1968,5,5,5,5,5,10,9,5,5,255,5,5,5,5,5,5,9,5,5,5,5,5,5,5,9,5,5,5,5,5,5,5,5,5,5,5,5,5,5,5,5,5,5,5,5,5,5,255,5,5,5,5,5,5,5,5,5,5,5,9,5,5,10,255
1781188534.838226,335,78953701,925,2077,2045,2108,2099,1888,1167,895,1165,1409,2117,2086,2111,2044,1302,1029,1345,1902,2095,2107,2076,2113,2063,1562,1330,2036,2093,2094,2088,2118,2058,1499,1344,2068,2090,2097,2115,2099,1993,1891,1376,2053,2098,2134,2127,2066,1958,1950,1282,2050,2102,2109,2054,1972,1953,1970,1329,1893,1998,2037,1973,1980,1990,1968,5,5,5,5,5,5,5,5,5,9,5,5,5,5,5,5,9,5,5,5,5,5,5,5,9,5,5,5,5,5,5,5,5,5,5,5,5,5,5,5,5,5,5,5,5,5,5,5,9,5,5,5,5,5,5,5,5,5,5,5,5,5,255,255
1781188538.497262,336,82613772,917,2059,2098,636,610,469,640,906,1164,1361,682,629,381,586,381,646,1385,710,666,620,407,372,367,414,1370,2054,2090,647,427,380,2043,364,1362,2049,2119,2089,2139,427,390,1890,1352,2081,2095,2106,2104,413,1933,387,1326,2056,2108,2112,2087,1946,1933,1976,1323,1859,1986,2020,1968,1987,1933,1910,6,6,6,6,6,6,6,6,6,6,6,6,6,6,6,6,6,6,6,6,6,6,6,255,6,6,6,6,6,6,6,6,6,6,6,6,6,6,6,6,6,6,6,6,6,6,6,6,6,6,6,6,6,6,6,6,6,6,6,6,6,255,6,255
1781188538.595621,337,82713780,931,2074,2057,2080,2093,637,646,913,1174,1423,2077,2081,611,639,601,648,1290,2015,2102,634,616,580,580,585,1382,2032,670,647,593,583,375,490,1354,2040,677,650,617,457,391,360,1341,2026,2091,665,2113,520,383,368,1323,2037,2116,2109,2075,1942,396,391,1300,1914,2004,2046,2010,1945,1933,414,5,5,5,5,4,5,5,5,5,5,4,5,4,5,4,5,5,5,4,5,4,4,4,5,5,5,5,5,5,4,5,5,9,5,5,4,5,5,5,5,5,5,5,4,5,5,4,5,5,5,5,5,5,5,4,4,5,9,5,5,5,10,255,10
1781188538.696239,338,82813701,931,2086,2101,2061,2092,1481,1146,921,1168,2013,2070,2058,2129,2062,643,1031,1333,2058,2104,2082,1102,647,643,633,1369,2047,2095,1056,624,665,572,613,1394,2054,2100,673,647,599,576,469,1355,2038,2057,710,640,607,442,494,1372,2059,2086,2121,659,1930,482,389,1327,1873,2029,2028,1969,1943,441,438,5,5,5,5,5,5,5,5,5,5,5,5,4,4,5,5,5,5,5,4,4,5,5,5,9,5,5,255,5,4,5,5,9,5,5,5,5,5,5,5,5,5,5,5,5,5,5,5,5,5,5,5,5,5,5,5,5,9,5,5,5,5,255,5
1781188538.800614,339,82916792,926,2087,2092,2071,2073,1559,1159,908,1184,1443,2053,2087,2101,2032,1376,1037,1312,1992,2092,2073,2113,776,720,708,1381,2022,2085,2082,1125,1315,645,697,1362,2063,2079,2102,1318,677,655,611,1343,2019,2113,2119,667,679,596,614,1309,2034,2126,2110,708,642,611,528,1337,1929,2055,2036,2039,669,441,544,5,5,5,5,5,9,5,5,5,4,5,5,5,9,5,5,5,5,5,5,4,4,4,5,5,5,5,4,4,5,5,5,5,5,5,5,5,5,5,5,5,5,5,4,5,5,5,5,9,5,5,5,5,5,5,5,5,5,5,5,5,4,255,255
1781188538.897490,340,83013796,936,2061,2053,2071,2083,2020,1182,913,1196,1482,2081,2111,2056,2043,1351,1028,1302,2020,2071,2086,2116,2106,2067,1624,1332,2041,2105,2095,2122,2110,2076,933,1360,2070,2107,2108,982,897,808,689,1385,2044,2090,2108,2149,895,662,697,1365,2065,2103,2117,1003,702,667,618,1322,1929,1985,2050,740,748,636,623,5,5,5,5,5,5,5,5,5,5,5,5,5,5,5,5,5,5,5,5,5,5,5,4,9,5,5,5,4,4,4,4,5,5,5,5,4,4,4,5,5,5,5,5,4,4,5,5,5,5,5,5,4,5,5,5,5,255,9,5,255,5,10,5
1781188538.994562,341,83113701,939,2091,2087,2073,2072,1603,1190,907,1190,1368,2037,2090,2067,2152,1280,1030,1343,1970,2077,2087,2074,2093,1993,1627,1373,2056,2096,2098,2112,2121,2033,1890,1378,2074,2080,2086,2130,1101,1033,849,1355,2092,2095,2104,1070,1071,826,845,1342,2048,2122,2115,1042,887,811,685,1306,1846,2022,2042,1939,1159,677,663,5,5,5,5,5,9,5,5,5,5,5,5,5,5,9,5,5,5,5,5,5,5,5,5,5,5,5,5,5,5,5,5,5,5,5,5,4,4,4,5,5,5,5,5,4,5,5,5,5,5,5,5,5,4,5,5,5,10,5,5,4,4,5,5
1781188539.097732,342,83213701,949,2118,2068,2095,2066,1507,1191,914,1178,1366,2067,2098,2111,2059,1336,1044,1297,2053,2077,2094,2088,2096,2008,1627,1334,2055,2104,2091,2086,2126,2011,1843,1356,2075,2108,2094,2105,2123,2024,1930,1384,2058,2108,2097,2092,1981,1033,984,1341,2035,2100,2086,2076,1020,984,812,1309,1892,2038,2074,1967,1068,794,748,5,5,5,5,5,5,5,5,5,9,5,5,5,5,9,5,9,5,5,5,5,5,5,255,5,5,5,5,5,5,9,5,5,5,5,5,5,4,5,4,5,5,5,5,5,4,4,5,5,5,5,5,5,5,5,5,9,5,9,5,5,255,5,5
1781188539.198355,343,83314544,926,2065,2064,2077,2085,1499,1166,904,1146,1468,2092,2087,2102,2068,1300,1032,1335,2054,2096,2075,2067,2085,2038,1683,1367,2081,2086,2091,2096,2119,2047,1920,1388,2067,2091,2100,2110,2085,2046,1916,1373,2100,2112,2114,2100,2023,1959,1984,1311,2070,2109,2110,2069,1948,1040,953,1326,1920,2034,2046,1955,1998,949,927,5,5,5,5,5,5,5,5,5,4,5,5,5,5,5,5,5,5,5,5,5,5,5,10,9,5,5,5,5,5,9,5,9,5,5,5,5,5,5,255,5,5,5,5,5,5,4,4,5,5,5,5,5,5,5,5,9,5,5,5,5,4,5,5
1781188539.288698,344,83403707,936,2065,2058,2074,2082,1578,1158,907,1147,1390,2043,2089,2086,2099,1289,1041,1306,1953,2081,2089,2090,2101,2068,1670,1358,2051,2089,2101,2103,2095,2045,1940,1380,2032,2089,2092,2125,2124,2089,1902,1321,2019,2116,2137,2109,2030,1900,1923,1324,2068,2100,2120,2097,1958,1963,1022,1306,1859,2046,2048,1954,1970,1090,996,5,5,5,5,5,4,5,5,9,4,5,5,5,5,9,5,5,5,5,5,5,5,5,5,5,5,5,5,5,5,5,5,9,5,5,5,5,5,5,5,5,5,5,5,5,5,5,5,5,5,5,5,5,5,4,5,5,5,5,5,5,5,5,5
1781188539.387995,345,83503705,919,2050,2071,2094,2098,1828,1151,913,1193,1474,2112,2080,2102,2037,1293,1028,1297,1967,2070,2070,2108,2114,2053,1655,1314,2039,2102,2100,2074,2119,2043,1865,1357,2032,2117,2081,2104,2127,2033,1902,1371,2056,2097,2103,2134,2037,1901,1943,1349,2085,2078,2131,2081,1968,1948,1195,1328,1859,1996,2034,1991,1968,1996,1099,5,5,5,5,5,4,5,5,5,9,5,5,5,5,5,5,5,9,5,5,5,5,5,5,9,5,5,5,5,5,5,5,5,5,5,5,5,5,5,255,5,5,5,5,5,5,5,5,5,5,5,5,5,5,5,5,5,255,5,5,5,5,4,5
1781188539.491784,346,83606170,937,1156,2114,2054,2086,1486,1175,913,1177,1388,2077,2092,2060,2096,1293,1016,1340,1921,2080,2095,2102,2082,2050,1714,1369,2080,2088,2090,2095,2127,2051,1920,1333,2052,2073,2085,2133,2104,2007,1906,1369,2063,2114,2093,2128,2071,1883,1933,1349,2044,2111,2106,2062,1999,1899,1327,1305,1835,2023,2051,1951,1971,1996,1099,5,4,5,5,5,4,5,5,5,4,5,5,5,5,9,5,5,5,5,5,5,5,5,5,9,5,5,5,5,5,5,5,9,5,5,5,5,5,5,255,5,5,5,5,5,5,5,5,5,5,5,5,5,5,255,5,5,10,5,5,5,5,255,255
1781188539.585982,347,83703701,931,2062,2047,2069,2069,1522,1170,921,1184,1436,2078,2091,2137,2059,1332,1011,1325,1997,2087,2077,2132,2098,2075,1645,1331,2015,2093,2078,2090,2091,2044,1850,1308,2064,2072,2096,2111,2135,2029,1923,1364,2137,2091,2099,2138,2066,1904,1963,1361,2077,2105,2093,2077,1983,1957,1500,1337,1835,2022,2019,2010,1991,1996,1099,5,5,5,5,5,9,5,5,5,255,5,5,5,5,9,5,5,5,5,5,5,5,5,5,5,5,5,5,5,5,9,5,5,5,5,5,5,5,5,5,5,5,5,5,5,5,5,5,5,5,5,5,5,5,5,5,5,255,5,5,5,5,255,255
1781188539.686543,348,83803753,934,2072,2064,2073,2073,1537,1179,906,1165,1983,2070,2085,2086,2089,1287,1047,1315,2053,2094,2083,2129,2084,2099,1693,1380,2041,2092,2083,2096,2093,2063,1899,1363,2054,2119,2083,2117,2102,2030,1952,1358,2012,2109,2128,2099,2066,1967,1926,1379,2034,2092,2087,2065,1957,1909,1550,1307,1858,2029,2022,1991,1946,1996,1099,5,5,5,5,5,5,5,5,5,5,5,5,5,5,5,5,5,5,5,5,5,5,5,5,5,5,5,5,5,5,5,5,5,5,5,5,5,5,5,5,9,5,5,5,5,5,5,5,5,5,5,5,5,5,5,255,5,10,5,5,5,5,255,255
1781188539.790997,349,83909803,925,2070,2085,2078,2098,1520,1148,908,1171,1406,2078,2088,2088,2006,1335,1033,1310,1990,2104,2087,2111,2100,2000,1685,1341,2034,2091,2085,2084,2109,2083,1899,1361,2032,2115,2085,2099,2103,2028,1964,1369,2041,2103,2123,2082,2082,1952,1964,1350,2060,2089,2118,2085,1983,1945,1833,1310,1878,2004,2035,1930,1968,1996,1099,5,5,5,5,5,5,5,5,9,5,5,5,5,5,5,5,9,5,5,5,5,5,5,5,5,5,5,5,5,5,5,255,9,5,5,5,5,5,5,5,5,5,5,5,5,5,5,5,5,5,5,5,5,5,5,4,5,5,9,5,5,5,255,255
1781188539.886739,350,84003701,925,2069,2062,2091,2076,1542,1179,921,1174,1376,2087,2071,2058,2044,1278,1022,1302,2017,2072,2104,2118,2119,2014,1667,1367,2038,2074,2093,2091,2113,2030,1975,1377,2047,2090,2089,2117,2105,2033,1874,1379,2068,2103,2127,2090,2113,1933,1933,1319,2053,2128,2090,2057,1954,1970,1949,1300,1877,2036,2033,1977,1965,1996,1099,5,5,5,5,5,4,5,5,5,5,5,5,5,5,5,5,5,5,5,5,5,5,5,5,5,5,5,5,5,5,5,10,5,5,5,5,5,5,5,5,9,5,5,5,5,5,255,5,5,5,5,5,5,5,5,5,5,5,5,5,5,255,255,255
1781188539.985924,351,84103701,919,2070,2088,2085,2094,1972,1166,931,1131,1440,2106,2092,2083,2070,1310,1037,1313,2013,2093,2086,2099,2084,2055,1695,1338,2063,2096,2095,2084,2106,2028,1879,1322,2061,2122,2098,2112,2113,2022,1943,1351,2052,2083,2082,2117,2079,1933,1909,1343,2037,2096,2106,2081,1947,1966,1962,1321,1960,1957,2060,1999,1989,1996,1099,5,5,5,5,5,4,9,5,5,5,5,5,5,5,5,5,5,5,5,5,5,5,5,5,5,5,5,5,5,5,9,5,5,5,5,5,5,5,5,5,9,5,5,5,5,5,255,5,5,5,5,5,5,5,5,5,9,5,5,5,5,5,255,255
1781188540.089216,352,84206329,926,2062,2092,2085,2082,1845,1160,904,1180,2082,2079,2076,2075,2053,1290,1008,1325,2037,2068,2088,2095,2073,2029,1628,1335,2097,2093,2095,2086,2096,2079,1849,1375,2083,2105,2093,2119,2076,2029,1943,1357,2063,2096,2085,2128,2035,1970,1929,1346,2052,2115,2112,2068,1981,1937,1978,1298,1918,2058,1993,1975,1991,1996,1099,5,5,5,5,5,9,5,5,5,5,5,5,5,5,5,5,5,5,5,5,5,5,5,5,5,5,5,5,5,5,5,5,5,5,5,5,5,5,5,255,5,5,5,5,5,5,10,5,5,5,5,5,5,255,5,5,5,5,5,5,5,5,255,255
1781188540.187050,353,84303701,909,2060,2108,2077,2078,1640,1175,914,1158,1366,2071,2073,2102,2044,1288,1043,1330,2059,2107,2085,2067,2102,2039,1603,1357,2023,2090,2098,2087,2089,2069,1831,1376,2044,2106,2109,2099,2152,2008,1943,1385,2040,2124,2079,2143,2036,1980,1960,1365,2076,2106,2108,2052,1971,1982,1963,1297,1755,2005,2033,2030,1953,1970,1099,5,5,5,5,5,9,5,5,5,9,5,5,5,5,5,5,5,5,5,5,5,5,5,5,5,5,5,5,5,5,5,5,5,5,5,5,5,5,5,255,5,5,5,5,5,5,5,5,5,5,5,5,5,5,5,5,5,5,9,5,5,5,10,255
1781188540.288277,354,84403701,936,2086,2081,2078,2077,1525,1161,910,1166,1336,2072,2077,2093,2081,1308,1032,1342,2033,2096,2089,2134,2083,2053,1743,1355,2042,2093,2095,2092,2087,2038,1884,1378,2033,2181,2096,2124,2108,2003,1943,1371,2052,2118,2104,2107,2074,2004,1958,1337,2044,2116,2107,2064,1980,1957,1994,1302,1866,2019,2016,1958,1943,1938,1099,5,5,5,5,5,5,5,5,5,5,5,5,5,5,5,5,5,5,5,5,5,5,5,5,5,5,5,5,5,5,5,5,5,5,5,5,5,5,5,255,5,5,5,5,5,5,5,5,5,5,5,5,5,5,5,5,5,5,5,5,5,5,5,255
1781188540.390744,355,84506610,927,2026,2066,2069,2110,1591,1167,900,1164,1352,2064,2078,2110,1984,1338,1030,1318,2007,2092,2091,2079,2116,1981,1614,1358,2029,2110,2091,2095,2102,2071,1880,1361,2067,2110,2116,2109,2103,1996,1943,1340,2035,2101,2150,2107,2031,1945,1919,1349,2070,2112,2098,2081,1970,1969,1960,1312,1866,2059,2047,1958,1973,1938,1099,5,5,5,5,5,5,5,5,5,5,5,5,5,5,5,5,5,5,5,5,5,5,5,5,5,5,5,5,5,5,9,5,5,5,5,5,5,5,5,255,5,5,5,5,5,9,5,5,9,5,5,5,5,5,5,5,5,255,5,5,5,5,255,255
1781188540.484577,356,84603709,933,2070,2072,2078,2088,1730,1175,922,1181,1428,2062,2113,2064,1988,1297,1029,1349,1984,2070,2100,2096,2093,2015,1684,1343,2069,2085,2086,2095,2100,2053,1899,1315,2067,2083,2102,2103,2112,2028,1954,1376,2086,2113,2107,2118,2065,1971,1985,1295,2045,2081,2121,2081,1968,1956,1966,1308,1849,2027,2021,2001,1917,1990,2048,5,5,5,5,5,5,5,5,5,9,5,5,5,5,5,5,5,5,5,5,5,5,5,5,5,5,5,5,5,5,5,5,5,5,5,5,5,5,5,10,5,5,5,5,5,5,5,5,5,5,5,5,5,5,5,5,5,10,5,5,5,5,10,10
1781188540.587465,357,84703701,912,2053,2048,2073,2084,1817,1161,911,1182,1435,2082,2115,2071,1990,1286,1027,1349,2044,2079,2093,2089,2125,2023,1605,1354,2064,2091,2091,2089,2099,2064,1856,1378,2068,2114,2104,2128,2106,2034,1953,1324,2055,2108,2128,2128,2064,1962,1954,1352,2063,2090,2122,2073,1965,1938,1962,1285,1875,1995,2048,1951,1954,1967,2048,5,5,5,5,5,5,5,5,5,5,5,5,5,5,5,5,5,5,5,5,5,5,5,5,5,5,5,5,5,5,5,5,9,5,5,5,5,5,5,255,5,5,5,5,5,5,5,5,5,5,5,5,5,5,5,255,5,9,5,5,5,5,5,255
1781188540.687974,358,84804841,915,2057,2072,2080,2075,1649,1172,905,1182,1427,2050,2073,2083,1981,1325,1015,1310,1989,2083,2096,2119,2096,2055,1638,1343,2034,2090,2092,2096,2144,2052,1887,1345,2070,2119,2088,2096,2094,2036,1932,1374,2087,2097,2090,2146,2051,1930,1971,1311,2072,2096,2112,2043,1955,1918,1985,1308,2000,2109,2031,1956,1951,1967,2048,5,5,5,5,5,4,5,5,5,5,5,5,5,5,9,5,9,5,5,5,5,5,5,5,5,5,5,5,5,5,5,5,5,5,5,5,5,5,5,5,5,5,5,5,5,5,5,5,5,5,5,5,5,5,5,5,5,5,5,5,5,5,255,255
1781188540.790196,359,84905791,933,2059,2067,2079,2076,1508,1167,902,1168,1367,2070,2056,2095,2014,1319,1053,1301,2019,2106,2080,2105,2084,2048,1646,1369,2057,2102,2087,2102,2114,2044,1837,1342,2061,2064,2088,2101,2106,2013,1944,1421,2050,2117,2106,2129,2068,1999,1941,1330,2051,2091,2106,2089,1994,1975,1936,1303,1903,2084,2000,1987,1939,1976,2048,5,5,5,5,5,5,5,5,5,5,5,5,5,5,5,5,5,5,5,5,5,5,5,5,5,5,5,5,5,5,9,5,5,5,5,5,5,5,5,5,5,5,5,5,5,5,5,5,5,5,5,5,5,5,5,5,5,5,5,5,5,255,10,255
1781188540.876860,360,84993701,939,2074,2041,2074,2068,1872,1182,909,1172,1409,2087,2093,2120,1926,1296,1037,1317,2016,2097,2078,2100,2104,2018,1636,1348,2029,2095,2094,2092,2089,2043,1940,1352,2057,2104,2090,2116,2107,2029,1944,1399,2083,2109,2127,2128,2030,1958,1936,1341,2063,2116,2100,2041,1952,1939,1966,1288,1907,2055,2029,1983,1950,1985,2048,5,5,5,5,5,9,5,5,5,9,5,5,5,9,5,5,9,9,5,5,5,5,5,9,9,5,5,5,5,5,5,5,5,5,5,5,5,5,5,255,9,5,5,5,5,5,255,5,9,5,5,5,5,5,5,5,5,5,5,5,5,5,9,255
1781188540.976604,361,85093701,930,2063,2075,2069,2085,1505,1168,908,1170,1419,2089,2082,2112,1926,1330,1050,1294,2046,2094,2087,2096,2098,2050,1644,1338,2058,2072,2109,2101,2109,2045,1863,1338,2032,2065,2101,2112,2089,2031,1944,1357,2019,2104,2100,2152,2081,1918,1968,1359,2043,2079,2087,2064,1953,1938,1975,1292,1949,2005,2032,1953,1949,1985,2034,5,5,5,5,5,9,5,5,5,5,5,5,5,255,5,5,5,5,5,5,5,5,5,5,5,5,5,5,5,5,5,5,5,5,5,5,5,5,5,255,5,5,5,5,5,5,5,5,5,5,5,5,5,5,5,5,5,5,5,5,5,5,255,10
1781188541.079391,362,85194085,929,2060,2075,2101,2078,1890,1159,904,1146,1368,2079,2068,2096,2047,1281,1026,1352,2008,2085,2109,2108,2073,2062,1675,1329,2029,2094,2095,2089,2101,2063,1901,1340,2042,2125,2099,2096,2096,2028,1923,1315,2039,2110,2102,2102,2044,1973,1951,1356,2046,2108,2121,2067,1960,1947,1981,1304,1799,1983,2038,1984,1994,1946,2034,5,5,5,5,5,5,5,5,5,4,5,5,5,10,5,5,5,5,5,5,5,5,5,5,5,5,5,5,5,5,5,5,5,5,5,5,5,5,5,10,5,5,5,5,5,5,5,5,5,5,5,5,5,5,5,5,5,5,9,5,5,5,10,255
1781188541.175988,363,85293701,923,2093,2064,2070,2099,1795,1170,917,1176,1967,2020,2080,2098,2075,1298,1018,1320,2036,2091,2094,2107,2072,2042,1671,1347,2066,2085,2098,2098,2095,2043,1901,1346,2078,2113,2107,2132,2078,2045,1945,1336,2098,2136,2116,2093,2073,1947,1990,1343,2058,2117,2104,2080,1995,1956,1962,1312,1893,2044,2031,1941,1950,1946,2034,5,5,5,5,5,4,5,5,5,5,5,5,5,5,9,5,5,5,5,5,5,5,5,5,5,5,5,5,5,5,5,255,9,5,5,5,5,5,5,255,5,5,5,5,5,5,5,5,9,5,5,5,5,5,5,5,5,5,9,5,5,5,255,255
1781188544.246926,364,88363788,922,2075,2078,2087,2100,1482,1147,909,1148,2105,2085,2092,2108,2080,1333,1019,1311,2032,2084,2088,2099,2089,2041,1650,1346,2047,2083,2086,2099,2097,2038,447,1366,2051,2101,2109,2098,2091,482,461,1393,2083,2094,2117,2118,715,912,418,1354,2048,2113,2105,1079,795,628,426,1289,1864,2023,1998,949,659,610,2060,6,6,6,6,6,6,6,6,6,6,6,6,6,6,6,6,6,6,6,6,6,6,6,6,6,6,6,6,6,6,6,6,6,6,6,6,6,6,6,6,6,6,6,6,6,6,6,6,6,6,6,6,6,6,6,6,6,6,6,6,6,6,6,6
1781188544.347688,365,88463787,936,2083,2069,2093,2077,1561,1144,905,1174,1383,2051,2074,2112,1955,1332,1030,1315,2057,2078,2069,2117,2112,466,1684,1344,2064,2086,2091,2097,488,500,402,1377,2037,2100,2087,2142,1284,436,411,1343,2084,2105,735,1167,652,516,426,1344,2062,2128,2124,689,660,632,591,1304,1864,2052,2049,701,1993,660,2021,5,5,5,5,5,5,5,5,5,5,5,5,5,5,5,5,5,5,5,5,5,5,4,5,5,5,5,5,5,5,4,5,5,5,5,5,5,5,5,5,5,5,5,4,5,4,4,5,5,5,5,5,5,5,5,4,5,255,5,5,5,4,5,5
1781188544.446363,366,88563784,930,2057,2069,2097,2075,1446,1139,912,1136,1329,2084,2076,2104,418,1311,391,1331,2057,2094,2078,476,446,384,396,1323,2049,2087,2092,2081,405,412,369,1364,2065,2096,2142,2055,561,392,389,1382,2064,2090,662,676,606,532,605,1312,2062,2133,2156,644,626,632,606,1300,1819,2010,2038,2011,1950,1982,2021,5,5,5,5,5,5,5,5,5,5,5,5,5,4,5,4,9,5,5,5,4,5,5,4,9,5,5,5,5,5,5,5,5,5,5,5,5,5,5,5,5,5,5,5,5,5,5,5,5,5,5,5,5,5,5,5,9,10,9,5,5,5,5,255
1781188544.545962,367,88663785,929,2063,2093,2097,2093,395,378,882,1193,1430,2081,2096,446,382,377,372,1319,2023,2082,2089,463,395,378,367,1367,2026,2098,648,584,575,378,598,1370,2094,2085,657,623,598,595,590,1327,2019,2099,663,629,616,608,1834,1359,2024,2094,2132,2065,626,1778,1835,1308,1885,2046,2067,2003,1943,1982,2021,5,5,5,5,5,4,4,5,5,9,5,5,4,5,5,5,5,5,5,5,5,5,5,5,5,5,5,5,5,5,5,4,9,5,5,5,5,5,4,4,9,5,5,5,5,5,5,5,5,5,5,5,5,255,5,5,5,5,5,5,5,5,255,255
1781188544.648497,368,88763721,925,2074,2084,465,421,385,389,395,1189,1376,2057,639,433,502,385,646,1302,1991,680,647,616,528,591,616,1357,2060,680,674,618,645,597,673,1383,2044,2109,679,663,641,668,679,1331,2039,2094,2120,654,2047,1866,1825,1367,2062,2106,2105,2093,1940,1742,1766,1313,1848,2039,2035,1969,1920,1982,2021,5,5,5,5,5,5,5,5,5,4,5,5,5,5,5,4,5,5,5,5,5,5,4,4,5,5,5,5,5,5,4,5,9,5,5,5,5,5,5,5,5,5,5,5,5,4,4,5,5,5,5,5,5,10,5,5,5,5,5,5,5,5,255,255
1781188544.747355,369,88863792,919,2086,2070,2058,561,481,602,900,1179,1404,685,642,613,628,606,666,1325,2000,708,671,675,648,668,666,1353,2058,733,2085,673,2077,681,774,1347,2061,2080,2076,2123,2084,1986,1911,1395,2061,2112,2105,2112,2035,1863,1856,1343,2057,2103,2099,2072,1828,1699,1743,1286,1807,2030,2039,1948,1952,2010,2021,5,5,5,5,5,5,4,5,5,5,5,5,5,5,4,5,5,5,5,5,5,5,5,5,9,5,5,5,5,4,5,5,5,5,5,4,5,4,5,5,5,5,5,5,5,5,5,5,5,5,5,5,5,5,5,5,5,5,5,5,5,5,10,255
1781188544.849061,370,88963701,924,2085,660,623,630,609,646,861,1159,1351,690,738,654,738,657,747,1298,1997,2101,798,932,994,2051,743,1326,2047,2103,2083,2093,2105,2050,1845,1382,2061,2115,2100,2101,2109,2034,1958,1365,2051,2118,2133,2102,2064,1873,1849,1309,2042,2154,2121,2102,1970,1701,1720,1336,1807,1987,2061,1973,1971,2010,2021,5,5,5,5,5,5,5,5,5,5,5,5,5,5,5,5,5,5,5,4,4,4,4,5,5,5,5,5,4,5,5,4,5,5,5,5,5,5,5,5,5,5,5,5,5,5,5,9,5,5,5,5,5,5,5,5,5,255,9,5,5,5,255,255
1781188544.946283,371,89063701,921,707,700,685,716,681,708,890,1179,1396,807,1004,828,869,747,1021,1319,2015,2085,1092,2071,2112,2052,836,1335,2040,2093,2094,2098,2104,2056,1853,1355,2045,2094,2102,2116,2103,2040,1910,1344,2065,2082,2126,2101,1993,1939,1836,1360,2053,2127,2103,2086,1972,1715,1737,1294,1816,2059,2054,1977,1955,1971,2021,5,5,5,5,5,5,5,9,9,5,5,4,5,255,5,5,5,5,5,9,4,4,5,255,5,5,5,5,5,5,5,5,5,5,5,5,5,5,5,5,5,5,5,5,5,5,5,5,5,5,5,5,5,5,5,5,5,10,9,5,5,5,10,255
1781188545.037361,372,89153887,918,2027,876,839,904,783,880,902,1161,1371,1101,1138,1055,2041,830,1029,1339,1978,2078,2075,2144,2086,2010,1670,1315,2035,2086,2096,2083,2077,2055,1884,1372,2049,2104,2093,2106,2073,2031,1944,1379,2053,2111,2146,2103,2031,1958,1828,1347,2053,2099,2113,2054,1944,1712,1727,1309,1862,1992,2022,1953,1999,1971,1931,5,5,5,5,5,5,5,5,5,5,4,5,4,4,5,5,5,5,5,5,5,5,5,4,5,5,5,5,5,5,5,9,9,5,5,5,5,5,5,5,5,5,5,5,5,5,5,9,5,5,5,5,5,5,5,5,9,9,9,5,5,5,255,10
1781188545.136641,373,89253701,943,2105,1066,1065,1147,913,1134,906,1164,1347,2071,2058,2139,2041,1271,1018,1356,2032,2069,2068,2107,2075,2116,1666,1359,2033,2102,2088,2074,2091,2076,1984,1347,2050,2089,2088,2106,2110,2046,1945,1381,2062,2096,2146,2144,2051,1906,1853,1363,2072,2124,2109,2071,1985,1714,1714,1342,1865,2005,2047,1971,1954,1971,1931,5,5,9,4,4,5,5,5,9,5,4,5,4,255,5,5,5,5,5,5,5,5,4,5,5,5,5,5,5,5,5,5,5,5,5,5,5,5,5,5,5,5,5,5,5,5,9,9,5,5,5,5,5,5,5,5,5,5,5,5,5,5,255,255
1781188545.236680,374,89353701,928,2061,2079,1285,2039,1417,1148,921,1188,1399,2062,2080,2093,2076,1303,1025,1301,2019,2094,2093,2115,2073,2010,1673,1336,2048,2088,2096,2094,2129,2067,1867,1387,2060,2109,2091,2109,2137,2010,1961,1355,1989,2092,2095,2125,2071,1873,1863,1363,2034,2101,2084,2069,1943,1699,1716,1327,1892,2010,2031,1972,1945,1971,1931,5,5,4,4,5,4,5,5,9,4,5,5,5,10,9,5,5,5,5,5,5,5,5,5,5,5,5,5,5,5,5,5,5,5,5,5,5,5,5,5,5,5,5,5,5,5,5,5,5,5,5,5,5,5,5,5,5,5,5,5,5,5,255,255
1781188545.336170,375,89454061,928,2075,2081,1591,2039,1429,1144,919,1164,1360,2066,2046,2092,2063,1306,1033,1322,2014,2062,2097,2097,2093,2050,1744,1306,2053,2075,2089,2084,2112,2067,1949,1359,2077,2061,2110,2111,2125,2039,1958,1379,2007,2096,2103,2105,2094,1954,1837,1313,2074,2121,2123,2054,1981,1709,1714,1294,1847,2004,2050,1939,1983,1971,2054,5,5,5,4,5,5,5,5,5,255,5,5,5,5,5,5,5,5,5,5,5,5,9,5,9,5,5,5,5,5,5,5,5,5,5,5,5,5,5,5,5,5,5,5,5,5,5,5,5,5,5,5,5,5,5,5,5,5,9,5,5,5,255,10
1781188545.436709,376,89553701,931,2059,2061,2030,2033,1453,1156,916,1158,1451,2056,2086,2061,1989,1305,1039,1316,2027,2095,2099,2109,2078,2066,1697,1329,2069,2094,2090,2086,2088,2075,1817,1316,2002,2094,2089,2116,2154,2014,1885,1333,2040,2104,2114,2111,2065,1923,1893,1374,2072,2106,2103,2089,2000,1695,1719,1323,1842,2046,2048,1953,1969,1971,2054,5,5,5,5,5,5,5,5,5,9,5,5,5,5,5,5,9,5,5,5,5,5,5,5,5,5,5,5,5,5,5,5,5,5,5,5,5,5,5,5,9,9,5,5,5,5,5,9,5,5,5,5,5,5,5,5,5,5,5,5,5,5,255,255
1781188545.537898,377,89653745,939,2086,2045,2059,2068,1430,1132,906,1171,1371,2041,2082,2128,2052,1333,1031,1330,2018,2097,2077,2100,2119,2057,1567,1358,2037,2091,2090,2102,2102,2088,1925,1334,2048,2143,2095,2095,2105,2032,1918,1365,2015,2099,2111,2095,2048,1952,1905,1338,2079,2120,2113,2083,1983,1694,1700,1304,1945,2031,2063,1947,1949,1971,1990,5,5,5,5,5,5,5,5,5,5,5,5,5,9,9,5,9,5,5,5,5,5,5,5,5,5,5,5,5,5,5,5,5,5,5,5,5,5,5,5,5,5,5,5,5,5,5,5,9,5,5,5,5,5,5,5,5,5,5,5,5,5,255,10
1781188545.641934,378,89758886,947,2078,2067,2070,2067,1470,1135,908,1172,1317,2055,2076,2066,2022,1324,1032,1319,2011,2075,2090,2097,2071,2086,1646,1365,2064,2101,2090,2099,2114,2058,1893,1354,2093,2106,2084,2098,2082,2078,1918,1361,2027,2112,2109,2125,2040,1884,1872,1345,2010,2102,2111,2094,1897,1696,1720,1310,1919,2006,2018,1951,1978,1978,1990,5,5,5,5,5,4,9,5,5,5,5,5,5,5,5,5,9,5,5,5,5,5,5,5,9,5,5,5,5,5,5,5,5,5,5,5,5,5,5,255,5,5,5,5,5,5,5,9,5,5,5,5,5,5,5,5,5,5,5,5,5,5,10,255
1781188545.736550,379,89853701,916,2044,2053,2093,2081,1519,1139,909,1185,1446,2059,2097,2103,1987,1315,1033,1308,2000,2098,2097,2146,2063,2024,1692,1369,2079,2108,2088,2087,2088,2060,1879,1337,2076,2105,2089,2119,2103,2043,1903,1364,2040,2103,2148,2143,2045,1976,1875,1345,2091,2098,2123,2071,1935,1715,1679,1319,1917,2000,2042,1972,1953,1978,1990,5,5,5,5,5,5,5,5,5,5,5,5,5,5,5,5,5,5,5,5,5,5,5,5,5,5,5,5,5,5,5,5,5,5,5,5,5,5,5,255,5,5,5,5,5,5,5,5,9,5,5,5,5,5,5,5,5,5,5,5,5,5,255,255
1781188545.838232,380,89953701,935,2041,2076,2068,2065,1462,1142,911,1173,1398,2064,2106,2096,2047,1315,1037,1334,1928,2093,2080,2104,2093,2062,1664,1374,2041,2097,2096,2107,2115,2061,1833,1314,2075,2136,2101,2123,2114,2012,1903,1345,2029,2089,2091,2095,2052,1921,1890,1338,2076,2100,2099,2073,1984,1712,1739,1294,1902,2025,2035,1972,1969,1978,1990,5,5,5,5,5,5,5,5,5,4,5,5,5,5,5,5,5,9,5,5,5,5,5,5,9,5,5,5,5,5,5,5,5,5,5,5,5,5,5,255,5,5,5,5,5,5,5,5,5,5,5,5,5,5,5,5,5,5,5,5,5,5,255,255
1781188545.936991,381,90056047,919,2094,2080,2082,2053,1506,1160,903,1156,2020,2104,2081,2069,2039,1266,1026,1310,1882,2079,2090,2092,2110,1960,1681,1353,2070,2095,2091,2089,2108,2056,1863,1363,2037,2095,2106,2133,2164,2060,1956,1395,2012,2133,2085,2112,2111,1936,1884,1348,2080,2102,2086,2070,1927,1723,1734,1307,1954,2024,2032,2004,1981,1992,1990,5,5,5,5,5,5,5,5,9,5,5,5,5,5,5,5,5,5,5,5,5,5,5,5,9,5,5,5,5,5,5,5,5,5,5,5,5,5,5,10,5,5,5,5,5,5,5,5,5,5,5,5,5,5,5,5,5,5,9,5,5,5,10,255
1781188546.036472,382,90153701,919,2077,2078,2069,2047,1427,1138,908,1163,1456,2068,2108,2137,2049,1303,1024,1322,2024,2109,2091,2117,2094,2057,1664,1350,2058,2088,2096,2089,2121,2047,1892,1362,2068,2111,2117,2107,2070,2050,1888,1348,2029,2093,2102,2119,2029,1907,1867,1338,2065,2090,2099,2065,1960,1684,1679,1275,1883,2038,2029,1954,1965,1978,1965,5,5,5,5,9,5,5,5,5,5,5,5,5,5,5,5,5,5,5,5,5,5,5,5,5,5,5,5,5,5,5,5,9,5,5,5,5,5,5,5,9,5,5,5,5,5,5,9,5,5,5,5,5,5,5,5,5,5,5,5,5,5,5,10
1781188546.136453,383,90253701,922,2079,2078,2080,2031,1461,1149,917,1176,1396,2080,2080,2079,2043,1271,1030,1329,2008,2090,2114,2086,2098,2037,1697,1304,2072,2097,2094,2088,2086,2028,1973,1352,2064,2094,2105,2117,2108,2034,1972,1361,2043,2124,2113,2100,2074,1899,1857,1338,2073,2095,2109,2035,1948,1727,1738,1333,1860,2052,2013,1977,1969,1978,1914,5,5,5,5,9,9,5,5,5,5,5,5,5,5,5,5,5,5,5,5,5,5,5,5,5,5,5,5,5,5,9,5,9,5,5,5,5,5,5,5,5,5,5,5,5,5,5,5,5,5,5,5,5,5,5,5,5,5,5,5,5,5,255,5
1781188546.237905,384,90356998,921,2060,2035,2073,2048,1437,1133,914,1173,1369,2066,2070,2111,2009,1281,1025,1346,2074,2075,2087,2087,2098,2032,1627,1321,2050,2090,2090,2095,2103,2053,1866,1388,2067,2105,2101,2099,2108,2026,1913,1382,2021,2088,2158,2093,2030,1911,1880,1351,2074,2106,2105,2042,1958,1728,1723,1297,1958,1999,2027,1956,1952,1937,1914,5,5,5,5,5,9,5,5,5,255,5,5,5,5,5,5,5,5,5,5,5,5,5,5,5,5,5,5,5,5,5,5,5,5,5,5,5,5,5,5,5,5,5,5,5,5,5,5,5,5,5,5,5,5,5,5,5,5,9,5,255,5,10,255
1781188546.337648,385,90453877,929,2071,2058,2064,2071,1414,1130,915,1142,1347,2053,2105,2085,2009,1308,1032,1321,2021,2086,2084,2091,2101,2047,1632,1352,2046,2090,2100,2091,2113,2038,1899,1373,2084,2108,2083,2100,2165,2019,1933,1330,2028,2113,2158,2136,2070,1961,1839,1351,2044,2115,2118,2083,2000,1700,1691,1309,1903,1967,2046,1987,1928,1937,1914,5,5,5,5,5,5,5,5,5,5,5,5,5,255,5,5,5,5,5,5,5,5,5,5,5,5,5,5,5,5,5,5,5,5,5,5,5,5,5,255,5,5,5,255,5,5,5,5,5,5,5,5,5,5,5,5,5,5,5,5,5,5,255,255
1781188546.438526,386,90553701,919,2055,2061,2075,2008,1423,1126,915,1177,1424,2065,2084,2087,2002,1316,1055,1350,2041,2078,2104,2094,2089,2075,1590,1380,2040,2094,2097,2112,2113,2090,1874,1332,2095,2067,2087,2105,2113,2025,1946,1331,2006,2099,2102,2110,2057,1950,1876,1341,2060,2108,2115,2091,1939,1683,1693,1308,1878,2014,2044,1967,1979,1937,1954,5,5,5,5,5,5,5,5,5,5,5,5,5,10,5,5,9,5,5,5,5,5,5,5,5,5,5,5,5,5,5,5,9,5,5,5,5,5,5,5,5,5,5,10,5,5,5,5,5,5,5,5,5,5,5,5,5,5,9,5,5,5,255,10
1781188546.536945,387,90655752,922,2104,2075,2060,2014,1430,1123,898,1186,1431,2063,2092,2083,1977,1291,1025,1304,2028,2093,2083,2098,2091,1960,1716,1352,2061,2093,2092,2105,2104,2081,1806,1331,2038,2116,2093,2105,2087,2037,1929,1395,2043,2098,2114,2112,2076,1919,1871,1334,2061,2116,2099,2051,1952,1727,1707,1326,1930,2041,2021,1984,1985,1937,2004,5,5,5,5,5,5,5,5,5,5,5,5,5,5,5,5,5,5,5,5,5,5,5,5,9,5,5,5,5,5,5,5,5,5,5,5,5,5,5,5,9,5,5,5,5,5,5,5,5,5,5,5,5,5,5,9,5,5,5,5,5,5,255,5
1781188546.629778,388,90745845,928,2081,2057,2076,1979,1428,1137,904,1172,1399,2096,2093,2090,1964,1287,1029,1316,2011,2100,2088,2086,2105,2001,1612,1367,2035,2083,2087,2099,2107,2076,1930,1370,2038,2106,2100,2110,2140,2013,1920,1360,2044,2105,2102,2092,2068,1960,1859,1369,2051,2120,2118,2074,1952,1726,1840,1302,1869,2027,2073,1960,1962,1937,2001,5,5,5,5,9,5,5,5,5,9,5,5,5,5,5,5,5,5,5,5,5,5,5,5,9,5,5,5,5,5,5,5,5,5,5,5,5,5,5,5,5,5,5,5,5,5,5,5,5,5,5,5,5,5,5,5,5,5,5,5,5,5,255,5
1781188546.726047,389,90843701,942,2070,2081,2082,2023,1385,1126,900,1174,1359,2079,2086,2095,2040,1323,1025,1308,1965,2091,2099,2088,2080,1966,1676,1306,2022,2083,2098,2092,2124,2062,1798,1400,2042,2111,2086,2116,2110,2040,1944,1370,2033,2086,2124,2112,2072,1885,1867,1303,2072,2135,2119,2082,2004,1724,1708,1305,1951,2044,2060,1983,1968,1937,2001,5,5,5,5,5,9,5,5,5,5,5,5,5,5,9,5,9,5,5,5,5,5,5,5,5,5,5,5,5,5,5,5,5,5,5,5,5,5,5,255,5,5,5,5,5,5,5,5,5,5,5,5,5,5,5,5,5,5,9,5,5,5,255,255
1781188546.826653,390,90943991,931,2069,2084,2085,2013,1446,1105,911,1176,1412,2099,2076,2060,2008,1294,1024,1317,2046,2089,2087,2105,2094,2010,1652,1318,2014,2108,2094,2101,2110,2069,1913,1396,2066,2110,2094,2110,2114,2022,2000,1333,2042,2101,2060,2118,2058,1885,1855,1345,2080,2116,2098,2055,1927,1719,1694,1319,1951,2039,2044,1983,1977,1937,2001,5,5,5,5,5,9,5,5,5,9,5,5,5,5,5,5,5,5,5,5,5,5,5,5,5,5,5,5,5,5,5,5,5,5,5,5,5,5,5,5,5,5,5,5,5,5,5,5,9,5,5,5,5,5,5,5,5,255,5,5,255,255,255,255
1781188546.926472,391,91043781,929,2062,2031,2059,2033,1421,1145,908,1186,1426,2081,2078,2118,2008,1312,1017,1334,2008,2073,2095,2125,2125,2018,1666,1368,2013,2103,2103,2107,2109,2084,1914,1298,2038,2114,2090,2106,2125,2003,2000,1325,2050,2127,2126,2110,2092,1860,1889,1331,2043,2114,2102,2067,2026,1676,1699,1323,1951,2017,1984,1966,1977,1937,2001,5,255,5,5,5,5,5,5,5,9,5,5,5,255,5,5,9,5,5,5,5,5,5,5,5,5,5,5,5,5,5,5,5,5,5,5,5,5,5,255,5,5,5,5,5,5,5,5,5,5,5,5,5,5,5,5,5,255,5,9,5,255,255,255
1781188547.026462,392,91143701,931,2079,2034,2098,2045,1387,1126,912,1191,1398,2060,2098,2100,2023,1291,1020,1312,2022,2099,2077,2074,2112,2024,1717,1364,2033,2093,2096,2083,2119,2100,1838,1372,2040,2109,2095,2141,2059,2036,1961,1331,2056,2119,2124,2096,2063,1999,1899,1348,2041,2134,2107,2084,1973,1672,1699,1323,1977,1970,2026,2002,1948,1957,2001,5,5,5,5,5,9,5,5,5,5,5,5,5,10,5,5,5,5,5,5,5,5,5,5,5,5,5,5,5,5,5,5,9,5,5,5,5,5,5,10,5,5,5,5,5,5,5,5,5,5,5,5,5,5,5,5,5,10,9,5,5,10,10,255
